anio,n,pct
2000,535974,18.602954
2001,87565,3.039266
2002,21780,0.755955
2003,21842,0.758107
2004,21762,0.75533
2005,146014,5.067954
2006,51649,1.792669
2007,40586,1.408687
2008,40266,1.39758
2009,40266,1.39758
2010,40266,1.39758
2011,40266,1.39758
2012,227254,7.887688
2013,40266,1.39758
2014,40616,1.409728
2015,44354,1.539469
2016,139840,4.853663
2017,104646,3.632125
2018,761746,26.439204
2019,42637,1.479874
2020,225478,7.826046
2021,147522,5.120295
2022,18528,0.643083
