pais_grupo,n_grupos_conflicto,n_registros_en_conflicto,promedio_registros_por_grupo,promedio_anios_por_grupo,max_anios_por_grupo
El Salvador,132923,296233,2.228606035072937,2.228606035072937,3
Costa Rica,80915,240583,2.9732806031020207,2.9465612062040414,3
Honduras,3304,43936,13.297820823244551,13.297820823244551,18
Belice,2186,41553,19.008691674290944,19.0,19
Guatemala,1879,3765,2.0037253858435338,2.0026609898882386,3
multipais_o_inconsistente,135,594,4.4,2.185185185185185,3
