candidate_id,point_id,source_polygon_id,clase_objetivo,source_area_ha,source_name,base_year,selected_d0500,selected_d1000,selected_d2000,selected_d5000
1,SINAC_BD_0000001,16,Bosque deciduo,3.327176766643348,SINAC - Consenso bosque deciduo 2021-2023,2021-2023,1,0,0,0
2,SINAC_BD_0000002,20,Bosque deciduo,1.8154924998741673,SINAC - Consenso bosque deciduo 2021-2023,2021-2023,0,0,0,0
3,SINAC_BD_0000003,25,Bosque deciduo,1.9280930777033478,SINAC - Consenso bosque deciduo 2021-2023,2021-2023,0,0,0,0
4,SINAC_BD_0000004,27,Bosque deciduo,11.964295846749431,SINAC - Consenso bosque deciduo 2021-2023,2021-2023,1,1,1,1
5,SINAC_BD_0000005,98,Bosque deciduo,3.674651212779135,SINAC - Consenso bosque deciduo 2021-2023,2021-2023,1,1,1,0
6,SINAC_BD_0000006,107,Bosque deciduo,1.0428443276474617,SINAC - Consenso bosque deciduo 2021-2023,2021-2023,1,1,0,0
7,SINAC_BD_0000007,198,Bosque deciduo,1.32,SINAC - Consenso bosque deciduo 2021-2023,2021-2023,1,0,1,0
8,SINAC_BD_0000008,272,Bosque deciduo,2.6979621675756724,SINAC - Consenso bosque deciduo 2021-2023,2021-2023,1,1,0,0
9,SINAC_BD_0000009,302,Bosque deciduo,2.19,SINAC - Consenso bosque deciduo 2021-2023,2021-2023,1,1,0,0
10,SINAC_BD_0000010,332,Bosque deciduo,1.02,SINAC - Consenso bosque deciduo 2021-2023,2021-2023,0,0,0,0
11,SINAC_BD_0000011,374,Bosque deciduo,1.2493457160097234,SINAC - Consenso bosque deciduo 2021-2023,2021-2023,1,1,0,0
12,SINAC_BD_0000012,400,Bosque deciduo,1.1074687640069303,SINAC - Consenso bosque deciduo 2021-2023,2021-2023,0,0,0,0
13,SINAC_BD_0000013,419,Bosque deciduo,2.6221792220945574,SINAC - Consenso bosque deciduo 2021-2023,2021-2023,1,0,0,0
14,SINAC_BD_0000014,421,Bosque deciduo,4.033133812591776,SINAC - Consenso bosque deciduo 2021-2023,2021-2023,0,0,0,0
15,SINAC_BD_0000015,424,Bosque deciduo,2.1601543149482443,SINAC - Consenso bosque deciduo 2021-2023,2021-2023,0,0,0,0
16,SINAC_BD_0000016,454,Bosque deciduo,1.13,SINAC - Consenso bosque deciduo 2021-2023,2021-2023,0,0,0,0
17,SINAC_BD_0000017,467,Bosque deciduo,2.31,SINAC - Consenso bosque deciduo 2021-2023,2021-2023,0,0,0,0
18,SINAC_BD_0000018,471,Bosque deciduo,2.5787560224135353,SINAC - Consenso bosque deciduo 2021-2023,2021-2023,1,0,0,0
19,SINAC_BD_0000019,473,Bosque deciduo,1.1223444977252792,SINAC - Consenso bosque deciduo 2021-2023,2021-2023,1,1,1,1
20,SINAC_BD_0000020,496,Bosque deciduo,2.5916728169768284,SINAC - Consenso bosque deciduo 2021-2023,2021-2023,0,0,0,0
21,SINAC_BD_0000021,500,Bosque deciduo,12.36301652845653,SINAC - Consenso bosque deciduo 2021-2023,2021-2023,1,1,1,0
22,SINAC_BD_0000022,510,Bosque deciduo,10.963119821698598,SINAC - Consenso bosque deciduo 2021-2023,2021-2023,1,0,0,0
23,SINAC_BD_0000023,523,Bosque deciduo,2.69,SINAC - Consenso bosque deciduo 2021-2023,2021-2023,0,0,0,0
24,SINAC_BD_0000024,531,Bosque deciduo,2.25055330864309,SINAC - Consenso bosque deciduo 2021-2023,2021-2023,0,0,0,0
25,SINAC_BD_0000025,545,Bosque deciduo,5.5784613141536585,SINAC - Consenso bosque deciduo 2021-2023,2021-2023,1,1,1,0
26,SINAC_BD_0000026,551,Bosque deciduo,4.069169371051154,SINAC - Consenso bosque deciduo 2021-2023,2021-2023,1,1,1,0
27,SINAC_BD_0000027,552,Bosque deciduo,1.54,SINAC - Consenso bosque deciduo 2021-2023,2021-2023,0,0,0,0
28,SINAC_BD_0000028,616,Bosque deciduo,5.38,SINAC - Consenso bosque deciduo 2021-2023,2021-2023,1,1,0,0
29,SINAC_BD_0000029,659,Bosque deciduo,5.448207203331305,SINAC - Consenso bosque deciduo 2021-2023,2021-2023,1,0,0,0
30,SINAC_BD_0000030,663,Bosque deciduo,4.22,SINAC - Consenso bosque deciduo 2021-2023,2021-2023,0,0,0,0
31,SINAC_BD_0000031,691,Bosque deciduo,1.85,SINAC - Consenso bosque deciduo 2021-2023,2021-2023,0,0,0,0
32,SINAC_BD_0000032,727,Bosque deciduo,3.64,SINAC - Consenso bosque deciduo 2021-2023,2021-2023,0,0,0,0
33,SINAC_BD_0000033,756,Bosque deciduo,1.7,SINAC - Consenso bosque deciduo 2021-2023,2021-2023,0,0,0,0
34,SINAC_BD_0000034,760,Bosque deciduo,1.29,SINAC - Consenso bosque deciduo 2021-2023,2021-2023,0,1,0,0
35,SINAC_BD_0000035,769,Bosque deciduo,3.2821557498178895,SINAC - Consenso bosque deciduo 2021-2023,2021-2023,0,0,0,0
36,SINAC_BD_0000036,788,Bosque deciduo,1.1,SINAC - Consenso bosque deciduo 2021-2023,2021-2023,0,0,0,0
37,SINAC_BD_0000037,832,Bosque deciduo,4.49,SINAC - Consenso bosque deciduo 2021-2023,2021-2023,0,0,0,0
38,SINAC_BD_0000038,866,Bosque deciduo,3.54,SINAC - Consenso bosque deciduo 2021-2023,2021-2023,0,0,0,0
39,SINAC_BD_0000039,880,Bosque deciduo,1.41,SINAC - Consenso bosque deciduo 2021-2023,2021-2023,1,0,0,0
40,SINAC_BD_0000040,889,Bosque deciduo,1.26,SINAC - Consenso bosque deciduo 2021-2023,2021-2023,0,0,0,0
41,SINAC_BD_0000041,910,Bosque deciduo,1.6894873273298143,SINAC - Consenso bosque deciduo 2021-2023,2021-2023,0,0,0,0
42,SINAC_BD_0000042,927,Bosque deciduo,1.18,SINAC - Consenso bosque deciduo 2021-2023,2021-2023,0,0,0,0
43,SINAC_BD_0000043,935,Bosque deciduo,1.5421819264002963,SINAC - Consenso bosque deciduo 2021-2023,2021-2023,0,1,0,0
44,SINAC_BD_0000044,948,Bosque deciduo,1.3924934112093603,SINAC - Consenso bosque deciduo 2021-2023,2021-2023,0,0,0,0
45,SINAC_BD_0000045,950,Bosque deciduo,1.27,SINAC - Consenso bosque deciduo 2021-2023,2021-2023,0,0,0,0
46,SINAC_BD_0000046,952,Bosque deciduo,6.502207131821808,SINAC - Consenso bosque deciduo 2021-2023,2021-2023,1,0,0,0
47,SINAC_BD_0000047,975,Bosque deciduo,4.69,SINAC - Consenso bosque deciduo 2021-2023,2021-2023,1,0,0,0
48,SINAC_BD_0000048,977,Bosque deciduo,3.8666176735706626,SINAC - Consenso bosque deciduo 2021-2023,2021-2023,0,0,0,0
49,SINAC_BD_0000049,1024,Bosque deciduo,2.61,SINAC - Consenso bosque deciduo 2021-2023,2021-2023,0,0,0,0
50,SINAC_BD_0000050,1034,Bosque deciduo,1.9835479928982622,SINAC - Consenso bosque deciduo 2021-2023,2021-2023,0,0,0,0
51,SINAC_BD_0000051,1035,Bosque deciduo,2.298216614228109,SINAC - Consenso bosque deciduo 2021-2023,2021-2023,1,1,0,0
52,SINAC_BD_0000052,1058,Bosque deciduo,3.56,SINAC - Consenso bosque deciduo 2021-2023,2021-2023,1,0,0,0
53,SINAC_BD_0000053,1075,Bosque deciduo,1.57,SINAC - Consenso bosque deciduo 2021-2023,2021-2023,0,0,0,0
54,SINAC_BD_0000054,1087,Bosque deciduo,1.01,SINAC - Consenso bosque deciduo 2021-2023,2021-2023,0,0,0,0
55,SINAC_BD_0000055,1143,Bosque deciduo,3.9072497141234868,SINAC - Consenso bosque deciduo 2021-2023,2021-2023,0,0,0,0
56,SINAC_BD_0000056,1165,Bosque deciduo,2.23040689514284,SINAC - Consenso bosque deciduo 2021-2023,2021-2023,0,0,0,0
57,SINAC_BD_0000057,1236,Bosque deciduo,1.2634571816869447,SINAC - Consenso bosque deciduo 2021-2023,2021-2023,1,1,0,0
58,SINAC_BD_0000058,1237,Bosque deciduo,2.38,SINAC - Consenso bosque deciduo 2021-2023,2021-2023,0,0,0,0
59,SINAC_BD_0000059,1238,Bosque deciduo,2.1,SINAC - Consenso bosque deciduo 2021-2023,2021-2023,0,0,0,0
60,SINAC_BD_0000060,1270,Bosque deciduo,1.34,SINAC - Consenso bosque deciduo 2021-2023,2021-2023,0,0,0,0
61,SINAC_BD_0000061,1272,Bosque deciduo,7.36,SINAC - Consenso bosque deciduo 2021-2023,2021-2023,1,0,0,0
62,SINAC_BD_0000062,1282,Bosque deciduo,1.78,SINAC - Consenso bosque deciduo 2021-2023,2021-2023,0,0,0,0
63,SINAC_BD_0000063,1289,Bosque deciduo,2.531207897889875,SINAC - Consenso bosque deciduo 2021-2023,2021-2023,0,0,0,0
64,SINAC_BD_0000064,1303,Bosque deciduo,30.946496845866474,SINAC - Consenso bosque deciduo 2021-2023,2021-2023,1,1,0,1
65,SINAC_BD_0000065,1305,Bosque deciduo,1.4935165837183093,SINAC - Consenso bosque deciduo 2021-2023,2021-2023,1,1,1,0
66,SINAC_BD_0000066,1311,Bosque deciduo,2.9803033391946485,SINAC - Consenso bosque deciduo 2021-2023,2021-2023,1,0,0,0
67,SINAC_BD_0000067,1320,Bosque deciduo,13.931470928909802,SINAC - Consenso bosque deciduo 2021-2023,2021-2023,0,0,0,0
68,SINAC_BD_0000068,1332,Bosque deciduo,1.433748242029891,SINAC - Consenso bosque deciduo 2021-2023,2021-2023,0,0,0,0
69,SINAC_BD_0000069,1333,Bosque deciduo,15.255711132448292,SINAC - Consenso bosque deciduo 2021-2023,2021-2023,1,1,0,0
70,SINAC_BD_0000070,1353,Bosque deciduo,1.592820674859511,SINAC - Consenso bosque deciduo 2021-2023,2021-2023,1,0,0,0
71,SINAC_BD_0000071,1380,Bosque deciduo,2.071933354711393,SINAC - Consenso bosque deciduo 2021-2023,2021-2023,0,0,0,0
72,SINAC_BD_0000072,1390,Bosque deciduo,11.09,SINAC - Consenso bosque deciduo 2021-2023,2021-2023,1,0,0,0
73,SINAC_BD_0000073,1403,Bosque deciduo,8.414428836385111,SINAC - Consenso bosque deciduo 2021-2023,2021-2023,1,0,0,0
74,SINAC_BD_0000074,1420,Bosque deciduo,1.104177161444806,SINAC - Consenso bosque deciduo 2021-2023,2021-2023,1,0,0,0
75,SINAC_BD_0000075,1424,Bosque deciduo,9.245421933507844,SINAC - Consenso bosque deciduo 2021-2023,2021-2023,0,0,0,0
76,SINAC_BD_0000076,1445,Bosque deciduo,1.0045428502683635,SINAC - Consenso bosque deciduo 2021-2023,2021-2023,0,0,0,0
77,SINAC_BD_0000077,1454,Bosque deciduo,1.093624442122534,SINAC - Consenso bosque deciduo 2021-2023,2021-2023,1,0,0,0
78,SINAC_BD_0000078,1459,Bosque deciduo,2.5485936482712805,SINAC - Consenso bosque deciduo 2021-2023,2021-2023,1,0,0,0
79,SINAC_BD_0000079,1462,Bosque deciduo,1.0320648717065672,SINAC - Consenso bosque deciduo 2021-2023,2021-2023,1,0,0,0
80,SINAC_BD_0000080,1465,Bosque deciduo,1.2476695960405924,SINAC - Consenso bosque deciduo 2021-2023,2021-2023,1,1,0,0
81,SINAC_BD_0000081,1469,Bosque deciduo,2.607084269817999,SINAC - Consenso bosque deciduo 2021-2023,2021-2023,1,1,0,0
82,SINAC_BD_0000082,1470,Bosque deciduo,1.2462755280683726,SINAC - Consenso bosque deciduo 2021-2023,2021-2023,0,0,0,0
83,SINAC_BD_0000083,1476,Bosque deciduo,6.006944996480276,SINAC - Consenso bosque deciduo 2021-2023,2021-2023,1,1,0,0
84,SINAC_BD_0000084,1481,Bosque deciduo,1.4226737131916245,SINAC - Consenso bosque deciduo 2021-2023,2021-2023,0,0,0,0
85,SINAC_BD_0000085,1485,Bosque deciduo,16.351426580147688,SINAC - Consenso bosque deciduo 2021-2023,2021-2023,1,1,1,0
86,SINAC_BD_0000086,1561,Bosque deciduo,3.6,SINAC - Consenso bosque deciduo 2021-2023,2021-2023,1,0,0,0
87,SINAC_BD_0000087,1569,Bosque deciduo,50.59904272916776,SINAC - Consenso bosque deciduo 2021-2023,2021-2023,1,1,1,0
88,SINAC_BD_0000088,1577,Bosque deciduo,1.21,SINAC - Consenso bosque deciduo 2021-2023,2021-2023,0,0,0,0
89,SINAC_BD_0000089,1584,Bosque deciduo,3.1274153273441474,SINAC - Consenso bosque deciduo 2021-2023,2021-2023,1,0,0,0
90,SINAC_BD_0000090,1585,Bosque deciduo,5.508590797802804,SINAC - Consenso bosque deciduo 2021-2023,2021-2023,1,0,0,0
91,SINAC_BD_0000091,1589,Bosque deciduo,3.383977679711841,SINAC - Consenso bosque deciduo 2021-2023,2021-2023,0,0,0,0
92,SINAC_BD_0000092,1592,Bosque deciduo,1.237466427245717,SINAC - Consenso bosque deciduo 2021-2023,2021-2023,0,0,0,0
93,SINAC_BD_0000093,1593,Bosque deciduo,12.830680384364163,SINAC - Consenso bosque deciduo 2021-2023,2021-2023,1,0,0,0
94,SINAC_BD_0000094,1597,Bosque deciduo,1.430948834796017,SINAC - Consenso bosque deciduo 2021-2023,2021-2023,1,0,0,0
95,SINAC_BD_0000095,1617,Bosque deciduo,2.604779970898368,SINAC - Consenso bosque deciduo 2021-2023,2021-2023,0,0,0,0
96,SINAC_BD_0000096,1623,Bosque deciduo,2.079410312238721,SINAC - Consenso bosque deciduo 2021-2023,2021-2023,0,0,0,0
97,SINAC_BD_0000097,1647,Bosque deciduo,1.3191332979489825,SINAC - Consenso bosque deciduo 2021-2023,2021-2023,1,0,0,0
98,SINAC_BD_0000098,1656,Bosque deciduo,1.5915969107315842,SINAC - Consenso bosque deciduo 2021-2023,2021-2023,1,0,0,0
99,SINAC_BD_0000099,1657,Bosque deciduo,2.8838063603132342,SINAC - Consenso bosque deciduo 2021-2023,2021-2023,0,1,0,0
100,SINAC_BD_0000100,1661,Bosque deciduo,2.724154660066749,SINAC - Consenso bosque deciduo 2021-2023,2021-2023,1,0,0,0
101,SINAC_BD_0000101,1681,Bosque deciduo,3.76,SINAC - Consenso bosque deciduo 2021-2023,2021-2023,0,0,0,0
102,SINAC_BD_0000102,1682,Bosque deciduo,1.5412633760827896,SINAC - Consenso bosque deciduo 2021-2023,2021-2023,1,0,0,0
103,SINAC_BD_0000103,1693,Bosque deciduo,4.5715371861062115,SINAC - Consenso bosque deciduo 2021-2023,2021-2023,1,1,0,0
104,SINAC_BD_0000104,1710,Bosque deciduo,3.6932741384403087,SINAC - Consenso bosque deciduo 2021-2023,2021-2023,0,0,0,0
105,SINAC_BD_0000105,1722,Bosque deciduo,1.3936578523108618,SINAC - Consenso bosque deciduo 2021-2023,2021-2023,0,0,0,0
106,SINAC_BD_0000106,1732,Bosque deciduo,2.8840733013645923,SINAC - Consenso bosque deciduo 2021-2023,2021-2023,0,0,0,0
107,SINAC_BD_0000107,1749,Bosque deciduo,1.9680770071447757,SINAC - Consenso bosque deciduo 2021-2023,2021-2023,0,0,0,0
108,SINAC_BD_0000108,1756,Bosque deciduo,13.01647492471225,SINAC - Consenso bosque deciduo 2021-2023,2021-2023,1,1,1,0
109,SINAC_BD_0000109,1765,Bosque deciduo,1.1,SINAC - Consenso bosque deciduo 2021-2023,2021-2023,0,0,0,0
110,SINAC_BD_0000110,1781,Bosque deciduo,10.142599727659904,SINAC - Consenso bosque deciduo 2021-2023,2021-2023,1,1,0,0
111,SINAC_BD_0000111,1792,Bosque deciduo,1.0476261771513802,SINAC - Consenso bosque deciduo 2021-2023,2021-2023,0,0,0,0
112,SINAC_BD_0000112,1812,Bosque deciduo,1.0422709087837292,SINAC - Consenso bosque deciduo 2021-2023,2021-2023,1,1,0,0
113,SINAC_BD_0000113,1813,Bosque deciduo,1.756661213671396,SINAC - Consenso bosque deciduo 2021-2023,2021-2023,0,0,0,0
114,SINAC_BD_0000114,1818,Bosque deciduo,1.93,SINAC - Consenso bosque deciduo 2021-2023,2021-2023,1,0,0,0
115,SINAC_BD_0000115,1824,Bosque deciduo,1.28,SINAC - Consenso bosque deciduo 2021-2023,2021-2023,0,0,0,0
116,SINAC_BD_0000116,1837,Bosque deciduo,1.1435928193402263,SINAC - Consenso bosque deciduo 2021-2023,2021-2023,0,0,0,0
117,SINAC_BD_0000117,1851,Bosque deciduo,4.042902355804215,SINAC - Consenso bosque deciduo 2021-2023,2021-2023,1,0,0,0
118,SINAC_BD_0000118,1859,Bosque deciduo,24.18483120125492,SINAC - Consenso bosque deciduo 2021-2023,2021-2023,1,1,0,0
119,SINAC_BD_0000119,1860,Bosque deciduo,4.948482378806219,SINAC - Consenso bosque deciduo 2021-2023,2021-2023,1,0,1,0
120,SINAC_BD_0000120,1862,Bosque deciduo,2.319623581053911,SINAC - Consenso bosque deciduo 2021-2023,2021-2023,1,1,0,0
121,SINAC_BD_0000121,1874,Bosque deciduo,1.7387937464370675,SINAC - Consenso bosque deciduo 2021-2023,2021-2023,0,0,0,0
122,SINAC_BD_0000122,1878,Bosque deciduo,3.6209727659573336,SINAC - Consenso bosque deciduo 2021-2023,2021-2023,1,1,0,0
123,SINAC_BD_0000123,1880,Bosque deciduo,1.0303477039740145,SINAC - Consenso bosque deciduo 2021-2023,2021-2023,0,0,0,0
124,SINAC_BD_0000124,1882,Bosque deciduo,1.0190952047372963,SINAC - Consenso bosque deciduo 2021-2023,2021-2023,0,0,0,0
125,SINAC_BD_0000125,1886,Bosque deciduo,1.271477785475994,SINAC - Consenso bosque deciduo 2021-2023,2021-2023,0,0,0,0
126,SINAC_BD_0000126,1906,Bosque deciduo,6.160155191447331,SINAC - Consenso bosque deciduo 2021-2023,2021-2023,0,0,0,0
127,SINAC_BD_0000127,1908,Bosque deciduo,17.055246449760777,SINAC - Consenso bosque deciduo 2021-2023,2021-2023,1,0,1,0
128,SINAC_BD_0000128,1909,Bosque deciduo,1.9740898686978587,SINAC - Consenso bosque deciduo 2021-2023,2021-2023,0,0,0,0
129,SINAC_BD_0000129,1914,Bosque deciduo,1.1214343486542098,SINAC - Consenso bosque deciduo 2021-2023,2021-2023,0,0,0,0
130,SINAC_BD_0000130,1925,Bosque deciduo,1.1912090587430753,SINAC - Consenso bosque deciduo 2021-2023,2021-2023,0,1,0,0
131,SINAC_BD_0000131,1952,Bosque deciduo,1.2801828926285999,SINAC - Consenso bosque deciduo 2021-2023,2021-2023,1,0,0,0
132,SINAC_BD_0000132,1953,Bosque deciduo,6.290621043266371,SINAC - Consenso bosque deciduo 2021-2023,2021-2023,1,1,1,0
133,SINAC_BD_0000133,1980,Bosque deciduo,5.9506116385515035,SINAC - Consenso bosque deciduo 2021-2023,2021-2023,1,0,0,0
134,SINAC_BD_0000134,1989,Bosque deciduo,2.5697348438787633,SINAC - Consenso bosque deciduo 2021-2023,2021-2023,0,0,0,0
135,SINAC_BD_0000135,2005,Bosque deciduo,1.9298403303494285,SINAC - Consenso bosque deciduo 2021-2023,2021-2023,1,0,0,0
136,SINAC_BD_0000136,2013,Bosque deciduo,1.2678446714979903,SINAC - Consenso bosque deciduo 2021-2023,2021-2023,1,0,0,0
137,SINAC_BD_0000137,2029,Bosque deciduo,4.415430697411156,SINAC - Consenso bosque deciduo 2021-2023,2021-2023,1,0,0,0
138,SINAC_BD_0000138,2036,Bosque deciduo,1.170553333292334,SINAC - Consenso bosque deciduo 2021-2023,2021-2023,0,0,0,0
139,SINAC_BD_0000139,2053,Bosque deciduo,1.415028399388552,SINAC - Consenso bosque deciduo 2021-2023,2021-2023,0,0,0,0
140,SINAC_BD_0000140,2058,Bosque deciduo,1.2512771219310168,SINAC - Consenso bosque deciduo 2021-2023,2021-2023,0,0,0,0
141,SINAC_BD_0000141,2059,Bosque deciduo,1.8530487120912293,SINAC - Consenso bosque deciduo 2021-2023,2021-2023,0,0,0,0
142,SINAC_BD_0000142,2066,Bosque deciduo,1.4447933192091997,SINAC - Consenso bosque deciduo 2021-2023,2021-2023,0,0,0,0
143,SINAC_BD_0000143,2072,Bosque deciduo,18.80542675669124,SINAC - Consenso bosque deciduo 2021-2023,2021-2023,1,1,0,0
144,SINAC_BD_0000144,2080,Bosque deciduo,4.576023152644514,SINAC - Consenso bosque deciduo 2021-2023,2021-2023,1,1,0,0
145,SINAC_BD_0000145,2104,Bosque deciduo,1.0671203560811393,SINAC - Consenso bosque deciduo 2021-2023,2021-2023,1,1,0,0
146,SINAC_BD_0000146,2114,Bosque deciduo,1.7128905011246904,SINAC - Consenso bosque deciduo 2021-2023,2021-2023,0,0,0,0
147,SINAC_BD_0000147,2117,Bosque deciduo,7.048466359818762,SINAC - Consenso bosque deciduo 2021-2023,2021-2023,1,1,0,0
148,SINAC_BD_0000148,2118,Bosque deciduo,1.7282617929452142,SINAC - Consenso bosque deciduo 2021-2023,2021-2023,0,0,0,0
149,SINAC_BD_0000149,2146,Bosque deciduo,4.4784199337527575,SINAC - Consenso bosque deciduo 2021-2023,2021-2023,1,0,0,0
150,SINAC_BD_0000150,2151,Bosque deciduo,7.885287229206369,SINAC - Consenso bosque deciduo 2021-2023,2021-2023,1,1,0,0
151,SINAC_BD_0000151,2152,Bosque deciduo,1.6900167823236458,SINAC - Consenso bosque deciduo 2021-2023,2021-2023,0,0,0,0
152,SINAC_BD_0000152,2167,Bosque deciduo,3.286665200799529,SINAC - Consenso bosque deciduo 2021-2023,2021-2023,0,0,0,0
153,SINAC_BD_0000153,2178,Bosque deciduo,4.424568951960725,SINAC - Consenso bosque deciduo 2021-2023,2021-2023,1,1,0,0
154,SINAC_BD_0000154,2184,Bosque deciduo,1.01,SINAC - Consenso bosque deciduo 2021-2023,2021-2023,0,0,0,0
155,SINAC_BD_0000155,2190,Bosque deciduo,168.07890510988932,SINAC - Consenso bosque deciduo 2021-2023,2021-2023,1,1,1,1
156,SINAC_BD_0000156,2191,Bosque deciduo,1.254199905490608,SINAC - Consenso bosque deciduo 2021-2023,2021-2023,1,0,0,0
157,SINAC_BD_0000157,2200,Bosque deciduo,3.18298778462663,SINAC - Consenso bosque deciduo 2021-2023,2021-2023,0,0,0,0
158,SINAC_BD_0000158,2219,Bosque deciduo,3.3309099923106915,SINAC - Consenso bosque deciduo 2021-2023,2021-2023,1,0,0,0
159,SINAC_BD_0000159,2236,Bosque deciduo,5.522424400295515,SINAC - Consenso bosque deciduo 2021-2023,2021-2023,1,0,0,0
160,SINAC_BD_0000160,2243,Bosque deciduo,2.72885248099213,SINAC - Consenso bosque deciduo 2021-2023,2021-2023,0,0,0,0
161,SINAC_BD_0000161,2248,Bosque deciduo,1.3691445136219975,SINAC - Consenso bosque deciduo 2021-2023,2021-2023,1,0,0,0
162,SINAC_BD_0000162,2254,Bosque deciduo,20.1,SINAC - Consenso bosque deciduo 2021-2023,2021-2023,1,1,0,0
163,SINAC_BD_0000163,2286,Bosque deciduo,1.395219755802047,SINAC - Consenso bosque deciduo 2021-2023,2021-2023,1,0,0,0
164,SINAC_BD_0000164,2304,Bosque deciduo,2.5462555946078615,SINAC - Consenso bosque deciduo 2021-2023,2021-2023,1,1,0,0
165,SINAC_BD_0000165,2307,Bosque deciduo,3.3572668148563753,SINAC - Consenso bosque deciduo 2021-2023,2021-2023,1,0,0,0
166,SINAC_BD_0000166,2372,Bosque deciduo,1.652236646725922,SINAC - Consenso bosque deciduo 2021-2023,2021-2023,0,0,0,0
167,SINAC_BD_0000167,2378,Bosque deciduo,7.7101486688497225,SINAC - Consenso bosque deciduo 2021-2023,2021-2023,0,0,0,0
168,SINAC_BD_0000168,2423,Bosque deciduo,3.893277298235269,SINAC - Consenso bosque deciduo 2021-2023,2021-2023,1,1,1,0
169,SINAC_BD_0000169,2425,Bosque deciduo,1.19,SINAC - Consenso bosque deciduo 2021-2023,2021-2023,1,0,0,0
170,SINAC_BD_0000170,2447,Bosque deciduo,1.738611986556759,SINAC - Consenso bosque deciduo 2021-2023,2021-2023,0,0,0,0
171,SINAC_BD_0000171,2470,Bosque deciduo,3.6791387048260376,SINAC - Consenso bosque deciduo 2021-2023,2021-2023,1,0,0,0
172,SINAC_BD_0000172,2482,Bosque deciduo,120.04061969349154,SINAC - Consenso bosque deciduo 2021-2023,2021-2023,1,1,1,1
173,SINAC_BD_0000173,2489,Bosque deciduo,2.0307190364030756,SINAC - Consenso bosque deciduo 2021-2023,2021-2023,0,0,0,0
174,SINAC_BD_0000174,2523,Bosque deciduo,1.2653562776296066,SINAC - Consenso bosque deciduo 2021-2023,2021-2023,0,0,0,0
175,SINAC_BD_0000175,2531,Bosque deciduo,1.3796243379986002,SINAC - Consenso bosque deciduo 2021-2023,2021-2023,0,0,0,0
176,SINAC_BD_0000176,2563,Bosque deciduo,16.606339655773503,SINAC - Consenso bosque deciduo 2021-2023,2021-2023,1,0,0,0
177,SINAC_BD_0000177,2588,Bosque deciduo,22.57537178986931,SINAC - Consenso bosque deciduo 2021-2023,2021-2023,1,1,0,0
178,SINAC_BD_0000178,2612,Bosque deciduo,1.66,SINAC - Consenso bosque deciduo 2021-2023,2021-2023,1,1,0,0
179,SINAC_BD_0000179,2639,Bosque deciduo,59.927984499630085,SINAC - Consenso bosque deciduo 2021-2023,2021-2023,1,1,1,0
180,SINAC_BD_0000180,2654,Bosque deciduo,1.3899970993203372,SINAC - Consenso bosque deciduo 2021-2023,2021-2023,0,0,0,0
181,SINAC_BD_0000181,2661,Bosque deciduo,2.32,SINAC - Consenso bosque deciduo 2021-2023,2021-2023,0,0,0,0
182,SINAC_BD_0000182,2662,Bosque deciduo,1.0252472358355469,SINAC - Consenso bosque deciduo 2021-2023,2021-2023,0,0,0,0
183,SINAC_BD_0000183,2665,Bosque deciduo,10.393906166498011,SINAC - Consenso bosque deciduo 2021-2023,2021-2023,1,1,0,0
184,SINAC_BD_0000184,2683,Bosque deciduo,1.6,SINAC - Consenso bosque deciduo 2021-2023,2021-2023,1,0,0,0
185,SINAC_BD_0000185,2684,Bosque deciduo,2.1199024583923833,SINAC - Consenso bosque deciduo 2021-2023,2021-2023,1,1,0,0
186,SINAC_BD_0000186,2690,Bosque deciduo,3.82,SINAC - Consenso bosque deciduo 2021-2023,2021-2023,1,0,0,0
187,SINAC_BD_0000187,2693,Bosque deciduo,2.7890101891152925,SINAC - Consenso bosque deciduo 2021-2023,2021-2023,1,1,0,0
188,SINAC_BD_0000188,2726,Bosque deciduo,4.067442836096059,SINAC - Consenso bosque deciduo 2021-2023,2021-2023,0,0,0,0
189,SINAC_BD_0000189,2751,Bosque deciduo,1.248051172742775,SINAC - Consenso bosque deciduo 2021-2023,2021-2023,1,0,0,0
190,SINAC_BD_0000190,2768,Bosque deciduo,1.5118175907616678,SINAC - Consenso bosque deciduo 2021-2023,2021-2023,0,0,0,0
191,SINAC_BD_0000191,2774,Bosque deciduo,1.46,SINAC - Consenso bosque deciduo 2021-2023,2021-2023,0,0,0,0
192,SINAC_BD_0000192,2782,Bosque deciduo,1.5679145305214275,SINAC - Consenso bosque deciduo 2021-2023,2021-2023,1,0,0,0
193,SINAC_BD_0000193,2787,Bosque deciduo,28.93776694203011,SINAC - Consenso bosque deciduo 2021-2023,2021-2023,1,1,1,0
194,SINAC_BD_0000194,2803,Bosque deciduo,1.7589029537756526,SINAC - Consenso bosque deciduo 2021-2023,2021-2023,0,0,0,0
195,SINAC_BD_0000195,2814,Bosque deciduo,1.1640768163932596,SINAC - Consenso bosque deciduo 2021-2023,2021-2023,0,0,0,0
196,SINAC_BD_0000196,2825,Bosque deciduo,44.37441618068582,SINAC - Consenso bosque deciduo 2021-2023,2021-2023,1,1,1,0
197,SINAC_BD_0000197,2829,Bosque deciduo,28.778642364397133,SINAC - Consenso bosque deciduo 2021-2023,2021-2023,1,0,0,0
198,SINAC_BD_0000198,2837,Bosque deciduo,1.12,SINAC - Consenso bosque deciduo 2021-2023,2021-2023,0,0,0,0
199,SINAC_BD_0000199,2871,Bosque deciduo,1.11,SINAC - Consenso bosque deciduo 2021-2023,2021-2023,0,0,0,0
200,SINAC_BD_0000200,2874,Bosque deciduo,1.3339616235178124,SINAC - Consenso bosque deciduo 2021-2023,2021-2023,1,0,0,0
201,SINAC_BD_0000201,2905,Bosque deciduo,1.5184170510261241,SINAC - Consenso bosque deciduo 2021-2023,2021-2023,0,0,0,0
202,SINAC_BD_0000202,2906,Bosque deciduo,1.7773626422888977,SINAC - Consenso bosque deciduo 2021-2023,2021-2023,1,0,0,0
203,SINAC_BD_0000203,2909,Bosque deciduo,1.069581788480049,SINAC - Consenso bosque deciduo 2021-2023,2021-2023,0,0,0,0
204,SINAC_BD_0000204,2912,Bosque deciduo,2.0939293127046827,SINAC - Consenso bosque deciduo 2021-2023,2021-2023,0,0,0,0
205,SINAC_BD_0000205,2918,Bosque deciduo,1.87,SINAC - Consenso bosque deciduo 2021-2023,2021-2023,1,0,0,0
206,SINAC_BD_0000206,2923,Bosque deciduo,1.76,SINAC - Consenso bosque deciduo 2021-2023,2021-2023,0,0,0,0
207,SINAC_BD_0000207,2952,Bosque deciduo,3.738764307261426,SINAC - Consenso bosque deciduo 2021-2023,2021-2023,1,0,0,0
208,SINAC_BD_0000208,2953,Bosque deciduo,3.0609677856077204,SINAC - Consenso bosque deciduo 2021-2023,2021-2023,0,0,0,0
209,SINAC_BD_0000209,2958,Bosque deciduo,7.5432277533514975,SINAC - Consenso bosque deciduo 2021-2023,2021-2023,1,0,0,0
210,SINAC_BD_0000210,2961,Bosque deciduo,2.05,SINAC - Consenso bosque deciduo 2021-2023,2021-2023,1,0,0,0
211,SINAC_BD_0000211,2991,Bosque deciduo,2.38,SINAC - Consenso bosque deciduo 2021-2023,2021-2023,0,0,0,0
212,SINAC_BD_0000212,2992,Bosque deciduo,7.007544400630843,SINAC - Consenso bosque deciduo 2021-2023,2021-2023,1,0,0,0
213,SINAC_BD_0000213,2993,Bosque deciduo,1.9553189538498268,SINAC - Consenso bosque deciduo 2021-2023,2021-2023,1,0,0,0
214,SINAC_BD_0000214,3008,Bosque deciduo,1.368585072156073,SINAC - Consenso bosque deciduo 2021-2023,2021-2023,0,0,0,0
215,SINAC_BD_0000215,3038,Bosque deciduo,2.0316319035530914,SINAC - Consenso bosque deciduo 2021-2023,2021-2023,1,1,0,0
216,SINAC_BD_0000216,3075,Bosque deciduo,1.08,SINAC - Consenso bosque deciduo 2021-2023,2021-2023,0,0,0,0
217,SINAC_BD_0000217,3077,Bosque deciduo,6.929465090839507,SINAC - Consenso bosque deciduo 2021-2023,2021-2023,0,0,0,0
218,SINAC_BD_0000218,3095,Bosque deciduo,1.23,SINAC - Consenso bosque deciduo 2021-2023,2021-2023,1,0,0,0
219,SINAC_BD_0000219,3111,Bosque deciduo,1.930795963367381,SINAC - Consenso bosque deciduo 2021-2023,2021-2023,0,0,0,0
220,SINAC_BD_0000220,3133,Bosque deciduo,5.927939978687282,SINAC - Consenso bosque deciduo 2021-2023,2021-2023,0,0,0,0
221,SINAC_BD_0000221,3135,Bosque deciduo,1.51,SINAC - Consenso bosque deciduo 2021-2023,2021-2023,1,0,0,0
222,SINAC_BD_0000222,3136,Bosque deciduo,3.61,SINAC - Consenso bosque deciduo 2021-2023,2021-2023,1,0,0,0
223,SINAC_BD_0000223,3138,Bosque deciduo,31.1965398817737,SINAC - Consenso bosque deciduo 2021-2023,2021-2023,1,1,0,0
224,SINAC_BD_0000224,3192,Bosque deciduo,3.07,SINAC - Consenso bosque deciduo 2021-2023,2021-2023,0,0,0,0
225,SINAC_BD_0000225,3222,Bosque deciduo,6.053169569120384,SINAC - Consenso bosque deciduo 2021-2023,2021-2023,1,1,0,0
226,SINAC_BD_0000226,3261,Bosque deciduo,11.2,SINAC - Consenso bosque deciduo 2021-2023,2021-2023,1,1,1,0
227,SINAC_BD_0000227,3282,Bosque deciduo,30.78594159089671,SINAC - Consenso bosque deciduo 2021-2023,2021-2023,1,0,0,0
228,SINAC_BD_0000228,3285,Bosque deciduo,12.43403740509497,SINAC - Consenso bosque deciduo 2021-2023,2021-2023,1,0,0,0
229,SINAC_BD_0000229,3295,Bosque deciduo,1.55,SINAC - Consenso bosque deciduo 2021-2023,2021-2023,0,0,0,0
230,SINAC_BD_0000230,3306,Bosque deciduo,8.038441307930036,SINAC - Consenso bosque deciduo 2021-2023,2021-2023,1,1,0,0
231,SINAC_BD_0000231,3330,Bosque deciduo,1.4085026004557908,SINAC - Consenso bosque deciduo 2021-2023,2021-2023,0,0,0,0
232,SINAC_BD_0000232,3357,Bosque deciduo,13.828058967326733,SINAC - Consenso bosque deciduo 2021-2023,2021-2023,1,0,0,0
233,SINAC_BD_0000233,3376,Bosque deciduo,10.31259139848624,SINAC - Consenso bosque deciduo 2021-2023,2021-2023,0,0,0,0
234,SINAC_BD_0000234,3391,Bosque deciduo,2.076940378687741,SINAC - Consenso bosque deciduo 2021-2023,2021-2023,0,0,0,0
235,SINAC_BD_0000235,3416,Bosque deciduo,2.320906157772376,SINAC - Consenso bosque deciduo 2021-2023,2021-2023,1,0,0,0
236,SINAC_BD_0000236,3422,Bosque deciduo,1.1369880888330546,SINAC - Consenso bosque deciduo 2021-2023,2021-2023,0,0,0,0
237,SINAC_BD_0000237,3532,Bosque deciduo,9.410358685900421,SINAC - Consenso bosque deciduo 2021-2023,2021-2023,1,1,0,0
238,SINAC_BD_0000238,3633,Bosque deciduo,2.35,SINAC - Consenso bosque deciduo 2021-2023,2021-2023,1,0,0,0
239,SINAC_BD_0000239,3652,Bosque deciduo,1.2639029071815306,SINAC - Consenso bosque deciduo 2021-2023,2021-2023,0,0,0,0
240,SINAC_BD_0000240,3683,Bosque deciduo,1.13,SINAC - Consenso bosque deciduo 2021-2023,2021-2023,0,0,0,0
241,SINAC_BD_0000241,3711,Bosque deciduo,14.86,SINAC - Consenso bosque deciduo 2021-2023,2021-2023,1,0,0,0
242,SINAC_BD_0000242,3712,Bosque deciduo,1.018205734954138,SINAC - Consenso bosque deciduo 2021-2023,2021-2023,1,0,0,0
243,SINAC_BD_0000243,3720,Bosque deciduo,6.5,SINAC - Consenso bosque deciduo 2021-2023,2021-2023,0,0,0,0
244,SINAC_BD_0000244,3750,Bosque deciduo,3.8594305657200976,SINAC - Consenso bosque deciduo 2021-2023,2021-2023,1,0,0,0
245,SINAC_BD_0000245,3755,Bosque deciduo,1.21,SINAC - Consenso bosque deciduo 2021-2023,2021-2023,0,0,0,0
246,SINAC_BD_0000246,3765,Bosque deciduo,1.31,SINAC - Consenso bosque deciduo 2021-2023,2021-2023,1,1,0,0
247,SINAC_BD_0000247,3792,Bosque deciduo,1.541097780826632,SINAC - Consenso bosque deciduo 2021-2023,2021-2023,1,0,0,0
248,SINAC_BD_0000248,3838,Bosque deciduo,3.275934407505764,SINAC - Consenso bosque deciduo 2021-2023,2021-2023,1,1,1,0
249,SINAC_BD_0000249,3884,Bosque deciduo,12.90862108904866,SINAC - Consenso bosque deciduo 2021-2023,2021-2023,1,0,0,0
250,SINAC_BD_0000250,3893,Bosque deciduo,1.6801077747388888,SINAC - Consenso bosque deciduo 2021-2023,2021-2023,1,0,0,0
251,SINAC_BD_0000251,3908,Bosque deciduo,165.28309493380422,SINAC - Consenso bosque deciduo 2021-2023,2021-2023,1,1,1,0
252,SINAC_BD_0000252,3970,Bosque deciduo,1.3274036909248714,SINAC - Consenso bosque deciduo 2021-2023,2021-2023,0,0,0,0
253,SINAC_BD_0000253,3971,Bosque deciduo,1.1880272169502757,SINAC - Consenso bosque deciduo 2021-2023,2021-2023,1,0,0,0
254,SINAC_BD_0000254,3975,Bosque deciduo,1.45,SINAC - Consenso bosque deciduo 2021-2023,2021-2023,1,0,1,0
255,SINAC_BD_0000255,3992,Bosque deciduo,1.38077003114041,SINAC - Consenso bosque deciduo 2021-2023,2021-2023,0,0,0,0
256,SINAC_BD_0000256,4009,Bosque deciduo,1.12,SINAC - Consenso bosque deciduo 2021-2023,2021-2023,0,0,0,0
257,SINAC_BD_0000257,4010,Bosque deciduo,1.3999040556774005,SINAC - Consenso bosque deciduo 2021-2023,2021-2023,1,1,0,0
258,SINAC_BD_0000258,4021,Bosque deciduo,1.39,SINAC - Consenso bosque deciduo 2021-2023,2021-2023,0,0,0,0
259,SINAC_BD_0000259,4099,Bosque deciduo,1.6534785791519053,SINAC - Consenso bosque deciduo 2021-2023,2021-2023,1,1,0,0
260,SINAC_BD_0000260,4139,Bosque deciduo,2.496070751826014,SINAC - Consenso bosque deciduo 2021-2023,2021-2023,1,1,0,0
261,SINAC_BD_0000261,4263,Bosque deciduo,204.85270556092186,SINAC - Consenso bosque deciduo 2021-2023,2021-2023,1,1,1,0
262,SINAC_BD_0000262,4286,Bosque deciduo,1.579307564717847,SINAC - Consenso bosque deciduo 2021-2023,2021-2023,1,0,0,0
263,SINAC_BD_0000263,4334,Bosque deciduo,12.653750923075213,SINAC - Consenso bosque deciduo 2021-2023,2021-2023,1,1,0,0
264,SINAC_BD_0000264,4342,Bosque deciduo,4.645590783201319,SINAC - Consenso bosque deciduo 2021-2023,2021-2023,1,0,0,0
265,SINAC_BD_0000265,4383,Bosque deciduo,1.5318778498648218,SINAC - Consenso bosque deciduo 2021-2023,2021-2023,0,0,0,0
266,SINAC_BD_0000266,4385,Bosque deciduo,1.34,SINAC - Consenso bosque deciduo 2021-2023,2021-2023,0,0,0,0
267,SINAC_BD_0000267,4411,Bosque deciduo,1.7,SINAC - Consenso bosque deciduo 2021-2023,2021-2023,0,0,0,0
268,SINAC_BD_0000268,4421,Bosque deciduo,1.8,SINAC - Consenso bosque deciduo 2021-2023,2021-2023,0,0,0,0
269,SINAC_BD_0000269,4435,Bosque deciduo,2.4998650207580573,SINAC - Consenso bosque deciduo 2021-2023,2021-2023,0,0,0,0
270,SINAC_BD_0000270,4487,Bosque deciduo,3.836706245687767,SINAC - Consenso bosque deciduo 2021-2023,2021-2023,1,1,0,0
271,SINAC_BD_0000271,4488,Bosque deciduo,1.0029986942286364,SINAC - Consenso bosque deciduo 2021-2023,2021-2023,0,0,0,0
272,SINAC_BD_0000272,4491,Bosque deciduo,1.2419736221960003,SINAC - Consenso bosque deciduo 2021-2023,2021-2023,0,0,0,0
273,SINAC_BD_0000273,4504,Bosque deciduo,5.8549084384025765,SINAC - Consenso bosque deciduo 2021-2023,2021-2023,1,1,0,0
274,SINAC_BD_0000274,4542,Bosque deciduo,1.2046201811807955,SINAC - Consenso bosque deciduo 2021-2023,2021-2023,0,0,0,0
275,SINAC_BD_0000275,4556,Bosque deciduo,3.4482371658121003,SINAC - Consenso bosque deciduo 2021-2023,2021-2023,0,1,0,0
276,SINAC_BD_0000276,4592,Bosque deciduo,2.805046405990524,SINAC - Consenso bosque deciduo 2021-2023,2021-2023,1,0,0,0
277,SINAC_BD_0000277,4594,Bosque deciduo,3.88,SINAC - Consenso bosque deciduo 2021-2023,2021-2023,0,0,0,0
278,SINAC_BD_0000278,4595,Bosque deciduo,51.364814408265815,SINAC - Consenso bosque deciduo 2021-2023,2021-2023,1,1,0,1
279,SINAC_BD_0000279,4642,Bosque deciduo,91.96375006398036,SINAC - Consenso bosque deciduo 2021-2023,2021-2023,1,1,0,0
280,SINAC_BD_0000280,4651,Bosque deciduo,1.4031705829256407,SINAC - Consenso bosque deciduo 2021-2023,2021-2023,0,0,0,0
281,SINAC_BD_0000281,4657,Bosque deciduo,1.6097285885493327,SINAC - Consenso bosque deciduo 2021-2023,2021-2023,1,0,0,0
282,SINAC_BD_0000282,4659,Bosque deciduo,1.5,SINAC - Consenso bosque deciduo 2021-2023,2021-2023,1,0,0,0
283,SINAC_BD_0000283,4681,Bosque deciduo,2.089657808651956,SINAC - Consenso bosque deciduo 2021-2023,2021-2023,1,0,0,0
284,SINAC_BD_0000284,4690,Bosque deciduo,4.763566421914743,SINAC - Consenso bosque deciduo 2021-2023,2021-2023,1,0,0,0
285,SINAC_BD_0000285,4698,Bosque deciduo,4.849672435278126,SINAC - Consenso bosque deciduo 2021-2023,2021-2023,1,0,0,0
286,SINAC_BD_0000286,4733,Bosque deciduo,1.69,SINAC - Consenso bosque deciduo 2021-2023,2021-2023,0,0,0,0
287,SINAC_BD_0000287,4764,Bosque deciduo,6.691943961784818,SINAC - Consenso bosque deciduo 2021-2023,2021-2023,1,1,1,1
288,SINAC_BD_0000288,4774,Bosque deciduo,2.5283822957160247,SINAC - Consenso bosque deciduo 2021-2023,2021-2023,0,0,0,0
289,SINAC_BD_0000289,4779,Bosque deciduo,3.36,SINAC - Consenso bosque deciduo 2021-2023,2021-2023,1,1,0,0
290,SINAC_BD_0000290,4786,Bosque deciduo,3.177485865484777,SINAC - Consenso bosque deciduo 2021-2023,2021-2023,1,0,0,0
291,SINAC_BD_0000291,4791,Bosque deciduo,3.08,SINAC - Consenso bosque deciduo 2021-2023,2021-2023,0,0,0,0
292,SINAC_BD_0000292,4795,Bosque deciduo,1.12,SINAC - Consenso bosque deciduo 2021-2023,2021-2023,0,0,0,0
293,SINAC_BD_0000293,4826,Bosque deciduo,2.111635833355145,SINAC - Consenso bosque deciduo 2021-2023,2021-2023,1,0,0,0
294,SINAC_BD_0000294,4828,Bosque deciduo,7.628665829458475,SINAC - Consenso bosque deciduo 2021-2023,2021-2023,1,1,0,0
295,SINAC_BD_0000295,4848,Bosque deciduo,1.0643168672963734,SINAC - Consenso bosque deciduo 2021-2023,2021-2023,0,0,0,0
296,SINAC_BD_0000296,4871,Bosque deciduo,1.4142072677864896,SINAC - Consenso bosque deciduo 2021-2023,2021-2023,0,0,0,0
297,SINAC_BD_0000297,4875,Bosque deciduo,1.7222783686456347,SINAC - Consenso bosque deciduo 2021-2023,2021-2023,0,0,0,0
298,SINAC_BD_0000298,4914,Bosque deciduo,1.0192685708485953,SINAC - Consenso bosque deciduo 2021-2023,2021-2023,0,0,0,0
299,SINAC_BD_0000299,4943,Bosque deciduo,1.3474500119180755,SINAC - Consenso bosque deciduo 2021-2023,2021-2023,0,0,0,0
300,SINAC_BD_0000300,4988,Bosque deciduo,2.139111615301729,SINAC - Consenso bosque deciduo 2021-2023,2021-2023,1,0,0,0
301,SINAC_BD_0000301,4992,Bosque deciduo,1.6661092560062676,SINAC - Consenso bosque deciduo 2021-2023,2021-2023,0,0,0,0
302,SINAC_BD_0000302,4993,Bosque deciduo,4.66,SINAC - Consenso bosque deciduo 2021-2023,2021-2023,1,0,0,0
303,SINAC_BD_0000303,5008,Bosque deciduo,27.75744782715188,SINAC - Consenso bosque deciduo 2021-2023,2021-2023,1,1,1,0
304,SINAC_BD_0000304,5018,Bosque deciduo,11.178914644045578,SINAC - Consenso bosque deciduo 2021-2023,2021-2023,1,0,0,0
305,SINAC_BD_0000305,5064,Bosque deciduo,1.042815196076519,SINAC - Consenso bosque deciduo 2021-2023,2021-2023,1,1,0,0
306,SINAC_BD_0000306,5079,Bosque deciduo,10.813048576375607,SINAC - Consenso bosque deciduo 2021-2023,2021-2023,1,0,0,0
307,SINAC_BD_0000307,5084,Bosque deciduo,1.5175130512639494,SINAC - Consenso bosque deciduo 2021-2023,2021-2023,1,0,0,0
308,SINAC_BD_0000308,5099,Bosque deciduo,1.6,SINAC - Consenso bosque deciduo 2021-2023,2021-2023,0,0,0,0
309,SINAC_BD_0000309,5105,Bosque deciduo,2.59,SINAC - Consenso bosque deciduo 2021-2023,2021-2023,1,1,0,0
310,SINAC_BD_0000310,5123,Bosque deciduo,1.28,SINAC - Consenso bosque deciduo 2021-2023,2021-2023,0,0,0,0
311,SINAC_BD_0000311,5140,Bosque deciduo,4.92,SINAC - Consenso bosque deciduo 2021-2023,2021-2023,1,1,0,0
312,SINAC_BD_0000312,5150,Bosque deciduo,1.5871210722478704,SINAC - Consenso bosque deciduo 2021-2023,2021-2023,1,0,0,0
313,SINAC_BD_0000313,5170,Bosque deciduo,1.2214554973471248,SINAC - Consenso bosque deciduo 2021-2023,2021-2023,0,0,1,0
314,SINAC_BD_0000314,5172,Bosque deciduo,29.693298435248266,SINAC - Consenso bosque deciduo 2021-2023,2021-2023,1,1,1,0
315,SINAC_BD_0000315,5176,Bosque deciduo,1.2113973922020858,SINAC - Consenso bosque deciduo 2021-2023,2021-2023,1,0,0,0
316,SINAC_BD_0000316,5201,Bosque deciduo,9.129351461448897,SINAC - Consenso bosque deciduo 2021-2023,2021-2023,0,0,0,0
317,SINAC_BD_0000317,5212,Bosque deciduo,1.24,SINAC - Consenso bosque deciduo 2021-2023,2021-2023,0,0,0,0
318,SINAC_BD_0000318,5235,Bosque deciduo,1.54,SINAC - Consenso bosque deciduo 2021-2023,2021-2023,1,0,0,0
319,SINAC_BD_0000319,5255,Bosque deciduo,1.12,SINAC - Consenso bosque deciduo 2021-2023,2021-2023,0,0,0,0
320,SINAC_BD_0000320,5259,Bosque deciduo,2.09,SINAC - Consenso bosque deciduo 2021-2023,2021-2023,0,0,0,0
321,SINAC_BD_0000321,5266,Bosque deciduo,11.877912026841978,SINAC - Consenso bosque deciduo 2021-2023,2021-2023,1,1,0,0
322,SINAC_BD_0000322,5273,Bosque deciduo,4.2270863883212595,SINAC - Consenso bosque deciduo 2021-2023,2021-2023,1,0,0,0
323,SINAC_BD_0000323,5291,Bosque deciduo,7.689419204123496,SINAC - Consenso bosque deciduo 2021-2023,2021-2023,1,0,0,0
324,SINAC_BD_0000324,5303,Bosque deciduo,11.289306738974942,SINAC - Consenso bosque deciduo 2021-2023,2021-2023,1,1,1,0
325,SINAC_BD_0000325,5308,Bosque deciduo,1.44,SINAC - Consenso bosque deciduo 2021-2023,2021-2023,1,1,0,0
326,SINAC_BD_0000326,5311,Bosque deciduo,1.24,SINAC - Consenso bosque deciduo 2021-2023,2021-2023,0,0,0,0
327,SINAC_BD_0000327,5334,Bosque deciduo,1.3,SINAC - Consenso bosque deciduo 2021-2023,2021-2023,0,0,0,0
328,SINAC_BD_0000328,5341,Bosque deciduo,12.269562666014837,SINAC - Consenso bosque deciduo 2021-2023,2021-2023,1,1,0,0
329,SINAC_BD_0000329,5354,Bosque deciduo,1.2239654816700491,SINAC - Consenso bosque deciduo 2021-2023,2021-2023,0,0,0,0
330,SINAC_BD_0000330,5367,Bosque deciduo,1.9339015801874055,SINAC - Consenso bosque deciduo 2021-2023,2021-2023,0,0,0,0
331,SINAC_BD_0000331,5382,Bosque deciduo,1.3297928975998656,SINAC - Consenso bosque deciduo 2021-2023,2021-2023,1,1,1,0
332,SINAC_BD_0000332,5393,Bosque deciduo,1.4221025945338244,SINAC - Consenso bosque deciduo 2021-2023,2021-2023,1,0,0,0
333,SINAC_BD_0000333,5420,Bosque deciduo,115.40833744797881,SINAC - Consenso bosque deciduo 2021-2023,2021-2023,1,1,1,0
334,SINAC_BD_0000334,5422,Bosque deciduo,4.387753983442963,SINAC - Consenso bosque deciduo 2021-2023,2021-2023,1,1,0,0
335,SINAC_BD_0000335,5440,Bosque deciduo,2.29,SINAC - Consenso bosque deciduo 2021-2023,2021-2023,0,0,0,0
336,SINAC_BD_0000336,5441,Bosque deciduo,7.9128944822112475,SINAC - Consenso bosque deciduo 2021-2023,2021-2023,1,1,0,0
337,SINAC_BD_0000337,5451,Bosque deciduo,1.14,SINAC - Consenso bosque deciduo 2021-2023,2021-2023,1,0,0,0
338,SINAC_BD_0000338,5467,Bosque deciduo,6.937377136119685,SINAC - Consenso bosque deciduo 2021-2023,2021-2023,0,0,0,0
339,SINAC_BD_0000339,5471,Bosque deciduo,4.244873382850825,SINAC - Consenso bosque deciduo 2021-2023,2021-2023,1,0,0,0
340,SINAC_BD_0000340,5491,Bosque deciduo,2.0037133533180707,SINAC - Consenso bosque deciduo 2021-2023,2021-2023,0,0,0,0
341,SINAC_BD_0000341,5492,Bosque deciduo,55.0239143505782,SINAC - Consenso bosque deciduo 2021-2023,2021-2023,1,1,0,0
342,SINAC_BD_0000342,5493,Bosque deciduo,2.8627773508895538,SINAC - Consenso bosque deciduo 2021-2023,2021-2023,1,0,0,0
343,SINAC_BD_0000343,5509,Bosque deciduo,1.0320742823475983,SINAC - Consenso bosque deciduo 2021-2023,2021-2023,1,0,0,0
344,SINAC_BD_0000344,5510,Bosque deciduo,1.0814770722133025,SINAC - Consenso bosque deciduo 2021-2023,2021-2023,0,0,0,0
345,SINAC_BD_0000345,5512,Bosque deciduo,1.0731685797570212,SINAC - Consenso bosque deciduo 2021-2023,2021-2023,0,0,0,0
346,SINAC_BD_0000346,5546,Bosque deciduo,1.5687371182415095,SINAC - Consenso bosque deciduo 2021-2023,2021-2023,1,1,0,0
347,SINAC_BD_0000347,5552,Bosque deciduo,4.715253346776469,SINAC - Consenso bosque deciduo 2021-2023,2021-2023,1,0,0,0
348,SINAC_BD_0000348,5572,Bosque deciduo,2.2574541039979317,SINAC - Consenso bosque deciduo 2021-2023,2021-2023,0,0,0,0
349,SINAC_BD_0000349,5577,Bosque deciduo,7.152110078891203,SINAC - Consenso bosque deciduo 2021-2023,2021-2023,1,1,0,0
350,SINAC_BD_0000350,5580,Bosque deciduo,1.945480708225186,SINAC - Consenso bosque deciduo 2021-2023,2021-2023,0,0,0,0
351,SINAC_BD_0000351,5581,Bosque deciduo,7.2805193255133895,SINAC - Consenso bosque deciduo 2021-2023,2021-2023,1,0,0,0
352,SINAC_BD_0000352,5583,Bosque deciduo,4.469833318948769,SINAC - Consenso bosque deciduo 2021-2023,2021-2023,0,0,0,0
353,SINAC_BD_0000353,5584,Bosque deciduo,7.9557963117602455,SINAC - Consenso bosque deciduo 2021-2023,2021-2023,1,1,1,0
354,SINAC_BD_0000354,5585,Bosque deciduo,1440.7802773228937,SINAC - Consenso bosque deciduo 2021-2023,2021-2023,1,1,1,1
355,SINAC_BD_0000355,5596,Bosque deciduo,11.91830944572694,SINAC - Consenso bosque deciduo 2021-2023,2021-2023,1,1,0,0
356,SINAC_BD_0000356,5639,Bosque deciduo,3.476313146673968,SINAC - Consenso bosque deciduo 2021-2023,2021-2023,1,1,0,0
357,SINAC_BD_0000357,5644,Bosque deciduo,1.59,SINAC - Consenso bosque deciduo 2021-2023,2021-2023,0,0,0,0
358,SINAC_BD_0000358,5654,Bosque deciduo,2.4138383665887586,SINAC - Consenso bosque deciduo 2021-2023,2021-2023,0,0,1,0
359,SINAC_BD_0000359,5680,Bosque deciduo,2.7,SINAC - Consenso bosque deciduo 2021-2023,2021-2023,0,0,0,0
360,SINAC_BD_0000360,5687,Bosque deciduo,6.87,SINAC - Consenso bosque deciduo 2021-2023,2021-2023,1,0,0,0
361,SINAC_BD_0000361,5739,Bosque deciduo,1.409690696806845,SINAC - Consenso bosque deciduo 2021-2023,2021-2023,0,0,0,0
362,SINAC_BD_0000362,5742,Bosque deciduo,4.498122357640051,SINAC - Consenso bosque deciduo 2021-2023,2021-2023,0,0,0,0
363,SINAC_BD_0000363,5743,Bosque deciduo,4.94730962205721,SINAC - Consenso bosque deciduo 2021-2023,2021-2023,1,0,0,0
364,SINAC_BD_0000364,5744,Bosque deciduo,36.07011143309745,SINAC - Consenso bosque deciduo 2021-2023,2021-2023,1,1,0,0
365,SINAC_BD_0000365,5761,Bosque deciduo,2.1081628042705907,SINAC - Consenso bosque deciduo 2021-2023,2021-2023,0,0,0,0
366,SINAC_BD_0000366,5771,Bosque deciduo,1.6891301680000426,SINAC - Consenso bosque deciduo 2021-2023,2021-2023,1,0,0,0
367,SINAC_BD_0000367,5778,Bosque deciduo,1.8034856063204017,SINAC - Consenso bosque deciduo 2021-2023,2021-2023,1,0,0,0
368,SINAC_BD_0000368,5789,Bosque deciduo,22.103475059752846,SINAC - Consenso bosque deciduo 2021-2023,2021-2023,1,1,0,0
369,SINAC_BD_0000369,5793,Bosque deciduo,3.065530821945076,SINAC - Consenso bosque deciduo 2021-2023,2021-2023,1,0,0,0
370,SINAC_BD_0000370,5796,Bosque deciduo,1.0678925212698498,SINAC - Consenso bosque deciduo 2021-2023,2021-2023,0,0,0,0
371,SINAC_BD_0000371,5812,Bosque deciduo,3.0438219885599676,SINAC - Consenso bosque deciduo 2021-2023,2021-2023,1,0,0,0
372,SINAC_BD_0000372,5816,Bosque deciduo,2.2199604273952884,SINAC - Consenso bosque deciduo 2021-2023,2021-2023,0,0,1,0
373,SINAC_BD_0000373,5826,Bosque deciduo,4.529744437579071,SINAC - Consenso bosque deciduo 2021-2023,2021-2023,1,1,0,0
374,SINAC_BD_0000374,5827,Bosque deciduo,2.3575892815400357,SINAC - Consenso bosque deciduo 2021-2023,2021-2023,0,0,0,0
375,SINAC_BD_0000375,5860,Bosque deciduo,1.5824577637285746,SINAC - Consenso bosque deciduo 2021-2023,2021-2023,0,0,0,0
376,SINAC_BD_0000376,5880,Bosque deciduo,1.039645606068005,SINAC - Consenso bosque deciduo 2021-2023,2021-2023,0,0,0,0
377,SINAC_BD_0000377,5881,Bosque deciduo,2.145032817083807,SINAC - Consenso bosque deciduo 2021-2023,2021-2023,0,0,0,0
378,SINAC_BD_0000378,5894,Bosque deciduo,1.4641430422355493,SINAC - Consenso bosque deciduo 2021-2023,2021-2023,0,0,0,0
379,SINAC_BD_0000379,5950,Bosque deciduo,3.8582735900448717,SINAC - Consenso bosque deciduo 2021-2023,2021-2023,0,0,0,0
380,SINAC_BD_0000380,5975,Bosque deciduo,2.87,SINAC - Consenso bosque deciduo 2021-2023,2021-2023,1,0,0,0
381,SINAC_BD_0000381,5994,Bosque deciduo,121.5088560241211,SINAC - Consenso bosque deciduo 2021-2023,2021-2023,1,1,1,0
382,SINAC_BD_0000382,5999,Bosque deciduo,374.5959161808819,SINAC - Consenso bosque deciduo 2021-2023,2021-2023,1,1,1,0
383,SINAC_BD_0000383,6034,Bosque deciduo,5.290463079910232,SINAC - Consenso bosque deciduo 2021-2023,2021-2023,1,0,0,0
384,SINAC_BD_0000384,6037,Bosque deciduo,7.3403377880810785,SINAC - Consenso bosque deciduo 2021-2023,2021-2023,1,0,0,0
385,SINAC_BD_0000385,6038,Bosque deciduo,1.77,SINAC - Consenso bosque deciduo 2021-2023,2021-2023,0,0,0,0
386,SINAC_BD_0000386,6081,Bosque deciduo,1.1023863105556673,SINAC - Consenso bosque deciduo 2021-2023,2021-2023,1,0,0,0
387,SINAC_BD_0000387,6122,Bosque deciduo,2.52,SINAC - Consenso bosque deciduo 2021-2023,2021-2023,1,1,0,0
388,SINAC_BD_0000388,6125,Bosque deciduo,2.4077937534847615,SINAC - Consenso bosque deciduo 2021-2023,2021-2023,1,1,1,0
389,SINAC_BD_0000389,6126,Bosque deciduo,5.443604466484966,SINAC - Consenso bosque deciduo 2021-2023,2021-2023,1,1,1,0
390,SINAC_BD_0000390,6130,Bosque deciduo,1.3149947583486652,SINAC - Consenso bosque deciduo 2021-2023,2021-2023,0,0,0,0
391,SINAC_BD_0000391,6162,Bosque deciduo,1.4,SINAC - Consenso bosque deciduo 2021-2023,2021-2023,1,0,0,0
392,SINAC_BD_0000392,6195,Bosque deciduo,1.6415234454653809,SINAC - Consenso bosque deciduo 2021-2023,2021-2023,1,0,0,0
393,SINAC_BD_0000393,6201,Bosque deciduo,1.4211191240272114,SINAC - Consenso bosque deciduo 2021-2023,2021-2023,1,1,0,0
394,SINAC_BD_0000394,6267,Bosque deciduo,4.204894905285696,SINAC - Consenso bosque deciduo 2021-2023,2021-2023,1,0,0,0
395,SINAC_BD_0000395,6308,Bosque deciduo,1.16229855532625,SINAC - Consenso bosque deciduo 2021-2023,2021-2023,0,0,0,0
396,SINAC_BD_0000396,6338,Bosque deciduo,3.51,SINAC - Consenso bosque deciduo 2021-2023,2021-2023,1,1,0,0
397,SINAC_BD_0000397,6341,Bosque deciduo,49.591581952606035,SINAC - Consenso bosque deciduo 2021-2023,2021-2023,1,1,0,0
398,SINAC_BD_0000398,6365,Bosque deciduo,7.05,SINAC - Consenso bosque deciduo 2021-2023,2021-2023,1,1,1,0
399,SINAC_BD_0000399,6401,Bosque deciduo,2.589805099920488,SINAC - Consenso bosque deciduo 2021-2023,2021-2023,1,1,0,0
400,SINAC_BD_0000400,6402,Bosque deciduo,2.020182068714895,SINAC - Consenso bosque deciduo 2021-2023,2021-2023,0,0,0,0
401,SINAC_BD_0000401,6423,Bosque deciduo,1.7417905467046233,SINAC - Consenso bosque deciduo 2021-2023,2021-2023,1,0,0,0
402,SINAC_BD_0000402,6438,Bosque deciduo,1.6424391316310258,SINAC - Consenso bosque deciduo 2021-2023,2021-2023,1,0,0,0
403,SINAC_BD_0000403,6442,Bosque deciduo,1.0327584629246507,SINAC - Consenso bosque deciduo 2021-2023,2021-2023,1,0,0,0
404,SINAC_BD_0000404,6471,Bosque deciduo,1.41,SINAC - Consenso bosque deciduo 2021-2023,2021-2023,0,0,0,0
405,SINAC_BD_0000405,6477,Bosque deciduo,1.2234986237537986,SINAC - Consenso bosque deciduo 2021-2023,2021-2023,1,0,0,0
406,SINAC_BD_0000406,6482,Bosque deciduo,384.3174801708498,SINAC - Consenso bosque deciduo 2021-2023,2021-2023,1,1,1,1
407,SINAC_BD_0000407,6488,Bosque deciduo,11.864583926367272,SINAC - Consenso bosque deciduo 2021-2023,2021-2023,1,1,0,0
408,SINAC_BD_0000408,6500,Bosque deciduo,1.38,SINAC - Consenso bosque deciduo 2021-2023,2021-2023,1,1,0,0
409,SINAC_BD_0000409,6517,Bosque deciduo,1.04,SINAC - Consenso bosque deciduo 2021-2023,2021-2023,0,0,0,0
410,SINAC_BD_0000410,6619,Bosque deciduo,9.180203239768055,SINAC - Consenso bosque deciduo 2021-2023,2021-2023,1,1,0,0
411,SINAC_BD_0000411,6701,Bosque deciduo,2.02,SINAC - Consenso bosque deciduo 2021-2023,2021-2023,0,0,0,0
412,SINAC_BD_0000412,6726,Bosque deciduo,2.977778380267896,SINAC - Consenso bosque deciduo 2021-2023,2021-2023,1,0,0,0
413,SINAC_BD_0000413,6727,Bosque deciduo,1.85,SINAC - Consenso bosque deciduo 2021-2023,2021-2023,0,0,0,0
414,SINAC_BD_0000414,6750,Bosque deciduo,2.97,SINAC - Consenso bosque deciduo 2021-2023,2021-2023,1,1,1,0
415,SINAC_BD_0000415,6760,Bosque deciduo,1.04,SINAC - Consenso bosque deciduo 2021-2023,2021-2023,0,0,0,0
416,SINAC_BD_0000416,6762,Bosque deciduo,1.17,SINAC - Consenso bosque deciduo 2021-2023,2021-2023,0,0,0,0
417,SINAC_BD_0000417,6777,Bosque deciduo,2.31,SINAC - Consenso bosque deciduo 2021-2023,2021-2023,0,0,0,0
418,SINAC_BD_0000418,6785,Bosque deciduo,3.97,SINAC - Consenso bosque deciduo 2021-2023,2021-2023,1,0,0,0
419,SINAC_BD_0000419,6799,Bosque deciduo,1.02,SINAC - Consenso bosque deciduo 2021-2023,2021-2023,1,0,0,0
420,SINAC_BD_0000420,6849,Bosque deciduo,2.48,SINAC - Consenso bosque deciduo 2021-2023,2021-2023,1,1,0,0
421,SINAC_BD_0000421,6872,Bosque deciduo,1.66,SINAC - Consenso bosque deciduo 2021-2023,2021-2023,1,0,0,0
422,SINAC_BD_0000422,6890,Bosque deciduo,18.917486867749904,SINAC - Consenso bosque deciduo 2021-2023,2021-2023,1,1,0,0
423,SINAC_BD_0000423,6892,Bosque deciduo,181.48723645841733,SINAC - Consenso bosque deciduo 2021-2023,2021-2023,1,1,1,1
424,SINAC_BD_0000424,6893,Bosque deciduo,1.3107346526011217,SINAC - Consenso bosque deciduo 2021-2023,2021-2023,1,0,0,0
425,SINAC_BD_0000425,6901,Bosque deciduo,2.2059787921104763,SINAC - Consenso bosque deciduo 2021-2023,2021-2023,0,0,0,0
426,SINAC_BD_0000426,6949,Bosque deciduo,1.4975750503127847,SINAC - Consenso bosque deciduo 2021-2023,2021-2023,1,0,0,0
427,SINAC_BD_0000427,7033,Bosque deciduo,4.5,SINAC - Consenso bosque deciduo 2021-2023,2021-2023,0,0,0,0
428,SINAC_BD_0000428,7068,Bosque deciduo,1.19,SINAC - Consenso bosque deciduo 2021-2023,2021-2023,0,0,0,0
429,SINAC_BD_0000429,7102,Bosque deciduo,4.28,SINAC - Consenso bosque deciduo 2021-2023,2021-2023,1,0,0,0
430,SINAC_BD_0000430,7147,Bosque deciduo,12.967579562228467,SINAC - Consenso bosque deciduo 2021-2023,2021-2023,1,1,1,0
431,SINAC_BD_0000431,7151,Bosque deciduo,1.5694161465925007,SINAC - Consenso bosque deciduo 2021-2023,2021-2023,0,0,0,0
432,SINAC_BD_0000432,7156,Bosque deciduo,4.83,SINAC - Consenso bosque deciduo 2021-2023,2021-2023,0,0,0,0
433,SINAC_BD_0000433,7166,Bosque deciduo,21.62176952901882,SINAC - Consenso bosque deciduo 2021-2023,2021-2023,1,1,0,0
434,SINAC_BD_0000434,7187,Bosque deciduo,1.463473762230308,SINAC - Consenso bosque deciduo 2021-2023,2021-2023,0,0,0,0
435,SINAC_BD_0000435,7197,Bosque deciduo,1.34,SINAC - Consenso bosque deciduo 2021-2023,2021-2023,0,1,0,0
436,SINAC_BD_0000436,7211,Bosque deciduo,1.159822785510245,SINAC - Consenso bosque deciduo 2021-2023,2021-2023,0,0,0,0
437,SINAC_BD_0000437,7227,Bosque deciduo,1.458483788772723,SINAC - Consenso bosque deciduo 2021-2023,2021-2023,1,0,0,0
438,SINAC_BD_0000438,7270,Bosque deciduo,55.53395277272929,SINAC - Consenso bosque deciduo 2021-2023,2021-2023,1,1,1,0
439,SINAC_BD_0000439,7289,Bosque deciduo,1.3533003303285902,SINAC - Consenso bosque deciduo 2021-2023,2021-2023,1,1,0,0
440,SINAC_BD_0000440,7296,Bosque deciduo,1.93,SINAC - Consenso bosque deciduo 2021-2023,2021-2023,0,0,0,0
441,SINAC_BD_0000441,7297,Bosque deciduo,7.46,SINAC - Consenso bosque deciduo 2021-2023,2021-2023,1,1,1,0
442,SINAC_BD_0000442,7299,Bosque deciduo,1.29,SINAC - Consenso bosque deciduo 2021-2023,2021-2023,0,0,0,0
443,SINAC_BD_0000443,7310,Bosque deciduo,1.9334920690159778,SINAC - Consenso bosque deciduo 2021-2023,2021-2023,1,0,0,0
444,SINAC_BD_0000444,7361,Bosque deciduo,1.51,SINAC - Consenso bosque deciduo 2021-2023,2021-2023,1,0,0,0
445,SINAC_BD_0000445,7367,Bosque deciduo,7.97,SINAC - Consenso bosque deciduo 2021-2023,2021-2023,1,1,0,0
446,SINAC_BD_0000446,7388,Bosque deciduo,1.7047573089763959,SINAC - Consenso bosque deciduo 2021-2023,2021-2023,0,0,0,0
447,SINAC_BD_0000447,7393,Bosque deciduo,7.767387599061825,SINAC - Consenso bosque deciduo 2021-2023,2021-2023,1,0,0,0
448,SINAC_BD_0000448,7410,Bosque deciduo,3.72,SINAC - Consenso bosque deciduo 2021-2023,2021-2023,1,0,0,0
449,SINAC_BD_0000449,7421,Bosque deciduo,4.064576244691268,SINAC - Consenso bosque deciduo 2021-2023,2021-2023,1,0,0,0
450,SINAC_BD_0000450,7431,Bosque deciduo,1.64,SINAC - Consenso bosque deciduo 2021-2023,2021-2023,0,0,0,0
451,SINAC_BD_0000451,7457,Bosque deciduo,3.33,SINAC - Consenso bosque deciduo 2021-2023,2021-2023,0,0,0,0
452,SINAC_BD_0000452,7499,Bosque deciduo,1.49,SINAC - Consenso bosque deciduo 2021-2023,2021-2023,0,0,0,0
453,SINAC_BD_0000453,7565,Bosque deciduo,8.564337592779264,SINAC - Consenso bosque deciduo 2021-2023,2021-2023,1,0,0,0
454,SINAC_BD_0000454,7567,Bosque deciduo,58.641893722449986,SINAC - Consenso bosque deciduo 2021-2023,2021-2023,1,1,0,0
455,SINAC_BD_0000455,7572,Bosque deciduo,2.36,SINAC - Consenso bosque deciduo 2021-2023,2021-2023,0,0,0,0
456,SINAC_BD_0000456,7573,Bosque deciduo,1.3869614010381155,SINAC - Consenso bosque deciduo 2021-2023,2021-2023,1,0,0,0
457,SINAC_BD_0000457,7577,Bosque deciduo,1.8,SINAC - Consenso bosque deciduo 2021-2023,2021-2023,1,0,0,0
458,SINAC_BD_0000458,7586,Bosque deciduo,8.780018682214854,SINAC - Consenso bosque deciduo 2021-2023,2021-2023,0,0,0,0
459,SINAC_BD_0000459,7629,Bosque deciduo,6.6093583734493615,SINAC - Consenso bosque deciduo 2021-2023,2021-2023,0,0,0,0
460,SINAC_BD_0000460,7642,Bosque deciduo,2.0931732441705715,SINAC - Consenso bosque deciduo 2021-2023,2021-2023,0,0,0,0
461,SINAC_BD_0000461,7667,Bosque deciduo,1.25,SINAC - Consenso bosque deciduo 2021-2023,2021-2023,1,0,0,0
462,SINAC_BD_0000462,7668,Bosque deciduo,2.317227952641695,SINAC - Consenso bosque deciduo 2021-2023,2021-2023,0,0,0,0
463,SINAC_BD_0000463,7682,Bosque deciduo,1.14,SINAC - Consenso bosque deciduo 2021-2023,2021-2023,0,0,0,0
464,SINAC_BD_0000464,7690,Bosque deciduo,1.42,SINAC - Consenso bosque deciduo 2021-2023,2021-2023,0,0,0,0
465,SINAC_BD_0000465,7706,Bosque deciduo,2.76,SINAC - Consenso bosque deciduo 2021-2023,2021-2023,0,0,0,0
466,SINAC_BD_0000466,7715,Bosque deciduo,1.76,SINAC - Consenso bosque deciduo 2021-2023,2021-2023,1,0,0,0
467,SINAC_BD_0000467,7722,Bosque deciduo,1.03,SINAC - Consenso bosque deciduo 2021-2023,2021-2023,0,0,0,0
468,SINAC_BD_0000468,7731,Bosque deciduo,8.776660089390992,SINAC - Consenso bosque deciduo 2021-2023,2021-2023,1,0,0,0
469,SINAC_BD_0000469,7732,Bosque deciduo,5.778360314195621,SINAC - Consenso bosque deciduo 2021-2023,2021-2023,0,0,0,0
470,SINAC_BD_0000470,7754,Bosque deciduo,1.57,SINAC - Consenso bosque deciduo 2021-2023,2021-2023,0,0,0,0
471,SINAC_BD_0000471,7761,Bosque deciduo,2.6381267370045727,SINAC - Consenso bosque deciduo 2021-2023,2021-2023,1,0,0,0
472,SINAC_BD_0000472,7836,Bosque deciduo,4.851609492442185,SINAC - Consenso bosque deciduo 2021-2023,2021-2023,1,0,0,0
473,SINAC_BD_0000473,7845,Bosque deciduo,1.1814208552351202,SINAC - Consenso bosque deciduo 2021-2023,2021-2023,0,0,0,0
474,SINAC_BD_0000474,7884,Bosque deciduo,1.2088358443050469,SINAC - Consenso bosque deciduo 2021-2023,2021-2023,1,1,0,0
475,SINAC_BD_0000475,7903,Bosque deciduo,4.170251212163207,SINAC - Consenso bosque deciduo 2021-2023,2021-2023,1,1,0,0
476,SINAC_BD_0000476,7907,Bosque deciduo,4.73,SINAC - Consenso bosque deciduo 2021-2023,2021-2023,0,0,0,0
477,SINAC_BD_0000477,7915,Bosque deciduo,1.5264560285183253,SINAC - Consenso bosque deciduo 2021-2023,2021-2023,0,0,0,0
478,SINAC_BD_0000478,7916,Bosque deciduo,1.5903237396476675,SINAC - Consenso bosque deciduo 2021-2023,2021-2023,1,1,0,0
479,SINAC_BD_0000479,7962,Bosque deciduo,1.44,SINAC - Consenso bosque deciduo 2021-2023,2021-2023,0,0,0,0
480,SINAC_BD_0000480,7997,Bosque deciduo,1.07,SINAC - Consenso bosque deciduo 2021-2023,2021-2023,1,0,0,0
481,SINAC_BD_0000481,8008,Bosque deciduo,2.53,SINAC - Consenso bosque deciduo 2021-2023,2021-2023,0,1,0,0
482,SINAC_BD_0000482,8022,Bosque deciduo,1.0756504773107574,SINAC - Consenso bosque deciduo 2021-2023,2021-2023,0,0,0,0
483,SINAC_BD_0000483,8033,Bosque deciduo,2.38,SINAC - Consenso bosque deciduo 2021-2023,2021-2023,0,0,0,0
484,SINAC_BD_0000484,8045,Bosque deciduo,1.978607438577744,SINAC - Consenso bosque deciduo 2021-2023,2021-2023,0,0,0,0
485,SINAC_BD_0000485,8058,Bosque deciduo,9.588386344059911,SINAC - Consenso bosque deciduo 2021-2023,2021-2023,1,1,0,0
486,SINAC_BD_0000486,8064,Bosque deciduo,1.196203310675204,SINAC - Consenso bosque deciduo 2021-2023,2021-2023,0,0,0,0
487,SINAC_BD_0000487,8066,Bosque deciduo,4.76,SINAC - Consenso bosque deciduo 2021-2023,2021-2023,0,0,0,0
488,SINAC_BD_0000488,8122,Bosque deciduo,27.54474336449942,SINAC - Consenso bosque deciduo 2021-2023,2021-2023,1,1,1,1
489,SINAC_BD_0000489,8123,Bosque deciduo,4.97,SINAC - Consenso bosque deciduo 2021-2023,2021-2023,1,1,0,0
490,SINAC_BD_0000490,8125,Bosque deciduo,3.1,SINAC - Consenso bosque deciduo 2021-2023,2021-2023,1,0,0,0
491,SINAC_BD_0000491,8175,Bosque deciduo,1.3046404665565643,SINAC - Consenso bosque deciduo 2021-2023,2021-2023,0,0,0,0
492,SINAC_BD_0000492,8186,Bosque deciduo,1.6097794802661698,SINAC - Consenso bosque deciduo 2021-2023,2021-2023,0,0,0,0
493,SINAC_BD_0000493,8250,Bosque deciduo,1.2961889791975065,SINAC - Consenso bosque deciduo 2021-2023,2021-2023,1,1,0,0
494,SINAC_BD_0000494,8277,Bosque deciduo,4.039550685532459,SINAC - Consenso bosque deciduo 2021-2023,2021-2023,1,0,0,0
495,SINAC_BD_0000495,8279,Bosque deciduo,2.59,SINAC - Consenso bosque deciduo 2021-2023,2021-2023,0,0,0,0
496,SINAC_BD_0000496,8287,Bosque deciduo,1.77,SINAC - Consenso bosque deciduo 2021-2023,2021-2023,0,0,0,0
497,SINAC_BD_0000497,8292,Bosque deciduo,55.62290003676104,SINAC - Consenso bosque deciduo 2021-2023,2021-2023,1,0,0,0
498,SINAC_BD_0000498,8312,Bosque deciduo,1.57,SINAC - Consenso bosque deciduo 2021-2023,2021-2023,0,0,0,0
499,SINAC_BD_0000499,8313,Bosque deciduo,1.96,SINAC - Consenso bosque deciduo 2021-2023,2021-2023,1,0,0,0
500,SINAC_BD_0000500,8342,Bosque deciduo,2.659536178303222,SINAC - Consenso bosque deciduo 2021-2023,2021-2023,0,0,0,0
501,SINAC_BD_0000501,8365,Bosque deciduo,4.92,SINAC - Consenso bosque deciduo 2021-2023,2021-2023,0,0,0,0
502,SINAC_BD_0000502,8388,Bosque deciduo,2.54,SINAC - Consenso bosque deciduo 2021-2023,2021-2023,0,0,0,0
503,SINAC_BD_0000503,8395,Bosque deciduo,1.3910019809530365,SINAC - Consenso bosque deciduo 2021-2023,2021-2023,0,0,0,0
504,SINAC_BD_0000504,8408,Bosque deciduo,4.84566061332959,SINAC - Consenso bosque deciduo 2021-2023,2021-2023,1,0,0,0
505,SINAC_BD_0000505,8435,Bosque deciduo,12.784536200379822,SINAC - Consenso bosque deciduo 2021-2023,2021-2023,1,1,1,0
506,SINAC_BD_0000506,8473,Bosque deciduo,1.6960416070598683,SINAC - Consenso bosque deciduo 2021-2023,2021-2023,1,0,0,0
507,SINAC_BD_0000507,8534,Bosque deciduo,2.588310392293115,SINAC - Consenso bosque deciduo 2021-2023,2021-2023,0,0,0,0
508,SINAC_BD_0000508,8536,Bosque deciduo,17.28,SINAC - Consenso bosque deciduo 2021-2023,2021-2023,0,0,0,0
509,SINAC_BD_0000509,8539,Bosque deciduo,10.96852746581439,SINAC - Consenso bosque deciduo 2021-2023,2021-2023,1,1,0,0
510,SINAC_BD_0000510,8587,Bosque deciduo,1.9245555755391441,SINAC - Consenso bosque deciduo 2021-2023,2021-2023,1,0,0,0
511,SINAC_BD_0000511,8609,Bosque deciduo,151.7867845053796,SINAC - Consenso bosque deciduo 2021-2023,2021-2023,1,1,1,0
512,SINAC_BD_0000512,8614,Bosque deciduo,1.2371631059240273,SINAC - Consenso bosque deciduo 2021-2023,2021-2023,0,0,0,0
513,SINAC_BD_0000513,8616,Bosque deciduo,1.77,SINAC - Consenso bosque deciduo 2021-2023,2021-2023,1,0,0,0
514,SINAC_BD_0000514,8617,Bosque deciduo,90.61297391726555,SINAC - Consenso bosque deciduo 2021-2023,2021-2023,1,1,0,0
515,SINAC_BD_0000515,8622,Bosque deciduo,45.00785752940305,SINAC - Consenso bosque deciduo 2021-2023,2021-2023,1,0,0,0
516,SINAC_BD_0000516,8628,Bosque deciduo,2.2535299779511426,SINAC - Consenso bosque deciduo 2021-2023,2021-2023,1,0,0,0
517,SINAC_BD_0000517,8673,Bosque deciduo,1.1789666378205572,SINAC - Consenso bosque deciduo 2021-2023,2021-2023,1,0,0,0
518,SINAC_BD_0000518,8678,Bosque deciduo,6.917411618934649,SINAC - Consenso bosque deciduo 2021-2023,2021-2023,1,0,0,0
519,SINAC_BD_0000519,8691,Bosque deciduo,1.21,SINAC - Consenso bosque deciduo 2021-2023,2021-2023,1,1,0,0
520,SINAC_BD_0000520,8697,Bosque deciduo,1.232926091463914,SINAC - Consenso bosque deciduo 2021-2023,2021-2023,0,0,0,0
521,SINAC_BD_0000521,8716,Bosque deciduo,2.61,SINAC - Consenso bosque deciduo 2021-2023,2021-2023,0,0,0,0
522,SINAC_BD_0000522,8749,Bosque deciduo,2.3249938502600456,SINAC - Consenso bosque deciduo 2021-2023,2021-2023,1,0,0,0
523,SINAC_BD_0000523,8750,Bosque deciduo,1.171091970879274,SINAC - Consenso bosque deciduo 2021-2023,2021-2023,1,0,0,0
524,SINAC_BD_0000524,8751,Bosque deciduo,1.0037584146479175,SINAC - Consenso bosque deciduo 2021-2023,2021-2023,0,0,0,0
525,SINAC_BD_0000525,8752,Bosque deciduo,1.37,SINAC - Consenso bosque deciduo 2021-2023,2021-2023,0,0,0,0
526,SINAC_BD_0000526,8821,Bosque deciduo,19.97,SINAC - Consenso bosque deciduo 2021-2023,2021-2023,1,1,1,0
527,SINAC_BD_0000527,8837,Bosque deciduo,1.0892231218555295,SINAC - Consenso bosque deciduo 2021-2023,2021-2023,0,0,0,0
528,SINAC_BD_0000528,8892,Bosque deciduo,4.5143773204428275,SINAC - Consenso bosque deciduo 2021-2023,2021-2023,1,0,0,0
529,SINAC_BD_0000529,8916,Bosque deciduo,4.987813843054756,SINAC - Consenso bosque deciduo 2021-2023,2021-2023,1,1,0,0
530,SINAC_BD_0000530,8918,Bosque deciduo,697.2833693572094,SINAC - Consenso bosque deciduo 2021-2023,2021-2023,1,1,1,1
531,SINAC_BD_0000531,8925,Bosque deciduo,1.1916152463130274,SINAC - Consenso bosque deciduo 2021-2023,2021-2023,0,0,0,0
532,SINAC_BD_0000532,9005,Bosque deciduo,2.302304725816182,SINAC - Consenso bosque deciduo 2021-2023,2021-2023,0,1,0,0
533,SINAC_BD_0000533,9037,Bosque deciduo,1.2,SINAC - Consenso bosque deciduo 2021-2023,2021-2023,0,0,0,0
534,SINAC_BD_0000534,9038,Bosque deciduo,1.0505766006375197,SINAC - Consenso bosque deciduo 2021-2023,2021-2023,0,0,0,0
535,SINAC_BD_0000535,9041,Bosque deciduo,1.1317048140104176,SINAC - Consenso bosque deciduo 2021-2023,2021-2023,1,0,0,0
536,SINAC_BD_0000536,9069,Bosque deciduo,1.2435994563172004,SINAC - Consenso bosque deciduo 2021-2023,2021-2023,1,0,0,0
537,SINAC_BD_0000537,9110,Bosque deciduo,1.4576966846850665,SINAC - Consenso bosque deciduo 2021-2023,2021-2023,0,0,0,0
538,SINAC_BD_0000538,9127,Bosque deciduo,1.4490932317671832,SINAC - Consenso bosque deciduo 2021-2023,2021-2023,0,0,0,0
539,SINAC_BD_0000539,9130,Bosque deciduo,4.535351427106829,SINAC - Consenso bosque deciduo 2021-2023,2021-2023,0,0,0,0
540,SINAC_BD_0000540,9131,Bosque deciduo,1.2201897500821386,SINAC - Consenso bosque deciduo 2021-2023,2021-2023,1,0,0,0
541,SINAC_BD_0000541,9144,Bosque deciduo,2.0618648385611595,SINAC - Consenso bosque deciduo 2021-2023,2021-2023,1,0,0,0
542,SINAC_BD_0000542,9152,Bosque deciduo,5.191993479617742,SINAC - Consenso bosque deciduo 2021-2023,2021-2023,0,0,0,0
543,SINAC_BD_0000543,9189,Bosque deciduo,2.1,SINAC - Consenso bosque deciduo 2021-2023,2021-2023,1,1,0,0
544,SINAC_BD_0000544,9228,Bosque deciduo,1.5965345111411884,SINAC - Consenso bosque deciduo 2021-2023,2021-2023,0,0,0,0
545,SINAC_BD_0000545,9246,Bosque deciduo,1.3,SINAC - Consenso bosque deciduo 2021-2023,2021-2023,1,0,0,0
546,SINAC_BD_0000546,9279,Bosque deciduo,30.0663459031625,SINAC - Consenso bosque deciduo 2021-2023,2021-2023,1,1,0,0
547,SINAC_BD_0000547,9280,Bosque deciduo,1.5252309179576296,SINAC - Consenso bosque deciduo 2021-2023,2021-2023,0,0,0,0
548,SINAC_BD_0000548,9281,Bosque deciduo,1.33,SINAC - Consenso bosque deciduo 2021-2023,2021-2023,1,0,0,0
549,SINAC_BD_0000549,9283,Bosque deciduo,2.4763717732532737,SINAC - Consenso bosque deciduo 2021-2023,2021-2023,1,0,0,0
550,SINAC_BD_0000550,9296,Bosque deciduo,3.68,SINAC - Consenso bosque deciduo 2021-2023,2021-2023,1,1,0,0
551,SINAC_BD_0000551,9297,Bosque deciduo,1.23,SINAC - Consenso bosque deciduo 2021-2023,2021-2023,0,0,0,0
552,SINAC_BD_0000552,9308,Bosque deciduo,1.0167832297220647,SINAC - Consenso bosque deciduo 2021-2023,2021-2023,0,0,0,0
553,SINAC_BD_0000553,9325,Bosque deciduo,8.770941407348934,SINAC - Consenso bosque deciduo 2021-2023,2021-2023,1,1,0,0
554,SINAC_BD_0000554,9335,Bosque deciduo,1.1052807212697588,SINAC - Consenso bosque deciduo 2021-2023,2021-2023,1,0,0,0
555,SINAC_BD_0000555,9356,Bosque deciduo,3.7384797343571066,SINAC - Consenso bosque deciduo 2021-2023,2021-2023,0,1,0,0
556,SINAC_BD_0000556,9361,Bosque deciduo,1.073701823936135,SINAC - Consenso bosque deciduo 2021-2023,2021-2023,0,0,0,0
557,SINAC_BD_0000557,9362,Bosque deciduo,1.2586129250352263,SINAC - Consenso bosque deciduo 2021-2023,2021-2023,1,0,0,0
558,SINAC_BD_0000558,9374,Bosque deciduo,2.9208061593714896,SINAC - Consenso bosque deciduo 2021-2023,2021-2023,0,0,0,0
559,SINAC_BD_0000559,9409,Bosque deciduo,1.883799966736367,SINAC - Consenso bosque deciduo 2021-2023,2021-2023,0,0,0,0
560,SINAC_BD_0000560,9424,Bosque deciduo,1.941177048773972,SINAC - Consenso bosque deciduo 2021-2023,2021-2023,1,0,1,0
561,SINAC_BD_0000561,9426,Bosque deciduo,1.5078357097332669,SINAC - Consenso bosque deciduo 2021-2023,2021-2023,0,0,0,0
562,SINAC_BD_0000562,9431,Bosque deciduo,1.2260615364570808,SINAC - Consenso bosque deciduo 2021-2023,2021-2023,1,0,0,0
563,SINAC_BD_0000563,9433,Bosque deciduo,196.90690869558438,SINAC - Consenso bosque deciduo 2021-2023,2021-2023,1,1,1,0
564,SINAC_BD_0000564,9442,Bosque deciduo,9.729071193114384,SINAC - Consenso bosque deciduo 2021-2023,2021-2023,1,0,0,0
565,SINAC_BD_0000565,9453,Bosque deciduo,2.35,SINAC - Consenso bosque deciduo 2021-2023,2021-2023,1,0,0,0
566,SINAC_BD_0000566,9494,Bosque deciduo,5.155955081500197,SINAC - Consenso bosque deciduo 2021-2023,2021-2023,1,0,0,0
567,SINAC_BD_0000567,9502,Bosque deciduo,1.82,SINAC - Consenso bosque deciduo 2021-2023,2021-2023,0,0,0,0
568,SINAC_BD_0000568,9511,Bosque deciduo,2.1358863160239507,SINAC - Consenso bosque deciduo 2021-2023,2021-2023,1,0,0,0
569,SINAC_BD_0000569,9514,Bosque deciduo,6.152960355181318,SINAC - Consenso bosque deciduo 2021-2023,2021-2023,1,1,0,0
570,SINAC_BD_0000570,9549,Bosque deciduo,2.8446074181846877,SINAC - Consenso bosque deciduo 2021-2023,2021-2023,0,0,0,0
571,SINAC_BD_0000571,9567,Bosque deciduo,1.17,SINAC - Consenso bosque deciduo 2021-2023,2021-2023,1,0,0,0
572,SINAC_BD_0000572,9570,Bosque deciduo,2.5985841087321506,SINAC - Consenso bosque deciduo 2021-2023,2021-2023,0,0,0,0
573,SINAC_BD_0000573,9575,Bosque deciduo,1.6520025048082994,SINAC - Consenso bosque deciduo 2021-2023,2021-2023,1,0,0,0
574,SINAC_BD_0000574,9608,Bosque deciduo,1.0647710492623839,SINAC - Consenso bosque deciduo 2021-2023,2021-2023,0,0,0,0
575,SINAC_BD_0000575,9633,Bosque deciduo,3.69,SINAC - Consenso bosque deciduo 2021-2023,2021-2023,1,1,0,0
576,SINAC_BD_0000576,9637,Bosque deciduo,3.15,SINAC - Consenso bosque deciduo 2021-2023,2021-2023,0,1,0,0
577,SINAC_BD_0000577,9645,Bosque deciduo,1.7484577675871824,SINAC - Consenso bosque deciduo 2021-2023,2021-2023,0,0,0,0
578,SINAC_BD_0000578,9673,Bosque deciduo,1.43,SINAC - Consenso bosque deciduo 2021-2023,2021-2023,0,0,0,0
579,SINAC_BD_0000579,9686,Bosque deciduo,6.5,SINAC - Consenso bosque deciduo 2021-2023,2021-2023,1,0,1,0
580,SINAC_BD_0000580,9689,Bosque deciduo,1.04,SINAC - Consenso bosque deciduo 2021-2023,2021-2023,0,0,0,0
581,SINAC_BD_0000581,9690,Bosque deciduo,4.053108920759675,SINAC - Consenso bosque deciduo 2021-2023,2021-2023,0,0,0,0
582,SINAC_BD_0000582,9707,Bosque deciduo,2.1249312533157623,SINAC - Consenso bosque deciduo 2021-2023,2021-2023,0,1,0,0
583,SINAC_BD_0000583,9709,Bosque deciduo,1.9308293612973648,SINAC - Consenso bosque deciduo 2021-2023,2021-2023,1,0,0,0
584,SINAC_BD_0000584,9712,Bosque deciduo,2.17,SINAC - Consenso bosque deciduo 2021-2023,2021-2023,1,1,0,0
585,SINAC_BD_0000585,9726,Bosque deciduo,1.0969987009823567,SINAC - Consenso bosque deciduo 2021-2023,2021-2023,1,1,0,0
586,SINAC_BD_0000586,9749,Bosque deciduo,2.27,SINAC - Consenso bosque deciduo 2021-2023,2021-2023,1,1,1,0
587,SINAC_BD_0000587,9780,Bosque deciduo,1.0722982831835108,SINAC - Consenso bosque deciduo 2021-2023,2021-2023,0,0,0,0
588,SINAC_BD_0000588,9877,Bosque deciduo,1.2266524616818664,SINAC - Consenso bosque deciduo 2021-2023,2021-2023,0,0,0,0
589,SINAC_BD_0000589,9879,Bosque deciduo,2.09,SINAC - Consenso bosque deciduo 2021-2023,2021-2023,0,0,0,0
590,SINAC_BD_0000590,9880,Bosque deciduo,1.8241463211859206,SINAC - Consenso bosque deciduo 2021-2023,2021-2023,0,0,0,0
591,SINAC_BD_0000591,9885,Bosque deciduo,1.91779866679576,SINAC - Consenso bosque deciduo 2021-2023,2021-2023,0,0,0,0
592,SINAC_BD_0000592,9892,Bosque deciduo,1.0187718450291057,SINAC - Consenso bosque deciduo 2021-2023,2021-2023,0,0,0,0
593,SINAC_BD_0000593,9894,Bosque deciduo,2.488341719998455,SINAC - Consenso bosque deciduo 2021-2023,2021-2023,0,0,0,0
594,SINAC_BD_0000594,9895,Bosque deciduo,6.317681992641143,SINAC - Consenso bosque deciduo 2021-2023,2021-2023,1,1,1,1
595,SINAC_BD_0000595,9912,Bosque deciduo,1.5600017550111631,SINAC - Consenso bosque deciduo 2021-2023,2021-2023,1,1,1,0
596,SINAC_BD_0000596,9956,Bosque deciduo,399.2098567658766,SINAC - Consenso bosque deciduo 2021-2023,2021-2023,1,1,1,0
597,SINAC_BD_0000597,9957,Bosque deciduo,1.1701740801742693,SINAC - Consenso bosque deciduo 2021-2023,2021-2023,1,1,0,0
598,SINAC_BD_0000598,9958,Bosque deciduo,1.0941107360341482,SINAC - Consenso bosque deciduo 2021-2023,2021-2023,1,0,0,0
599,SINAC_BD_0000599,9976,Bosque deciduo,1.94,SINAC - Consenso bosque deciduo 2021-2023,2021-2023,1,0,1,0
600,SINAC_BD_0000600,10028,Bosque deciduo,1.6,SINAC - Consenso bosque deciduo 2021-2023,2021-2023,0,0,0,0
601,SINAC_BD_0000601,10052,Bosque deciduo,4.030106612095471,SINAC - Consenso bosque deciduo 2021-2023,2021-2023,1,0,0,0
602,SINAC_BD_0000602,10056,Bosque deciduo,5.410054399547683,SINAC - Consenso bosque deciduo 2021-2023,2021-2023,1,0,0,0
603,SINAC_BD_0000603,10057,Bosque deciduo,3.161767831957199,SINAC - Consenso bosque deciduo 2021-2023,2021-2023,1,0,0,0
604,SINAC_BD_0000604,10058,Bosque deciduo,61.47886548041443,SINAC - Consenso bosque deciduo 2021-2023,2021-2023,1,1,1,0
605,SINAC_BD_0000605,10065,Bosque deciduo,1.970647662983942,SINAC - Consenso bosque deciduo 2021-2023,2021-2023,1,0,0,0
606,SINAC_BD_0000606,10108,Bosque deciduo,17.45282928615777,SINAC - Consenso bosque deciduo 2021-2023,2021-2023,1,1,1,0
607,SINAC_BD_0000607,10119,Bosque deciduo,1.481961252275427,SINAC - Consenso bosque deciduo 2021-2023,2021-2023,1,0,0,0
608,SINAC_BD_0000608,10165,Bosque deciduo,4.161430733890523,SINAC - Consenso bosque deciduo 2021-2023,2021-2023,1,1,0,0
609,SINAC_BD_0000609,10182,Bosque deciduo,1.2177237950811886,SINAC - Consenso bosque deciduo 2021-2023,2021-2023,0,0,0,0
610,SINAC_BD_0000610,10184,Bosque deciduo,1.8881097868187797,SINAC - Consenso bosque deciduo 2021-2023,2021-2023,0,0,0,0
611,SINAC_BD_0000611,10194,Bosque deciduo,20.6447794507914,SINAC - Consenso bosque deciduo 2021-2023,2021-2023,1,1,0,0
612,SINAC_BD_0000612,10226,Bosque deciduo,1.4553740888587012,SINAC - Consenso bosque deciduo 2021-2023,2021-2023,0,0,0,0
613,SINAC_BD_0000613,10252,Bosque deciduo,1.473199986313187,SINAC - Consenso bosque deciduo 2021-2023,2021-2023,0,0,0,0
614,SINAC_BD_0000614,10274,Bosque deciduo,22.01462610577165,SINAC - Consenso bosque deciduo 2021-2023,2021-2023,1,1,0,0
615,SINAC_BD_0000615,10277,Bosque deciduo,1.1956464632748882,SINAC - Consenso bosque deciduo 2021-2023,2021-2023,0,0,0,0
616,SINAC_BD_0000616,10320,Bosque deciduo,1.82,SINAC - Consenso bosque deciduo 2021-2023,2021-2023,0,0,0,0
617,SINAC_BD_0000617,10322,Bosque deciduo,7.53792553660416,SINAC - Consenso bosque deciduo 2021-2023,2021-2023,1,0,0,0
618,SINAC_BD_0000618,10326,Bosque deciduo,9.909675993471613,SINAC - Consenso bosque deciduo 2021-2023,2021-2023,1,0,0,0
619,SINAC_BD_0000619,10328,Bosque deciduo,12.304026949903632,SINAC - Consenso bosque deciduo 2021-2023,2021-2023,1,1,0,0
620,SINAC_BD_0000620,10340,Bosque deciduo,1.82,SINAC - Consenso bosque deciduo 2021-2023,2021-2023,0,0,0,0
621,SINAC_BD_0000621,10375,Bosque deciduo,3.81,SINAC - Consenso bosque deciduo 2021-2023,2021-2023,1,0,0,0
622,SINAC_BD_0000622,10376,Bosque deciduo,1.385623953445181,SINAC - Consenso bosque deciduo 2021-2023,2021-2023,0,0,0,0
623,SINAC_BD_0000623,10379,Bosque deciduo,7.59,SINAC - Consenso bosque deciduo 2021-2023,2021-2023,0,0,1,0
624,SINAC_BD_0000624,10385,Bosque deciduo,8.603661440762792,SINAC - Consenso bosque deciduo 2021-2023,2021-2023,1,0,0,0
625,SINAC_BD_0000625,10388,Bosque deciduo,1.03,SINAC - Consenso bosque deciduo 2021-2023,2021-2023,0,0,0,0
626,SINAC_BD_0000626,10430,Bosque deciduo,1.8551015052104662,SINAC - Consenso bosque deciduo 2021-2023,2021-2023,1,1,0,0
627,SINAC_BD_0000627,10443,Bosque deciduo,3.9219219353257175,SINAC - Consenso bosque deciduo 2021-2023,2021-2023,0,0,0,0
628,SINAC_BD_0000628,10447,Bosque deciduo,3.3746315883874254,SINAC - Consenso bosque deciduo 2021-2023,2021-2023,1,0,0,0
629,SINAC_BD_0000629,10504,Bosque deciduo,1.5349646379553756,SINAC - Consenso bosque deciduo 2021-2023,2021-2023,0,0,0,0
630,SINAC_BD_0000630,10532,Bosque deciduo,4.295554625220537,SINAC - Consenso bosque deciduo 2021-2023,2021-2023,1,1,0,0
631,SINAC_BD_0000631,10536,Bosque deciduo,2.16550757524664,SINAC - Consenso bosque deciduo 2021-2023,2021-2023,0,0,0,0
632,SINAC_BD_0000632,10539,Bosque deciduo,1.58,SINAC - Consenso bosque deciduo 2021-2023,2021-2023,0,0,0,0
633,SINAC_BD_0000633,10570,Bosque deciduo,2.72,SINAC - Consenso bosque deciduo 2021-2023,2021-2023,0,0,0,0
634,SINAC_BD_0000634,10573,Bosque deciduo,5.21,SINAC - Consenso bosque deciduo 2021-2023,2021-2023,0,0,0,0
635,SINAC_BD_0000635,10599,Bosque deciduo,5.78,SINAC - Consenso bosque deciduo 2021-2023,2021-2023,1,0,0,0
636,SINAC_BD_0000636,10603,Bosque deciduo,1.01,SINAC - Consenso bosque deciduo 2021-2023,2021-2023,0,0,0,0
637,SINAC_BD_0000637,10633,Bosque deciduo,2.961029616664475,SINAC - Consenso bosque deciduo 2021-2023,2021-2023,1,0,0,0
638,SINAC_BD_0000638,10635,Bosque deciduo,3.85725513917279,SINAC - Consenso bosque deciduo 2021-2023,2021-2023,1,0,0,0
639,SINAC_BD_0000639,10636,Bosque deciduo,13.51,SINAC - Consenso bosque deciduo 2021-2023,2021-2023,1,1,0,0
640,SINAC_BD_0000640,10640,Bosque deciduo,1.21,SINAC - Consenso bosque deciduo 2021-2023,2021-2023,0,0,0,0
641,SINAC_BD_0000641,10649,Bosque deciduo,1.377830717494326,SINAC - Consenso bosque deciduo 2021-2023,2021-2023,1,1,0,0
642,SINAC_BD_0000642,10653,Bosque deciduo,3.1381395525068148,SINAC - Consenso bosque deciduo 2021-2023,2021-2023,0,0,0,0
643,SINAC_BD_0000643,10672,Bosque deciduo,12.15,SINAC - Consenso bosque deciduo 2021-2023,2021-2023,1,1,0,0
644,SINAC_BD_0000644,10680,Bosque deciduo,4.77,SINAC - Consenso bosque deciduo 2021-2023,2021-2023,1,0,0,0
645,SINAC_BD_0000645,10693,Bosque deciduo,1.1470096612345497,SINAC - Consenso bosque deciduo 2021-2023,2021-2023,0,0,0,0
646,SINAC_BD_0000646,10695,Bosque deciduo,1.0937077478876391,SINAC - Consenso bosque deciduo 2021-2023,2021-2023,0,0,0,0
647,SINAC_BD_0000647,10701,Bosque deciduo,1.27,SINAC - Consenso bosque deciduo 2021-2023,2021-2023,0,0,0,0
648,SINAC_BD_0000648,10724,Bosque deciduo,2.533314029461038,SINAC - Consenso bosque deciduo 2021-2023,2021-2023,1,0,0,0
649,SINAC_BD_0000649,10741,Bosque deciduo,11.987782963203811,SINAC - Consenso bosque deciduo 2021-2023,2021-2023,1,0,0,0
650,SINAC_BD_0000650,10761,Bosque deciduo,1.4189152265754106,SINAC - Consenso bosque deciduo 2021-2023,2021-2023,1,1,0,0
651,SINAC_BD_0000651,10762,Bosque deciduo,1.663368861947567,SINAC - Consenso bosque deciduo 2021-2023,2021-2023,0,0,0,0
652,SINAC_BD_0000652,10763,Bosque deciduo,2.81,SINAC - Consenso bosque deciduo 2021-2023,2021-2023,0,0,0,0
653,SINAC_BD_0000653,10789,Bosque deciduo,1.161680542924498,SINAC - Consenso bosque deciduo 2021-2023,2021-2023,1,0,0,0
654,SINAC_BD_0000654,10814,Bosque deciduo,2.00228260269544,SINAC - Consenso bosque deciduo 2021-2023,2021-2023,0,0,0,0
655,SINAC_BD_0000655,10815,Bosque deciduo,1.49,SINAC - Consenso bosque deciduo 2021-2023,2021-2023,1,0,0,0
656,SINAC_BD_0000656,10816,Bosque deciduo,6.031153547925096,SINAC - Consenso bosque deciduo 2021-2023,2021-2023,0,0,0,0
657,SINAC_BD_0000657,10817,Bosque deciduo,4.393872893588063,SINAC - Consenso bosque deciduo 2021-2023,2021-2023,1,1,0,0
658,SINAC_BD_0000658,10818,Bosque deciduo,2.4426864291572796,SINAC - Consenso bosque deciduo 2021-2023,2021-2023,0,0,0,0
659,SINAC_BD_0000659,10820,Bosque deciduo,1.0702379855838122,SINAC - Consenso bosque deciduo 2021-2023,2021-2023,1,0,0,0
660,SINAC_BD_0000660,10821,Bosque deciduo,4.545467669826193,SINAC - Consenso bosque deciduo 2021-2023,2021-2023,1,0,0,0
661,SINAC_BD_0000661,10853,Bosque deciduo,2.3755694652276587,SINAC - Consenso bosque deciduo 2021-2023,2021-2023,1,0,0,0
662,SINAC_BD_0000662,10854,Bosque deciduo,19.18963226145588,SINAC - Consenso bosque deciduo 2021-2023,2021-2023,1,1,0,0
663,SINAC_BD_0000663,10856,Bosque deciduo,1.1,SINAC - Consenso bosque deciduo 2021-2023,2021-2023,0,0,0,0
664,SINAC_BD_0000664,10862,Bosque deciduo,1.08,SINAC - Consenso bosque deciduo 2021-2023,2021-2023,0,0,0,0
665,SINAC_BD_0000665,10895,Bosque deciduo,1.652195734808721,SINAC - Consenso bosque deciduo 2021-2023,2021-2023,0,0,0,0
666,SINAC_BD_0000666,10905,Bosque deciduo,2.8995845365019974,SINAC - Consenso bosque deciduo 2021-2023,2021-2023,0,0,0,0
667,SINAC_BD_0000667,10906,Bosque deciduo,1.7641942754059903,SINAC - Consenso bosque deciduo 2021-2023,2021-2023,1,0,0,0
668,SINAC_BD_0000668,10921,Bosque deciduo,1.1146530135305868,SINAC - Consenso bosque deciduo 2021-2023,2021-2023,0,0,0,0
669,SINAC_BD_0000669,10926,Bosque deciduo,1.1856337417166452,SINAC - Consenso bosque deciduo 2021-2023,2021-2023,1,0,0,0
670,SINAC_BD_0000670,10960,Bosque deciduo,1.4063182082916554,SINAC - Consenso bosque deciduo 2021-2023,2021-2023,1,0,0,0
671,SINAC_BD_0000671,10976,Bosque deciduo,4.1081980988661035,SINAC - Consenso bosque deciduo 2021-2023,2021-2023,0,0,0,0
672,SINAC_BD_0000672,10988,Bosque deciduo,23.305258757853245,SINAC - Consenso bosque deciduo 2021-2023,2021-2023,1,1,0,0
673,SINAC_BD_0000673,10993,Bosque deciduo,84.03597672607111,SINAC - Consenso bosque deciduo 2021-2023,2021-2023,1,1,1,1
674,SINAC_BD_0000674,10995,Bosque deciduo,1.5028157941662312,SINAC - Consenso bosque deciduo 2021-2023,2021-2023,0,0,0,0
675,SINAC_BD_0000675,11003,Bosque deciduo,1.147371473008137,SINAC - Consenso bosque deciduo 2021-2023,2021-2023,0,0,0,0
676,SINAC_BD_0000676,11037,Bosque deciduo,1.5097593152685242,SINAC - Consenso bosque deciduo 2021-2023,2021-2023,1,1,0,0
677,SINAC_BD_0000677,11038,Bosque deciduo,166.0654226864371,SINAC - Consenso bosque deciduo 2021-2023,2021-2023,1,1,1,0
678,SINAC_BD_0000678,11040,Bosque deciduo,6.338223115662268,SINAC - Consenso bosque deciduo 2021-2023,2021-2023,0,1,0,0
679,SINAC_BD_0000679,11049,Bosque deciduo,55.41436605295268,SINAC - Consenso bosque deciduo 2021-2023,2021-2023,1,0,0,0
680,SINAC_BD_0000680,11051,Bosque deciduo,1.1791665063688996,SINAC - Consenso bosque deciduo 2021-2023,2021-2023,0,0,0,0
681,SINAC_BD_0000681,11057,Bosque deciduo,1.5280824240428899,SINAC - Consenso bosque deciduo 2021-2023,2021-2023,1,0,0,0
682,SINAC_BD_0000682,11071,Bosque deciduo,1.0881192242280742,SINAC - Consenso bosque deciduo 2021-2023,2021-2023,0,0,0,0
683,SINAC_BD_0000683,11089,Bosque deciduo,1.0872877830933003,SINAC - Consenso bosque deciduo 2021-2023,2021-2023,0,0,0,0
684,SINAC_BD_0000684,11102,Bosque deciduo,1.7020519725609007,SINAC - Consenso bosque deciduo 2021-2023,2021-2023,1,0,0,0
685,SINAC_BD_0000685,11114,Bosque deciduo,18.947979176060244,SINAC - Consenso bosque deciduo 2021-2023,2021-2023,1,1,0,0
686,SINAC_BD_0000686,11116,Bosque deciduo,1.3060206631627334,SINAC - Consenso bosque deciduo 2021-2023,2021-2023,0,0,0,0
687,SINAC_BD_0000687,11162,Bosque deciduo,1.101632611373088,SINAC - Consenso bosque deciduo 2021-2023,2021-2023,1,0,0,0
688,SINAC_BD_0000688,11168,Bosque deciduo,1.963523984604107,SINAC - Consenso bosque deciduo 2021-2023,2021-2023,0,1,0,0
689,SINAC_BD_0000689,11187,Bosque deciduo,1.617329204519132,SINAC - Consenso bosque deciduo 2021-2023,2021-2023,1,0,0,0
690,SINAC_BD_0000690,11197,Bosque deciduo,5.24,SINAC - Consenso bosque deciduo 2021-2023,2021-2023,0,0,0,0
691,SINAC_BD_0000691,11203,Bosque deciduo,2336.918578543849,SINAC - Consenso bosque deciduo 2021-2023,2021-2023,1,1,1,1
692,SINAC_BD_0000692,11212,Bosque deciduo,1.2732077320743833,SINAC - Consenso bosque deciduo 2021-2023,2021-2023,0,0,0,0
693,SINAC_BD_0000693,11233,Bosque deciduo,225.37156204652553,SINAC - Consenso bosque deciduo 2021-2023,2021-2023,1,1,1,0
694,SINAC_BD_0000694,11245,Bosque deciduo,3.57,SINAC - Consenso bosque deciduo 2021-2023,2021-2023,0,0,0,0
695,SINAC_BD_0000695,11263,Bosque deciduo,1.0617561307946999,SINAC - Consenso bosque deciduo 2021-2023,2021-2023,0,0,0,0
696,SINAC_BD_0000696,11267,Bosque deciduo,6.1952631654987185,SINAC - Consenso bosque deciduo 2021-2023,2021-2023,1,1,0,0
697,SINAC_BD_0000697,11272,Bosque deciduo,22.99944073413344,SINAC - Consenso bosque deciduo 2021-2023,2021-2023,1,1,1,0
698,SINAC_BD_0000698,11279,Bosque deciduo,3.6282551897503756,SINAC - Consenso bosque deciduo 2021-2023,2021-2023,1,0,0,0
699,SINAC_BD_0000699,11287,Bosque deciduo,1.0656370699115132,SINAC - Consenso bosque deciduo 2021-2023,2021-2023,1,0,0,0
700,SINAC_BD_0000700,11289,Bosque deciduo,1.16,SINAC - Consenso bosque deciduo 2021-2023,2021-2023,1,0,0,0
701,SINAC_BD_0000701,11291,Bosque deciduo,1.19,SINAC - Consenso bosque deciduo 2021-2023,2021-2023,1,0,0,0
702,SINAC_BD_0000702,11321,Bosque deciduo,15.027587241713418,SINAC - Consenso bosque deciduo 2021-2023,2021-2023,1,1,1,0
703,SINAC_BD_0000703,11322,Bosque deciduo,7.271092542759765,SINAC - Consenso bosque deciduo 2021-2023,2021-2023,1,0,0,0
704,SINAC_BD_0000704,11323,Bosque deciduo,11.402790191345572,SINAC - Consenso bosque deciduo 2021-2023,2021-2023,1,1,0,0
705,SINAC_BD_0000705,11324,Bosque deciduo,1.171482045847178,SINAC - Consenso bosque deciduo 2021-2023,2021-2023,0,0,0,0
706,SINAC_BD_0000706,11325,Bosque deciduo,6.730795803214502,SINAC - Consenso bosque deciduo 2021-2023,2021-2023,1,0,0,0
707,SINAC_BD_0000707,11327,Bosque deciduo,1.0721945673404156,SINAC - Consenso bosque deciduo 2021-2023,2021-2023,0,0,0,0
708,SINAC_BD_0000708,11329,Bosque deciduo,1.57,SINAC - Consenso bosque deciduo 2021-2023,2021-2023,0,0,0,0
709,SINAC_BD_0000709,11330,Bosque deciduo,48.525517193383074,SINAC - Consenso bosque deciduo 2021-2023,2021-2023,1,1,0,0
710,SINAC_BD_0000710,11343,Bosque deciduo,3.3497958286069296,SINAC - Consenso bosque deciduo 2021-2023,2021-2023,1,1,0,0
711,SINAC_BD_0000711,11377,Bosque deciduo,14.78,SINAC - Consenso bosque deciduo 2021-2023,2021-2023,1,0,0,0
712,SINAC_BD_0000712,11378,Bosque deciduo,1.0479911419741808,SINAC - Consenso bosque deciduo 2021-2023,2021-2023,0,0,0,0
713,SINAC_BD_0000713,11381,Bosque deciduo,5.446938045003283,SINAC - Consenso bosque deciduo 2021-2023,2021-2023,1,0,0,0
714,SINAC_BD_0000714,11384,Bosque deciduo,2.06,SINAC - Consenso bosque deciduo 2021-2023,2021-2023,1,1,0,0
715,SINAC_BD_0000715,11386,Bosque deciduo,1.41,SINAC - Consenso bosque deciduo 2021-2023,2021-2023,0,0,0,0
716,SINAC_BD_0000716,11393,Bosque deciduo,1.1247725699632198,SINAC - Consenso bosque deciduo 2021-2023,2021-2023,0,0,0,0
717,SINAC_BD_0000717,11417,Bosque deciduo,2.1283148221500436,SINAC - Consenso bosque deciduo 2021-2023,2021-2023,0,0,0,0
718,SINAC_BD_0000718,11452,Bosque deciduo,21.981610908908145,SINAC - Consenso bosque deciduo 2021-2023,2021-2023,1,0,0,0
719,SINAC_BD_0000719,11457,Bosque deciduo,3.1659929481084284,SINAC - Consenso bosque deciduo 2021-2023,2021-2023,0,0,0,0
720,SINAC_BD_0000720,11470,Bosque deciduo,1.757308026565866,SINAC - Consenso bosque deciduo 2021-2023,2021-2023,1,0,0,0
721,SINAC_BD_0000721,11472,Bosque deciduo,2.778047464613034,SINAC - Consenso bosque deciduo 2021-2023,2021-2023,1,0,0,0
722,SINAC_BD_0000722,11475,Bosque deciduo,1.0382695156771526,SINAC - Consenso bosque deciduo 2021-2023,2021-2023,1,1,0,0
723,SINAC_BD_0000723,11484,Bosque deciduo,1.2888382486791818,SINAC - Consenso bosque deciduo 2021-2023,2021-2023,1,0,0,0
724,SINAC_BD_0000724,11486,Bosque deciduo,1.4445264341907451,SINAC - Consenso bosque deciduo 2021-2023,2021-2023,0,0,0,0
725,SINAC_BD_0000725,11499,Bosque deciduo,1.2480821286790795,SINAC - Consenso bosque deciduo 2021-2023,2021-2023,0,0,0,0
726,SINAC_BD_0000726,11513,Bosque deciduo,792.0415938180449,SINAC - Consenso bosque deciduo 2021-2023,2021-2023,1,1,1,1
727,SINAC_BD_0000727,11518,Bosque deciduo,1.1385852451073764,SINAC - Consenso bosque deciduo 2021-2023,2021-2023,1,0,0,0
728,SINAC_BD_0000728,11522,Bosque deciduo,4.499211091833692,SINAC - Consenso bosque deciduo 2021-2023,2021-2023,0,0,0,0
729,SINAC_BD_0000729,11541,Bosque deciduo,50.12246284429598,SINAC - Consenso bosque deciduo 2021-2023,2021-2023,1,1,1,0
730,SINAC_BD_0000730,11542,Bosque deciduo,1.0736353679690487,SINAC - Consenso bosque deciduo 2021-2023,2021-2023,1,0,0,0
731,SINAC_BD_0000731,11550,Bosque deciduo,1.7649016322841156,SINAC - Consenso bosque deciduo 2021-2023,2021-2023,1,0,0,0
732,SINAC_BD_0000732,11571,Bosque deciduo,1.24,SINAC - Consenso bosque deciduo 2021-2023,2021-2023,0,0,0,0
733,SINAC_BD_0000733,11584,Bosque deciduo,7.395098679472421,SINAC - Consenso bosque deciduo 2021-2023,2021-2023,1,1,0,0
734,SINAC_BD_0000734,11585,Bosque deciduo,2.3732544075591018,SINAC - Consenso bosque deciduo 2021-2023,2021-2023,1,1,0,0
735,SINAC_BD_0000735,11591,Bosque deciduo,1.68515248400649,SINAC - Consenso bosque deciduo 2021-2023,2021-2023,1,0,0,0
736,SINAC_BD_0000736,11592,Bosque deciduo,13.40531673885599,SINAC - Consenso bosque deciduo 2021-2023,2021-2023,1,0,0,0
737,SINAC_BD_0000737,11593,Bosque deciduo,14.711518423809013,SINAC - Consenso bosque deciduo 2021-2023,2021-2023,1,1,0,0
738,SINAC_BD_0000738,11605,Bosque deciduo,9.576368666917046,SINAC - Consenso bosque deciduo 2021-2023,2021-2023,1,0,0,0
739,SINAC_BD_0000739,11620,Bosque deciduo,7.67256164820642,SINAC - Consenso bosque deciduo 2021-2023,2021-2023,1,1,0,1
740,SINAC_BD_0000740,11621,Bosque deciduo,3.94,SINAC - Consenso bosque deciduo 2021-2023,2021-2023,0,0,0,0
741,SINAC_BD_0000741,11656,Bosque deciduo,1.5723376168313734,SINAC - Consenso bosque deciduo 2021-2023,2021-2023,1,0,0,0
742,SINAC_BD_0000742,11658,Bosque deciduo,10.96074087063378,SINAC - Consenso bosque deciduo 2021-2023,2021-2023,1,0,0,0
743,SINAC_BD_0000743,11662,Bosque deciduo,3.2622801993181727,SINAC - Consenso bosque deciduo 2021-2023,2021-2023,1,0,0,0
744,SINAC_BD_0000744,11665,Bosque deciduo,3.94,SINAC - Consenso bosque deciduo 2021-2023,2021-2023,0,1,0,0
745,SINAC_BD_0000745,11671,Bosque deciduo,3.839380648956398,SINAC - Consenso bosque deciduo 2021-2023,2021-2023,0,1,0,0
746,SINAC_BD_0000746,11683,Bosque deciduo,1.0112169203405796,SINAC - Consenso bosque deciduo 2021-2023,2021-2023,0,0,0,0
747,SINAC_BD_0000747,11684,Bosque deciduo,103.74816732104439,SINAC - Consenso bosque deciduo 2021-2023,2021-2023,1,1,1,0
748,SINAC_BD_0000748,11685,Bosque deciduo,2.971590570031789,SINAC - Consenso bosque deciduo 2021-2023,2021-2023,1,0,0,0
749,SINAC_BD_0000749,11686,Bosque deciduo,1.1061967197431533,SINAC - Consenso bosque deciduo 2021-2023,2021-2023,0,0,0,0
750,SINAC_BD_0000750,11697,Bosque deciduo,1.686399234975285,SINAC - Consenso bosque deciduo 2021-2023,2021-2023,1,1,0,0
751,SINAC_BD_0000751,11727,Bosque deciduo,4.91,SINAC - Consenso bosque deciduo 2021-2023,2021-2023,1,0,0,0
752,SINAC_BD_0000752,11733,Bosque deciduo,12.27017736351862,SINAC - Consenso bosque deciduo 2021-2023,2021-2023,1,1,1,0
753,SINAC_BD_0000753,11734,Bosque deciduo,1.97,SINAC - Consenso bosque deciduo 2021-2023,2021-2023,0,0,0,0
754,SINAC_BD_0000754,11744,Bosque deciduo,2.610078732155688,SINAC - Consenso bosque deciduo 2021-2023,2021-2023,1,0,0,0
755,SINAC_BD_0000755,11745,Bosque deciduo,1.613352505032634,SINAC - Consenso bosque deciduo 2021-2023,2021-2023,0,0,0,0
756,SINAC_BD_0000756,11759,Bosque deciduo,1.2973960252782855,SINAC - Consenso bosque deciduo 2021-2023,2021-2023,0,0,0,0
757,SINAC_BD_0000757,11767,Bosque deciduo,1.530973163226423,SINAC - Consenso bosque deciduo 2021-2023,2021-2023,1,0,0,0
758,SINAC_BD_0000758,11773,Bosque deciduo,69.22,SINAC - Consenso bosque deciduo 2021-2023,2021-2023,1,1,1,0
759,SINAC_BD_0000759,11778,Bosque deciduo,1.0884699906354032,SINAC - Consenso bosque deciduo 2021-2023,2021-2023,1,0,0,0
760,SINAC_BD_0000760,11800,Bosque deciduo,3.658783710229887,SINAC - Consenso bosque deciduo 2021-2023,2021-2023,1,0,0,0
761,SINAC_BD_0000761,11803,Bosque deciduo,19.931796248266412,SINAC - Consenso bosque deciduo 2021-2023,2021-2023,1,0,0,0
762,SINAC_BD_0000762,11805,Bosque deciduo,3.195817187241871,SINAC - Consenso bosque deciduo 2021-2023,2021-2023,1,0,0,0
763,SINAC_BD_0000763,11820,Bosque deciduo,9.490389878864331,SINAC - Consenso bosque deciduo 2021-2023,2021-2023,0,0,0,0
764,SINAC_BD_0000764,11821,Bosque deciduo,1.521700820104814,SINAC - Consenso bosque deciduo 2021-2023,2021-2023,1,0,0,0
765,SINAC_BD_0000765,11840,Bosque deciduo,29.744014267875038,SINAC - Consenso bosque deciduo 2021-2023,2021-2023,1,1,1,0
766,SINAC_BD_0000766,11842,Bosque deciduo,1.4087657990058335,SINAC - Consenso bosque deciduo 2021-2023,2021-2023,0,0,0,0
767,SINAC_BD_0000767,11843,Bosque deciduo,4.015973101761633,SINAC - Consenso bosque deciduo 2021-2023,2021-2023,1,0,0,0
768,SINAC_BD_0000768,11855,Bosque deciduo,1.23,SINAC - Consenso bosque deciduo 2021-2023,2021-2023,1,1,0,0
769,SINAC_BD_0000769,11859,Bosque deciduo,4.081747020277376,SINAC - Consenso bosque deciduo 2021-2023,2021-2023,1,0,0,0
770,SINAC_BD_0000770,11860,Bosque deciduo,2.8758233395384707,SINAC - Consenso bosque deciduo 2021-2023,2021-2023,0,0,0,0
771,SINAC_BD_0000771,11872,Bosque deciduo,1.8628791941126455,SINAC - Consenso bosque deciduo 2021-2023,2021-2023,0,0,0,0
772,SINAC_BD_0000772,11887,Bosque deciduo,130.83508178090727,SINAC - Consenso bosque deciduo 2021-2023,2021-2023,1,1,1,0
773,SINAC_BD_0000773,11888,Bosque deciduo,11.548164660179415,SINAC - Consenso bosque deciduo 2021-2023,2021-2023,1,1,0,0
774,SINAC_BD_0000774,11891,Bosque deciduo,1.17,SINAC - Consenso bosque deciduo 2021-2023,2021-2023,0,0,0,0
775,SINAC_BD_0000775,11894,Bosque deciduo,1.4555605555783366,SINAC - Consenso bosque deciduo 2021-2023,2021-2023,0,0,0,0
776,SINAC_BD_0000776,11906,Bosque deciduo,1.152429017634519,SINAC - Consenso bosque deciduo 2021-2023,2021-2023,1,1,0,0
777,SINAC_BD_0000777,11917,Bosque deciduo,1.62,SINAC - Consenso bosque deciduo 2021-2023,2021-2023,0,0,0,0
778,SINAC_BD_0000778,11923,Bosque deciduo,1.266464458456706,SINAC - Consenso bosque deciduo 2021-2023,2021-2023,1,1,1,0
779,SINAC_BD_0000779,11925,Bosque deciduo,2.732278680754642,SINAC - Consenso bosque deciduo 2021-2023,2021-2023,0,1,0,0
780,SINAC_BD_0000780,11926,Bosque deciduo,39.36443460883867,SINAC - Consenso bosque deciduo 2021-2023,2021-2023,1,1,1,0
781,SINAC_BD_0000781,11927,Bosque deciduo,1.6079776095084088,SINAC - Consenso bosque deciduo 2021-2023,2021-2023,1,0,0,0
782,SINAC_BD_0000782,11934,Bosque deciduo,1.8838073344834785,SINAC - Consenso bosque deciduo 2021-2023,2021-2023,0,0,0,0
783,SINAC_BD_0000783,11952,Bosque deciduo,7.709967204408816,SINAC - Consenso bosque deciduo 2021-2023,2021-2023,1,0,0,0
784,SINAC_BD_0000784,11960,Bosque deciduo,9.682151935855954,SINAC - Consenso bosque deciduo 2021-2023,2021-2023,0,0,0,0
785,SINAC_BD_0000785,11964,Bosque deciduo,1.322417926595058,SINAC - Consenso bosque deciduo 2021-2023,2021-2023,0,0,0,0
786,SINAC_BD_0000786,11966,Bosque deciduo,1.0969657823891645,SINAC - Consenso bosque deciduo 2021-2023,2021-2023,0,1,0,0
787,SINAC_BD_0000787,12003,Bosque deciduo,1.0679553208626045,SINAC - Consenso bosque deciduo 2021-2023,2021-2023,0,0,0,0
788,SINAC_BD_0000788,12005,Bosque deciduo,1.4743252909271853,SINAC - Consenso bosque deciduo 2021-2023,2021-2023,1,0,0,0
789,SINAC_BD_0000789,12006,Bosque deciduo,1.01,SINAC - Consenso bosque deciduo 2021-2023,2021-2023,0,0,0,0
790,SINAC_BD_0000790,12018,Bosque deciduo,1.955445994671093,SINAC - Consenso bosque deciduo 2021-2023,2021-2023,1,0,0,0
791,SINAC_BD_0000791,12023,Bosque deciduo,2.5166349989911416,SINAC - Consenso bosque deciduo 2021-2023,2021-2023,1,0,0,0
792,SINAC_BD_0000792,12038,Bosque deciduo,50.31297601001433,SINAC - Consenso bosque deciduo 2021-2023,2021-2023,1,1,0,0
793,SINAC_BD_0000793,12039,Bosque deciduo,1.6764848723845382,SINAC - Consenso bosque deciduo 2021-2023,2021-2023,0,0,0,0
794,SINAC_BD_0000794,12041,Bosque deciduo,5.31064284810212,SINAC - Consenso bosque deciduo 2021-2023,2021-2023,1,0,0,0
795,SINAC_BD_0000795,12043,Bosque deciduo,2.711189811551936,SINAC - Consenso bosque deciduo 2021-2023,2021-2023,0,0,0,0
796,SINAC_BD_0000796,12051,Bosque deciduo,1.0511182563425363,SINAC - Consenso bosque deciduo 2021-2023,2021-2023,0,0,0,0
797,SINAC_BD_0000797,12052,Bosque deciduo,1.6128998484073964,SINAC - Consenso bosque deciduo 2021-2023,2021-2023,1,0,0,0
798,SINAC_BD_0000798,12055,Bosque deciduo,1.057082289045696,SINAC - Consenso bosque deciduo 2021-2023,2021-2023,0,0,0,0
799,SINAC_BD_0000799,12063,Bosque deciduo,1.5655078138346517,SINAC - Consenso bosque deciduo 2021-2023,2021-2023,0,0,0,0
800,SINAC_BD_0000800,12069,Bosque deciduo,3.5230667272480205,SINAC - Consenso bosque deciduo 2021-2023,2021-2023,0,0,0,0
801,SINAC_BD_0000801,12091,Bosque deciduo,2.4800385464452783,SINAC - Consenso bosque deciduo 2021-2023,2021-2023,1,0,0,0
802,SINAC_BD_0000802,12108,Bosque deciduo,3.3036557211385604,SINAC - Consenso bosque deciduo 2021-2023,2021-2023,0,0,0,0
803,SINAC_BD_0000803,12111,Bosque deciduo,1.9517515913460208,SINAC - Consenso bosque deciduo 2021-2023,2021-2023,0,0,0,0
804,SINAC_BD_0000804,12113,Bosque deciduo,1.9591745817178592,SINAC - Consenso bosque deciduo 2021-2023,2021-2023,0,0,0,0
805,SINAC_BD_0000805,12127,Bosque deciduo,14.369539109763744,SINAC - Consenso bosque deciduo 2021-2023,2021-2023,1,1,0,0
806,SINAC_BD_0000806,12148,Bosque deciduo,4.192624286083924,SINAC - Consenso bosque deciduo 2021-2023,2021-2023,1,1,0,0
807,SINAC_BD_0000807,12150,Bosque deciduo,71.54786643315578,SINAC - Consenso bosque deciduo 2021-2023,2021-2023,1,1,1,0
808,SINAC_BD_0000808,12164,Bosque deciduo,9.038650504395628,SINAC - Consenso bosque deciduo 2021-2023,2021-2023,1,1,0,0
809,SINAC_BD_0000809,12166,Bosque deciduo,1.3150725407535389,SINAC - Consenso bosque deciduo 2021-2023,2021-2023,0,0,0,0
810,SINAC_BD_0000810,12190,Bosque deciduo,1.186519443773548,SINAC - Consenso bosque deciduo 2021-2023,2021-2023,0,0,0,0
811,SINAC_BD_0000811,12191,Bosque deciduo,1.3108114679356693,SINAC - Consenso bosque deciduo 2021-2023,2021-2023,0,0,0,0
812,SINAC_BD_0000812,12193,Bosque deciduo,1.700001166440991,SINAC - Consenso bosque deciduo 2021-2023,2021-2023,1,0,0,0
813,SINAC_BD_0000813,12195,Bosque deciduo,5.08,SINAC - Consenso bosque deciduo 2021-2023,2021-2023,1,1,0,0
814,SINAC_BD_0000814,12199,Bosque deciduo,2.2250486442710318,SINAC - Consenso bosque deciduo 2021-2023,2021-2023,1,0,0,0
815,SINAC_BD_0000815,12219,Bosque deciduo,8.61453235839659,SINAC - Consenso bosque deciduo 2021-2023,2021-2023,1,1,0,0
816,SINAC_BD_0000816,12284,Bosque deciduo,1.82308232298238,SINAC - Consenso bosque deciduo 2021-2023,2021-2023,0,0,0,0
817,SINAC_BD_0000817,12285,Bosque deciduo,1.457347707358751,SINAC - Consenso bosque deciduo 2021-2023,2021-2023,0,0,0,0
818,SINAC_BD_0000818,12291,Bosque deciduo,2.222809373434683,SINAC - Consenso bosque deciduo 2021-2023,2021-2023,0,0,0,0
819,SINAC_BD_0000819,12295,Bosque deciduo,1.6387518822109894,SINAC - Consenso bosque deciduo 2021-2023,2021-2023,0,0,0,0
820,SINAC_BD_0000820,12302,Bosque deciduo,31.067838757656833,SINAC - Consenso bosque deciduo 2021-2023,2021-2023,1,0,0,0
821,SINAC_BD_0000821,12321,Bosque deciduo,1.8060422830548524,SINAC - Consenso bosque deciduo 2021-2023,2021-2023,0,0,0,0
822,SINAC_BD_0000822,12322,Bosque deciduo,4.259582401071388,SINAC - Consenso bosque deciduo 2021-2023,2021-2023,1,0,0,0
823,SINAC_BD_0000823,12327,Bosque deciduo,1.590426833269577,SINAC - Consenso bosque deciduo 2021-2023,2021-2023,1,0,0,0
824,SINAC_BD_0000824,12329,Bosque deciduo,1.7514684553356132,SINAC - Consenso bosque deciduo 2021-2023,2021-2023,0,0,0,0
825,SINAC_BD_0000825,12332,Bosque deciduo,8.863493384606363,SINAC - Consenso bosque deciduo 2021-2023,2021-2023,1,1,1,0
826,SINAC_BD_0000826,12340,Bosque deciduo,3.14439237503314,SINAC - Consenso bosque deciduo 2021-2023,2021-2023,1,1,0,0
827,SINAC_BD_0000827,12345,Bosque deciduo,6.5879634215661556,SINAC - Consenso bosque deciduo 2021-2023,2021-2023,1,1,0,0
828,SINAC_BD_0000828,12346,Bosque deciduo,1.4934966743483997,SINAC - Consenso bosque deciduo 2021-2023,2021-2023,0,0,0,0
829,SINAC_BD_0000829,12361,Bosque deciduo,2.45,SINAC - Consenso bosque deciduo 2021-2023,2021-2023,0,0,0,0
830,SINAC_BD_0000830,12362,Bosque deciduo,5.881451592586711,SINAC - Consenso bosque deciduo 2021-2023,2021-2023,1,0,0,0
831,SINAC_BD_0000831,12364,Bosque deciduo,3.5598430200035276,SINAC - Consenso bosque deciduo 2021-2023,2021-2023,0,0,0,0
832,SINAC_BD_0000832,12366,Bosque deciduo,1.1031807621407406,SINAC - Consenso bosque deciduo 2021-2023,2021-2023,0,0,0,0
833,SINAC_BD_0000833,12370,Bosque deciduo,2.54,SINAC - Consenso bosque deciduo 2021-2023,2021-2023,1,0,0,0
834,SINAC_BD_0000834,12399,Bosque deciduo,3.5,SINAC - Consenso bosque deciduo 2021-2023,2021-2023,1,0,0,0
835,SINAC_BD_0000835,12415,Bosque deciduo,54.60409829161955,SINAC - Consenso bosque deciduo 2021-2023,2021-2023,1,1,0,0
836,SINAC_BD_0000836,12417,Bosque deciduo,8.7636149633954,SINAC - Consenso bosque deciduo 2021-2023,2021-2023,1,0,0,0
837,SINAC_BD_0000837,12427,Bosque deciduo,1.1334964502533542,SINAC - Consenso bosque deciduo 2021-2023,2021-2023,1,1,0,0
838,SINAC_BD_0000838,12436,Bosque deciduo,433.91723838030043,SINAC - Consenso bosque deciduo 2021-2023,2021-2023,1,1,1,0
839,SINAC_BD_0000839,12449,Bosque deciduo,3.3363877317074127,SINAC - Consenso bosque deciduo 2021-2023,2021-2023,0,0,0,0
840,SINAC_BD_0000840,12451,Bosque deciduo,1.1885561412306584,SINAC - Consenso bosque deciduo 2021-2023,2021-2023,0,0,0,0
841,SINAC_BD_0000841,12460,Bosque deciduo,2.2183904317159104,SINAC - Consenso bosque deciduo 2021-2023,2021-2023,0,0,0,0
842,SINAC_BD_0000842,12462,Bosque deciduo,1.539333389518123,SINAC - Consenso bosque deciduo 2021-2023,2021-2023,1,0,0,0
843,SINAC_BD_0000843,12499,Bosque deciduo,3.9725606630829686,SINAC - Consenso bosque deciduo 2021-2023,2021-2023,0,0,0,0
844,SINAC_BD_0000844,12500,Bosque deciduo,3.013943017051001,SINAC - Consenso bosque deciduo 2021-2023,2021-2023,1,1,0,0
845,SINAC_BD_0000845,12501,Bosque deciduo,1.1174714219208675,SINAC - Consenso bosque deciduo 2021-2023,2021-2023,0,0,0,0
846,SINAC_BD_0000846,12531,Bosque deciduo,1.9452900649519547,SINAC - Consenso bosque deciduo 2021-2023,2021-2023,1,0,0,0
847,SINAC_BD_0000847,12539,Bosque deciduo,12.530144545762978,SINAC - Consenso bosque deciduo 2021-2023,2021-2023,1,0,0,0
848,SINAC_BD_0000848,12547,Bosque deciduo,7.447359287208371,SINAC - Consenso bosque deciduo 2021-2023,2021-2023,1,1,0,0
849,SINAC_BD_0000849,12549,Bosque deciduo,1.073577601168796,SINAC - Consenso bosque deciduo 2021-2023,2021-2023,0,0,0,0
850,SINAC_BD_0000850,12563,Bosque deciduo,2.574279625519362,SINAC - Consenso bosque deciduo 2021-2023,2021-2023,1,0,0,0
851,SINAC_BD_0000851,12587,Bosque deciduo,1.95,SINAC - Consenso bosque deciduo 2021-2023,2021-2023,0,0,0,0
852,SINAC_BD_0000852,12596,Bosque deciduo,1.8271141401935638,SINAC - Consenso bosque deciduo 2021-2023,2021-2023,1,0,0,0
853,SINAC_BD_0000853,12597,Bosque deciduo,1.9649867779011125,SINAC - Consenso bosque deciduo 2021-2023,2021-2023,1,1,0,0
854,SINAC_BD_0000854,12623,Bosque deciduo,25.12223587310359,SINAC - Consenso bosque deciduo 2021-2023,2021-2023,1,1,1,0
855,SINAC_BD_0000855,12630,Bosque deciduo,1.2298034857487794,SINAC - Consenso bosque deciduo 2021-2023,2021-2023,1,0,0,0
856,SINAC_BD_0000856,12633,Bosque deciduo,3.0709104138354357,SINAC - Consenso bosque deciduo 2021-2023,2021-2023,1,1,0,0
857,SINAC_BD_0000857,12634,Bosque deciduo,1.2602280021572614,SINAC - Consenso bosque deciduo 2021-2023,2021-2023,0,0,0,0
858,SINAC_BD_0000858,12653,Bosque deciduo,6.059651274176818,SINAC - Consenso bosque deciduo 2021-2023,2021-2023,0,1,0,0
859,SINAC_BD_0000859,12656,Bosque deciduo,1.0798074114862342,SINAC - Consenso bosque deciduo 2021-2023,2021-2023,0,0,0,0
860,SINAC_BD_0000860,12663,Bosque deciduo,1.2402969676553641,SINAC - Consenso bosque deciduo 2021-2023,2021-2023,0,0,0,0
861,SINAC_BD_0000861,12665,Bosque deciduo,1.1499526194109349,SINAC - Consenso bosque deciduo 2021-2023,2021-2023,0,0,0,0
862,SINAC_BD_0000862,12675,Bosque deciduo,2.346352054530533,SINAC - Consenso bosque deciduo 2021-2023,2021-2023,1,1,0,0
863,SINAC_BD_0000863,12676,Bosque deciduo,1.7780801753965767,SINAC - Consenso bosque deciduo 2021-2023,2021-2023,1,0,0,0
864,SINAC_BD_0000864,12686,Bosque deciduo,1.9352625567048283,SINAC - Consenso bosque deciduo 2021-2023,2021-2023,1,0,0,0
865,SINAC_BD_0000865,12687,Bosque deciduo,7.887551073030057,SINAC - Consenso bosque deciduo 2021-2023,2021-2023,1,0,0,0
866,SINAC_BD_0000866,12689,Bosque deciduo,31.7922122297808,SINAC - Consenso bosque deciduo 2021-2023,2021-2023,1,1,0,0
867,SINAC_BD_0000867,12727,Bosque deciduo,3.1457704662427,SINAC - Consenso bosque deciduo 2021-2023,2021-2023,0,0,0,0
868,SINAC_BD_0000868,12734,Bosque deciduo,3.2979133176379327,SINAC - Consenso bosque deciduo 2021-2023,2021-2023,0,0,0,0
869,SINAC_BD_0000869,12739,Bosque deciduo,6.367553262387806,SINAC - Consenso bosque deciduo 2021-2023,2021-2023,1,0,0,0
870,SINAC_BD_0000870,12740,Bosque deciduo,2.2661781167723283,SINAC - Consenso bosque deciduo 2021-2023,2021-2023,0,0,0,0
871,SINAC_BD_0000871,12758,Bosque deciduo,9.14694514540408,SINAC - Consenso bosque deciduo 2021-2023,2021-2023,1,0,0,0
872,SINAC_BD_0000872,12762,Bosque deciduo,14.714457603388565,SINAC - Consenso bosque deciduo 2021-2023,2021-2023,1,1,0,0
873,SINAC_BD_0000873,12774,Bosque deciduo,1.3231440072029774,SINAC - Consenso bosque deciduo 2021-2023,2021-2023,0,0,0,0
874,SINAC_BD_0000874,12776,Bosque deciduo,1.516524157192309,SINAC - Consenso bosque deciduo 2021-2023,2021-2023,0,0,0,0
875,SINAC_BD_0000875,12779,Bosque deciduo,3.969607088568664,SINAC - Consenso bosque deciduo 2021-2023,2021-2023,1,0,0,0
876,SINAC_BD_0000876,12797,Bosque deciduo,2.976935644298419,SINAC - Consenso bosque deciduo 2021-2023,2021-2023,1,0,0,0
877,SINAC_BD_0000877,12805,Bosque deciduo,2.706518547083027,SINAC - Consenso bosque deciduo 2021-2023,2021-2023,0,0,0,0
878,SINAC_BD_0000878,12810,Bosque deciduo,1.6580772839047802,SINAC - Consenso bosque deciduo 2021-2023,2021-2023,0,0,0,0
879,SINAC_BD_0000879,12818,Bosque deciduo,30.357614441904776,SINAC - Consenso bosque deciduo 2021-2023,2021-2023,1,1,1,0
880,SINAC_BD_0000880,12838,Bosque deciduo,1.139890018934848,SINAC - Consenso bosque deciduo 2021-2023,2021-2023,1,0,0,0
881,SINAC_BD_0000881,12840,Bosque deciduo,2.7677123179964203,SINAC - Consenso bosque deciduo 2021-2023,2021-2023,0,0,0,0
882,SINAC_BD_0000882,12885,Bosque deciduo,52.71027870386919,SINAC - Consenso bosque deciduo 2021-2023,2021-2023,1,1,1,0
883,SINAC_BD_0000883,12887,Bosque deciduo,8.777913316843387,SINAC - Consenso bosque deciduo 2021-2023,2021-2023,1,1,0,0
884,SINAC_BD_0000884,12897,Bosque deciduo,4.116578126869956,SINAC - Consenso bosque deciduo 2021-2023,2021-2023,1,0,0,0
885,SINAC_BD_0000885,12902,Bosque deciduo,2.493692973265616,SINAC - Consenso bosque deciduo 2021-2023,2021-2023,0,0,0,0
886,SINAC_BD_0000886,12905,Bosque deciduo,1.069156915469174,SINAC - Consenso bosque deciduo 2021-2023,2021-2023,0,0,0,0
887,SINAC_BD_0000887,12929,Bosque deciduo,2.83,SINAC - Consenso bosque deciduo 2021-2023,2021-2023,0,0,0,0
888,SINAC_BD_0000888,12935,Bosque deciduo,4.85618204682688,SINAC - Consenso bosque deciduo 2021-2023,2021-2023,1,1,1,0
889,SINAC_BD_0000889,12958,Bosque deciduo,1.4512955421827864,SINAC - Consenso bosque deciduo 2021-2023,2021-2023,0,0,0,0
890,SINAC_BD_0000890,12978,Bosque deciduo,6.27658208437548,SINAC - Consenso bosque deciduo 2021-2023,2021-2023,1,1,0,0
891,SINAC_BD_0000891,12979,Bosque deciduo,2.699174169401434,SINAC - Consenso bosque deciduo 2021-2023,2021-2023,0,0,0,0
892,SINAC_BD_0000892,13004,Bosque deciduo,2.6656071502112275,SINAC - Consenso bosque deciduo 2021-2023,2021-2023,0,0,0,0
893,SINAC_BD_0000893,13006,Bosque deciduo,7.15934242098299,SINAC - Consenso bosque deciduo 2021-2023,2021-2023,0,0,0,0
894,SINAC_BD_0000894,13007,Bosque deciduo,14.691855215101778,SINAC - Consenso bosque deciduo 2021-2023,2021-2023,1,1,0,0
895,SINAC_BD_0000895,13013,Bosque deciduo,1.48818773368817,SINAC - Consenso bosque deciduo 2021-2023,2021-2023,0,0,0,0
896,SINAC_BD_0000896,13076,Bosque deciduo,1.2038105091640048,SINAC - Consenso bosque deciduo 2021-2023,2021-2023,0,0,0,0
897,SINAC_BD_0000897,13098,Bosque deciduo,8.182357703235402,SINAC - Consenso bosque deciduo 2021-2023,2021-2023,0,0,0,0
898,SINAC_BD_0000898,13099,Bosque deciduo,7.477370746780674,SINAC - Consenso bosque deciduo 2021-2023,2021-2023,1,0,0,0
899,SINAC_BD_0000899,13128,Bosque deciduo,1.3967722176105488,SINAC - Consenso bosque deciduo 2021-2023,2021-2023,1,0,0,0
900,SINAC_BD_0000900,13131,Bosque deciduo,2.6040986805711475,SINAC - Consenso bosque deciduo 2021-2023,2021-2023,1,0,0,0
901,SINAC_BD_0000901,13139,Bosque deciduo,9.133614547638057,SINAC - Consenso bosque deciduo 2021-2023,2021-2023,1,1,1,1
902,SINAC_BD_0000902,13141,Bosque deciduo,5.64,SINAC - Consenso bosque deciduo 2021-2023,2021-2023,1,0,0,0
903,SINAC_BD_0000903,13142,Bosque deciduo,2.3915836512231086,SINAC - Consenso bosque deciduo 2021-2023,2021-2023,0,0,0,0
904,SINAC_BD_0000904,13143,Bosque deciduo,1.4727591414796557,SINAC - Consenso bosque deciduo 2021-2023,2021-2023,1,0,0,0
905,SINAC_BD_0000905,13144,Bosque deciduo,1.1570292314537458,SINAC - Consenso bosque deciduo 2021-2023,2021-2023,1,0,0,0
906,SINAC_BD_0000906,13147,Bosque deciduo,1.6064542771050367,SINAC - Consenso bosque deciduo 2021-2023,2021-2023,1,0,0,0
907,SINAC_BD_0000907,13195,Bosque deciduo,2.580058363054288,SINAC - Consenso bosque deciduo 2021-2023,2021-2023,1,1,0,0
908,SINAC_BD_0000908,13199,Bosque deciduo,29.672981731336268,SINAC - Consenso bosque deciduo 2021-2023,2021-2023,1,1,0,0
909,SINAC_BD_0000909,13200,Bosque deciduo,2.289173761423577,SINAC - Consenso bosque deciduo 2021-2023,2021-2023,0,0,0,0
910,SINAC_BD_0000910,13223,Bosque deciduo,1.8764371875502248,SINAC - Consenso bosque deciduo 2021-2023,2021-2023,0,0,0,0
911,SINAC_BD_0000911,13224,Bosque deciduo,1.6303200618714637,SINAC - Consenso bosque deciduo 2021-2023,2021-2023,0,0,0,0
912,SINAC_BD_0000912,13225,Bosque deciduo,6.732855985602282,SINAC - Consenso bosque deciduo 2021-2023,2021-2023,1,1,0,0
913,SINAC_BD_0000913,13237,Bosque deciduo,107.09690235169838,SINAC - Consenso bosque deciduo 2021-2023,2021-2023,1,1,1,0
914,SINAC_BD_0000914,13253,Bosque deciduo,3.5364482513249595,SINAC - Consenso bosque deciduo 2021-2023,2021-2023,1,1,0,0
915,SINAC_BD_0000915,13255,Bosque deciduo,23.742829024795036,SINAC - Consenso bosque deciduo 2021-2023,2021-2023,1,1,1,0
916,SINAC_BD_0000916,13256,Bosque deciduo,7.654837917063445,SINAC - Consenso bosque deciduo 2021-2023,2021-2023,0,0,0,0
917,SINAC_BD_0000917,13257,Bosque deciduo,24.8278322694013,SINAC - Consenso bosque deciduo 2021-2023,2021-2023,1,1,0,0
918,SINAC_BD_0000918,13263,Bosque deciduo,1.2217600572498009,SINAC - Consenso bosque deciduo 2021-2023,2021-2023,0,0,0,0
919,SINAC_BD_0000919,13285,Bosque deciduo,4.658685746614138,SINAC - Consenso bosque deciduo 2021-2023,2021-2023,1,0,0,0
920,SINAC_BD_0000920,13304,Bosque deciduo,4.083574322745786,SINAC - Consenso bosque deciduo 2021-2023,2021-2023,1,0,0,0
921,SINAC_BD_0000921,13305,Bosque deciduo,4.03,SINAC - Consenso bosque deciduo 2021-2023,2021-2023,1,0,0,0
922,SINAC_BD_0000922,13309,Bosque deciduo,2.791171476143295,SINAC - Consenso bosque deciduo 2021-2023,2021-2023,0,0,0,0
923,SINAC_BD_0000923,13328,Bosque deciduo,2.542915787496457,SINAC - Consenso bosque deciduo 2021-2023,2021-2023,1,0,0,0
924,SINAC_BD_0000924,13341,Bosque deciduo,79.88670244371235,SINAC - Consenso bosque deciduo 2021-2023,2021-2023,1,1,0,0
925,SINAC_BD_0000925,13356,Bosque deciduo,1.8073887228471064,SINAC - Consenso bosque deciduo 2021-2023,2021-2023,0,0,0,0
926,SINAC_BD_0000926,13357,Bosque deciduo,1.2,SINAC - Consenso bosque deciduo 2021-2023,2021-2023,0,0,0,0
927,SINAC_BD_0000927,13365,Bosque deciduo,3.030410968413949,SINAC - Consenso bosque deciduo 2021-2023,2021-2023,0,0,0,0
928,SINAC_BD_0000928,13367,Bosque deciduo,7.623707153570692,SINAC - Consenso bosque deciduo 2021-2023,2021-2023,1,1,0,0
929,SINAC_BD_0000929,13372,Bosque deciduo,124.52239831920096,SINAC - Consenso bosque deciduo 2021-2023,2021-2023,1,1,1,1
930,SINAC_BD_0000930,13373,Bosque deciduo,1.535265443922625,SINAC - Consenso bosque deciduo 2021-2023,2021-2023,0,0,0,0
931,SINAC_BD_0000931,13374,Bosque deciduo,16.73728828954414,SINAC - Consenso bosque deciduo 2021-2023,2021-2023,1,0,0,0
932,SINAC_BD_0000932,13375,Bosque deciduo,3.996780431737806,SINAC - Consenso bosque deciduo 2021-2023,2021-2023,1,1,0,0
933,SINAC_BD_0000933,13377,Bosque deciduo,8.440704346558206,SINAC - Consenso bosque deciduo 2021-2023,2021-2023,1,1,0,0
934,SINAC_BD_0000934,13378,Bosque deciduo,52.9691182867414,SINAC - Consenso bosque deciduo 2021-2023,2021-2023,1,1,1,0
935,SINAC_BD_0000935,13381,Bosque deciduo,2.4890618247157903,SINAC - Consenso bosque deciduo 2021-2023,2021-2023,1,0,0,0
936,SINAC_BD_0000936,13392,Bosque deciduo,1.8906792980401992,SINAC - Consenso bosque deciduo 2021-2023,2021-2023,1,1,0,0
937,SINAC_BD_0000937,13404,Bosque deciduo,5.407032260045294,SINAC - Consenso bosque deciduo 2021-2023,2021-2023,1,0,1,0
938,SINAC_BD_0000938,13405,Bosque deciduo,1.2915146798140449,SINAC - Consenso bosque deciduo 2021-2023,2021-2023,1,0,0,0
939,SINAC_BD_0000939,13415,Bosque deciduo,8.018259969175096,SINAC - Consenso bosque deciduo 2021-2023,2021-2023,1,0,0,0
940,SINAC_BD_0000940,13426,Bosque deciduo,1857.1344913089301,SINAC - Consenso bosque deciduo 2021-2023,2021-2023,1,1,1,1
941,SINAC_BD_0000941,13433,Bosque deciduo,1.32992693527034,SINAC - Consenso bosque deciduo 2021-2023,2021-2023,0,0,0,0
942,SINAC_BD_0000942,13445,Bosque deciduo,351.06794285522983,SINAC - Consenso bosque deciduo 2021-2023,2021-2023,1,1,1,0
943,SINAC_BD_0000943,13447,Bosque deciduo,3.3484802252896384,SINAC - Consenso bosque deciduo 2021-2023,2021-2023,1,0,1,0
944,SINAC_BD_0000944,13448,Bosque deciduo,8.062419903404713,SINAC - Consenso bosque deciduo 2021-2023,2021-2023,1,0,0,0
945,SINAC_BD_0000945,13458,Bosque deciduo,3.320261708506166,SINAC - Consenso bosque deciduo 2021-2023,2021-2023,1,1,0,0
946,SINAC_BD_0000946,13461,Bosque deciduo,1.6422165330798424,SINAC - Consenso bosque deciduo 2021-2023,2021-2023,0,0,0,0
947,SINAC_BD_0000947,13466,Bosque deciduo,1.132908634831089,SINAC - Consenso bosque deciduo 2021-2023,2021-2023,0,0,0,0
948,SINAC_BD_0000948,13467,Bosque deciduo,5.765148386960754,SINAC - Consenso bosque deciduo 2021-2023,2021-2023,1,1,0,0
949,SINAC_BD_0000949,13474,Bosque deciduo,1.187811285779052,SINAC - Consenso bosque deciduo 2021-2023,2021-2023,0,1,0,0
950,SINAC_BD_0000950,13481,Bosque deciduo,2.826875956889698,SINAC - Consenso bosque deciduo 2021-2023,2021-2023,0,0,0,0
951,SINAC_BD_0000951,13482,Bosque deciduo,1.81,SINAC - Consenso bosque deciduo 2021-2023,2021-2023,1,0,0,0
952,SINAC_BD_0000952,13492,Bosque deciduo,3.0267369574897156,SINAC - Consenso bosque deciduo 2021-2023,2021-2023,1,1,0,0
953,SINAC_BD_0000953,13497,Bosque deciduo,16.33728250745655,SINAC - Consenso bosque deciduo 2021-2023,2021-2023,1,1,1,0
954,SINAC_BD_0000954,13513,Bosque deciduo,1.5219960201554996,SINAC - Consenso bosque deciduo 2021-2023,2021-2023,1,0,0,0
955,SINAC_BD_0000955,13525,Bosque deciduo,19.73185829646519,SINAC - Consenso bosque deciduo 2021-2023,2021-2023,1,1,1,0
956,SINAC_BD_0000956,13549,Bosque deciduo,2.752152283317806,SINAC - Consenso bosque deciduo 2021-2023,2021-2023,1,0,0,0
957,SINAC_BD_0000957,13586,Bosque deciduo,3.2418453752680016,SINAC - Consenso bosque deciduo 2021-2023,2021-2023,0,0,0,0
958,SINAC_BD_0000958,13591,Bosque deciduo,35.20894929375925,SINAC - Consenso bosque deciduo 2021-2023,2021-2023,1,1,0,0
959,SINAC_BD_0000959,13592,Bosque deciduo,7.401695470789755,SINAC - Consenso bosque deciduo 2021-2023,2021-2023,1,0,0,0
960,SINAC_BD_0000960,13596,Bosque deciduo,1.5377807129743546,SINAC - Consenso bosque deciduo 2021-2023,2021-2023,0,0,0,0
961,SINAC_BD_0000961,13602,Bosque deciduo,6.866547329784818,SINAC - Consenso bosque deciduo 2021-2023,2021-2023,1,1,0,0
962,SINAC_BD_0000962,13603,Bosque deciduo,1.0169816360967288,SINAC - Consenso bosque deciduo 2021-2023,2021-2023,0,0,0,0
963,SINAC_BD_0000963,13606,Bosque deciduo,1.17,SINAC - Consenso bosque deciduo 2021-2023,2021-2023,1,1,0,0
964,SINAC_BD_0000964,13610,Bosque deciduo,1.9635116021846666,SINAC - Consenso bosque deciduo 2021-2023,2021-2023,0,0,0,0
965,SINAC_BD_0000965,13619,Bosque deciduo,18.318149538927045,SINAC - Consenso bosque deciduo 2021-2023,2021-2023,1,0,0,0
966,SINAC_BD_0000966,13648,Bosque deciduo,3.110591005231301,SINAC - Consenso bosque deciduo 2021-2023,2021-2023,1,0,0,0
967,SINAC_BD_0000967,13659,Bosque deciduo,8.482134850905776,SINAC - Consenso bosque deciduo 2021-2023,2021-2023,1,1,0,0
968,SINAC_BD_0000968,13668,Bosque deciduo,2.083116756688538,SINAC - Consenso bosque deciduo 2021-2023,2021-2023,1,0,0,0
969,SINAC_BD_0000969,13670,Bosque deciduo,1.2476820029172246,SINAC - Consenso bosque deciduo 2021-2023,2021-2023,0,0,0,0
970,SINAC_BD_0000970,13672,Bosque deciduo,2.8452507898977455,SINAC - Consenso bosque deciduo 2021-2023,2021-2023,0,0,0,0
971,SINAC_BD_0000971,13674,Bosque deciduo,1.7725843123045129,SINAC - Consenso bosque deciduo 2021-2023,2021-2023,0,0,0,0
972,SINAC_BD_0000972,13681,Bosque deciduo,3.5247436897668156,SINAC - Consenso bosque deciduo 2021-2023,2021-2023,1,0,0,0
973,SINAC_BD_0000973,13687,Bosque deciduo,3.74255899114767,SINAC - Consenso bosque deciduo 2021-2023,2021-2023,1,1,0,0
974,SINAC_BD_0000974,13697,Bosque deciduo,1.8292652653333739,SINAC - Consenso bosque deciduo 2021-2023,2021-2023,1,0,0,0
975,SINAC_BD_0000975,13701,Bosque deciduo,1.5439563651854291,SINAC - Consenso bosque deciduo 2021-2023,2021-2023,1,0,0,0
976,SINAC_BD_0000976,13713,Bosque deciduo,1.7209886568447808,SINAC - Consenso bosque deciduo 2021-2023,2021-2023,1,1,0,0
977,SINAC_BD_0000977,13717,Bosque deciduo,1.8412611444279667,SINAC - Consenso bosque deciduo 2021-2023,2021-2023,0,0,1,0
978,SINAC_BD_0000978,13718,Bosque deciduo,3.5366656402451846,SINAC - Consenso bosque deciduo 2021-2023,2021-2023,1,0,0,0
979,SINAC_BD_0000979,13736,Bosque deciduo,73.59676432763206,SINAC - Consenso bosque deciduo 2021-2023,2021-2023,1,1,1,0
980,SINAC_BD_0000980,13746,Bosque deciduo,1.0786624222581522,SINAC - Consenso bosque deciduo 2021-2023,2021-2023,0,0,0,0
981,SINAC_BD_0000981,13762,Bosque deciduo,3.5969335731278407,SINAC - Consenso bosque deciduo 2021-2023,2021-2023,1,1,0,0
982,SINAC_BD_0000982,13766,Bosque deciduo,2.8266632389815873,SINAC - Consenso bosque deciduo 2021-2023,2021-2023,0,0,0,0
983,SINAC_BD_0000983,13767,Bosque deciduo,1.2579570912053437,SINAC - Consenso bosque deciduo 2021-2023,2021-2023,1,0,0,0
984,SINAC_BD_0000984,13770,Bosque deciduo,1.146063602637098,SINAC - Consenso bosque deciduo 2021-2023,2021-2023,0,1,0,0
985,SINAC_BD_0000985,13780,Bosque deciduo,3.99839448799046,SINAC - Consenso bosque deciduo 2021-2023,2021-2023,1,0,0,0
986,SINAC_BD_0000986,13799,Bosque deciduo,20.959321312958895,SINAC - Consenso bosque deciduo 2021-2023,2021-2023,1,1,0,0
987,SINAC_BD_0000987,13801,Bosque deciduo,4.359647791508672,SINAC - Consenso bosque deciduo 2021-2023,2021-2023,1,1,0,0
988,SINAC_BD_0000988,13804,Bosque deciduo,1.5322514742231355,SINAC - Consenso bosque deciduo 2021-2023,2021-2023,1,0,0,0
989,SINAC_BD_0000989,13819,Bosque deciduo,1.6837589972858678,SINAC - Consenso bosque deciduo 2021-2023,2021-2023,1,0,0,0
990,SINAC_BD_0000990,13849,Bosque deciduo,2.132405308229309,SINAC - Consenso bosque deciduo 2021-2023,2021-2023,0,0,0,0
991,SINAC_BD_0000991,13854,Bosque deciduo,3.287501631404782,SINAC - Consenso bosque deciduo 2021-2023,2021-2023,1,0,0,0
992,SINAC_BD_0000992,13855,Bosque deciduo,1.0662672129617823,SINAC - Consenso bosque deciduo 2021-2023,2021-2023,0,0,0,0
993,SINAC_BD_0000993,13857,Bosque deciduo,6.84292153819264,SINAC - Consenso bosque deciduo 2021-2023,2021-2023,1,0,0,0
994,SINAC_BD_0000994,13858,Bosque deciduo,2.307825986411505,SINAC - Consenso bosque deciduo 2021-2023,2021-2023,0,0,0,0
995,SINAC_BD_0000995,13873,Bosque deciduo,1.849355828657385,SINAC - Consenso bosque deciduo 2021-2023,2021-2023,0,0,0,0
996,SINAC_BD_0000996,13881,Bosque deciduo,1.3547440541686104,SINAC - Consenso bosque deciduo 2021-2023,2021-2023,0,0,0,0
997,SINAC_BD_0000997,13892,Bosque deciduo,1.6720624836562703,SINAC - Consenso bosque deciduo 2021-2023,2021-2023,0,0,0,0
998,SINAC_BD_0000998,13926,Bosque deciduo,1.1670600856637177,SINAC - Consenso bosque deciduo 2021-2023,2021-2023,1,0,0,0
999,SINAC_BD_0000999,13930,Bosque deciduo,3.6846845207844963,SINAC - Consenso bosque deciduo 2021-2023,2021-2023,0,0,0,0
1000,SINAC_BD_0001000,13932,Bosque deciduo,2.9858754831662067,SINAC - Consenso bosque deciduo 2021-2023,2021-2023,1,1,0,0
1001,SINAC_BD_0001001,13948,Bosque deciduo,1.2630290034171137,SINAC - Consenso bosque deciduo 2021-2023,2021-2023,0,0,0,0
1002,SINAC_BD_0001002,13957,Bosque deciduo,2.287795571262106,SINAC - Consenso bosque deciduo 2021-2023,2021-2023,0,1,0,0
1003,SINAC_BD_0001003,13969,Bosque deciduo,1.8595330276294701,SINAC - Consenso bosque deciduo 2021-2023,2021-2023,1,0,0,0
1004,SINAC_BD_0001004,13971,Bosque deciduo,4.176851774503119,SINAC - Consenso bosque deciduo 2021-2023,2021-2023,1,1,0,0
1005,SINAC_BD_0001005,13973,Bosque deciduo,1.0045817498291292,SINAC - Consenso bosque deciduo 2021-2023,2021-2023,0,0,0,0
1006,SINAC_BD_0001006,13981,Bosque deciduo,1.1104396246925663,SINAC - Consenso bosque deciduo 2021-2023,2021-2023,0,0,0,0
1007,SINAC_BD_0001007,14018,Bosque deciduo,1.306650739786617,SINAC - Consenso bosque deciduo 2021-2023,2021-2023,0,0,0,0
1008,SINAC_BD_0001008,14020,Bosque deciduo,5.971895150014289,SINAC - Consenso bosque deciduo 2021-2023,2021-2023,0,0,0,0
1009,SINAC_BD_0001009,14024,Bosque deciduo,36.09468255007117,SINAC - Consenso bosque deciduo 2021-2023,2021-2023,1,1,0,0
1010,SINAC_BD_0001010,14029,Bosque deciduo,3.845804861170733,SINAC - Consenso bosque deciduo 2021-2023,2021-2023,0,0,0,0
1011,SINAC_BD_0001011,14030,Bosque deciduo,7.046705956081135,SINAC - Consenso bosque deciduo 2021-2023,2021-2023,1,0,0,0
1012,SINAC_BD_0001012,14054,Bosque deciduo,15.43776662369883,SINAC - Consenso bosque deciduo 2021-2023,2021-2023,1,1,1,0
1013,SINAC_BD_0001013,14072,Bosque deciduo,1.273555019851749,SINAC - Consenso bosque deciduo 2021-2023,2021-2023,0,0,0,0
1014,SINAC_BD_0001014,14077,Bosque deciduo,1.2788755938995076,SINAC - Consenso bosque deciduo 2021-2023,2021-2023,1,0,0,0
1015,SINAC_BD_0001015,14086,Bosque deciduo,1.07878826982835,SINAC - Consenso bosque deciduo 2021-2023,2021-2023,0,0,0,0
1016,SINAC_BD_0001016,14090,Bosque deciduo,2.505504560114625,SINAC - Consenso bosque deciduo 2021-2023,2021-2023,1,0,0,0
1017,SINAC_BD_0001017,14105,Bosque deciduo,1.848616841263571,SINAC - Consenso bosque deciduo 2021-2023,2021-2023,1,0,0,0
1018,SINAC_BD_0001018,14145,Bosque deciduo,3.887609718108973,SINAC - Consenso bosque deciduo 2021-2023,2021-2023,1,0,0,0
1019,SINAC_BD_0001019,14147,Bosque deciduo,11.14088211295858,SINAC - Consenso bosque deciduo 2021-2023,2021-2023,1,1,1,0
1020,SINAC_BD_0001020,14151,Bosque deciduo,3.135547050469449,SINAC - Consenso bosque deciduo 2021-2023,2021-2023,1,0,0,0
1021,SINAC_BD_0001021,14169,Bosque deciduo,1.66,SINAC - Consenso bosque deciduo 2021-2023,2021-2023,1,0,0,0
1022,SINAC_BD_0001022,14176,Bosque deciduo,1.080659559983243,SINAC - Consenso bosque deciduo 2021-2023,2021-2023,0,0,0,0
1023,SINAC_BD_0001023,14193,Bosque deciduo,1.471558942966302,SINAC - Consenso bosque deciduo 2021-2023,2021-2023,0,0,0,0
1024,SINAC_BD_0001024,14198,Bosque deciduo,1.5172516743480011,SINAC - Consenso bosque deciduo 2021-2023,2021-2023,1,0,0,0
1025,SINAC_BD_0001025,14215,Bosque deciduo,1.397280823411706,SINAC - Consenso bosque deciduo 2021-2023,2021-2023,1,0,0,0
1026,SINAC_BD_0001026,14216,Bosque deciduo,1.8127868042088637,SINAC - Consenso bosque deciduo 2021-2023,2021-2023,1,0,0,0
1027,SINAC_BD_0001027,14220,Bosque deciduo,6.767307164535889,SINAC - Consenso bosque deciduo 2021-2023,2021-2023,1,1,0,0
1028,SINAC_BD_0001028,14225,Bosque deciduo,1.21,SINAC - Consenso bosque deciduo 2021-2023,2021-2023,0,0,0,0
1029,SINAC_BD_0001029,14254,Bosque deciduo,1.126373001936504,SINAC - Consenso bosque deciduo 2021-2023,2021-2023,0,0,0,0
1030,SINAC_BD_0001030,14255,Bosque deciduo,6.935378145094443,SINAC - Consenso bosque deciduo 2021-2023,2021-2023,0,0,0,0
1031,SINAC_BD_0001031,14259,Bosque deciduo,3.064477206170128,SINAC - Consenso bosque deciduo 2021-2023,2021-2023,1,1,0,0
1032,SINAC_BD_0001032,14262,Bosque deciduo,2.9826273488791153,SINAC - Consenso bosque deciduo 2021-2023,2021-2023,0,0,0,0
1033,SINAC_BD_0001033,14295,Bosque deciduo,1.05,SINAC - Consenso bosque deciduo 2021-2023,2021-2023,0,0,0,0
1034,SINAC_BD_0001034,14297,Bosque deciduo,3.7647858353548327,SINAC - Consenso bosque deciduo 2021-2023,2021-2023,1,0,0,0
1035,SINAC_BD_0001035,14301,Bosque deciduo,1.5741785709133123,SINAC - Consenso bosque deciduo 2021-2023,2021-2023,0,0,0,0
1036,SINAC_BD_0001036,14302,Bosque deciduo,1.81,SINAC - Consenso bosque deciduo 2021-2023,2021-2023,0,0,0,0
1037,SINAC_BD_0001037,14305,Bosque deciduo,1.478547228356406,SINAC - Consenso bosque deciduo 2021-2023,2021-2023,1,0,0,0
1038,SINAC_BD_0001038,14309,Bosque deciduo,3.8266791742963813,SINAC - Consenso bosque deciduo 2021-2023,2021-2023,1,0,0,0
1039,SINAC_BD_0001039,14340,Bosque deciduo,2.2571296679456623,SINAC - Consenso bosque deciduo 2021-2023,2021-2023,0,0,0,0
1040,SINAC_BD_0001040,14352,Bosque deciduo,2.579018930296766,SINAC - Consenso bosque deciduo 2021-2023,2021-2023,0,0,0,0
1041,SINAC_BD_0001041,14397,Bosque deciduo,1.3663153045368068,SINAC - Consenso bosque deciduo 2021-2023,2021-2023,0,0,0,0
1042,SINAC_BD_0001042,14403,Bosque deciduo,4.309871249826189,SINAC - Consenso bosque deciduo 2021-2023,2021-2023,1,0,0,0
1043,SINAC_BD_0001043,14426,Bosque deciduo,40.56399310763416,SINAC - Consenso bosque deciduo 2021-2023,2021-2023,1,0,0,0
1044,SINAC_BD_0001044,14427,Bosque deciduo,1.64984002001931,SINAC - Consenso bosque deciduo 2021-2023,2021-2023,0,0,0,0
1045,SINAC_BD_0001045,14428,Bosque deciduo,2.3400585169763546,SINAC - Consenso bosque deciduo 2021-2023,2021-2023,0,0,0,0
1046,SINAC_BD_0001046,14429,Bosque deciduo,1.5578967051935277,SINAC - Consenso bosque deciduo 2021-2023,2021-2023,1,0,0,0
1047,SINAC_BD_0001047,14430,Bosque deciduo,1.4809180711735739,SINAC - Consenso bosque deciduo 2021-2023,2021-2023,1,0,0,0
1048,SINAC_BD_0001048,14434,Bosque deciduo,3.9745021510713583,SINAC - Consenso bosque deciduo 2021-2023,2021-2023,1,1,0,0
1049,SINAC_BD_0001049,14464,Bosque deciduo,1.3430603431255863,SINAC - Consenso bosque deciduo 2021-2023,2021-2023,0,0,0,0
1050,SINAC_BD_0001050,14490,Bosque deciduo,3.2839816423407995,SINAC - Consenso bosque deciduo 2021-2023,2021-2023,0,0,0,0
1051,SINAC_BD_0001051,14492,Bosque deciduo,2.7688031608611707,SINAC - Consenso bosque deciduo 2021-2023,2021-2023,1,1,0,0
1052,SINAC_BD_0001052,14504,Bosque deciduo,2.93056501980514,SINAC - Consenso bosque deciduo 2021-2023,2021-2023,1,0,0,0
1053,SINAC_BD_0001053,14513,Bosque deciduo,3.4951877332180605,SINAC - Consenso bosque deciduo 2021-2023,2021-2023,0,0,0,0
1054,SINAC_BD_0001054,14518,Bosque deciduo,2.498772183770985,SINAC - Consenso bosque deciduo 2021-2023,2021-2023,0,0,0,0
1055,SINAC_BD_0001055,14519,Bosque deciduo,1.2216796914363888,SINAC - Consenso bosque deciduo 2021-2023,2021-2023,0,0,0,0
1056,SINAC_BD_0001056,14525,Bosque deciduo,1.56346137967662,SINAC - Consenso bosque deciduo 2021-2023,2021-2023,1,0,0,0
1057,SINAC_BD_0001057,14556,Bosque deciduo,9.356143871938393,SINAC - Consenso bosque deciduo 2021-2023,2021-2023,1,1,0,0
1058,SINAC_BD_0001058,14563,Bosque deciduo,1.3498176740008039,SINAC - Consenso bosque deciduo 2021-2023,2021-2023,0,0,0,0
1059,SINAC_BD_0001059,14618,Bosque deciduo,23.79447912613601,SINAC - Consenso bosque deciduo 2021-2023,2021-2023,1,0,0,0
1060,SINAC_BD_0001060,14633,Bosque deciduo,1.1640846107271048,SINAC - Consenso bosque deciduo 2021-2023,2021-2023,0,0,0,0
1061,SINAC_BD_0001061,14651,Bosque deciduo,2.8693600466079427,SINAC - Consenso bosque deciduo 2021-2023,2021-2023,0,0,0,0
1062,SINAC_BD_0001062,14661,Bosque deciduo,2.18,SINAC - Consenso bosque deciduo 2021-2023,2021-2023,0,0,0,0
1063,SINAC_BD_0001063,14667,Bosque deciduo,1.703756985762652,SINAC - Consenso bosque deciduo 2021-2023,2021-2023,1,1,0,0
1064,SINAC_BD_0001064,14670,Bosque deciduo,2.1661422056414152,SINAC - Consenso bosque deciduo 2021-2023,2021-2023,0,0,0,0
1065,SINAC_BD_0001065,14672,Bosque deciduo,1.2699549594784738,SINAC - Consenso bosque deciduo 2021-2023,2021-2023,1,0,0,0
1066,SINAC_BD_0001066,14686,Bosque deciduo,1.5489485181072888,SINAC - Consenso bosque deciduo 2021-2023,2021-2023,0,0,0,0
1067,SINAC_BD_0001067,14700,Bosque deciduo,5.130083625118453,SINAC - Consenso bosque deciduo 2021-2023,2021-2023,1,0,0,0
1068,SINAC_BD_0001068,14701,Bosque deciduo,8.26408354655288,SINAC - Consenso bosque deciduo 2021-2023,2021-2023,1,1,0,0
1069,SINAC_BD_0001069,14705,Bosque deciduo,1.518958707853843,SINAC - Consenso bosque deciduo 2021-2023,2021-2023,0,0,0,0
1070,SINAC_BD_0001070,14706,Bosque deciduo,1.03,SINAC - Consenso bosque deciduo 2021-2023,2021-2023,0,0,0,0
1071,SINAC_BD_0001071,14719,Bosque deciduo,124.5450128516894,SINAC - Consenso bosque deciduo 2021-2023,2021-2023,1,1,1,0
1072,SINAC_BD_0001072,14721,Bosque deciduo,803.5243545800622,SINAC - Consenso bosque deciduo 2021-2023,2021-2023,1,1,1,1
1073,SINAC_BD_0001073,14722,Bosque deciduo,1.9079628859611308,SINAC - Consenso bosque deciduo 2021-2023,2021-2023,0,0,0,0
1074,SINAC_BD_0001074,14734,Bosque deciduo,2.6059022477499707,SINAC - Consenso bosque deciduo 2021-2023,2021-2023,1,1,1,0
1075,SINAC_BD_0001075,14736,Bosque deciduo,1.655844144366215,SINAC - Consenso bosque deciduo 2021-2023,2021-2023,1,0,0,0
1076,SINAC_BD_0001076,14739,Bosque deciduo,1.966582425703635,SINAC - Consenso bosque deciduo 2021-2023,2021-2023,1,0,0,0
1077,SINAC_BD_0001077,14740,Bosque deciduo,1.0858486998827446,SINAC - Consenso bosque deciduo 2021-2023,2021-2023,0,1,0,0
1078,SINAC_BD_0001078,14741,Bosque deciduo,1.3907196481539514,SINAC - Consenso bosque deciduo 2021-2023,2021-2023,1,0,0,0
1079,SINAC_BD_0001079,14744,Bosque deciduo,5.47814156943916,SINAC - Consenso bosque deciduo 2021-2023,2021-2023,0,0,0,0
1080,SINAC_BD_0001080,14746,Bosque deciduo,1.7170863347100742,SINAC - Consenso bosque deciduo 2021-2023,2021-2023,1,1,0,0
1081,SINAC_BD_0001081,14748,Bosque deciduo,2.3755640128564854,SINAC - Consenso bosque deciduo 2021-2023,2021-2023,1,0,0,0
1082,SINAC_BD_0001082,14751,Bosque deciduo,10.979263209101273,SINAC - Consenso bosque deciduo 2021-2023,2021-2023,1,1,1,0
1083,SINAC_BD_0001083,14774,Bosque deciduo,5.250018543949607,SINAC - Consenso bosque deciduo 2021-2023,2021-2023,1,0,0,0
1084,SINAC_BD_0001084,14780,Bosque deciduo,1.64,SINAC - Consenso bosque deciduo 2021-2023,2021-2023,0,0,0,0
1085,SINAC_BD_0001085,14790,Bosque deciduo,2.0063867479150845,SINAC - Consenso bosque deciduo 2021-2023,2021-2023,1,0,0,0
1086,SINAC_BD_0001086,14799,Bosque deciduo,2.15,SINAC - Consenso bosque deciduo 2021-2023,2021-2023,1,1,0,0
1087,SINAC_BD_0001087,14811,Bosque deciduo,1.6789745235920803,SINAC - Consenso bosque deciduo 2021-2023,2021-2023,0,0,0,0
1088,SINAC_BD_0001088,14819,Bosque deciduo,68.34230996540879,SINAC - Consenso bosque deciduo 2021-2023,2021-2023,1,1,1,1
1089,SINAC_BD_0001089,14833,Bosque deciduo,1.0263920889748401,SINAC - Consenso bosque deciduo 2021-2023,2021-2023,0,0,0,0
1090,SINAC_BD_0001090,14840,Bosque deciduo,2.5837379331174124,SINAC - Consenso bosque deciduo 2021-2023,2021-2023,0,0,0,0
1091,SINAC_BD_0001091,14845,Bosque deciduo,1.588516525160614,SINAC - Consenso bosque deciduo 2021-2023,2021-2023,1,0,0,0
1092,SINAC_BD_0001092,14847,Bosque deciduo,46.01741283601411,SINAC - Consenso bosque deciduo 2021-2023,2021-2023,1,1,1,0
1093,SINAC_BD_0001093,14866,Bosque deciduo,2.2689643330172866,SINAC - Consenso bosque deciduo 2021-2023,2021-2023,1,0,0,0
1094,SINAC_BD_0001094,14868,Bosque deciduo,58.75783082443626,SINAC - Consenso bosque deciduo 2021-2023,2021-2023,1,1,1,0
1095,SINAC_BD_0001095,14870,Bosque deciduo,1.644657638894082,SINAC - Consenso bosque deciduo 2021-2023,2021-2023,0,0,0,0
1096,SINAC_BD_0001096,14872,Bosque deciduo,1.26,SINAC - Consenso bosque deciduo 2021-2023,2021-2023,0,0,0,0
1097,SINAC_BD_0001097,14878,Bosque deciduo,11.552109888151637,SINAC - Consenso bosque deciduo 2021-2023,2021-2023,1,1,0,0
1098,SINAC_BD_0001098,14879,Bosque deciduo,1.3456342215311885,SINAC - Consenso bosque deciduo 2021-2023,2021-2023,1,0,0,0
1099,SINAC_BD_0001099,14882,Bosque deciduo,7.199969289856814,SINAC - Consenso bosque deciduo 2021-2023,2021-2023,1,0,0,0
1100,SINAC_BD_0001100,14887,Bosque deciduo,1.5316750560139776,SINAC - Consenso bosque deciduo 2021-2023,2021-2023,1,0,0,0
1101,SINAC_BD_0001101,14914,Bosque deciduo,1.6014798029905888,SINAC - Consenso bosque deciduo 2021-2023,2021-2023,1,1,0,0
1102,SINAC_BD_0001102,14921,Bosque deciduo,1.0295760738520132,SINAC - Consenso bosque deciduo 2021-2023,2021-2023,0,0,0,0
1103,SINAC_BD_0001103,14925,Bosque deciduo,2.2273521578912203,SINAC - Consenso bosque deciduo 2021-2023,2021-2023,1,0,0,0
1104,SINAC_BD_0001104,14948,Bosque deciduo,13.775530836789988,SINAC - Consenso bosque deciduo 2021-2023,2021-2023,1,1,0,0
1105,SINAC_BD_0001105,14951,Bosque deciduo,7.845460012196825,SINAC - Consenso bosque deciduo 2021-2023,2021-2023,1,1,0,0
1106,SINAC_BD_0001106,14952,Bosque deciduo,1.92,SINAC - Consenso bosque deciduo 2021-2023,2021-2023,0,0,0,0
1107,SINAC_BD_0001107,14955,Bosque deciduo,5.328116658190756,SINAC - Consenso bosque deciduo 2021-2023,2021-2023,1,0,1,0
1108,SINAC_BD_0001108,14969,Bosque deciduo,1.235715926391133,SINAC - Consenso bosque deciduo 2021-2023,2021-2023,0,0,0,0
1109,SINAC_BD_0001109,15000,Bosque deciduo,1.247855809395396,SINAC - Consenso bosque deciduo 2021-2023,2021-2023,0,1,0,0
1110,SINAC_BD_0001110,15011,Bosque deciduo,9.23,SINAC - Consenso bosque deciduo 2021-2023,2021-2023,1,1,0,0
1111,SINAC_BD_0001111,15012,Bosque deciduo,4.13670069412003,SINAC - Consenso bosque deciduo 2021-2023,2021-2023,1,0,0,0
1112,SINAC_BD_0001112,15020,Bosque deciduo,10.132884476124218,SINAC - Consenso bosque deciduo 2021-2023,2021-2023,1,0,0,0
1113,SINAC_BD_0001113,15028,Bosque deciduo,2.6250561025392085,SINAC - Consenso bosque deciduo 2021-2023,2021-2023,0,0,0,0
1114,SINAC_BD_0001114,15045,Bosque deciduo,3.545138161865896,SINAC - Consenso bosque deciduo 2021-2023,2021-2023,0,0,0,0
1115,SINAC_BD_0001115,15046,Bosque deciduo,1.29,SINAC - Consenso bosque deciduo 2021-2023,2021-2023,0,0,0,0
1116,SINAC_BD_0001116,15055,Bosque deciduo,1.23,SINAC - Consenso bosque deciduo 2021-2023,2021-2023,1,0,0,0
1117,SINAC_BD_0001117,15065,Bosque deciduo,1.48076133216394,SINAC - Consenso bosque deciduo 2021-2023,2021-2023,0,0,0,0
1118,SINAC_BD_0001118,15079,Bosque deciduo,2.0871664723695176,SINAC - Consenso bosque deciduo 2021-2023,2021-2023,1,0,0,0
1119,SINAC_BD_0001119,15087,Bosque deciduo,1.087961746454358,SINAC - Consenso bosque deciduo 2021-2023,2021-2023,0,0,0,0
1120,SINAC_BD_0001120,15103,Bosque deciduo,6.972513117396263,SINAC - Consenso bosque deciduo 2021-2023,2021-2023,1,1,0,0
1121,SINAC_BD_0001121,15105,Bosque deciduo,10.954047873147521,SINAC - Consenso bosque deciduo 2021-2023,2021-2023,1,0,0,0
1122,SINAC_BD_0001122,15124,Bosque deciduo,1.5373510544628388,SINAC - Consenso bosque deciduo 2021-2023,2021-2023,0,0,0,0
1123,SINAC_BD_0001123,15125,Bosque deciduo,2.666665147614217,SINAC - Consenso bosque deciduo 2021-2023,2021-2023,0,1,0,0
1124,SINAC_BD_0001124,15126,Bosque deciduo,2.229937067983441,SINAC - Consenso bosque deciduo 2021-2023,2021-2023,0,0,0,0
1125,SINAC_BD_0001125,15134,Bosque deciduo,3.80859133254626,SINAC - Consenso bosque deciduo 2021-2023,2021-2023,1,0,0,0
1126,SINAC_BD_0001126,15136,Bosque deciduo,2.1792301942600867,SINAC - Consenso bosque deciduo 2021-2023,2021-2023,0,0,0,0
1127,SINAC_BD_0001127,15144,Bosque deciduo,2.334597603283706,SINAC - Consenso bosque deciduo 2021-2023,2021-2023,0,0,0,0
1128,SINAC_BD_0001128,15166,Bosque deciduo,1.71,SINAC - Consenso bosque deciduo 2021-2023,2021-2023,0,0,0,0
1129,SINAC_BD_0001129,15168,Bosque deciduo,2.0192334708152493,SINAC - Consenso bosque deciduo 2021-2023,2021-2023,1,0,0,0
1130,SINAC_BD_0001130,15172,Bosque deciduo,2.495943885965063,SINAC - Consenso bosque deciduo 2021-2023,2021-2023,1,1,0,0
1131,SINAC_BD_0001131,15176,Bosque deciduo,2.045067775710355,SINAC - Consenso bosque deciduo 2021-2023,2021-2023,0,0,0,0
1132,SINAC_BD_0001132,15197,Bosque deciduo,1.934612598165729,SINAC - Consenso bosque deciduo 2021-2023,2021-2023,0,0,0,0
1133,SINAC_BD_0001133,15205,Bosque deciduo,3.0033065020074923,SINAC - Consenso bosque deciduo 2021-2023,2021-2023,1,0,0,0
1134,SINAC_BD_0001134,15218,Bosque deciduo,3.9513961347246442,SINAC - Consenso bosque deciduo 2021-2023,2021-2023,1,1,0,0
1135,SINAC_BD_0001135,15219,Bosque deciduo,2.6319339408269307,SINAC - Consenso bosque deciduo 2021-2023,2021-2023,0,0,1,0
1136,SINAC_BD_0001136,15229,Bosque deciduo,2.2245618126560407,SINAC - Consenso bosque deciduo 2021-2023,2021-2023,0,0,0,0
1137,SINAC_BD_0001137,15230,Bosque deciduo,2.1271974028408267,SINAC - Consenso bosque deciduo 2021-2023,2021-2023,0,0,0,0
1138,SINAC_BD_0001138,15231,Bosque deciduo,1.0814521663711056,SINAC - Consenso bosque deciduo 2021-2023,2021-2023,0,0,0,0
1139,SINAC_BD_0001139,15236,Bosque deciduo,1.6477247763561318,SINAC - Consenso bosque deciduo 2021-2023,2021-2023,1,0,0,0
1140,SINAC_BD_0001140,15248,Bosque deciduo,1.7566052896564914,SINAC - Consenso bosque deciduo 2021-2023,2021-2023,0,0,0,0
1141,SINAC_BD_0001141,15255,Bosque deciduo,1.503647921635413,SINAC - Consenso bosque deciduo 2021-2023,2021-2023,0,0,0,0
1142,SINAC_BD_0001142,15262,Bosque deciduo,51.38102477136144,SINAC - Consenso bosque deciduo 2021-2023,2021-2023,1,1,1,1
1143,SINAC_BD_0001143,15283,Bosque deciduo,2.9135523337622575,SINAC - Consenso bosque deciduo 2021-2023,2021-2023,1,0,0,0
1144,SINAC_BD_0001144,15294,Bosque deciduo,3.0951927416032645,SINAC - Consenso bosque deciduo 2021-2023,2021-2023,0,0,0,0
1145,SINAC_BD_0001145,15316,Bosque deciduo,1.204384958720385,SINAC - Consenso bosque deciduo 2021-2023,2021-2023,0,0,0,0
1146,SINAC_BD_0001146,15324,Bosque deciduo,1.4413138081730776,SINAC - Consenso bosque deciduo 2021-2023,2021-2023,0,0,0,0
1147,SINAC_BD_0001147,15326,Bosque deciduo,3.4876199175755564,SINAC - Consenso bosque deciduo 2021-2023,2021-2023,1,0,0,0
1148,SINAC_BD_0001148,15327,Bosque deciduo,2.3,SINAC - Consenso bosque deciduo 2021-2023,2021-2023,0,0,0,0
1149,SINAC_BD_0001149,15336,Bosque deciduo,16.51257784283267,SINAC - Consenso bosque deciduo 2021-2023,2021-2023,1,1,0,0
1150,SINAC_BD_0001150,15344,Bosque deciduo,4.383047380650195,SINAC - Consenso bosque deciduo 2021-2023,2021-2023,1,1,0,0
1151,SINAC_BD_0001151,15364,Bosque deciduo,118.41328870506801,SINAC - Consenso bosque deciduo 2021-2023,2021-2023,1,1,1,0
1152,SINAC_BD_0001152,15374,Bosque deciduo,1.3552165746315283,SINAC - Consenso bosque deciduo 2021-2023,2021-2023,0,0,0,0
1153,SINAC_BD_0001153,15402,Bosque deciduo,1.648727502609856,SINAC - Consenso bosque deciduo 2021-2023,2021-2023,1,0,0,0
1154,SINAC_BD_0001154,15403,Bosque deciduo,6.696842416970625,SINAC - Consenso bosque deciduo 2021-2023,2021-2023,1,0,1,0
1155,SINAC_BD_0001155,15405,Bosque deciduo,1.2522372289885513,SINAC - Consenso bosque deciduo 2021-2023,2021-2023,0,0,0,0
1156,SINAC_BD_0001156,15417,Bosque deciduo,90.57669485033028,SINAC - Consenso bosque deciduo 2021-2023,2021-2023,1,1,1,1
1157,SINAC_BD_0001157,15418,Bosque deciduo,10.448320003463826,SINAC - Consenso bosque deciduo 2021-2023,2021-2023,1,0,0,0
1158,SINAC_BD_0001158,15419,Bosque deciduo,3.7385007278817213,SINAC - Consenso bosque deciduo 2021-2023,2021-2023,0,0,0,0
1159,SINAC_BD_0001159,15420,Bosque deciduo,1.0826602357488404,SINAC - Consenso bosque deciduo 2021-2023,2021-2023,0,0,0,0
1160,SINAC_BD_0001160,15421,Bosque deciduo,3.813376190092949,SINAC - Consenso bosque deciduo 2021-2023,2021-2023,1,0,0,0
1161,SINAC_BD_0001161,15436,Bosque deciduo,2.569003142835328,SINAC - Consenso bosque deciduo 2021-2023,2021-2023,1,0,0,0
1162,SINAC_BD_0001162,15437,Bosque deciduo,1.9318943450713872,SINAC - Consenso bosque deciduo 2021-2023,2021-2023,1,0,0,0
1163,SINAC_BD_0001163,15443,Bosque deciduo,1.05,SINAC - Consenso bosque deciduo 2021-2023,2021-2023,0,0,0,0
1164,SINAC_BD_0001164,15444,Bosque deciduo,1.121218644273006,SINAC - Consenso bosque deciduo 2021-2023,2021-2023,0,0,0,0
1165,SINAC_BD_0001165,15449,Bosque deciduo,1.09,SINAC - Consenso bosque deciduo 2021-2023,2021-2023,0,0,0,0
1166,SINAC_BD_0001166,15512,Bosque deciduo,2.2117551910102904,SINAC - Consenso bosque deciduo 2021-2023,2021-2023,1,0,0,0
1167,SINAC_BD_0001167,15545,Bosque deciduo,1.14,SINAC - Consenso bosque deciduo 2021-2023,2021-2023,0,0,0,0
1168,SINAC_BD_0001168,15552,Bosque deciduo,1.4203435424094473,SINAC - Consenso bosque deciduo 2021-2023,2021-2023,0,0,0,0
1169,SINAC_BD_0001169,15613,Bosque deciduo,7.643266272852492,SINAC - Consenso bosque deciduo 2021-2023,2021-2023,1,1,0,0
1170,SINAC_BD_0001170,15647,Bosque deciduo,2.6943340791436325,SINAC - Consenso bosque deciduo 2021-2023,2021-2023,1,1,0,0
1171,SINAC_BD_0001171,15650,Bosque deciduo,1.013788004895057,SINAC - Consenso bosque deciduo 2021-2023,2021-2023,1,1,0,0
1172,SINAC_BD_0001172,15664,Bosque deciduo,2.812518563861547,SINAC - Consenso bosque deciduo 2021-2023,2021-2023,1,1,0,0
1173,SINAC_BD_0001173,15709,Bosque deciduo,1.0533829423685068,SINAC - Consenso bosque deciduo 2021-2023,2021-2023,1,1,0,0
1174,SINAC_BD_0001174,15723,Bosque deciduo,1.0899414749956027,SINAC - Consenso bosque deciduo 2021-2023,2021-2023,1,0,0,0
1175,SINAC_BD_0001175,15724,Bosque deciduo,1.2298863519062804,SINAC - Consenso bosque deciduo 2021-2023,2021-2023,1,0,0,0
1176,SINAC_BD_0001176,15731,Bosque deciduo,1.380133488351488,SINAC - Consenso bosque deciduo 2021-2023,2021-2023,0,0,0,0
1177,SINAC_BD_0001177,15745,Bosque deciduo,1.44,SINAC - Consenso bosque deciduo 2021-2023,2021-2023,1,0,0,0
1178,SINAC_BD_0001178,15747,Bosque deciduo,1.3030273840605358,SINAC - Consenso bosque deciduo 2021-2023,2021-2023,1,0,0,0
1179,SINAC_BD_0001179,15750,Bosque deciduo,1.2414859749147726,SINAC - Consenso bosque deciduo 2021-2023,2021-2023,0,0,0,0
1180,SINAC_BD_0001180,15754,Bosque deciduo,6.1094365989263215,SINAC - Consenso bosque deciduo 2021-2023,2021-2023,1,0,0,0
1181,SINAC_BD_0001181,15756,Bosque deciduo,1.0699952169784326,SINAC - Consenso bosque deciduo 2021-2023,2021-2023,1,0,0,0
1182,SINAC_BD_0001182,15768,Bosque deciduo,4.954945335250762,SINAC - Consenso bosque deciduo 2021-2023,2021-2023,1,1,1,0
1183,SINAC_BD_0001183,15807,Bosque deciduo,2.63,SINAC - Consenso bosque deciduo 2021-2023,2021-2023,0,0,0,0
1184,SINAC_BD_0001184,15811,Bosque deciduo,1.137099415797656,SINAC - Consenso bosque deciduo 2021-2023,2021-2023,0,0,0,0
1185,SINAC_BD_0001185,15815,Bosque deciduo,1.1560309755118532,SINAC - Consenso bosque deciduo 2021-2023,2021-2023,0,0,0,0
1186,SINAC_BD_0001186,15818,Bosque deciduo,4.534874126983024,SINAC - Consenso bosque deciduo 2021-2023,2021-2023,1,1,1,0
1187,SINAC_BD_0001187,15828,Bosque deciduo,2.8758332753001303,SINAC - Consenso bosque deciduo 2021-2023,2021-2023,0,0,0,0
1188,SINAC_BD_0001188,15850,Bosque deciduo,1.0037741904928654,SINAC - Consenso bosque deciduo 2021-2023,2021-2023,1,0,0,0
1189,SINAC_BD_0001189,15855,Bosque deciduo,1.05,SINAC - Consenso bosque deciduo 2021-2023,2021-2023,0,0,0,0
1190,SINAC_BD_0001190,15900,Bosque deciduo,1.1120984127582645,SINAC - Consenso bosque deciduo 2021-2023,2021-2023,1,0,0,0
1191,SINAC_BD_0001191,15906,Bosque deciduo,1.208385344040489,SINAC - Consenso bosque deciduo 2021-2023,2021-2023,0,0,0,0
1192,SINAC_BD_0001192,15911,Bosque deciduo,2.8618606229937926,SINAC - Consenso bosque deciduo 2021-2023,2021-2023,1,0,0,0
1193,SINAC_BD_0001193,15915,Bosque deciduo,3.5692918126326725,SINAC - Consenso bosque deciduo 2021-2023,2021-2023,1,0,0,0
1194,SINAC_BD_0001194,15938,Bosque deciduo,1.0929794980165346,SINAC - Consenso bosque deciduo 2021-2023,2021-2023,1,1,1,0
1195,SINAC_BD_0001195,15947,Bosque deciduo,1.7162535711550644,SINAC - Consenso bosque deciduo 2021-2023,2021-2023,1,1,0,0
1196,SINAC_BD_0001196,15956,Bosque deciduo,1.639643008676907,SINAC - Consenso bosque deciduo 2021-2023,2021-2023,0,0,0,0
1197,SINAC_BD_0001197,15961,Bosque deciduo,13.279342018650466,SINAC - Consenso bosque deciduo 2021-2023,2021-2023,1,1,1,0
1198,SINAC_BD_0001198,15964,Bosque deciduo,1.6074249598406896,SINAC - Consenso bosque deciduo 2021-2023,2021-2023,1,0,0,0
1199,SINAC_BD_0001199,15981,Bosque deciduo,2.57051240889958,SINAC - Consenso bosque deciduo 2021-2023,2021-2023,1,0,0,0
1200,SINAC_BD_0001200,15986,Bosque deciduo,2.100995914168757,SINAC - Consenso bosque deciduo 2021-2023,2021-2023,0,0,0,0
1201,SINAC_BD_0001201,15987,Bosque deciduo,1.2075702371887478,SINAC - Consenso bosque deciduo 2021-2023,2021-2023,0,0,0,0
1202,SINAC_BD_0001202,16003,Bosque deciduo,1.5680527326881837,SINAC - Consenso bosque deciduo 2021-2023,2021-2023,0,0,0,0
1203,SINAC_BD_0001203,16006,Bosque deciduo,4.6,SINAC - Consenso bosque deciduo 2021-2023,2021-2023,0,0,0,0
1204,SINAC_BD_0001204,16021,Bosque deciduo,1.1,SINAC - Consenso bosque deciduo 2021-2023,2021-2023,0,0,0,0
1205,SINAC_BD_0001205,16026,Bosque deciduo,10.091741994897154,SINAC - Consenso bosque deciduo 2021-2023,2021-2023,1,0,0,0
1206,SINAC_BD_0001206,16031,Bosque deciduo,1.8442826706945343,SINAC - Consenso bosque deciduo 2021-2023,2021-2023,0,0,0,0
1207,SINAC_BD_0001207,16053,Bosque deciduo,2.34,SINAC - Consenso bosque deciduo 2021-2023,2021-2023,0,0,0,0
1208,SINAC_BD_0001208,16057,Bosque deciduo,1.2876511026654731,SINAC - Consenso bosque deciduo 2021-2023,2021-2023,0,0,0,0
1209,SINAC_BD_0001209,16066,Bosque deciduo,1.7140044682310138,SINAC - Consenso bosque deciduo 2021-2023,2021-2023,0,0,0,0
1210,SINAC_BD_0001210,16104,Bosque deciduo,1.9584056269580186,SINAC - Consenso bosque deciduo 2021-2023,2021-2023,1,1,1,0
1211,SINAC_BD_0001211,16105,Bosque deciduo,5.308762851157202,SINAC - Consenso bosque deciduo 2021-2023,2021-2023,1,0,0,0
1212,SINAC_BD_0001212,16106,Bosque deciduo,1.3012983616342464,SINAC - Consenso bosque deciduo 2021-2023,2021-2023,0,0,0,0
1213,SINAC_BD_0001213,16107,Bosque deciduo,1.0997001547862317,SINAC - Consenso bosque deciduo 2021-2023,2021-2023,1,1,0,0
1214,SINAC_BD_0001214,16109,Bosque deciduo,11.446247815370635,SINAC - Consenso bosque deciduo 2021-2023,2021-2023,1,0,0,0
1215,SINAC_BD_0001215,16110,Bosque deciduo,1.7990564513057041,SINAC - Consenso bosque deciduo 2021-2023,2021-2023,1,1,0,0
1216,SINAC_BD_0001216,16111,Bosque deciduo,2019.6014958016958,SINAC - Consenso bosque deciduo 2021-2023,2021-2023,1,1,1,1
1217,SINAC_BD_0001217,16112,Bosque deciduo,17.353011659377046,SINAC - Consenso bosque deciduo 2021-2023,2021-2023,1,1,0,0
1218,SINAC_BD_0001218,16130,Bosque deciduo,1.2204044654978299,SINAC - Consenso bosque deciduo 2021-2023,2021-2023,0,0,0,0
1219,SINAC_BD_0001219,16135,Bosque deciduo,2.3292937537773533,SINAC - Consenso bosque deciduo 2021-2023,2021-2023,0,0,0,0
1220,SINAC_BD_0001220,16136,Bosque deciduo,1.2706902336353345,SINAC - Consenso bosque deciduo 2021-2023,2021-2023,1,1,0,0
1221,SINAC_BD_0001221,16137,Bosque deciduo,1.248349887943819,SINAC - Consenso bosque deciduo 2021-2023,2021-2023,1,0,0,0
1222,SINAC_BD_0001222,16139,Bosque deciduo,1.1609198059358066,SINAC - Consenso bosque deciduo 2021-2023,2021-2023,0,0,0,0
1223,SINAC_BD_0001223,16142,Bosque deciduo,6.843812581042149,SINAC - Consenso bosque deciduo 2021-2023,2021-2023,1,1,1,0
1224,SINAC_BD_0001224,16163,Bosque deciduo,1.2838047523297171,SINAC - Consenso bosque deciduo 2021-2023,2021-2023,1,0,0,0
1225,SINAC_BD_0001225,16166,Bosque deciduo,1.379090389050518,SINAC - Consenso bosque deciduo 2021-2023,2021-2023,0,0,0,0
1226,SINAC_BD_0001226,16171,Bosque deciduo,37.81360828071282,SINAC - Consenso bosque deciduo 2021-2023,2021-2023,1,1,0,0
1227,SINAC_BD_0001227,16174,Bosque deciduo,5.376599649838503,SINAC - Consenso bosque deciduo 2021-2023,2021-2023,1,0,0,0
1228,SINAC_BD_0001228,16202,Bosque deciduo,3.429393604403749,SINAC - Consenso bosque deciduo 2021-2023,2021-2023,1,0,0,0
1229,SINAC_BD_0001229,16205,Bosque deciduo,2.4965308898901903,SINAC - Consenso bosque deciduo 2021-2023,2021-2023,1,0,0,0
1230,SINAC_BD_0001230,16206,Bosque deciduo,1.1514475844231973,SINAC - Consenso bosque deciduo 2021-2023,2021-2023,1,1,1,0
1231,SINAC_BD_0001231,16222,Bosque deciduo,104.24193299472724,SINAC - Consenso bosque deciduo 2021-2023,2021-2023,1,1,1,0
1232,SINAC_BD_0001232,16240,Bosque deciduo,1.04035761522476,SINAC - Consenso bosque deciduo 2021-2023,2021-2023,0,0,0,0
1233,SINAC_BD_0001233,16254,Bosque deciduo,12.238256545108667,SINAC - Consenso bosque deciduo 2021-2023,2021-2023,1,1,0,0
1234,SINAC_BD_0001234,16269,Bosque deciduo,3.6147220075932722,SINAC - Consenso bosque deciduo 2021-2023,2021-2023,1,0,0,0
1235,SINAC_BD_0001235,16280,Bosque deciduo,2.726693333665832,SINAC - Consenso bosque deciduo 2021-2023,2021-2023,0,0,0,0
1236,SINAC_BD_0001236,16291,Bosque deciduo,2.7429835099266167,SINAC - Consenso bosque deciduo 2021-2023,2021-2023,0,0,0,0
1237,SINAC_BD_0001237,16294,Bosque deciduo,2.7127028847973693,SINAC - Consenso bosque deciduo 2021-2023,2021-2023,0,0,0,0
1238,SINAC_BD_0001238,16299,Bosque deciduo,5.478537388186528,SINAC - Consenso bosque deciduo 2021-2023,2021-2023,1,1,0,0
1239,SINAC_BD_0001239,16303,Bosque deciduo,6.08297699187796,SINAC - Consenso bosque deciduo 2021-2023,2021-2023,0,0,0,0
1240,SINAC_BD_0001240,16316,Bosque deciduo,3.2021826486113776,SINAC - Consenso bosque deciduo 2021-2023,2021-2023,1,1,0,0
1241,SINAC_BD_0001241,16317,Bosque deciduo,1.6394576702159758,SINAC - Consenso bosque deciduo 2021-2023,2021-2023,0,0,0,0
1242,SINAC_BD_0001242,16321,Bosque deciduo,4.961121933080907,SINAC - Consenso bosque deciduo 2021-2023,2021-2023,1,1,0,0
1243,SINAC_BD_0001243,16326,Bosque deciduo,2.4869156622366058,SINAC - Consenso bosque deciduo 2021-2023,2021-2023,0,0,0,0
1244,SINAC_BD_0001244,16329,Bosque deciduo,2.1463091201118076,SINAC - Consenso bosque deciduo 2021-2023,2021-2023,1,0,0,0
1245,SINAC_BD_0001245,16339,Bosque deciduo,9.160307081077084,SINAC - Consenso bosque deciduo 2021-2023,2021-2023,1,0,0,0
1246,SINAC_BD_0001246,16345,Bosque deciduo,1.3716677155268784,SINAC - Consenso bosque deciduo 2021-2023,2021-2023,0,0,0,0
1247,SINAC_BD_0001247,16359,Bosque deciduo,3.1637142450216476,SINAC - Consenso bosque deciduo 2021-2023,2021-2023,0,0,0,0
1248,SINAC_BD_0001248,16363,Bosque deciduo,1.626679145643445,SINAC - Consenso bosque deciduo 2021-2023,2021-2023,0,0,0,0
1249,SINAC_BD_0001249,16387,Bosque deciduo,2.3687743551970244,SINAC - Consenso bosque deciduo 2021-2023,2021-2023,0,0,0,0
1250,SINAC_BD_0001250,16392,Bosque deciduo,5.417699949609169,SINAC - Consenso bosque deciduo 2021-2023,2021-2023,1,0,0,0
1251,SINAC_BD_0001251,16430,Bosque deciduo,1.7365257849814348,SINAC - Consenso bosque deciduo 2021-2023,2021-2023,0,0,0,0
1252,SINAC_BD_0001252,16448,Bosque deciduo,12.19701526709286,SINAC - Consenso bosque deciduo 2021-2023,2021-2023,1,1,0,0
1253,SINAC_BD_0001253,16463,Bosque deciduo,1.036178653827322,SINAC - Consenso bosque deciduo 2021-2023,2021-2023,1,0,0,0
1254,SINAC_BD_0001254,16468,Bosque deciduo,2.1436602485606127,SINAC - Consenso bosque deciduo 2021-2023,2021-2023,1,0,0,0
1255,SINAC_BD_0001255,16505,Bosque deciduo,1.6504491395492351,SINAC - Consenso bosque deciduo 2021-2023,2021-2023,1,0,0,0
1256,SINAC_BD_0001256,16518,Bosque deciduo,1.210480868222925,SINAC - Consenso bosque deciduo 2021-2023,2021-2023,1,0,0,0
1257,SINAC_BD_0001257,16519,Bosque deciduo,1.03,SINAC - Consenso bosque deciduo 2021-2023,2021-2023,0,0,0,0
1258,SINAC_BD_0001258,16520,Bosque deciduo,2.17,SINAC - Consenso bosque deciduo 2021-2023,2021-2023,1,0,0,0
1259,SINAC_BD_0001259,16523,Bosque deciduo,12.217933263355624,SINAC - Consenso bosque deciduo 2021-2023,2021-2023,1,1,0,0
1260,SINAC_BD_0001260,16535,Bosque deciduo,1.3123897062765688,SINAC - Consenso bosque deciduo 2021-2023,2021-2023,1,0,0,0
1261,SINAC_BD_0001261,16547,Bosque deciduo,1.022357795490919,SINAC - Consenso bosque deciduo 2021-2023,2021-2023,1,0,0,0
1262,SINAC_BD_0001262,16595,Bosque deciduo,1.1450768443362327,SINAC - Consenso bosque deciduo 2021-2023,2021-2023,0,1,0,0
1263,SINAC_BD_0001263,16639,Bosque deciduo,1.21,SINAC - Consenso bosque deciduo 2021-2023,2021-2023,0,0,0,0
1264,SINAC_BD_0001264,16640,Bosque deciduo,1.2623339083695533,SINAC - Consenso bosque deciduo 2021-2023,2021-2023,0,0,0,0
1265,SINAC_BD_0001265,16655,Bosque deciduo,1.58,SINAC - Consenso bosque deciduo 2021-2023,2021-2023,0,0,0,0
1266,SINAC_BD_0001266,16656,Bosque deciduo,1.72,SINAC - Consenso bosque deciduo 2021-2023,2021-2023,0,0,0,0
1267,SINAC_BD_0001267,16686,Bosque deciduo,1.1135998542404322,SINAC - Consenso bosque deciduo 2021-2023,2021-2023,1,0,0,0
1268,SINAC_BD_0001268,16714,Bosque deciduo,4.170314607881369,SINAC - Consenso bosque deciduo 2021-2023,2021-2023,0,0,0,0
1269,SINAC_BD_0001269,16725,Bosque deciduo,48.286230428164394,SINAC - Consenso bosque deciduo 2021-2023,2021-2023,1,1,1,0
1270,SINAC_BD_0001270,16728,Bosque deciduo,1.0474490884160252,SINAC - Consenso bosque deciduo 2021-2023,2021-2023,1,0,0,0
1271,SINAC_BD_0001271,16731,Bosque deciduo,2.377248338063678,SINAC - Consenso bosque deciduo 2021-2023,2021-2023,0,0,0,0
1272,SINAC_BD_0001272,16743,Bosque deciduo,6.440661943339588,SINAC - Consenso bosque deciduo 2021-2023,2021-2023,1,0,0,0
1273,SINAC_BD_0001273,16769,Bosque deciduo,1.45,SINAC - Consenso bosque deciduo 2021-2023,2021-2023,1,0,0,0
1274,SINAC_BD_0001274,16772,Bosque deciduo,7.3645150937022485,SINAC - Consenso bosque deciduo 2021-2023,2021-2023,1,1,0,0
1275,SINAC_BD_0001275,16803,Bosque deciduo,3.0130800159264695,SINAC - Consenso bosque deciduo 2021-2023,2021-2023,1,0,0,0
1276,SINAC_BD_0001276,16831,Bosque deciduo,1.13,SINAC - Consenso bosque deciduo 2021-2023,2021-2023,0,0,0,0
1277,SINAC_BD_0001277,16839,Bosque deciduo,2.0170559039933433,SINAC - Consenso bosque deciduo 2021-2023,2021-2023,0,0,0,0
1278,SINAC_BD_0001278,16843,Bosque deciduo,22.503595953388967,SINAC - Consenso bosque deciduo 2021-2023,2021-2023,1,1,1,0
1279,SINAC_BD_0001279,16844,Bosque deciduo,1.1465953265441535,SINAC - Consenso bosque deciduo 2021-2023,2021-2023,0,0,0,0
1280,SINAC_BD_0001280,16856,Bosque deciduo,1.5897228906437013,SINAC - Consenso bosque deciduo 2021-2023,2021-2023,1,0,0,0
1281,SINAC_BD_0001281,16874,Bosque deciduo,2.306408868149582,SINAC - Consenso bosque deciduo 2021-2023,2021-2023,1,0,0,0
1282,SINAC_BD_0001282,16877,Bosque deciduo,1.8483325883663726,SINAC - Consenso bosque deciduo 2021-2023,2021-2023,0,0,0,0
1283,SINAC_BD_0001283,16887,Bosque deciduo,2.2,SINAC - Consenso bosque deciduo 2021-2023,2021-2023,1,0,0,0
1284,SINAC_BD_0001284,16895,Bosque deciduo,4.52,SINAC - Consenso bosque deciduo 2021-2023,2021-2023,1,1,0,0
1285,SINAC_BD_0001285,16907,Bosque deciduo,1.01458536495107,SINAC - Consenso bosque deciduo 2021-2023,2021-2023,0,0,0,0
1286,SINAC_BD_0001286,16908,Bosque deciduo,2.2359191856026586,SINAC - Consenso bosque deciduo 2021-2023,2021-2023,1,1,0,0
1287,SINAC_BD_0001287,16923,Bosque deciduo,2.4059530075777564,SINAC - Consenso bosque deciduo 2021-2023,2021-2023,1,0,0,0
1288,SINAC_BD_0001288,16925,Bosque deciduo,183.2814305039112,SINAC - Consenso bosque deciduo 2021-2023,2021-2023,1,1,1,0
1289,SINAC_BD_0001289,16937,Bosque deciduo,1.960674380505459,SINAC - Consenso bosque deciduo 2021-2023,2021-2023,0,0,0,0
1290,SINAC_BD_0001290,16938,Bosque deciduo,2.9,SINAC - Consenso bosque deciduo 2021-2023,2021-2023,1,0,0,0
1291,SINAC_BD_0001291,16958,Bosque deciduo,1.31,SINAC - Consenso bosque deciduo 2021-2023,2021-2023,0,0,0,0
1292,SINAC_BD_0001292,16962,Bosque deciduo,1.1891952851164074,SINAC - Consenso bosque deciduo 2021-2023,2021-2023,0,0,0,0
1293,SINAC_BD_0001293,16968,Bosque deciduo,5.347606863284601,SINAC - Consenso bosque deciduo 2021-2023,2021-2023,1,1,0,0
1294,SINAC_BD_0001294,16972,Bosque deciduo,1.0801569333346863,SINAC - Consenso bosque deciduo 2021-2023,2021-2023,1,1,0,0
1295,SINAC_BD_0001295,16981,Bosque deciduo,2.5009998991614637,SINAC - Consenso bosque deciduo 2021-2023,2021-2023,0,0,0,0
1296,SINAC_BD_0001296,16983,Bosque deciduo,1.8665211762264435,SINAC - Consenso bosque deciduo 2021-2023,2021-2023,1,1,0,0
1297,SINAC_BD_0001297,17008,Bosque deciduo,1.3467066892138086,SINAC - Consenso bosque deciduo 2021-2023,2021-2023,1,1,0,0
1298,SINAC_BD_0001298,17014,Bosque deciduo,1.49398665569426,SINAC - Consenso bosque deciduo 2021-2023,2021-2023,0,0,0,0
1299,SINAC_BD_0001299,17017,Bosque deciduo,1.56,SINAC - Consenso bosque deciduo 2021-2023,2021-2023,0,0,0,0
1300,SINAC_BD_0001300,17035,Bosque deciduo,3.8,SINAC - Consenso bosque deciduo 2021-2023,2021-2023,1,0,0,0
1301,SINAC_BD_0001301,17036,Bosque deciduo,718.1627251216303,SINAC - Consenso bosque deciduo 2021-2023,2021-2023,1,1,1,1
1302,SINAC_BD_0001302,17043,Bosque deciduo,4.259031284313557,SINAC - Consenso bosque deciduo 2021-2023,2021-2023,1,1,0,0
1303,SINAC_BD_0001303,17062,Bosque deciduo,1.5345209114338647,SINAC - Consenso bosque deciduo 2021-2023,2021-2023,1,0,0,0
1304,SINAC_BD_0001304,17069,Bosque deciduo,1.6125342595728274,SINAC - Consenso bosque deciduo 2021-2023,2021-2023,0,0,0,0
1305,SINAC_BD_0001305,17109,Bosque deciduo,1.0797117913010503,SINAC - Consenso bosque deciduo 2021-2023,2021-2023,1,0,0,0
1306,SINAC_BD_0001306,17134,Bosque deciduo,1.2785743422691505,SINAC - Consenso bosque deciduo 2021-2023,2021-2023,1,1,0,0
1307,SINAC_BD_0001307,17136,Bosque deciduo,2.15102878968196,SINAC - Consenso bosque deciduo 2021-2023,2021-2023,1,1,0,0
1308,SINAC_BD_0001308,17153,Bosque deciduo,1.5027769820440338,SINAC - Consenso bosque deciduo 2021-2023,2021-2023,0,0,0,0
1309,SINAC_BD_0001309,17175,Bosque deciduo,38.05121376727988,SINAC - Consenso bosque deciduo 2021-2023,2021-2023,1,1,1,1
1310,SINAC_BD_0001310,17185,Bosque deciduo,17.14669589243779,SINAC - Consenso bosque deciduo 2021-2023,2021-2023,1,1,1,0
1311,SINAC_BD_0001311,17186,Bosque deciduo,1.157360473941015,SINAC - Consenso bosque deciduo 2021-2023,2021-2023,0,0,0,0
1312,SINAC_BD_0001312,17188,Bosque deciduo,33.003441217410426,SINAC - Consenso bosque deciduo 2021-2023,2021-2023,1,1,0,0
1313,SINAC_BD_0001313,17189,Bosque deciduo,3.494448718881625,SINAC - Consenso bosque deciduo 2021-2023,2021-2023,1,0,0,0
1314,SINAC_BD_0001314,17190,Bosque deciduo,1.6352025743006322,SINAC - Consenso bosque deciduo 2021-2023,2021-2023,0,0,0,0
1315,SINAC_BD_0001315,17191,Bosque deciduo,1.57,SINAC - Consenso bosque deciduo 2021-2023,2021-2023,0,0,0,0
1316,SINAC_BD_0001316,17209,Bosque deciduo,1.8978599989864866,SINAC - Consenso bosque deciduo 2021-2023,2021-2023,1,0,0,0
1317,SINAC_BD_0001317,17210,Bosque deciduo,1.19,SINAC - Consenso bosque deciduo 2021-2023,2021-2023,0,0,0,0
1318,SINAC_BD_0001318,17219,Bosque deciduo,1.3543839580446635,SINAC - Consenso bosque deciduo 2021-2023,2021-2023,0,0,0,0
1319,SINAC_BD_0001319,17226,Bosque deciduo,1.137953691571785,SINAC - Consenso bosque deciduo 2021-2023,2021-2023,0,0,0,0
1320,SINAC_BD_0001320,17227,Bosque deciduo,1.65,SINAC - Consenso bosque deciduo 2021-2023,2021-2023,0,0,0,0
1321,SINAC_BD_0001321,17255,Bosque deciduo,1.643629060917311,SINAC - Consenso bosque deciduo 2021-2023,2021-2023,1,0,0,0
1322,SINAC_BD_0001322,17264,Bosque deciduo,2.9851568986680066,SINAC - Consenso bosque deciduo 2021-2023,2021-2023,1,0,0,0
1323,SINAC_BD_0001323,17286,Bosque deciduo,5.525418902386689,SINAC - Consenso bosque deciduo 2021-2023,2021-2023,1,1,1,1
1324,SINAC_BD_0001324,17287,Bosque deciduo,1.29,SINAC - Consenso bosque deciduo 2021-2023,2021-2023,0,0,0,0
1325,SINAC_BD_0001325,17291,Bosque deciduo,7.602667818939048,SINAC - Consenso bosque deciduo 2021-2023,2021-2023,1,0,0,0
1326,SINAC_BD_0001326,17307,Bosque deciduo,4.119831264212286,SINAC - Consenso bosque deciduo 2021-2023,2021-2023,1,0,0,0
1327,SINAC_BD_0001327,17308,Bosque deciduo,2.7433846014465315,SINAC - Consenso bosque deciduo 2021-2023,2021-2023,1,0,0,0
1328,SINAC_BD_0001328,17312,Bosque deciduo,1.8273377053457236,SINAC - Consenso bosque deciduo 2021-2023,2021-2023,0,0,0,0
1329,SINAC_BD_0001329,17335,Bosque deciduo,60.28973817991896,SINAC - Consenso bosque deciduo 2021-2023,2021-2023,1,1,1,0
1330,SINAC_BD_0001330,17338,Bosque deciduo,1.8656223469033815,SINAC - Consenso bosque deciduo 2021-2023,2021-2023,0,0,0,0
1331,SINAC_BD_0001331,17346,Bosque deciduo,5.618872156376693,SINAC - Consenso bosque deciduo 2021-2023,2021-2023,0,0,0,0
1332,SINAC_BD_0001332,17347,Bosque deciduo,14.450143856284907,SINAC - Consenso bosque deciduo 2021-2023,2021-2023,1,1,0,0
1333,SINAC_BD_0001333,17348,Bosque deciduo,1.712155772212083,SINAC - Consenso bosque deciduo 2021-2023,2021-2023,0,0,0,0
1334,SINAC_BD_0001334,17372,Bosque deciduo,2.947395431844557,SINAC - Consenso bosque deciduo 2021-2023,2021-2023,0,0,0,0
1335,SINAC_BD_0001335,17373,Bosque deciduo,3.5555580436384697,SINAC - Consenso bosque deciduo 2021-2023,2021-2023,0,0,0,0
1336,SINAC_BD_0001336,17387,Bosque deciduo,3.2915370694012216,SINAC - Consenso bosque deciduo 2021-2023,2021-2023,0,0,0,0
1337,SINAC_BD_0001337,17397,Bosque deciduo,2.179621871438819,SINAC - Consenso bosque deciduo 2021-2023,2021-2023,1,0,0,0
1338,SINAC_BD_0001338,17399,Bosque deciduo,1.2468199075509487,SINAC - Consenso bosque deciduo 2021-2023,2021-2023,0,0,0,0
1339,SINAC_BD_0001339,17405,Bosque deciduo,2.16,SINAC - Consenso bosque deciduo 2021-2023,2021-2023,1,0,0,0
1340,SINAC_BD_0001340,17410,Bosque deciduo,1.1494516443583527,SINAC - Consenso bosque deciduo 2021-2023,2021-2023,0,0,0,0
1341,SINAC_BD_0001341,17416,Bosque deciduo,3.118677947933602,SINAC - Consenso bosque deciduo 2021-2023,2021-2023,1,1,0,0
1342,SINAC_BD_0001342,17426,Bosque deciduo,2.355601436287243,SINAC - Consenso bosque deciduo 2021-2023,2021-2023,1,0,0,0
1343,SINAC_BD_0001343,17436,Bosque deciduo,1.3648563249180412,SINAC - Consenso bosque deciduo 2021-2023,2021-2023,1,0,0,0
1344,SINAC_BD_0001344,17447,Bosque deciduo,1.5147329331395252,SINAC - Consenso bosque deciduo 2021-2023,2021-2023,1,0,0,0
1345,SINAC_BD_0001345,17457,Bosque deciduo,2.528340184397922,SINAC - Consenso bosque deciduo 2021-2023,2021-2023,0,0,0,0
1346,SINAC_BD_0001346,17463,Bosque deciduo,3.739607649945234,SINAC - Consenso bosque deciduo 2021-2023,2021-2023,1,1,0,0
1347,SINAC_BD_0001347,17464,Bosque deciduo,1.0025129303498637,SINAC - Consenso bosque deciduo 2021-2023,2021-2023,0,0,0,0
1348,SINAC_BD_0001348,17466,Bosque deciduo,19.10773810461741,SINAC - Consenso bosque deciduo 2021-2023,2021-2023,1,1,1,0
1349,SINAC_BD_0001349,17478,Bosque deciduo,1.49,SINAC - Consenso bosque deciduo 2021-2023,2021-2023,0,0,0,0
1350,SINAC_BD_0001350,17514,Bosque deciduo,2.4475184570219315,SINAC - Consenso bosque deciduo 2021-2023,2021-2023,0,0,0,0
1351,SINAC_BD_0001351,17517,Bosque deciduo,1.4918913028141938,SINAC - Consenso bosque deciduo 2021-2023,2021-2023,1,0,0,0
1352,SINAC_BD_0001352,17520,Bosque deciduo,3.197130155822049,SINAC - Consenso bosque deciduo 2021-2023,2021-2023,1,1,0,0
1353,SINAC_BD_0001353,17561,Bosque deciduo,1.3578688570581334,SINAC - Consenso bosque deciduo 2021-2023,2021-2023,1,0,0,0
1354,SINAC_BD_0001354,17573,Bosque deciduo,2.2962750560162624,SINAC - Consenso bosque deciduo 2021-2023,2021-2023,0,0,0,0
1355,SINAC_BD_0001355,17574,Bosque deciduo,2.7907741327147413,SINAC - Consenso bosque deciduo 2021-2023,2021-2023,1,1,0,0
1356,SINAC_BD_0001356,17593,Bosque deciduo,3.2051615252091463,SINAC - Consenso bosque deciduo 2021-2023,2021-2023,1,0,0,0
1357,SINAC_BD_0001357,17609,Bosque deciduo,1.2636809808950211,SINAC - Consenso bosque deciduo 2021-2023,2021-2023,0,0,0,0
1358,SINAC_BD_0001358,17620,Bosque deciduo,6.882018288967225,SINAC - Consenso bosque deciduo 2021-2023,2021-2023,1,1,0,0
1359,SINAC_BD_0001359,17633,Bosque deciduo,6.090069390652906,SINAC - Consenso bosque deciduo 2021-2023,2021-2023,1,0,0,0
1360,SINAC_BD_0001360,17641,Bosque deciduo,41.35507807631493,SINAC - Consenso bosque deciduo 2021-2023,2021-2023,1,1,1,0
1361,SINAC_BD_0001361,17655,Bosque deciduo,1.5563306816963458,SINAC - Consenso bosque deciduo 2021-2023,2021-2023,0,0,0,0
1362,SINAC_BD_0001362,17675,Bosque deciduo,2.0128921216043714,SINAC - Consenso bosque deciduo 2021-2023,2021-2023,0,0,0,0
1363,SINAC_BD_0001363,17677,Bosque deciduo,1.7604387132035202,SINAC - Consenso bosque deciduo 2021-2023,2021-2023,0,0,0,0
1364,SINAC_BD_0001364,17700,Bosque deciduo,26.66694278389333,SINAC - Consenso bosque deciduo 2021-2023,2021-2023,1,0,0,0
1365,SINAC_BD_0001365,17711,Bosque deciduo,2.31614363331123,SINAC - Consenso bosque deciduo 2021-2023,2021-2023,0,0,0,0
1366,SINAC_BD_0001366,17713,Bosque deciduo,1.14,SINAC - Consenso bosque deciduo 2021-2023,2021-2023,1,0,0,0
1367,SINAC_BD_0001367,17717,Bosque deciduo,1.1244263833222812,SINAC - Consenso bosque deciduo 2021-2023,2021-2023,1,1,1,0
1368,SINAC_BD_0001368,17719,Bosque deciduo,1.3213645783747205,SINAC - Consenso bosque deciduo 2021-2023,2021-2023,0,0,0,0
1369,SINAC_BD_0001369,17775,Bosque deciduo,1.8137729797909374,SINAC - Consenso bosque deciduo 2021-2023,2021-2023,0,0,0,0
1370,SINAC_BD_0001370,17779,Bosque deciduo,1.8565763070443646,SINAC - Consenso bosque deciduo 2021-2023,2021-2023,0,0,0,0
1371,SINAC_BD_0001371,17784,Bosque deciduo,11.34,SINAC - Consenso bosque deciduo 2021-2023,2021-2023,1,1,1,0
1372,SINAC_BD_0001372,17791,Bosque deciduo,6.281936880406137,SINAC - Consenso bosque deciduo 2021-2023,2021-2023,0,0,1,0
1373,SINAC_BD_0001373,17811,Bosque deciduo,2.691518180313336,SINAC - Consenso bosque deciduo 2021-2023,2021-2023,0,0,0,0
1374,SINAC_BD_0001374,17812,Bosque deciduo,8.580719472843974,SINAC - Consenso bosque deciduo 2021-2023,2021-2023,0,0,0,0
1375,SINAC_BD_0001375,17843,Bosque deciduo,4.763989420171032,SINAC - Consenso bosque deciduo 2021-2023,2021-2023,0,0,0,0
1376,SINAC_BD_0001376,17850,Bosque deciduo,1.3535273077324088,SINAC - Consenso bosque deciduo 2021-2023,2021-2023,0,0,0,0
1377,SINAC_BD_0001377,17859,Bosque deciduo,4.269217010633503,SINAC - Consenso bosque deciduo 2021-2023,2021-2023,1,0,0,0
1378,SINAC_BD_0001378,17909,Bosque deciduo,16.678944076633922,SINAC - Consenso bosque deciduo 2021-2023,2021-2023,1,1,0,0
1379,SINAC_BD_0001379,17926,Bosque deciduo,9.332421233289637,SINAC - Consenso bosque deciduo 2021-2023,2021-2023,1,0,0,0
1380,SINAC_BD_0001380,17950,Bosque deciduo,9.718925526505405,SINAC - Consenso bosque deciduo 2021-2023,2021-2023,1,1,0,0
1381,SINAC_BD_0001381,17951,Bosque deciduo,4.5950541518871235,SINAC - Consenso bosque deciduo 2021-2023,2021-2023,1,0,0,0
1382,SINAC_BD_0001382,17962,Bosque deciduo,1.0099493213682607,SINAC - Consenso bosque deciduo 2021-2023,2021-2023,1,0,0,0
1383,SINAC_BD_0001383,17967,Bosque deciduo,25.4178672394219,SINAC - Consenso bosque deciduo 2021-2023,2021-2023,1,1,1,0
1384,SINAC_BD_0001384,17977,Bosque deciduo,3.0781891167034496,SINAC - Consenso bosque deciduo 2021-2023,2021-2023,0,0,0,0
1385,SINAC_BD_0001385,17982,Bosque deciduo,1.017338287044399,SINAC - Consenso bosque deciduo 2021-2023,2021-2023,1,1,0,0
1386,SINAC_BD_0001386,17992,Bosque deciduo,1.2159188616431547,SINAC - Consenso bosque deciduo 2021-2023,2021-2023,0,0,0,0
1387,SINAC_BD_0001387,18027,Bosque deciduo,1.51,SINAC - Consenso bosque deciduo 2021-2023,2021-2023,0,0,0,0
1388,SINAC_BD_0001388,18039,Bosque deciduo,1.54,SINAC - Consenso bosque deciduo 2021-2023,2021-2023,0,0,0,0
1389,SINAC_BD_0001389,18045,Bosque deciduo,3.87,SINAC - Consenso bosque deciduo 2021-2023,2021-2023,1,0,0,0
1390,SINAC_BD_0001390,18060,Bosque deciduo,1.01,SINAC - Consenso bosque deciduo 2021-2023,2021-2023,0,0,0,0
1391,SINAC_BD_0001391,18062,Bosque deciduo,9.655899540739744,SINAC - Consenso bosque deciduo 2021-2023,2021-2023,1,1,1,0
1392,SINAC_BD_0001392,18063,Bosque deciduo,1.17,SINAC - Consenso bosque deciduo 2021-2023,2021-2023,1,1,0,0
1393,SINAC_BD_0001393,18065,Bosque deciduo,1.04,SINAC - Consenso bosque deciduo 2021-2023,2021-2023,0,0,0,0
1394,SINAC_BD_0001394,18096,Bosque deciduo,7.028119804765274,SINAC - Consenso bosque deciduo 2021-2023,2021-2023,1,0,0,0
1395,SINAC_BD_0001395,18110,Bosque deciduo,1.4786502743379912,SINAC - Consenso bosque deciduo 2021-2023,2021-2023,1,1,0,0
1396,SINAC_BD_0001396,18115,Bosque deciduo,1.2361801525309577,SINAC - Consenso bosque deciduo 2021-2023,2021-2023,1,0,0,0
1397,SINAC_BD_0001397,18142,Bosque deciduo,1.2181400654388523,SINAC - Consenso bosque deciduo 2021-2023,2021-2023,1,0,0,0
1398,SINAC_BD_0001398,18143,Bosque deciduo,1.4716025184062664,SINAC - Consenso bosque deciduo 2021-2023,2021-2023,0,0,0,0
1399,SINAC_BD_0001399,18154,Bosque deciduo,1.0192634398378138,SINAC - Consenso bosque deciduo 2021-2023,2021-2023,0,0,0,0
1400,SINAC_BD_0001400,18188,Bosque deciduo,7.382300072407171,SINAC - Consenso bosque deciduo 2021-2023,2021-2023,1,1,0,0
1401,SINAC_BD_0001401,18206,Bosque deciduo,1.1176174121144495,SINAC - Consenso bosque deciduo 2021-2023,2021-2023,1,1,0,0
1402,SINAC_BD_0001402,18210,Bosque deciduo,1.0138991651316174,SINAC - Consenso bosque deciduo 2021-2023,2021-2023,0,0,0,0
1403,SINAC_BD_0001403,18219,Bosque deciduo,16.34896783943639,SINAC - Consenso bosque deciduo 2021-2023,2021-2023,1,1,0,0
1404,SINAC_BD_0001404,18221,Bosque deciduo,1569.520683920174,SINAC - Consenso bosque deciduo 2021-2023,2021-2023,1,1,1,1
1405,SINAC_BD_0001405,18242,Bosque deciduo,4.048904673351719,SINAC - Consenso bosque deciduo 2021-2023,2021-2023,0,0,0,0
1406,SINAC_BD_0001406,18248,Bosque deciduo,2.323371126761312,SINAC - Consenso bosque deciduo 2021-2023,2021-2023,1,0,0,0
1407,SINAC_BD_0001407,18273,Bosque deciduo,2.365420893721298,SINAC - Consenso bosque deciduo 2021-2023,2021-2023,1,0,0,0
1408,SINAC_BD_0001408,18274,Bosque deciduo,98.81762665775186,SINAC - Consenso bosque deciduo 2021-2023,2021-2023,1,1,0,0
1409,SINAC_BD_0001409,18277,Bosque deciduo,2.56,SINAC - Consenso bosque deciduo 2021-2023,2021-2023,1,0,0,0
1410,SINAC_BD_0001410,18280,Bosque deciduo,3.19,SINAC - Consenso bosque deciduo 2021-2023,2021-2023,1,0,0,0
1411,SINAC_BD_0001411,18288,Bosque deciduo,4.32355052866795,SINAC - Consenso bosque deciduo 2021-2023,2021-2023,1,0,0,0
1412,SINAC_BD_0001412,18294,Bosque deciduo,1.0122134923845485,SINAC - Consenso bosque deciduo 2021-2023,2021-2023,1,0,0,0
1413,SINAC_BD_0001413,18298,Bosque deciduo,1.1286289552374058,SINAC - Consenso bosque deciduo 2021-2023,2021-2023,0,0,0,0
1414,SINAC_BD_0001414,18320,Bosque deciduo,9.348849094026034,SINAC - Consenso bosque deciduo 2021-2023,2021-2023,1,0,0,0
1415,SINAC_BD_0001415,18328,Bosque deciduo,1.1293118105721935,SINAC - Consenso bosque deciduo 2021-2023,2021-2023,1,0,0,0
1416,SINAC_BD_0001416,18332,Bosque deciduo,2.43,SINAC - Consenso bosque deciduo 2021-2023,2021-2023,0,0,0,0
1417,SINAC_BD_0001417,18333,Bosque deciduo,1.6093636629353767,SINAC - Consenso bosque deciduo 2021-2023,2021-2023,0,1,0,0
1418,SINAC_BD_0001418,18334,Bosque deciduo,2.2731013966451012,SINAC - Consenso bosque deciduo 2021-2023,2021-2023,0,0,0,0
1419,SINAC_BD_0001419,18353,Bosque deciduo,1.5626085843570683,SINAC - Consenso bosque deciduo 2021-2023,2021-2023,0,0,0,0
1420,SINAC_BD_0001420,18354,Bosque deciduo,3.096567271940199,SINAC - Consenso bosque deciduo 2021-2023,2021-2023,1,0,0,0
1421,SINAC_BD_0001421,18369,Bosque deciduo,2.0819674208325565,SINAC - Consenso bosque deciduo 2021-2023,2021-2023,1,1,0,0
1422,SINAC_BD_0001422,18370,Bosque deciduo,1.7605538534535936,SINAC - Consenso bosque deciduo 2021-2023,2021-2023,0,0,0,0
1423,SINAC_BD_0001423,18386,Bosque deciduo,1.09,SINAC - Consenso bosque deciduo 2021-2023,2021-2023,0,0,0,0
1424,SINAC_BD_0001424,18395,Bosque deciduo,2.2562790580207164,SINAC - Consenso bosque deciduo 2021-2023,2021-2023,1,0,0,0
1425,SINAC_BD_0001425,18406,Bosque deciduo,7.87778424445953,SINAC - Consenso bosque deciduo 2021-2023,2021-2023,1,1,0,0
1426,SINAC_BD_0001426,18415,Bosque deciduo,1.118214009142076,SINAC - Consenso bosque deciduo 2021-2023,2021-2023,0,0,0,0
1427,SINAC_BD_0001427,18417,Bosque deciduo,1.6540836896283917,SINAC - Consenso bosque deciduo 2021-2023,2021-2023,0,0,0,0
1428,SINAC_BD_0001428,18427,Bosque deciduo,1.6118771145019684,SINAC - Consenso bosque deciduo 2021-2023,2021-2023,0,0,0,0
1429,SINAC_BD_0001429,18441,Bosque deciduo,2.098626853994417,SINAC - Consenso bosque deciduo 2021-2023,2021-2023,0,0,0,0
1430,SINAC_BD_0001430,18463,Bosque deciduo,2.0907488083723984,SINAC - Consenso bosque deciduo 2021-2023,2021-2023,1,0,0,0
1431,SINAC_BD_0001431,18483,Bosque deciduo,1.28,SINAC - Consenso bosque deciduo 2021-2023,2021-2023,0,0,0,0
1432,SINAC_BD_0001432,18495,Bosque deciduo,6.529354076145168,SINAC - Consenso bosque deciduo 2021-2023,2021-2023,1,1,1,0
1433,SINAC_BD_0001433,18501,Bosque deciduo,24.462611574090324,SINAC - Consenso bosque deciduo 2021-2023,2021-2023,1,1,0,0
1434,SINAC_BD_0001434,18516,Bosque deciduo,44.042523512031266,SINAC - Consenso bosque deciduo 2021-2023,2021-2023,1,1,0,0
1435,SINAC_BD_0001435,18537,Bosque deciduo,5.055177166791094,SINAC - Consenso bosque deciduo 2021-2023,2021-2023,1,0,0,0
1436,SINAC_BD_0001436,18571,Bosque deciduo,2.626353692853266,SINAC - Consenso bosque deciduo 2021-2023,2021-2023,0,1,0,0
1437,SINAC_BD_0001437,18576,Bosque deciduo,1.4947393573573584,SINAC - Consenso bosque deciduo 2021-2023,2021-2023,1,0,0,0
1438,SINAC_BD_0001438,18579,Bosque deciduo,2.0988696334617596,SINAC - Consenso bosque deciduo 2021-2023,2021-2023,1,0,0,0
1439,SINAC_BD_0001439,18583,Bosque deciduo,7.648456624111582,SINAC - Consenso bosque deciduo 2021-2023,2021-2023,1,1,0,0
1440,SINAC_BD_0001440,18604,Bosque deciduo,1.03,SINAC - Consenso bosque deciduo 2021-2023,2021-2023,0,0,0,0
1441,SINAC_BD_0001441,18612,Bosque deciduo,3.3,SINAC - Consenso bosque deciduo 2021-2023,2021-2023,1,0,0,0
1442,SINAC_BD_0001442,18613,Bosque deciduo,1.41,SINAC - Consenso bosque deciduo 2021-2023,2021-2023,1,0,0,0
1443,SINAC_BD_0001443,18634,Bosque deciduo,4.021321359587235,SINAC - Consenso bosque deciduo 2021-2023,2021-2023,1,0,0,0
1444,SINAC_BD_0001444,18640,Bosque deciduo,1.66215040006313,SINAC - Consenso bosque deciduo 2021-2023,2021-2023,0,0,0,0
1445,SINAC_BD_0001445,18655,Bosque deciduo,5.1968059974593555,SINAC - Consenso bosque deciduo 2021-2023,2021-2023,1,0,0,0
1446,SINAC_BD_0001446,18692,Bosque deciduo,5.502634074972634,SINAC - Consenso bosque deciduo 2021-2023,2021-2023,1,0,1,0
1447,SINAC_BD_0001447,18694,Bosque deciduo,11.791500681226555,SINAC - Consenso bosque deciduo 2021-2023,2021-2023,1,0,0,0
1448,SINAC_BD_0001448,18695,Bosque deciduo,1.17,SINAC - Consenso bosque deciduo 2021-2023,2021-2023,0,0,0,0
1449,SINAC_BD_0001449,18696,Bosque deciduo,1.1099139373299927,SINAC - Consenso bosque deciduo 2021-2023,2021-2023,1,0,0,0
1450,SINAC_BD_0001450,18744,Bosque deciduo,2.11780053594315,SINAC - Consenso bosque deciduo 2021-2023,2021-2023,0,0,0,0
1451,SINAC_BD_0001451,18745,Bosque deciduo,1.18,SINAC - Consenso bosque deciduo 2021-2023,2021-2023,0,0,0,0
1452,SINAC_BD_0001452,18746,Bosque deciduo,2.6988652530956694,SINAC - Consenso bosque deciduo 2021-2023,2021-2023,0,0,0,0
1453,SINAC_BD_0001453,18747,Bosque deciduo,2.13,SINAC - Consenso bosque deciduo 2021-2023,2021-2023,0,0,0,0
1454,SINAC_BD_0001454,18756,Bosque deciduo,1.1374932511114186,SINAC - Consenso bosque deciduo 2021-2023,2021-2023,1,0,0,0
1455,SINAC_BD_0001455,18757,Bosque deciduo,183.24306764668805,SINAC - Consenso bosque deciduo 2021-2023,2021-2023,1,1,1,0
1456,SINAC_BD_0001456,18806,Bosque deciduo,5.4214759510185555,SINAC - Consenso bosque deciduo 2021-2023,2021-2023,1,0,0,0
1457,SINAC_BD_0001457,18811,Bosque deciduo,1.35,SINAC - Consenso bosque deciduo 2021-2023,2021-2023,0,0,0,0
1458,SINAC_BD_0001458,18812,Bosque deciduo,1.03,SINAC - Consenso bosque deciduo 2021-2023,2021-2023,0,0,0,0
1459,SINAC_BD_0001459,18818,Bosque deciduo,3.446287314318969,SINAC - Consenso bosque deciduo 2021-2023,2021-2023,0,0,0,0
1460,SINAC_BD_0001460,18824,Bosque deciduo,1.8356783650969424,SINAC - Consenso bosque deciduo 2021-2023,2021-2023,0,1,0,0
1461,SINAC_BD_0001461,18837,Bosque deciduo,2.985256914093319,SINAC - Consenso bosque deciduo 2021-2023,2021-2023,0,0,0,0
1462,SINAC_BD_0001462,18884,Bosque deciduo,2.33,SINAC - Consenso bosque deciduo 2021-2023,2021-2023,0,0,0,0
1463,SINAC_BD_0001463,18904,Bosque deciduo,3.455972048718579,SINAC - Consenso bosque deciduo 2021-2023,2021-2023,0,0,0,0
1464,SINAC_BD_0001464,18926,Bosque deciduo,1.19,SINAC - Consenso bosque deciduo 2021-2023,2021-2023,0,0,0,0
1465,SINAC_BD_0001465,18965,Bosque deciduo,8.051162923414967,SINAC - Consenso bosque deciduo 2021-2023,2021-2023,1,0,0,0
1466,SINAC_BD_0001466,18966,Bosque deciduo,3.3775125117208873,SINAC - Consenso bosque deciduo 2021-2023,2021-2023,0,0,0,0
1467,SINAC_BD_0001467,18971,Bosque deciduo,1.3732993733245744,SINAC - Consenso bosque deciduo 2021-2023,2021-2023,1,0,0,0
1468,SINAC_BD_0001468,18972,Bosque deciduo,3.589484671953445,SINAC - Consenso bosque deciduo 2021-2023,2021-2023,1,0,0,0
1469,SINAC_BD_0001469,18976,Bosque deciduo,1.2342329107973207,SINAC - Consenso bosque deciduo 2021-2023,2021-2023,0,0,0,0
1470,SINAC_BD_0001470,19000,Bosque deciduo,3.957470634145711,SINAC - Consenso bosque deciduo 2021-2023,2021-2023,0,0,0,0
1471,SINAC_BD_0001471,19025,Bosque deciduo,2.704163798904896,SINAC - Consenso bosque deciduo 2021-2023,2021-2023,1,1,0,0
1472,SINAC_BD_0001472,19033,Bosque deciduo,1.0847029623923725,SINAC - Consenso bosque deciduo 2021-2023,2021-2023,1,0,0,0
1473,SINAC_BD_0001473,19046,Bosque deciduo,1.4297474834866353,SINAC - Consenso bosque deciduo 2021-2023,2021-2023,1,0,0,0
1474,SINAC_BD_0001474,19051,Bosque deciduo,9.277140484528477,SINAC - Consenso bosque deciduo 2021-2023,2021-2023,1,1,0,0
1475,SINAC_BD_0001475,19079,Bosque deciduo,1.24,SINAC - Consenso bosque deciduo 2021-2023,2021-2023,0,0,0,0
1476,SINAC_BD_0001476,19092,Bosque deciduo,7.9,SINAC - Consenso bosque deciduo 2021-2023,2021-2023,1,1,0,0
1477,SINAC_BD_0001477,19099,Bosque deciduo,1.5723281169275,SINAC - Consenso bosque deciduo 2021-2023,2021-2023,1,0,0,0
1478,SINAC_BD_0001478,19131,Bosque deciduo,5.342069455376833,SINAC - Consenso bosque deciduo 2021-2023,2021-2023,0,0,0,0
1479,SINAC_BD_0001479,19146,Bosque deciduo,1.8373450140326368,SINAC - Consenso bosque deciduo 2021-2023,2021-2023,1,1,1,0
1480,SINAC_BD_0001480,19147,Bosque deciduo,4.589226372499144,SINAC - Consenso bosque deciduo 2021-2023,2021-2023,1,0,0,0
1481,SINAC_BD_0001481,19155,Bosque deciduo,2.2020960823293776,SINAC - Consenso bosque deciduo 2021-2023,2021-2023,0,0,0,0
1482,SINAC_BD_0001482,19157,Bosque deciduo,3.144593436161089,SINAC - Consenso bosque deciduo 2021-2023,2021-2023,1,0,0,0
1483,SINAC_BD_0001483,19184,Bosque deciduo,1.8112279815422203,SINAC - Consenso bosque deciduo 2021-2023,2021-2023,0,0,0,0
1484,SINAC_BD_0001484,19189,Bosque deciduo,1.2497997584526257,SINAC - Consenso bosque deciduo 2021-2023,2021-2023,1,0,0,0
1485,SINAC_BD_0001485,19195,Bosque deciduo,1.650983608101866,SINAC - Consenso bosque deciduo 2021-2023,2021-2023,0,0,0,0
1486,SINAC_BD_0001486,19199,Bosque deciduo,1.0759917912536294,SINAC - Consenso bosque deciduo 2021-2023,2021-2023,1,0,0,0
1487,SINAC_BD_0001487,19230,Bosque deciduo,1.2203648032029308,SINAC - Consenso bosque deciduo 2021-2023,2021-2023,0,0,0,0
1488,SINAC_BD_0001488,19253,Bosque deciduo,93.03066704716065,SINAC - Consenso bosque deciduo 2021-2023,2021-2023,1,1,1,1
1489,SINAC_BD_0001489,19256,Bosque deciduo,2.343127770500507,SINAC - Consenso bosque deciduo 2021-2023,2021-2023,0,0,0,0
1490,SINAC_BD_0001490,19259,Bosque deciduo,5.585544557291813,SINAC - Consenso bosque deciduo 2021-2023,2021-2023,1,0,1,0
1491,SINAC_BD_0001491,19264,Bosque deciduo,1.1740943307651488,SINAC - Consenso bosque deciduo 2021-2023,2021-2023,1,1,0,0
1492,SINAC_BD_0001492,19297,Bosque deciduo,1.4653033852756003,SINAC - Consenso bosque deciduo 2021-2023,2021-2023,0,0,0,0
1493,SINAC_BD_0001493,19298,Bosque deciduo,2.187248865016482,SINAC - Consenso bosque deciduo 2021-2023,2021-2023,0,1,0,0
1494,SINAC_BD_0001494,19310,Bosque deciduo,1.12,SINAC - Consenso bosque deciduo 2021-2023,2021-2023,0,0,0,0
1495,SINAC_BD_0001495,19312,Bosque deciduo,1.14,SINAC - Consenso bosque deciduo 2021-2023,2021-2023,1,0,0,0
1496,SINAC_BD_0001496,19313,Bosque deciduo,1.1320561870275032,SINAC - Consenso bosque deciduo 2021-2023,2021-2023,0,0,0,0
1497,SINAC_BD_0001497,19320,Bosque deciduo,8.670712002396977,SINAC - Consenso bosque deciduo 2021-2023,2021-2023,1,0,0,0
1498,SINAC_BD_0001498,19321,Bosque deciduo,4.876332601958884,SINAC - Consenso bosque deciduo 2021-2023,2021-2023,1,0,0,0
1499,SINAC_BD_0001499,19326,Bosque deciduo,5.682298579755759,SINAC - Consenso bosque deciduo 2021-2023,2021-2023,1,1,1,0
1500,SINAC_BD_0001500,19336,Bosque deciduo,1.45,SINAC - Consenso bosque deciduo 2021-2023,2021-2023,1,0,0,0
1501,SINAC_BD_0001501,19351,Bosque deciduo,4.225253687693439,SINAC - Consenso bosque deciduo 2021-2023,2021-2023,1,0,0,0
1502,SINAC_BD_0001502,19354,Bosque deciduo,1.1714153274903152,SINAC - Consenso bosque deciduo 2021-2023,2021-2023,0,0,0,0
1503,SINAC_BD_0001503,19355,Bosque deciduo,2.2873515053806894,SINAC - Consenso bosque deciduo 2021-2023,2021-2023,0,0,0,0
1504,SINAC_BD_0001504,19410,Bosque deciduo,1.1969880510570703,SINAC - Consenso bosque deciduo 2021-2023,2021-2023,0,0,0,0
1505,SINAC_BD_0001505,19438,Bosque deciduo,2.110214838509034,SINAC - Consenso bosque deciduo 2021-2023,2021-2023,0,0,0,0
1506,SINAC_BD_0001506,19462,Bosque deciduo,3.69,SINAC - Consenso bosque deciduo 2021-2023,2021-2023,0,0,0,0
1507,SINAC_BD_0001507,19487,Bosque deciduo,28.26709329488472,SINAC - Consenso bosque deciduo 2021-2023,2021-2023,1,1,0,0
1508,SINAC_BD_0001508,19532,Bosque deciduo,2.1295209798533548,SINAC - Consenso bosque deciduo 2021-2023,2021-2023,1,0,0,0
1509,SINAC_BD_0001509,19563,Bosque deciduo,2.4877429306737513,SINAC - Consenso bosque deciduo 2021-2023,2021-2023,0,0,0,0
1510,SINAC_BD_0001510,19592,Bosque deciduo,10.426118190820347,SINAC - Consenso bosque deciduo 2021-2023,2021-2023,0,0,0,0
1511,SINAC_BD_0001511,19595,Bosque deciduo,63.21147526305758,SINAC - Consenso bosque deciduo 2021-2023,2021-2023,1,1,0,0
1512,SINAC_BD_0001512,19596,Bosque deciduo,2.757877649082094,SINAC - Consenso bosque deciduo 2021-2023,2021-2023,1,0,1,0
1513,SINAC_BD_0001513,19601,Bosque deciduo,2.370354958179428,SINAC - Consenso bosque deciduo 2021-2023,2021-2023,1,0,0,0
1514,SINAC_BD_0001514,19639,Bosque deciduo,4.2245800724639215,SINAC - Consenso bosque deciduo 2021-2023,2021-2023,1,1,0,0
1515,SINAC_BD_0001515,19640,Bosque deciduo,75.87688277107375,SINAC - Consenso bosque deciduo 2021-2023,2021-2023,1,1,0,0
1516,SINAC_BD_0001516,19645,Bosque deciduo,6.116117451613917,SINAC - Consenso bosque deciduo 2021-2023,2021-2023,1,1,0,0
1517,SINAC_BD_0001517,19667,Bosque deciduo,2.2417477246656845,SINAC - Consenso bosque deciduo 2021-2023,2021-2023,0,0,0,0
1518,SINAC_BD_0001518,19678,Bosque deciduo,3.37,SINAC - Consenso bosque deciduo 2021-2023,2021-2023,1,0,0,0
1519,SINAC_BD_0001519,19686,Bosque deciduo,1.0018031217007213,SINAC - Consenso bosque deciduo 2021-2023,2021-2023,1,1,0,0
1520,SINAC_BD_0001520,19687,Bosque deciduo,6.92164784870626,SINAC - Consenso bosque deciduo 2021-2023,2021-2023,0,0,0,0
1521,SINAC_BD_0001521,19689,Bosque deciduo,1.094097951007984,SINAC - Consenso bosque deciduo 2021-2023,2021-2023,0,0,0,0
1522,SINAC_BD_0001522,19703,Bosque deciduo,7.7815766500620605,SINAC - Consenso bosque deciduo 2021-2023,2021-2023,0,0,0,0
1523,SINAC_BD_0001523,19729,Bosque deciduo,49.291962932157084,SINAC - Consenso bosque deciduo 2021-2023,2021-2023,1,1,0,0
1524,SINAC_BD_0001524,19731,Bosque deciduo,93.7436097525378,SINAC - Consenso bosque deciduo 2021-2023,2021-2023,1,1,1,0
1525,SINAC_BD_0001525,19736,Bosque deciduo,5.303156057628156,SINAC - Consenso bosque deciduo 2021-2023,2021-2023,1,0,0,0
1526,SINAC_BD_0001526,19744,Bosque deciduo,1.6564937543995448,SINAC - Consenso bosque deciduo 2021-2023,2021-2023,1,0,0,0
1527,SINAC_BD_0001527,19745,Bosque deciduo,17.241306347520958,SINAC - Consenso bosque deciduo 2021-2023,2021-2023,1,1,0,0
1528,SINAC_BD_0001528,19750,Bosque deciduo,1.8530877317769154,SINAC - Consenso bosque deciduo 2021-2023,2021-2023,0,0,0,0
1529,SINAC_BD_0001529,19771,Bosque deciduo,1.9184602528600583,SINAC - Consenso bosque deciduo 2021-2023,2021-2023,0,0,0,0
1530,SINAC_BD_0001530,19778,Bosque deciduo,9.565576352108554,SINAC - Consenso bosque deciduo 2021-2023,2021-2023,1,1,0,0
1531,SINAC_BD_0001531,19823,Bosque deciduo,254.62836623816406,SINAC - Consenso bosque deciduo 2021-2023,2021-2023,1,1,1,1
1532,SINAC_BD_0001532,19827,Bosque deciduo,1.26,SINAC - Consenso bosque deciduo 2021-2023,2021-2023,0,0,0,0
1533,SINAC_BD_0001533,19845,Bosque deciduo,5.075326348614802,SINAC - Consenso bosque deciduo 2021-2023,2021-2023,0,0,0,0
1534,SINAC_BD_0001534,19870,Bosque deciduo,1.4867329810296022,SINAC - Consenso bosque deciduo 2021-2023,2021-2023,0,0,0,0
1535,SINAC_BD_0001535,19871,Bosque deciduo,6.576651304582211,SINAC - Consenso bosque deciduo 2021-2023,2021-2023,1,0,0,0
1536,SINAC_BD_0001536,19875,Bosque deciduo,4.620627189176083,SINAC - Consenso bosque deciduo 2021-2023,2021-2023,1,1,0,0
1537,SINAC_BD_0001537,19901,Bosque deciduo,17.73296280659,SINAC - Consenso bosque deciduo 2021-2023,2021-2023,1,0,0,0
1538,SINAC_BD_0001538,19911,Bosque deciduo,5.739647107847032,SINAC - Consenso bosque deciduo 2021-2023,2021-2023,1,0,0,0
1539,SINAC_BD_0001539,19912,Bosque deciduo,1.4142831871934336,SINAC - Consenso bosque deciduo 2021-2023,2021-2023,0,0,0,0
1540,SINAC_BD_0001540,19933,Bosque deciduo,4.042297446231477,SINAC - Consenso bosque deciduo 2021-2023,2021-2023,1,1,0,0
1541,SINAC_BD_0001541,19942,Bosque deciduo,2.083250056708718,SINAC - Consenso bosque deciduo 2021-2023,2021-2023,1,0,0,0
1542,SINAC_BD_0001542,19943,Bosque deciduo,1.6410135014598815,SINAC - Consenso bosque deciduo 2021-2023,2021-2023,0,0,0,0
1543,SINAC_BD_0001543,19946,Bosque deciduo,6.040450835874828,SINAC - Consenso bosque deciduo 2021-2023,2021-2023,1,1,1,1
1544,SINAC_BD_0001544,19947,Bosque deciduo,3.2277325942565165,SINAC - Consenso bosque deciduo 2021-2023,2021-2023,0,0,0,0
1545,SINAC_BD_0001545,19996,Bosque deciduo,8.545029030891625,SINAC - Consenso bosque deciduo 2021-2023,2021-2023,1,0,0,0
1546,SINAC_BD_0001546,20015,Bosque deciduo,6.594586503275172,SINAC - Consenso bosque deciduo 2021-2023,2021-2023,0,1,0,0
1547,SINAC_BD_0001547,20044,Bosque deciduo,1.81,SINAC - Consenso bosque deciduo 2021-2023,2021-2023,1,0,0,0
1548,SINAC_BD_0001548,20046,Bosque deciduo,1.8314750990533244,SINAC - Consenso bosque deciduo 2021-2023,2021-2023,1,0,0,0
1549,SINAC_BD_0001549,20092,Bosque deciduo,4.623028745052268,SINAC - Consenso bosque deciduo 2021-2023,2021-2023,0,0,0,0
1550,SINAC_BD_0001550,20093,Bosque deciduo,3.966749712518667,SINAC - Consenso bosque deciduo 2021-2023,2021-2023,1,1,0,0
1551,SINAC_BD_0001551,20095,Bosque deciduo,1.97,SINAC - Consenso bosque deciduo 2021-2023,2021-2023,0,0,0,0
1552,SINAC_BD_0001552,20097,Bosque deciduo,1.3884571817616882,SINAC - Consenso bosque deciduo 2021-2023,2021-2023,1,0,0,0
1553,SINAC_BD_0001553,20101,Bosque deciduo,77.20767167506062,SINAC - Consenso bosque deciduo 2021-2023,2021-2023,1,1,1,0
1554,SINAC_BD_0001554,20111,Bosque deciduo,1.229541816172006,SINAC - Consenso bosque deciduo 2021-2023,2021-2023,0,0,0,0
1555,SINAC_BD_0001555,20134,Bosque deciduo,2.7849858079602186,SINAC - Consenso bosque deciduo 2021-2023,2021-2023,1,1,0,0
1556,SINAC_BD_0001556,20173,Bosque deciduo,3.6429931408000775,SINAC - Consenso bosque deciduo 2021-2023,2021-2023,1,0,0,0
1557,SINAC_BD_0001557,20176,Bosque deciduo,1.0715872800626332,SINAC - Consenso bosque deciduo 2021-2023,2021-2023,0,0,0,0
1558,SINAC_BD_0001558,20207,Bosque deciduo,9.580389680078357,SINAC - Consenso bosque deciduo 2021-2023,2021-2023,1,1,1,0
1559,SINAC_BD_0001559,20210,Bosque deciduo,7.297318594008498,SINAC - Consenso bosque deciduo 2021-2023,2021-2023,1,0,0,0
1560,SINAC_BD_0001560,20250,Bosque deciduo,32.73301532941514,SINAC - Consenso bosque deciduo 2021-2023,2021-2023,1,0,0,0
1561,SINAC_BD_0001561,20254,Bosque deciduo,1.5804246601651841,SINAC - Consenso bosque deciduo 2021-2023,2021-2023,1,0,0,0
1562,SINAC_BD_0001562,20265,Bosque deciduo,3.4923664020308074,SINAC - Consenso bosque deciduo 2021-2023,2021-2023,0,0,0,0
1563,SINAC_BD_0001563,20304,Bosque deciduo,1.181323727443877,SINAC - Consenso bosque deciduo 2021-2023,2021-2023,1,0,0,0
1564,SINAC_BD_0001564,20342,Bosque deciduo,6.477766298895281,SINAC - Consenso bosque deciduo 2021-2023,2021-2023,0,0,0,0
1565,SINAC_BD_0001565,20345,Bosque deciduo,39.92487137477321,SINAC - Consenso bosque deciduo 2021-2023,2021-2023,1,1,1,0
1566,SINAC_BD_0001566,20351,Bosque deciduo,3.7061319454771713,SINAC - Consenso bosque deciduo 2021-2023,2021-2023,1,0,1,0
1567,SINAC_BD_0001567,20354,Bosque deciduo,1.0811757953374672,SINAC - Consenso bosque deciduo 2021-2023,2021-2023,1,0,0,0
1568,SINAC_BD_0001568,20358,Bosque deciduo,7.6942019348285084,SINAC - Consenso bosque deciduo 2021-2023,2021-2023,1,0,0,0
1569,SINAC_BD_0001569,20370,Bosque deciduo,2.32,SINAC - Consenso bosque deciduo 2021-2023,2021-2023,0,0,0,0
1570,SINAC_BD_0001570,20373,Bosque deciduo,2.7027157798682913,SINAC - Consenso bosque deciduo 2021-2023,2021-2023,1,0,0,0
1571,SINAC_BD_0001571,20374,Bosque deciduo,1.024502213099366,SINAC - Consenso bosque deciduo 2021-2023,2021-2023,0,0,0,0
1572,SINAC_BD_0001572,20413,Bosque deciduo,1.0374434890933626,SINAC - Consenso bosque deciduo 2021-2023,2021-2023,0,0,0,0
1573,SINAC_BD_0001573,20449,Bosque deciduo,2.2477024031366453,SINAC - Consenso bosque deciduo 2021-2023,2021-2023,0,0,0,0
1574,SINAC_BD_0001574,20451,Bosque deciduo,1.705428793264579,SINAC - Consenso bosque deciduo 2021-2023,2021-2023,0,0,0,0
1575,SINAC_BD_0001575,20461,Bosque deciduo,2.918900320199087,SINAC - Consenso bosque deciduo 2021-2023,2021-2023,1,0,0,0
1576,SINAC_BD_0001576,20470,Bosque deciduo,1.4612850927676861,SINAC - Consenso bosque deciduo 2021-2023,2021-2023,0,0,0,0
1577,SINAC_BD_0001577,20482,Bosque deciduo,1.4078059935854792,SINAC - Consenso bosque deciduo 2021-2023,2021-2023,0,0,0,0
1578,SINAC_BD_0001578,20488,Bosque deciduo,1.053197880160484,SINAC - Consenso bosque deciduo 2021-2023,2021-2023,0,0,0,0
1579,SINAC_BD_0001579,20498,Bosque deciduo,12.118501323923605,SINAC - Consenso bosque deciduo 2021-2023,2021-2023,1,1,1,0
1580,SINAC_BD_0001580,20506,Bosque deciduo,1.4094669585940267,SINAC - Consenso bosque deciduo 2021-2023,2021-2023,1,1,0,0
1581,SINAC_BD_0001581,20518,Bosque deciduo,1.2393893078507483,SINAC - Consenso bosque deciduo 2021-2023,2021-2023,1,0,0,0
1582,SINAC_BD_0001582,20543,Bosque deciduo,4.434987090363248,SINAC - Consenso bosque deciduo 2021-2023,2021-2023,1,1,1,0
1583,SINAC_BD_0001583,20551,Bosque deciduo,1.064973118727612,SINAC - Consenso bosque deciduo 2021-2023,2021-2023,0,0,0,0
1584,SINAC_BD_0001584,20565,Bosque deciduo,1.5017697231623008,SINAC - Consenso bosque deciduo 2021-2023,2021-2023,0,0,0,0
1585,SINAC_BD_0001585,20570,Bosque deciduo,1.54202101446605,SINAC - Consenso bosque deciduo 2021-2023,2021-2023,1,0,0,0
1586,SINAC_BD_0001586,20610,Bosque deciduo,1.3453551503637757,SINAC - Consenso bosque deciduo 2021-2023,2021-2023,1,0,0,0
1587,SINAC_BD_0001587,20617,Bosque deciduo,1.3959872321980658,SINAC - Consenso bosque deciduo 2021-2023,2021-2023,1,1,0,0
1588,SINAC_BD_0001588,20629,Bosque deciduo,2.0836748190328596,SINAC - Consenso bosque deciduo 2021-2023,2021-2023,1,0,0,0
1589,SINAC_BD_0001589,20644,Bosque deciduo,7.302815593774538,SINAC - Consenso bosque deciduo 2021-2023,2021-2023,1,0,0,0
1590,SINAC_BD_0001590,20649,Bosque deciduo,79.65037990330946,SINAC - Consenso bosque deciduo 2021-2023,2021-2023,1,1,1,0
1591,SINAC_BD_0001591,20689,Bosque deciduo,27.754847942593646,SINAC - Consenso bosque deciduo 2021-2023,2021-2023,1,1,0,0
1592,SINAC_BD_0001592,20709,Bosque deciduo,1.1936848784530125,SINAC - Consenso bosque deciduo 2021-2023,2021-2023,0,0,0,0
1593,SINAC_BD_0001593,20749,Bosque deciduo,1.1704413260671525,SINAC - Consenso bosque deciduo 2021-2023,2021-2023,0,0,0,0
1594,SINAC_BD_0001594,20783,Bosque deciduo,1.3411412924781145,SINAC - Consenso bosque deciduo 2021-2023,2021-2023,1,0,0,0
1595,SINAC_BD_0001595,20794,Bosque deciduo,1.1429809927306323,SINAC - Consenso bosque deciduo 2021-2023,2021-2023,0,0,0,0
1596,SINAC_BD_0001596,20848,Bosque deciduo,24.071759014568126,SINAC - Consenso bosque deciduo 2021-2023,2021-2023,1,1,0,0
1597,SINAC_BD_0001597,20860,Bosque deciduo,1.5758302596577158,SINAC - Consenso bosque deciduo 2021-2023,2021-2023,0,0,0,0
1598,SINAC_BD_0001598,20861,Bosque deciduo,1.4566777909256197,SINAC - Consenso bosque deciduo 2021-2023,2021-2023,0,0,0,0
1599,SINAC_BD_0001599,20869,Bosque deciduo,1.31,SINAC - Consenso bosque deciduo 2021-2023,2021-2023,0,0,0,0
1600,SINAC_BD_0001600,20881,Bosque deciduo,5.048055323676247,SINAC - Consenso bosque deciduo 2021-2023,2021-2023,0,0,0,0
1601,SINAC_BD_0001601,20888,Bosque deciduo,1.21,SINAC - Consenso bosque deciduo 2021-2023,2021-2023,0,0,0,0
1602,SINAC_BD_0001602,20900,Bosque deciduo,1.0247382658400377,SINAC - Consenso bosque deciduo 2021-2023,2021-2023,0,0,0,0
1603,SINAC_BD_0001603,20902,Bosque deciduo,2.42,SINAC - Consenso bosque deciduo 2021-2023,2021-2023,1,1,0,0
1604,SINAC_BD_0001604,20913,Bosque deciduo,3.2228611291902345,SINAC - Consenso bosque deciduo 2021-2023,2021-2023,0,0,0,0
1605,SINAC_BD_0001605,20935,Bosque deciduo,7.277742554059799,SINAC - Consenso bosque deciduo 2021-2023,2021-2023,1,1,0,0
1606,SINAC_BD_0001606,20941,Bosque deciduo,1.100343206250949,SINAC - Consenso bosque deciduo 2021-2023,2021-2023,0,0,0,0
1607,SINAC_BD_0001607,20942,Bosque deciduo,2.038345691750816,SINAC - Consenso bosque deciduo 2021-2023,2021-2023,1,1,0,0
1608,SINAC_BD_0001608,20951,Bosque deciduo,6.532612308877252,SINAC - Consenso bosque deciduo 2021-2023,2021-2023,1,0,0,0
1609,SINAC_BD_0001609,20954,Bosque deciduo,2.01,SINAC - Consenso bosque deciduo 2021-2023,2021-2023,1,0,0,0
1610,SINAC_BD_0001610,20968,Bosque deciduo,1.9100344099542308,SINAC - Consenso bosque deciduo 2021-2023,2021-2023,0,0,0,0
1611,SINAC_BD_0001611,20973,Bosque deciduo,1.8960207541067087,SINAC - Consenso bosque deciduo 2021-2023,2021-2023,1,0,0,0
1612,SINAC_BD_0001612,20983,Bosque deciduo,26.10935357076733,SINAC - Consenso bosque deciduo 2021-2023,2021-2023,1,0,0,0
1613,SINAC_BD_0001613,20984,Bosque deciduo,1.3785597358599664,SINAC - Consenso bosque deciduo 2021-2023,2021-2023,0,0,0,0
1614,SINAC_BD_0001614,20990,Bosque deciduo,1.945452248441444,SINAC - Consenso bosque deciduo 2021-2023,2021-2023,0,0,0,0
1615,SINAC_BD_0001615,21000,Bosque deciduo,825.607057401948,SINAC - Consenso bosque deciduo 2021-2023,2021-2023,1,1,1,1
1616,SINAC_BD_0001616,21002,Bosque deciduo,6.449569904624247,SINAC - Consenso bosque deciduo 2021-2023,2021-2023,1,0,0,0
1617,SINAC_BD_0001617,21014,Bosque deciduo,16.431598296778027,SINAC - Consenso bosque deciduo 2021-2023,2021-2023,1,1,0,0
1618,SINAC_BD_0001618,21045,Bosque deciduo,1.0969633734819146,SINAC - Consenso bosque deciduo 2021-2023,2021-2023,1,0,0,0
1619,SINAC_BD_0001619,21048,Bosque deciduo,1.959659260999325,SINAC - Consenso bosque deciduo 2021-2023,2021-2023,1,1,1,0
1620,SINAC_BD_0001620,21100,Bosque deciduo,1.224588174708841,SINAC - Consenso bosque deciduo 2021-2023,2021-2023,1,1,0,0
1621,SINAC_BD_0001621,21106,Bosque deciduo,3.396969459031297,SINAC - Consenso bosque deciduo 2021-2023,2021-2023,1,0,0,0
1622,SINAC_BD_0001622,21109,Bosque deciduo,3.6109511528606446,SINAC - Consenso bosque deciduo 2021-2023,2021-2023,0,0,0,0
1623,SINAC_BD_0001623,21110,Bosque deciduo,1.7221994231603586,SINAC - Consenso bosque deciduo 2021-2023,2021-2023,0,0,0,0
1624,SINAC_BD_0001624,21120,Bosque deciduo,5.509285312538204,SINAC - Consenso bosque deciduo 2021-2023,2021-2023,1,1,0,0
1625,SINAC_BD_0001625,21124,Bosque deciduo,85.8253704178813,SINAC - Consenso bosque deciduo 2021-2023,2021-2023,1,1,0,0
1626,SINAC_BD_0001626,21126,Bosque deciduo,1.0164513935779211,SINAC - Consenso bosque deciduo 2021-2023,2021-2023,0,0,0,0
1627,SINAC_BD_0001627,21133,Bosque deciduo,3.1110952184384777,SINAC - Consenso bosque deciduo 2021-2023,2021-2023,1,1,0,0
1628,SINAC_BD_0001628,21151,Bosque deciduo,1.47,SINAC - Consenso bosque deciduo 2021-2023,2021-2023,0,0,0,0
1629,SINAC_BD_0001629,21161,Bosque deciduo,2.06492127957174,SINAC - Consenso bosque deciduo 2021-2023,2021-2023,1,0,0,0
1630,SINAC_BD_0001630,21176,Bosque deciduo,2.1479367572791315,SINAC - Consenso bosque deciduo 2021-2023,2021-2023,1,0,1,0
1631,SINAC_BD_0001631,21212,Bosque deciduo,3.8983591084521416,SINAC - Consenso bosque deciduo 2021-2023,2021-2023,1,0,1,0
1632,SINAC_BD_0001632,21254,Bosque deciduo,1.8781692990331662,SINAC - Consenso bosque deciduo 2021-2023,2021-2023,0,0,0,0
1633,SINAC_BD_0001633,21265,Bosque deciduo,1.4135747132614167,SINAC - Consenso bosque deciduo 2021-2023,2021-2023,0,0,0,0
1634,SINAC_BD_0001634,21271,Bosque deciduo,1.790584583694314,SINAC - Consenso bosque deciduo 2021-2023,2021-2023,1,1,0,0
1635,SINAC_BD_0001635,21274,Bosque deciduo,5.272131024741177,SINAC - Consenso bosque deciduo 2021-2023,2021-2023,1,0,0,0
1636,SINAC_BD_0001636,21281,Bosque deciduo,1.1,SINAC - Consenso bosque deciduo 2021-2023,2021-2023,0,0,0,0
1637,SINAC_BD_0001637,21283,Bosque deciduo,6.344850675719642,SINAC - Consenso bosque deciduo 2021-2023,2021-2023,1,1,0,0
1638,SINAC_BD_0001638,21336,Bosque deciduo,1.1507318877945192,SINAC - Consenso bosque deciduo 2021-2023,2021-2023,1,0,0,0
1639,SINAC_BD_0001639,21346,Bosque deciduo,1.49,SINAC - Consenso bosque deciduo 2021-2023,2021-2023,0,0,0,0
1640,SINAC_BD_0001640,21347,Bosque deciduo,1.267644045089123,SINAC - Consenso bosque deciduo 2021-2023,2021-2023,1,0,0,0
1641,SINAC_BD_0001641,21348,Bosque deciduo,4.528003033905661,SINAC - Consenso bosque deciduo 2021-2023,2021-2023,1,1,0,0
1642,SINAC_BD_0001642,21370,Bosque deciduo,5.935247637126298,SINAC - Consenso bosque deciduo 2021-2023,2021-2023,0,0,0,0
1643,SINAC_BD_0001643,21379,Bosque deciduo,33.298155617870925,SINAC - Consenso bosque deciduo 2021-2023,2021-2023,1,1,0,0
1644,SINAC_BD_0001644,21388,Bosque deciduo,1.1800720520843326,SINAC - Consenso bosque deciduo 2021-2023,2021-2023,0,0,0,0
1645,SINAC_BD_0001645,21447,Bosque deciduo,2.6142183316557186,SINAC - Consenso bosque deciduo 2021-2023,2021-2023,1,0,0,0
1646,SINAC_BD_0001646,21480,Bosque deciduo,11.312237731729894,SINAC - Consenso bosque deciduo 2021-2023,2021-2023,1,1,1,0
1647,SINAC_BD_0001647,21498,Bosque deciduo,2.374778860440217,SINAC - Consenso bosque deciduo 2021-2023,2021-2023,0,0,0,0
1648,SINAC_BD_0001648,21524,Bosque deciduo,2.699241724284595,SINAC - Consenso bosque deciduo 2021-2023,2021-2023,1,0,0,0
1649,SINAC_BD_0001649,21549,Bosque deciduo,1.1071387256297778,SINAC - Consenso bosque deciduo 2021-2023,2021-2023,0,0,0,0
1650,SINAC_BD_0001650,21552,Bosque deciduo,4.315853492419058,SINAC - Consenso bosque deciduo 2021-2023,2021-2023,0,0,0,0
1651,SINAC_BD_0001651,21565,Bosque deciduo,22.599693868274283,SINAC - Consenso bosque deciduo 2021-2023,2021-2023,1,0,0,0
1652,SINAC_BD_0001652,21581,Bosque deciduo,176.81457716809138,SINAC - Consenso bosque deciduo 2021-2023,2021-2023,1,1,1,1
1653,SINAC_BD_0001653,21585,Bosque deciduo,16.04876004637568,SINAC - Consenso bosque deciduo 2021-2023,2021-2023,1,1,0,0
1654,SINAC_BD_0001654,21587,Bosque deciduo,1.19,SINAC - Consenso bosque deciduo 2021-2023,2021-2023,1,0,0,0
1655,SINAC_BD_0001655,21597,Bosque deciduo,2.6575550156034575,SINAC - Consenso bosque deciduo 2021-2023,2021-2023,1,0,0,0
1656,SINAC_BD_0001656,21609,Bosque deciduo,6.482637368767221,SINAC - Consenso bosque deciduo 2021-2023,2021-2023,1,1,0,0
1657,SINAC_BD_0001657,21621,Bosque deciduo,1.6498764293729684,SINAC - Consenso bosque deciduo 2021-2023,2021-2023,1,0,1,0
1658,SINAC_BD_0001658,21622,Bosque deciduo,14.677794933292615,SINAC - Consenso bosque deciduo 2021-2023,2021-2023,1,1,0,0
1659,SINAC_BD_0001659,21630,Bosque deciduo,11.168137351730088,SINAC - Consenso bosque deciduo 2021-2023,2021-2023,1,1,1,1
1660,SINAC_BD_0001660,21639,Bosque deciduo,1.47,SINAC - Consenso bosque deciduo 2021-2023,2021-2023,1,0,0,0
1661,SINAC_BD_0001661,21649,Bosque deciduo,7.721778233159396,SINAC - Consenso bosque deciduo 2021-2023,2021-2023,1,1,0,0
1662,SINAC_BD_0001662,21653,Bosque deciduo,1.8482617513084085,SINAC - Consenso bosque deciduo 2021-2023,2021-2023,0,0,0,0
1663,SINAC_BD_0001663,21657,Bosque deciduo,1.4545380486631998,SINAC - Consenso bosque deciduo 2021-2023,2021-2023,0,0,0,0
1664,SINAC_BD_0001664,21658,Bosque deciduo,1.5839108507877269,SINAC - Consenso bosque deciduo 2021-2023,2021-2023,1,0,0,0
1665,SINAC_BD_0001665,21659,Bosque deciduo,1.3109751805538166,SINAC - Consenso bosque deciduo 2021-2023,2021-2023,0,1,0,0
1666,SINAC_BD_0001666,21660,Bosque deciduo,2.3581752486013317,SINAC - Consenso bosque deciduo 2021-2023,2021-2023,1,1,0,0
1667,SINAC_BD_0001667,21662,Bosque deciduo,1.1542433296204728,SINAC - Consenso bosque deciduo 2021-2023,2021-2023,1,0,0,0
1668,SINAC_BD_0001668,21671,Bosque deciduo,2.6950032712053313,SINAC - Consenso bosque deciduo 2021-2023,2021-2023,0,0,0,0
1669,SINAC_BD_0001669,21701,Bosque deciduo,2.7696308410911175,SINAC - Consenso bosque deciduo 2021-2023,2021-2023,1,1,0,0
1670,SINAC_BD_0001670,21714,Bosque deciduo,1.2472680209138785,SINAC - Consenso bosque deciduo 2021-2023,2021-2023,1,1,1,0
1671,SINAC_BD_0001671,21722,Bosque deciduo,1.3174359081896976,SINAC - Consenso bosque deciduo 2021-2023,2021-2023,0,0,0,0
1672,SINAC_BD_0001672,21724,Bosque deciduo,8.315497498739278,SINAC - Consenso bosque deciduo 2021-2023,2021-2023,1,0,0,0
1673,SINAC_BD_0001673,21738,Bosque deciduo,2.2995348627127647,SINAC - Consenso bosque deciduo 2021-2023,2021-2023,0,0,0,0
1674,SINAC_BD_0001674,21749,Bosque deciduo,2.2108963661637024,SINAC - Consenso bosque deciduo 2021-2023,2021-2023,0,0,0,0
1675,SINAC_BD_0001675,21773,Bosque deciduo,1.407587175618708,SINAC - Consenso bosque deciduo 2021-2023,2021-2023,1,0,0,0
1676,SINAC_BD_0001676,21794,Bosque deciduo,1.7767234713796038,SINAC - Consenso bosque deciduo 2021-2023,2021-2023,0,0,0,0
1677,SINAC_BD_0001677,21812,Bosque deciduo,2.9584534050448896,SINAC - Consenso bosque deciduo 2021-2023,2021-2023,1,0,0,0
1678,SINAC_BD_0001678,21815,Bosque deciduo,2.313783387229769,SINAC - Consenso bosque deciduo 2021-2023,2021-2023,1,0,1,0
1679,SINAC_BD_0001679,21861,Bosque deciduo,29.449615053454956,SINAC - Consenso bosque deciduo 2021-2023,2021-2023,1,1,0,0
1680,SINAC_BD_0001680,21876,Bosque deciduo,1.909204247766074,SINAC - Consenso bosque deciduo 2021-2023,2021-2023,0,0,0,0
1681,SINAC_BD_0001681,21891,Bosque deciduo,4.423265882113757,SINAC - Consenso bosque deciduo 2021-2023,2021-2023,0,0,0,0
1682,SINAC_BD_0001682,21908,Bosque deciduo,3.1790394176410977,SINAC - Consenso bosque deciduo 2021-2023,2021-2023,1,1,0,0
1683,SINAC_BD_0001683,21909,Bosque deciduo,3.3986544212183136,SINAC - Consenso bosque deciduo 2021-2023,2021-2023,1,1,1,0
1684,SINAC_BD_0001684,21911,Bosque deciduo,1.526622204314216,SINAC - Consenso bosque deciduo 2021-2023,2021-2023,0,0,0,0
1685,SINAC_BD_0001685,21912,Bosque deciduo,1.2886460500367636,SINAC - Consenso bosque deciduo 2021-2023,2021-2023,1,0,0,0
1686,SINAC_BD_0001686,21919,Bosque deciduo,4.782027117776977,SINAC - Consenso bosque deciduo 2021-2023,2021-2023,1,0,0,0
1687,SINAC_BD_0001687,21930,Bosque deciduo,1.0520451774851043,SINAC - Consenso bosque deciduo 2021-2023,2021-2023,0,0,0,0
1688,SINAC_BD_0001688,21970,Bosque deciduo,1.0946597510372305,SINAC - Consenso bosque deciduo 2021-2023,2021-2023,0,0,0,0
1689,SINAC_BD_0001689,21987,Bosque deciduo,2.4936541865151107,SINAC - Consenso bosque deciduo 2021-2023,2021-2023,1,0,0,0
1690,SINAC_BD_0001690,21998,Bosque deciduo,2.1582088255966916,SINAC - Consenso bosque deciduo 2021-2023,2021-2023,0,0,0,0
1691,SINAC_BD_0001691,22004,Bosque deciduo,4.539942381978219,SINAC - Consenso bosque deciduo 2021-2023,2021-2023,1,1,1,0
1692,SINAC_BD_0001692,22007,Bosque deciduo,8.59402936289796,SINAC - Consenso bosque deciduo 2021-2023,2021-2023,1,0,0,0
1693,SINAC_BD_0001693,22024,Bosque deciduo,116.8234347188859,SINAC - Consenso bosque deciduo 2021-2023,2021-2023,1,1,1,1
1694,SINAC_BD_0001694,22040,Bosque deciduo,3.9223786558972358,SINAC - Consenso bosque deciduo 2021-2023,2021-2023,1,1,0,0
1695,SINAC_BD_0001695,22067,Bosque deciduo,21.915262411986806,SINAC - Consenso bosque deciduo 2021-2023,2021-2023,1,0,0,0
1696,SINAC_BD_0001696,22070,Bosque deciduo,1.8994296187498407,SINAC - Consenso bosque deciduo 2021-2023,2021-2023,1,0,0,0
1697,SINAC_BD_0001697,22073,Bosque deciduo,2.06,SINAC - Consenso bosque deciduo 2021-2023,2021-2023,1,0,0,0
1698,SINAC_BD_0001698,22088,Bosque deciduo,9.440980849754196,SINAC - Consenso bosque deciduo 2021-2023,2021-2023,0,0,0,0
1699,SINAC_BD_0001699,22094,Bosque deciduo,1.017183766247069,SINAC - Consenso bosque deciduo 2021-2023,2021-2023,0,0,0,0
1700,SINAC_BD_0001700,22100,Bosque deciduo,1.55,SINAC - Consenso bosque deciduo 2021-2023,2021-2023,1,0,0,0
1701,SINAC_BD_0001701,22101,Bosque deciduo,3.382318714403498,SINAC - Consenso bosque deciduo 2021-2023,2021-2023,0,0,0,0
1702,SINAC_BD_0001702,22106,Bosque deciduo,1.5433122188453265,SINAC - Consenso bosque deciduo 2021-2023,2021-2023,0,0,0,0
1703,SINAC_BD_0001703,22130,Bosque deciduo,2.544576184282124,SINAC - Consenso bosque deciduo 2021-2023,2021-2023,1,1,0,0
1704,SINAC_BD_0001704,22148,Bosque deciduo,2.990354033904065,SINAC - Consenso bosque deciduo 2021-2023,2021-2023,1,1,0,0
1705,SINAC_BD_0001705,22171,Bosque deciduo,1.253925854212721,SINAC - Consenso bosque deciduo 2021-2023,2021-2023,0,0,0,0
1706,SINAC_BD_0001706,22172,Bosque deciduo,1.108134605712546,SINAC - Consenso bosque deciduo 2021-2023,2021-2023,0,0,0,0
1707,SINAC_BD_0001707,22187,Bosque deciduo,3.521759148279419,SINAC - Consenso bosque deciduo 2021-2023,2021-2023,1,1,0,0
1708,SINAC_BD_0001708,22192,Bosque deciduo,2.2804662886182965,SINAC - Consenso bosque deciduo 2021-2023,2021-2023,0,0,0,0
1709,SINAC_BD_0001709,22194,Bosque deciduo,1.1553838997291088,SINAC - Consenso bosque deciduo 2021-2023,2021-2023,1,0,0,0
1710,SINAC_BD_0001710,22214,Bosque deciduo,1.2306547113466122,SINAC - Consenso bosque deciduo 2021-2023,2021-2023,1,1,0,0
1711,SINAC_BD_0001711,22215,Bosque deciduo,1.1747682723732715,SINAC - Consenso bosque deciduo 2021-2023,2021-2023,0,0,0,0
1712,SINAC_BD_0001712,22216,Bosque deciduo,1.8230519310150637,SINAC - Consenso bosque deciduo 2021-2023,2021-2023,0,1,0,0
1713,SINAC_BD_0001713,22224,Bosque deciduo,2.51293405427388,SINAC - Consenso bosque deciduo 2021-2023,2021-2023,1,0,0,0
1714,SINAC_BD_0001714,22233,Bosque deciduo,6.573575886281474,SINAC - Consenso bosque deciduo 2021-2023,2021-2023,1,1,0,0
1715,SINAC_BD_0001715,22263,Bosque deciduo,1.1122408578755567,SINAC - Consenso bosque deciduo 2021-2023,2021-2023,0,0,0,0
1716,SINAC_BD_0001716,22282,Bosque deciduo,1.453531154022357,SINAC - Consenso bosque deciduo 2021-2023,2021-2023,1,0,0,0
1717,SINAC_BD_0001717,22287,Bosque deciduo,1.0454142337058312,SINAC - Consenso bosque deciduo 2021-2023,2021-2023,1,0,0,0
1718,SINAC_BD_0001718,22306,Bosque deciduo,1.5615163515506356,SINAC - Consenso bosque deciduo 2021-2023,2021-2023,0,0,0,0
1719,SINAC_BD_0001719,22307,Bosque deciduo,1.7180136495850165,SINAC - Consenso bosque deciduo 2021-2023,2021-2023,0,0,0,0
1720,SINAC_BD_0001720,22308,Bosque deciduo,1.3417303073363032,SINAC - Consenso bosque deciduo 2021-2023,2021-2023,0,1,0,0
1721,SINAC_BD_0001721,22309,Bosque deciduo,1.85983402508639,SINAC - Consenso bosque deciduo 2021-2023,2021-2023,1,0,0,0
1722,SINAC_BD_0001722,22341,Bosque deciduo,1.5,SINAC - Consenso bosque deciduo 2021-2023,2021-2023,1,1,0,0
1723,SINAC_BD_0001723,22359,Bosque deciduo,9.888613616451993,SINAC - Consenso bosque deciduo 2021-2023,2021-2023,1,0,0,0
1724,SINAC_BD_0001724,22360,Bosque deciduo,37.60803744654008,SINAC - Consenso bosque deciduo 2021-2023,2021-2023,1,1,0,0
1725,SINAC_BD_0001725,22365,Bosque deciduo,3.2644770590156047,SINAC - Consenso bosque deciduo 2021-2023,2021-2023,1,0,0,0
1726,SINAC_BD_0001726,22367,Bosque deciduo,1.8191142482891596,SINAC - Consenso bosque deciduo 2021-2023,2021-2023,1,0,0,0
1727,SINAC_BD_0001727,22374,Bosque deciduo,1.9492997492907238,SINAC - Consenso bosque deciduo 2021-2023,2021-2023,0,0,0,0
1728,SINAC_BD_0001728,22378,Bosque deciduo,3.4283863905246843,SINAC - Consenso bosque deciduo 2021-2023,2021-2023,0,0,0,0
1729,SINAC_BD_0001729,22381,Bosque deciduo,1.0869864580875364,SINAC - Consenso bosque deciduo 2021-2023,2021-2023,1,0,0,0
1730,SINAC_BD_0001730,22389,Bosque deciduo,3.688489208075605,SINAC - Consenso bosque deciduo 2021-2023,2021-2023,0,0,0,0
1731,SINAC_BD_0001731,22397,Bosque deciduo,2.8817446637285573,SINAC - Consenso bosque deciduo 2021-2023,2021-2023,1,0,0,0
1732,SINAC_BD_0001732,22399,Bosque deciduo,66.44460216446593,SINAC - Consenso bosque deciduo 2021-2023,2021-2023,1,1,1,0
1733,SINAC_BD_0001733,22400,Bosque deciduo,3.9295874545023266,SINAC - Consenso bosque deciduo 2021-2023,2021-2023,0,0,0,0
1734,SINAC_BD_0001734,22401,Bosque deciduo,1.8766773720935543,SINAC - Consenso bosque deciduo 2021-2023,2021-2023,1,0,0,0
1735,SINAC_BD_0001735,22435,Bosque deciduo,15.124346078508726,SINAC - Consenso bosque deciduo 2021-2023,2021-2023,1,1,1,0
1736,SINAC_BD_0001736,22442,Bosque deciduo,1.2227013435877938,SINAC - Consenso bosque deciduo 2021-2023,2021-2023,0,0,0,0
1737,SINAC_BD_0001737,22474,Bosque deciduo,4.0766882896189705,SINAC - Consenso bosque deciduo 2021-2023,2021-2023,1,1,0,0
1738,SINAC_BD_0001738,22478,Bosque deciduo,3.0723927590029487,SINAC - Consenso bosque deciduo 2021-2023,2021-2023,0,0,0,0
1739,SINAC_BD_0001739,22479,Bosque deciduo,9.304378620725297,SINAC - Consenso bosque deciduo 2021-2023,2021-2023,1,0,0,0
1740,SINAC_BD_0001740,22530,Bosque deciduo,2.7100148851023866,SINAC - Consenso bosque deciduo 2021-2023,2021-2023,1,1,1,0
1741,SINAC_BD_0001741,22535,Bosque deciduo,2.382584020883917,SINAC - Consenso bosque deciduo 2021-2023,2021-2023,1,1,0,0
1742,SINAC_BD_0001742,22537,Bosque deciduo,1.497004026043107,SINAC - Consenso bosque deciduo 2021-2023,2021-2023,1,1,0,0
1743,SINAC_BD_0001743,22545,Bosque deciduo,3.7477199429593764,SINAC - Consenso bosque deciduo 2021-2023,2021-2023,1,1,0,0
1744,SINAC_BD_0001744,22617,Bosque deciduo,7.881526739034234,SINAC - Consenso bosque deciduo 2021-2023,2021-2023,1,1,1,1
1745,SINAC_BD_0001745,22632,Bosque deciduo,2.1941215030039207,SINAC - Consenso bosque deciduo 2021-2023,2021-2023,1,0,0,0
1746,SINAC_BD_0001746,22643,Bosque deciduo,5.032212602411159,SINAC - Consenso bosque deciduo 2021-2023,2021-2023,1,1,1,0
1747,SINAC_BD_0001747,22659,Bosque deciduo,69.58308583547083,SINAC - Consenso bosque deciduo 2021-2023,2021-2023,1,1,1,0
1748,SINAC_BD_0001748,22671,Bosque deciduo,1.4949329940691276,SINAC - Consenso bosque deciduo 2021-2023,2021-2023,0,0,0,0
1749,SINAC_BD_0001749,22680,Bosque deciduo,1.8330658941712903,SINAC - Consenso bosque deciduo 2021-2023,2021-2023,0,0,0,0
1750,SINAC_BD_0001750,22682,Bosque deciduo,1.0632291253284338,SINAC - Consenso bosque deciduo 2021-2023,2021-2023,1,0,0,0
1751,SINAC_BD_0001751,22692,Bosque deciduo,4.842116950825078,SINAC - Consenso bosque deciduo 2021-2023,2021-2023,1,1,1,0
1752,SINAC_BD_0001752,22694,Bosque deciduo,1.0831920445670187,SINAC - Consenso bosque deciduo 2021-2023,2021-2023,0,0,0,0
1753,SINAC_BD_0001753,22703,Bosque deciduo,2.029299098928585,SINAC - Consenso bosque deciduo 2021-2023,2021-2023,1,1,0,0
1754,SINAC_BD_0001754,22721,Bosque deciduo,1.9144441659250966,SINAC - Consenso bosque deciduo 2021-2023,2021-2023,1,0,0,0
1755,SINAC_BD_0001755,22723,Bosque deciduo,2.823935291795281,SINAC - Consenso bosque deciduo 2021-2023,2021-2023,0,0,0,0
1756,SINAC_BD_0001756,22745,Bosque deciduo,2.3100036070245986,SINAC - Consenso bosque deciduo 2021-2023,2021-2023,1,0,0,0
1757,SINAC_BD_0001757,22754,Bosque deciduo,1.8518376811617512,SINAC - Consenso bosque deciduo 2021-2023,2021-2023,1,0,0,0
1758,SINAC_BD_0001758,22756,Bosque deciduo,1.2623331743178121,SINAC - Consenso bosque deciduo 2021-2023,2021-2023,1,0,0,0
1759,SINAC_BD_0001759,22759,Bosque deciduo,11.810305576796097,SINAC - Consenso bosque deciduo 2021-2023,2021-2023,1,1,1,0
1760,SINAC_BD_0001760,22784,Bosque deciduo,4.161919126579442,SINAC - Consenso bosque deciduo 2021-2023,2021-2023,1,1,1,0
1761,SINAC_BD_0001761,22788,Bosque deciduo,64.57285447647152,SINAC - Consenso bosque deciduo 2021-2023,2021-2023,1,1,0,0
1762,SINAC_BD_0001762,22794,Bosque deciduo,1.7937375095286638,SINAC - Consenso bosque deciduo 2021-2023,2021-2023,0,0,0,0
1763,SINAC_BD_0001763,22797,Bosque deciduo,238.76624313138234,SINAC - Consenso bosque deciduo 2021-2023,2021-2023,1,1,1,1
1764,SINAC_BD_0001764,22798,Bosque deciduo,109.8977574405977,SINAC - Consenso bosque deciduo 2021-2023,2021-2023,1,1,1,0
1765,SINAC_BD_0001765,22804,Bosque deciduo,1.0336162372296067,SINAC - Consenso bosque deciduo 2021-2023,2021-2023,0,0,0,0
1766,SINAC_BD_0001766,22821,Bosque deciduo,1.1322227700393208,SINAC - Consenso bosque deciduo 2021-2023,2021-2023,0,0,0,0
1767,SINAC_BD_0001767,22829,Bosque deciduo,1.1787895843297806,SINAC - Consenso bosque deciduo 2021-2023,2021-2023,0,0,0,0
1768,SINAC_BD_0001768,22837,Bosque deciduo,1.8019753316346079,SINAC - Consenso bosque deciduo 2021-2023,2021-2023,1,1,0,0
1769,SINAC_BD_0001769,22838,Bosque deciduo,4.165562012395161,SINAC - Consenso bosque deciduo 2021-2023,2021-2023,0,0,0,0
1770,SINAC_BD_0001770,22839,Bosque deciduo,1.7001568197329813,SINAC - Consenso bosque deciduo 2021-2023,2021-2023,1,0,0,0
1771,SINAC_BD_0001771,22846,Bosque deciduo,1.2675041415270432,SINAC - Consenso bosque deciduo 2021-2023,2021-2023,0,0,0,0
1772,SINAC_BD_0001772,22847,Bosque deciduo,7.402764885696782,SINAC - Consenso bosque deciduo 2021-2023,2021-2023,1,0,0,0
1773,SINAC_BD_0001773,22850,Bosque deciduo,20.87675688508301,SINAC - Consenso bosque deciduo 2021-2023,2021-2023,1,1,0,0
1774,SINAC_BD_0001774,22854,Bosque deciduo,2.187229976429945,SINAC - Consenso bosque deciduo 2021-2023,2021-2023,0,0,0,0
1775,SINAC_BD_0001775,22859,Bosque deciduo,1.1737712415308017,SINAC - Consenso bosque deciduo 2021-2023,2021-2023,1,0,0,0
1776,SINAC_BD_0001776,22878,Bosque deciduo,1.212511197706214,SINAC - Consenso bosque deciduo 2021-2023,2021-2023,0,0,0,0
1777,SINAC_BD_0001777,22880,Bosque deciduo,1.7238861136034207,SINAC - Consenso bosque deciduo 2021-2023,2021-2023,1,0,0,0
1778,SINAC_BD_0001778,22889,Bosque deciduo,2.413338293154841,SINAC - Consenso bosque deciduo 2021-2023,2021-2023,0,0,0,0
1779,SINAC_BD_0001779,22902,Bosque deciduo,1.2661130307849633,SINAC - Consenso bosque deciduo 2021-2023,2021-2023,1,0,0,0
1780,SINAC_BD_0001780,22912,Bosque deciduo,1.6438492012890193,SINAC - Consenso bosque deciduo 2021-2023,2021-2023,0,0,0,0
1781,SINAC_BD_0001781,22913,Bosque deciduo,1.6306546396689265,SINAC - Consenso bosque deciduo 2021-2023,2021-2023,0,0,0,0
1782,SINAC_BD_0001782,22937,Bosque deciduo,5.4456309948065345,SINAC - Consenso bosque deciduo 2021-2023,2021-2023,1,1,0,0
1783,SINAC_BD_0001783,22938,Bosque deciduo,5.479347830075792,SINAC - Consenso bosque deciduo 2021-2023,2021-2023,1,0,0,0
1784,SINAC_BD_0001784,22939,Bosque deciduo,2.504587997794354,SINAC - Consenso bosque deciduo 2021-2023,2021-2023,1,0,0,0
1785,SINAC_BD_0001785,22944,Bosque deciduo,5.199337703051816,SINAC - Consenso bosque deciduo 2021-2023,2021-2023,1,0,0,0
1786,SINAC_BD_0001786,22946,Bosque deciduo,1.0484519711157159,SINAC - Consenso bosque deciduo 2021-2023,2021-2023,1,1,0,0
1787,SINAC_BD_0001787,22950,Bosque deciduo,4.814068876483818,SINAC - Consenso bosque deciduo 2021-2023,2021-2023,1,0,0,0
1788,SINAC_BD_0001788,22954,Bosque deciduo,1.9007965434226528,SINAC - Consenso bosque deciduo 2021-2023,2021-2023,1,1,0,0
1789,SINAC_BD_0001789,22973,Bosque deciduo,1.0151841969438828,SINAC - Consenso bosque deciduo 2021-2023,2021-2023,0,0,0,0
1790,SINAC_BD_0001790,22975,Bosque deciduo,1.919721815982025,SINAC - Consenso bosque deciduo 2021-2023,2021-2023,0,0,0,0
1791,SINAC_BD_0001791,22979,Bosque deciduo,4.583477965021888,SINAC - Consenso bosque deciduo 2021-2023,2021-2023,1,0,0,0
1792,SINAC_BD_0001792,22981,Bosque deciduo,8.26304798473721,SINAC - Consenso bosque deciduo 2021-2023,2021-2023,1,0,0,0
1793,SINAC_BD_0001793,22984,Bosque deciduo,2.9277968131782024,SINAC - Consenso bosque deciduo 2021-2023,2021-2023,0,0,0,0
1794,SINAC_BD_0001794,22998,Bosque deciduo,2.828126855999977,SINAC - Consenso bosque deciduo 2021-2023,2021-2023,0,0,0,0
1795,SINAC_BD_0001795,23002,Bosque deciduo,1.2049433244285344,SINAC - Consenso bosque deciduo 2021-2023,2021-2023,1,0,0,0
1796,SINAC_BD_0001796,23003,Bosque deciduo,4.236175196620044,SINAC - Consenso bosque deciduo 2021-2023,2021-2023,1,0,0,0
1797,SINAC_BD_0001797,23009,Bosque deciduo,1.380990775651477,SINAC - Consenso bosque deciduo 2021-2023,2021-2023,0,0,1,0
1798,SINAC_BD_0001798,23012,Bosque deciduo,1.148242205064074,SINAC - Consenso bosque deciduo 2021-2023,2021-2023,0,0,0,0
1799,SINAC_BD_0001799,23018,Bosque deciduo,1.3077624444614169,SINAC - Consenso bosque deciduo 2021-2023,2021-2023,1,0,0,0
1800,SINAC_BD_0001800,23023,Bosque deciduo,2.4786479685740646,SINAC - Consenso bosque deciduo 2021-2023,2021-2023,1,0,0,0
1801,SINAC_BD_0001801,23030,Bosque deciduo,4.397620769057918,SINAC - Consenso bosque deciduo 2021-2023,2021-2023,0,0,0,0
1802,SINAC_BD_0001802,23031,Bosque deciduo,6.101903482302272,SINAC - Consenso bosque deciduo 2021-2023,2021-2023,1,1,1,0
1803,SINAC_BD_0001803,23032,Bosque deciduo,1.1241725942136835,SINAC - Consenso bosque deciduo 2021-2023,2021-2023,0,0,0,0
1804,SINAC_BD_0001804,23035,Bosque deciduo,1.5776107296388355,SINAC - Consenso bosque deciduo 2021-2023,2021-2023,0,0,0,0
1805,SINAC_BD_0001805,23037,Bosque deciduo,57.29840536594976,SINAC - Consenso bosque deciduo 2021-2023,2021-2023,1,0,1,0
1806,SINAC_BD_0001806,23039,Bosque deciduo,1.5089351919613825,SINAC - Consenso bosque deciduo 2021-2023,2021-2023,1,1,0,0
1807,SINAC_BD_0001807,23048,Bosque deciduo,1.4939744148407332,SINAC - Consenso bosque deciduo 2021-2023,2021-2023,1,1,1,0
1808,SINAC_BD_0001808,23071,Bosque deciduo,2.423493523843216,SINAC - Consenso bosque deciduo 2021-2023,2021-2023,1,1,0,0
1809,SINAC_BD_0001809,23072,Bosque deciduo,1.009055013395849,SINAC - Consenso bosque deciduo 2021-2023,2021-2023,1,0,0,0
1810,SINAC_BD_0001810,23085,Bosque deciduo,1.0742499604033389,SINAC - Consenso bosque deciduo 2021-2023,2021-2023,1,1,0,0
1811,SINAC_BD_0001811,23087,Bosque deciduo,1.4486399136313504,SINAC - Consenso bosque deciduo 2021-2023,2021-2023,0,0,0,0
1812,SINAC_BD_0001812,23089,Bosque deciduo,1.5126299057330799,SINAC - Consenso bosque deciduo 2021-2023,2021-2023,1,0,0,0
1813,SINAC_BD_0001813,23099,Bosque deciduo,2.1220650759283557,SINAC - Consenso bosque deciduo 2021-2023,2021-2023,0,0,0,0
1814,SINAC_BD_0001814,23107,Bosque deciduo,4.879353661634047,SINAC - Consenso bosque deciduo 2021-2023,2021-2023,1,0,0,0
1815,SINAC_BD_0001815,23111,Bosque deciduo,2.250412918237025,SINAC - Consenso bosque deciduo 2021-2023,2021-2023,1,0,0,0
1816,SINAC_BD_0001816,23113,Bosque deciduo,1.2692791592565904,SINAC - Consenso bosque deciduo 2021-2023,2021-2023,0,0,0,0
1817,SINAC_BD_0001817,23121,Bosque deciduo,1.0890964447177724,SINAC - Consenso bosque deciduo 2021-2023,2021-2023,0,0,0,0
1818,SINAC_BD_0001818,23126,Bosque deciduo,1.9285205158195098,SINAC - Consenso bosque deciduo 2021-2023,2021-2023,1,0,0,0
1819,SINAC_BD_0001819,23135,Bosque deciduo,7.9842210481679725,SINAC - Consenso bosque deciduo 2021-2023,2021-2023,1,1,1,0
1820,SINAC_BD_0001820,23142,Bosque deciduo,9.844747635517496,SINAC - Consenso bosque deciduo 2021-2023,2021-2023,1,0,0,0
1821,SINAC_BD_0001821,23150,Bosque deciduo,2.8837651849704184,SINAC - Consenso bosque deciduo 2021-2023,2021-2023,0,0,0,0
1822,SINAC_BD_0001822,23151,Bosque deciduo,3.9813534900805063,SINAC - Consenso bosque deciduo 2021-2023,2021-2023,0,1,0,0
1823,SINAC_BD_0001823,23165,Bosque deciduo,1.0605492823149778,SINAC - Consenso bosque deciduo 2021-2023,2021-2023,0,0,0,0
1824,SINAC_BD_0001824,23188,Bosque deciduo,10.33892624917233,SINAC - Consenso bosque deciduo 2021-2023,2021-2023,1,1,0,0
1825,SINAC_BD_0001825,23200,Bosque deciduo,1.219852315293734,SINAC - Consenso bosque deciduo 2021-2023,2021-2023,0,0,0,0
1826,SINAC_BD_0001826,23206,Bosque deciduo,2.7141993219884193,SINAC - Consenso bosque deciduo 2021-2023,2021-2023,0,0,0,0
1827,SINAC_BD_0001827,23219,Bosque deciduo,6.470711103006881,SINAC - Consenso bosque deciduo 2021-2023,2021-2023,1,1,0,0
1828,SINAC_BD_0001828,23220,Bosque deciduo,2.287195085204213,SINAC - Consenso bosque deciduo 2021-2023,2021-2023,0,0,0,0
1829,SINAC_BD_0001829,23221,Bosque deciduo,1.0759418766303177,SINAC - Consenso bosque deciduo 2021-2023,2021-2023,0,0,0,0
1830,SINAC_BD_0001830,23222,Bosque deciduo,4.82038474396793,SINAC - Consenso bosque deciduo 2021-2023,2021-2023,0,0,0,0
1831,SINAC_BD_0001831,23223,Bosque deciduo,6.575500083364927,SINAC - Consenso bosque deciduo 2021-2023,2021-2023,1,0,1,0
1832,SINAC_BD_0001832,23224,Bosque deciduo,3.990841003059008,SINAC - Consenso bosque deciduo 2021-2023,2021-2023,1,0,0,0
1833,SINAC_BD_0001833,23225,Bosque deciduo,2.4264925369709514,SINAC - Consenso bosque deciduo 2021-2023,2021-2023,1,0,0,0
1834,SINAC_BD_0001834,23228,Bosque deciduo,2.389263652959033,SINAC - Consenso bosque deciduo 2021-2023,2021-2023,1,0,0,0
1835,SINAC_BD_0001835,23248,Bosque deciduo,1.1511223788733018,SINAC - Consenso bosque deciduo 2021-2023,2021-2023,1,1,0,0
1836,SINAC_BD_0001836,23249,Bosque deciduo,1.6948235360319857,SINAC - Consenso bosque deciduo 2021-2023,2021-2023,0,0,0,0
1837,SINAC_BD_0001837,23251,Bosque deciduo,1.1104249158483883,SINAC - Consenso bosque deciduo 2021-2023,2021-2023,0,0,0,0
1838,SINAC_BD_0001838,23277,Bosque deciduo,2.617389184816814,SINAC - Consenso bosque deciduo 2021-2023,2021-2023,0,0,1,0
1839,SINAC_BD_0001839,23280,Bosque deciduo,1.1328590920080608,SINAC - Consenso bosque deciduo 2021-2023,2021-2023,0,0,0,0
1840,SINAC_BD_0001840,23281,Bosque deciduo,1.79,SINAC - Consenso bosque deciduo 2021-2023,2021-2023,0,0,0,0
1841,SINAC_BD_0001841,23286,Bosque deciduo,1.1309940412913912,SINAC - Consenso bosque deciduo 2021-2023,2021-2023,0,0,0,0
1842,SINAC_BD_0001842,23288,Bosque deciduo,1.1890728834735176,SINAC - Consenso bosque deciduo 2021-2023,2021-2023,0,0,0,0
1843,SINAC_BD_0001843,23321,Bosque deciduo,9.08912273701043,SINAC - Consenso bosque deciduo 2021-2023,2021-2023,1,0,0,0
1844,SINAC_BD_0001844,23323,Bosque deciduo,2.5202300222456016,SINAC - Consenso bosque deciduo 2021-2023,2021-2023,0,0,0,0
1845,SINAC_BD_0001845,23327,Bosque deciduo,5.555945878033339,SINAC - Consenso bosque deciduo 2021-2023,2021-2023,1,1,1,0
1846,SINAC_BD_0001846,23328,Bosque deciduo,1.1813727721921772,SINAC - Consenso bosque deciduo 2021-2023,2021-2023,0,0,0,0
1847,SINAC_BD_0001847,23331,Bosque deciduo,1.774255691614345,SINAC - Consenso bosque deciduo 2021-2023,2021-2023,1,1,0,0
1848,SINAC_BD_0001848,23334,Bosque deciduo,20.839775425571037,SINAC - Consenso bosque deciduo 2021-2023,2021-2023,1,1,0,0
1849,SINAC_BD_0001849,23335,Bosque deciduo,9.103826989176643,SINAC - Consenso bosque deciduo 2021-2023,2021-2023,1,0,0,0
1850,SINAC_BD_0001850,23336,Bosque deciduo,2.007524776641932,SINAC - Consenso bosque deciduo 2021-2023,2021-2023,0,0,0,0
1851,SINAC_BD_0001851,23364,Bosque deciduo,2.1964954110226524,SINAC - Consenso bosque deciduo 2021-2023,2021-2023,0,0,0,0
1852,SINAC_BD_0001852,23375,Bosque deciduo,2.5724956284105414,SINAC - Consenso bosque deciduo 2021-2023,2021-2023,1,1,1,0
1853,SINAC_BD_0001853,23376,Bosque deciduo,7.239514310492948,SINAC - Consenso bosque deciduo 2021-2023,2021-2023,0,1,0,0
1854,SINAC_BD_0001854,23379,Bosque deciduo,2.072276219418134,SINAC - Consenso bosque deciduo 2021-2023,2021-2023,1,0,0,0
1855,SINAC_BD_0001855,23415,Bosque deciduo,1.8406877411409617,SINAC - Consenso bosque deciduo 2021-2023,2021-2023,1,1,0,0
1856,SINAC_BD_0001856,23422,Bosque deciduo,1.2603910221835166,SINAC - Consenso bosque deciduo 2021-2023,2021-2023,1,0,1,0
1857,SINAC_BD_0001857,23423,Bosque deciduo,3.042919628427516,SINAC - Consenso bosque deciduo 2021-2023,2021-2023,1,1,0,0
1858,SINAC_BD_0001858,23430,Bosque deciduo,1.4683324853007806,SINAC - Consenso bosque deciduo 2021-2023,2021-2023,0,0,0,0
1859,SINAC_BD_0001859,23432,Bosque deciduo,1.2370358058509419,SINAC - Consenso bosque deciduo 2021-2023,2021-2023,0,0,0,0
1860,SINAC_BD_0001860,23438,Bosque deciduo,1.002497318443414,SINAC - Consenso bosque deciduo 2021-2023,2021-2023,0,0,0,0
1861,SINAC_BD_0001861,23439,Bosque deciduo,2.2778290718830814,SINAC - Consenso bosque deciduo 2021-2023,2021-2023,1,1,0,0
1862,SINAC_BD_0001862,23451,Bosque deciduo,3.222861637493618,SINAC - Consenso bosque deciduo 2021-2023,2021-2023,1,1,0,0
1863,SINAC_BD_0001863,23458,Bosque deciduo,9.861978284201472,SINAC - Consenso bosque deciduo 2021-2023,2021-2023,1,0,0,0
1864,SINAC_BD_0001864,23460,Bosque deciduo,11.0715056088134,SINAC - Consenso bosque deciduo 2021-2023,2021-2023,1,1,1,0
1865,SINAC_BD_0001865,23468,Bosque deciduo,1.130414599674641,SINAC - Consenso bosque deciduo 2021-2023,2021-2023,0,0,0,0
1866,SINAC_BD_0001866,23473,Bosque deciduo,12.845703628707371,SINAC - Consenso bosque deciduo 2021-2023,2021-2023,1,0,0,0
1867,SINAC_BD_0001867,23478,Bosque deciduo,3.498425599149736,SINAC - Consenso bosque deciduo 2021-2023,2021-2023,1,1,0,0
1868,SINAC_BD_0001868,23501,Bosque deciduo,6.837479870010559,SINAC - Consenso bosque deciduo 2021-2023,2021-2023,1,1,0,0
1869,SINAC_BD_0001869,23504,Bosque deciduo,1.1108983688102263,SINAC - Consenso bosque deciduo 2021-2023,2021-2023,0,0,0,0
1870,SINAC_BD_0001870,23519,Bosque deciduo,2.702797771374088,SINAC - Consenso bosque deciduo 2021-2023,2021-2023,0,0,0,0
1871,SINAC_BD_0001871,23520,Bosque deciduo,5.899945509880627,SINAC - Consenso bosque deciduo 2021-2023,2021-2023,1,0,0,0
1872,SINAC_BD_0001872,23522,Bosque deciduo,3.5966046253144675,SINAC - Consenso bosque deciduo 2021-2023,2021-2023,1,1,0,0
1873,SINAC_BD_0001873,23528,Bosque deciduo,5.61491879502864,SINAC - Consenso bosque deciduo 2021-2023,2021-2023,1,0,0,0
1874,SINAC_BD_0001874,23529,Bosque deciduo,1.5416844241024665,SINAC - Consenso bosque deciduo 2021-2023,2021-2023,0,0,0,0
1875,SINAC_BD_0001875,23533,Bosque deciduo,2.4508533148420466,SINAC - Consenso bosque deciduo 2021-2023,2021-2023,0,0,0,0
1876,SINAC_BD_0001876,23537,Bosque deciduo,1.0549660000338943,SINAC - Consenso bosque deciduo 2021-2023,2021-2023,1,1,0,0
1877,SINAC_BD_0001877,23567,Bosque deciduo,11.382711914284856,SINAC - Consenso bosque deciduo 2021-2023,2021-2023,1,1,0,0
1878,SINAC_BD_0001878,23584,Bosque deciduo,1.0183078975130166,SINAC - Consenso bosque deciduo 2021-2023,2021-2023,1,1,0,0
1879,SINAC_BD_0001879,23617,Bosque deciduo,1.7391653692040498,SINAC - Consenso bosque deciduo 2021-2023,2021-2023,1,1,1,0
1880,SINAC_BD_0001880,23626,Bosque deciduo,2.3374137437537437,SINAC - Consenso bosque deciduo 2021-2023,2021-2023,0,0,0,0
1881,SINAC_BD_0001881,23640,Bosque deciduo,1.9485801792697373,SINAC - Consenso bosque deciduo 2021-2023,2021-2023,0,0,0,0
1882,SINAC_BD_0001882,23643,Bosque deciduo,13.239142775621541,SINAC - Consenso bosque deciduo 2021-2023,2021-2023,1,0,0,0
1883,SINAC_BD_0001883,23644,Bosque deciduo,1.2607393030006324,SINAC - Consenso bosque deciduo 2021-2023,2021-2023,1,1,0,0
1884,SINAC_BD_0001884,23662,Bosque deciduo,2.011155399324934,SINAC - Consenso bosque deciduo 2021-2023,2021-2023,1,0,0,0
1885,SINAC_BD_0001885,23664,Bosque deciduo,1.4841117621860507,SINAC - Consenso bosque deciduo 2021-2023,2021-2023,1,0,0,0
1886,SINAC_BD_0001886,23676,Bosque deciduo,1.5875058151767334,SINAC - Consenso bosque deciduo 2021-2023,2021-2023,1,0,0,0
1887,SINAC_BD_0001887,23681,Bosque deciduo,1.554487082516005,SINAC - Consenso bosque deciduo 2021-2023,2021-2023,1,0,0,0
1888,SINAC_BD_0001888,23687,Bosque deciduo,31.433705584962606,SINAC - Consenso bosque deciduo 2021-2023,2021-2023,1,1,0,0
1889,SINAC_BD_0001889,23696,Bosque deciduo,1.01988008412981,SINAC - Consenso bosque deciduo 2021-2023,2021-2023,0,0,0,0
1890,SINAC_BD_0001890,23711,Bosque deciduo,1.3051867080123494,SINAC - Consenso bosque deciduo 2021-2023,2021-2023,0,0,0,0
1891,SINAC_BD_0001891,23720,Bosque deciduo,1.7464352567581292,SINAC - Consenso bosque deciduo 2021-2023,2021-2023,0,1,0,0
1892,SINAC_BD_0001892,23739,Bosque deciduo,1.5727635237027366,SINAC - Consenso bosque deciduo 2021-2023,2021-2023,0,0,0,0
1893,SINAC_BD_0001893,23765,Bosque deciduo,2.7404356338976212,SINAC - Consenso bosque deciduo 2021-2023,2021-2023,1,0,0,0
1894,SINAC_BD_0001894,23767,Bosque deciduo,1.3555801402940664,SINAC - Consenso bosque deciduo 2021-2023,2021-2023,0,0,0,0
1895,SINAC_BD_0001895,23769,Bosque deciduo,17.079884476858055,SINAC - Consenso bosque deciduo 2021-2023,2021-2023,1,1,0,0
1896,SINAC_BD_0001896,23770,Bosque deciduo,2.238556834007565,SINAC - Consenso bosque deciduo 2021-2023,2021-2023,1,0,0,0
1897,SINAC_BD_0001897,23773,Bosque deciduo,2.062183379285613,SINAC - Consenso bosque deciduo 2021-2023,2021-2023,0,0,0,0
1898,SINAC_BD_0001898,23774,Bosque deciduo,3.0779822116948763,SINAC - Consenso bosque deciduo 2021-2023,2021-2023,1,0,0,0
1899,SINAC_BD_0001899,23776,Bosque deciduo,1.3944804490590423,SINAC - Consenso bosque deciduo 2021-2023,2021-2023,0,0,0,0
1900,SINAC_BD_0001900,23794,Bosque deciduo,2.1786310479836524,SINAC - Consenso bosque deciduo 2021-2023,2021-2023,1,0,0,0
1901,SINAC_BD_0001901,23797,Bosque deciduo,10.23211345343368,SINAC - Consenso bosque deciduo 2021-2023,2021-2023,0,0,0,0
1902,SINAC_BD_0001902,23812,Bosque deciduo,1.1731379325458973,SINAC - Consenso bosque deciduo 2021-2023,2021-2023,0,0,0,0
1903,SINAC_BD_0001903,23818,Bosque deciduo,1.2617156628922999,SINAC - Consenso bosque deciduo 2021-2023,2021-2023,0,0,0,0
1904,SINAC_BD_0001904,23833,Bosque deciduo,2.6138726178982714,SINAC - Consenso bosque deciduo 2021-2023,2021-2023,0,0,0,0
1905,SINAC_BD_0001905,23854,Bosque deciduo,2.0846627648203526,SINAC - Consenso bosque deciduo 2021-2023,2021-2023,0,1,0,0
1906,SINAC_BD_0001906,23858,Bosque deciduo,1.7976414027371836,SINAC - Consenso bosque deciduo 2021-2023,2021-2023,0,0,0,0
1907,SINAC_BD_0001907,23863,Bosque deciduo,4.037189913488957,SINAC - Consenso bosque deciduo 2021-2023,2021-2023,1,1,0,0
1908,SINAC_BD_0001908,23867,Bosque deciduo,6.814515573260224,SINAC - Consenso bosque deciduo 2021-2023,2021-2023,1,1,1,0
1909,SINAC_BD_0001909,23876,Bosque deciduo,2.4826466623728005,SINAC - Consenso bosque deciduo 2021-2023,2021-2023,0,0,0,0
1910,SINAC_BD_0001910,23889,Bosque deciduo,1.3616358034338614,SINAC - Consenso bosque deciduo 2021-2023,2021-2023,0,0,0,0
1911,SINAC_BD_0001911,23915,Bosque deciduo,2.944573989577312,SINAC - Consenso bosque deciduo 2021-2023,2021-2023,1,1,0,0
1912,SINAC_BD_0001912,23917,Bosque deciduo,1.6731097366563423,SINAC - Consenso bosque deciduo 2021-2023,2021-2023,0,0,0,0
1913,SINAC_BD_0001913,23923,Bosque deciduo,1.7463446793847361,SINAC - Consenso bosque deciduo 2021-2023,2021-2023,0,0,0,0
1914,SINAC_BD_0001914,23931,Bosque deciduo,1.9704906370570356,SINAC - Consenso bosque deciduo 2021-2023,2021-2023,0,0,0,0
1915,SINAC_BD_0001915,23937,Bosque deciduo,1.355576648893203,SINAC - Consenso bosque deciduo 2021-2023,2021-2023,0,0,0,0
1916,SINAC_BD_0001916,23940,Bosque deciduo,15.193635307526286,SINAC - Consenso bosque deciduo 2021-2023,2021-2023,1,0,0,0
1917,SINAC_BD_0001917,23948,Bosque deciduo,1.18,SINAC - Consenso bosque deciduo 2021-2023,2021-2023,0,0,0,0
1918,SINAC_BD_0001918,23960,Bosque deciduo,1.831779221092127,SINAC - Consenso bosque deciduo 2021-2023,2021-2023,1,0,0,0
1919,SINAC_BD_0001919,23966,Bosque deciduo,6.131694854852854,SINAC - Consenso bosque deciduo 2021-2023,2021-2023,1,0,0,0
1920,SINAC_BD_0001920,23974,Bosque deciduo,8.97414459534206,SINAC - Consenso bosque deciduo 2021-2023,2021-2023,1,1,1,0
1921,SINAC_BD_0001921,23977,Bosque deciduo,1.259935586752657,SINAC - Consenso bosque deciduo 2021-2023,2021-2023,0,0,0,0
1922,SINAC_BD_0001922,23991,Bosque deciduo,61.97937498702034,SINAC - Consenso bosque deciduo 2021-2023,2021-2023,1,1,1,0
1923,SINAC_BD_0001923,23994,Bosque deciduo,53.825434140029074,SINAC - Consenso bosque deciduo 2021-2023,2021-2023,1,1,0,0
1924,SINAC_BD_0001924,23995,Bosque deciduo,8.700328917997401,SINAC - Consenso bosque deciduo 2021-2023,2021-2023,1,0,0,0
1925,SINAC_BD_0001925,23997,Bosque deciduo,14.44655401030619,SINAC - Consenso bosque deciduo 2021-2023,2021-2023,1,0,1,0
1926,SINAC_BD_0001926,23998,Bosque deciduo,3.7961171616944855,SINAC - Consenso bosque deciduo 2021-2023,2021-2023,1,0,0,0
1927,SINAC_BD_0001927,23999,Bosque deciduo,6.127865828853425,SINAC - Consenso bosque deciduo 2021-2023,2021-2023,1,1,0,0
1928,SINAC_BD_0001928,24000,Bosque deciduo,3.6387016966341426,SINAC - Consenso bosque deciduo 2021-2023,2021-2023,0,0,0,0
1929,SINAC_BD_0001929,24002,Bosque deciduo,95.19124986012537,SINAC - Consenso bosque deciduo 2021-2023,2021-2023,1,1,1,0
1930,SINAC_BD_0001930,24004,Bosque deciduo,33.948426389112285,SINAC - Consenso bosque deciduo 2021-2023,2021-2023,1,0,0,0
1931,SINAC_BD_0001931,24005,Bosque deciduo,21.967860885127628,SINAC - Consenso bosque deciduo 2021-2023,2021-2023,1,0,0,0
1932,SINAC_BD_0001932,24010,Bosque deciduo,1.2302991871625402,SINAC - Consenso bosque deciduo 2021-2023,2021-2023,1,0,0,0
1933,SINAC_BD_0001933,24040,Bosque deciduo,2.34,SINAC - Consenso bosque deciduo 2021-2023,2021-2023,1,0,0,0
1934,SINAC_BD_0001934,24047,Bosque deciduo,3.136899603961839,SINAC - Consenso bosque deciduo 2021-2023,2021-2023,1,0,0,0
1935,SINAC_BD_0001935,24050,Bosque deciduo,1.4491059144289105,SINAC - Consenso bosque deciduo 2021-2023,2021-2023,0,0,0,0
1936,SINAC_BD_0001936,24052,Bosque deciduo,1.9295392829468263,SINAC - Consenso bosque deciduo 2021-2023,2021-2023,1,1,0,0
1937,SINAC_BD_0001937,24065,Bosque deciduo,2.2530362881390813,SINAC - Consenso bosque deciduo 2021-2023,2021-2023,1,0,0,0
1938,SINAC_BD_0001938,24086,Bosque deciduo,1.7061347236757156,SINAC - Consenso bosque deciduo 2021-2023,2021-2023,1,0,0,0
1939,SINAC_BD_0001939,24105,Bosque deciduo,1.2663174735034382,SINAC - Consenso bosque deciduo 2021-2023,2021-2023,0,0,0,0
1940,SINAC_BD_0001940,24106,Bosque deciduo,1.2792829601957303,SINAC - Consenso bosque deciduo 2021-2023,2021-2023,0,0,0,0
1941,SINAC_BD_0001941,24112,Bosque deciduo,1.2153692872326398,SINAC - Consenso bosque deciduo 2021-2023,2021-2023,1,1,0,0
1942,SINAC_BD_0001942,24123,Bosque deciduo,1.34503789331282,SINAC - Consenso bosque deciduo 2021-2023,2021-2023,0,0,0,0
1943,SINAC_BD_0001943,24127,Bosque deciduo,4.5863576934997194,SINAC - Consenso bosque deciduo 2021-2023,2021-2023,1,0,0,0
1944,SINAC_BD_0001944,24128,Bosque deciduo,1.9554464072886606,SINAC - Consenso bosque deciduo 2021-2023,2021-2023,1,1,1,0
1945,SINAC_BD_0001945,24131,Bosque deciduo,2.143158094268549,SINAC - Consenso bosque deciduo 2021-2023,2021-2023,0,0,1,0
1946,SINAC_BD_0001946,24140,Bosque deciduo,4.160827061614707,SINAC - Consenso bosque deciduo 2021-2023,2021-2023,0,0,0,0
1947,SINAC_BD_0001947,24141,Bosque deciduo,1.6010419970761276,SINAC - Consenso bosque deciduo 2021-2023,2021-2023,0,0,0,0
1948,SINAC_BD_0001948,24151,Bosque deciduo,2.197098595365908,SINAC - Consenso bosque deciduo 2021-2023,2021-2023,1,1,1,0
1949,SINAC_BD_0001949,24161,Bosque deciduo,1.02,SINAC - Consenso bosque deciduo 2021-2023,2021-2023,0,0,0,0
1950,SINAC_BD_0001950,24164,Bosque deciduo,1.2853718314536904,SINAC - Consenso bosque deciduo 2021-2023,2021-2023,0,0,0,0
1951,SINAC_BD_0001951,24168,Bosque deciduo,1.0365892781227288,SINAC - Consenso bosque deciduo 2021-2023,2021-2023,0,0,0,0
1952,SINAC_BD_0001952,24169,Bosque deciduo,4.228703017805085,SINAC - Consenso bosque deciduo 2021-2023,2021-2023,1,0,0,0
1953,SINAC_BD_0001953,24170,Bosque deciduo,3.5412434651578786,SINAC - Consenso bosque deciduo 2021-2023,2021-2023,0,1,0,0
1954,SINAC_BD_0001954,24171,Bosque deciduo,1.7042367940011383,SINAC - Consenso bosque deciduo 2021-2023,2021-2023,1,0,0,0
1955,SINAC_BD_0001955,24176,Bosque deciduo,1.1283489837432925,SINAC - Consenso bosque deciduo 2021-2023,2021-2023,1,0,0,0
1956,SINAC_BD_0001956,24177,Bosque deciduo,16.776432885077664,SINAC - Consenso bosque deciduo 2021-2023,2021-2023,1,1,0,0
1957,SINAC_BD_0001957,24178,Bosque deciduo,3.129535812848676,SINAC - Consenso bosque deciduo 2021-2023,2021-2023,1,1,0,0
1958,SINAC_BD_0001958,24181,Bosque deciduo,1.1693140601588827,SINAC - Consenso bosque deciduo 2021-2023,2021-2023,0,0,0,0
1959,SINAC_BD_0001959,24186,Bosque deciduo,2.584805477260498,SINAC - Consenso bosque deciduo 2021-2023,2021-2023,0,0,0,0
1960,SINAC_BD_0001960,24198,Bosque deciduo,3.0893888261977303,SINAC - Consenso bosque deciduo 2021-2023,2021-2023,0,0,0,0
1961,SINAC_BD_0001961,24217,Bosque deciduo,3.8316067360117296,SINAC - Consenso bosque deciduo 2021-2023,2021-2023,0,0,0,0
1962,SINAC_BD_0001962,24226,Bosque deciduo,1.1717331867291216,SINAC - Consenso bosque deciduo 2021-2023,2021-2023,1,1,0,0
1963,SINAC_BD_0001963,24241,Bosque deciduo,1.2563071058877147,SINAC - Consenso bosque deciduo 2021-2023,2021-2023,1,0,0,0
1964,SINAC_BD_0001964,24243,Bosque deciduo,4.23651373829887,SINAC - Consenso bosque deciduo 2021-2023,2021-2023,1,1,0,0
1965,SINAC_BD_0001965,24252,Bosque deciduo,1.4044108510344868,SINAC - Consenso bosque deciduo 2021-2023,2021-2023,0,0,0,0
1966,SINAC_BD_0001966,24259,Bosque deciduo,1.2425027060795202,SINAC - Consenso bosque deciduo 2021-2023,2021-2023,1,0,0,0
1967,SINAC_BD_0001967,24264,Bosque deciduo,36.47627927331711,SINAC - Consenso bosque deciduo 2021-2023,2021-2023,1,1,1,1
1968,SINAC_BD_0001968,24272,Bosque deciduo,1.9352682145945834,SINAC - Consenso bosque deciduo 2021-2023,2021-2023,1,0,0,0
1969,SINAC_BD_0001969,24276,Bosque deciduo,2.317910219084324,SINAC - Consenso bosque deciduo 2021-2023,2021-2023,1,0,0,0
1970,SINAC_BD_0001970,24281,Bosque deciduo,24.995354777708357,SINAC - Consenso bosque deciduo 2021-2023,2021-2023,1,1,0,1
1971,SINAC_BD_0001971,24283,Bosque deciduo,2.2183827916141894,SINAC - Consenso bosque deciduo 2021-2023,2021-2023,0,0,0,0
1972,SINAC_BD_0001972,24288,Bosque deciduo,2.747986077949432,SINAC - Consenso bosque deciduo 2021-2023,2021-2023,1,1,0,0
1973,SINAC_BD_0001973,24290,Bosque deciduo,1.349524301212572,SINAC - Consenso bosque deciduo 2021-2023,2021-2023,0,0,0,0
1974,SINAC_BD_0001974,24297,Bosque deciduo,1.5017550228124503,SINAC - Consenso bosque deciduo 2021-2023,2021-2023,1,0,0,0
1975,SINAC_BD_0001975,24301,Bosque deciduo,2.8574228551985033,SINAC - Consenso bosque deciduo 2021-2023,2021-2023,1,0,0,0
1976,SINAC_BD_0001976,24304,Bosque deciduo,17.60607935665198,SINAC - Consenso bosque deciduo 2021-2023,2021-2023,1,0,0,0
1977,SINAC_BD_0001977,24335,Bosque deciduo,20.762625436837933,SINAC - Consenso bosque deciduo 2021-2023,2021-2023,1,1,0,0
1978,SINAC_BD_0001978,24368,Bosque deciduo,1.3234010766488156,SINAC - Consenso bosque deciduo 2021-2023,2021-2023,0,0,0,0
1979,SINAC_BD_0001979,24373,Bosque deciduo,2.8816614237839784,SINAC - Consenso bosque deciduo 2021-2023,2021-2023,0,0,0,0
1980,SINAC_BD_0001980,24376,Bosque deciduo,1.6072592916085304,SINAC - Consenso bosque deciduo 2021-2023,2021-2023,0,0,0,0
1981,SINAC_BD_0001981,24378,Bosque deciduo,1.73,SINAC - Consenso bosque deciduo 2021-2023,2021-2023,0,0,0,0
1982,SINAC_BD_0001982,24380,Bosque deciduo,1.3893728759985942,SINAC - Consenso bosque deciduo 2021-2023,2021-2023,1,0,0,0
1983,SINAC_BD_0001983,24384,Bosque deciduo,2.0155786087771594,SINAC - Consenso bosque deciduo 2021-2023,2021-2023,1,0,0,0
1984,SINAC_BD_0001984,24402,Bosque deciduo,1.9819545184756815,SINAC - Consenso bosque deciduo 2021-2023,2021-2023,0,0,0,0
1985,SINAC_BD_0001985,24404,Bosque deciduo,1.4296026913414397,SINAC - Consenso bosque deciduo 2021-2023,2021-2023,1,0,0,0
1986,SINAC_BD_0001986,24414,Bosque deciduo,5.186314759522016,SINAC - Consenso bosque deciduo 2021-2023,2021-2023,1,0,0,0
1987,SINAC_BD_0001987,24418,Bosque deciduo,2.225503522931046,SINAC - Consenso bosque deciduo 2021-2023,2021-2023,1,0,0,0
1988,SINAC_BD_0001988,24450,Bosque deciduo,2.030337817323542,SINAC - Consenso bosque deciduo 2021-2023,2021-2023,0,0,0,0
1989,SINAC_BD_0001989,24451,Bosque deciduo,1.3369240665170703,SINAC - Consenso bosque deciduo 2021-2023,2021-2023,0,1,0,0
1990,SINAC_BD_0001990,24470,Bosque deciduo,1.3376647310865677,SINAC - Consenso bosque deciduo 2021-2023,2021-2023,0,0,0,0
1991,SINAC_BD_0001991,24485,Bosque deciduo,13.694885322529997,SINAC - Consenso bosque deciduo 2021-2023,2021-2023,1,1,0,0
1992,SINAC_BD_0001992,24489,Bosque deciduo,2.7435204422382844,SINAC - Consenso bosque deciduo 2021-2023,2021-2023,1,1,0,0
1993,SINAC_BD_0001993,24495,Bosque deciduo,1.2658195800096212,SINAC - Consenso bosque deciduo 2021-2023,2021-2023,1,0,0,0
1994,SINAC_BD_0001994,24506,Bosque deciduo,1.3374163786140554,SINAC - Consenso bosque deciduo 2021-2023,2021-2023,0,1,0,0
1995,SINAC_BD_0001995,24510,Bosque deciduo,2.1822890077162502,SINAC - Consenso bosque deciduo 2021-2023,2021-2023,1,1,1,0
1996,SINAC_BD_0001996,24516,Bosque deciduo,14.633956622001357,SINAC - Consenso bosque deciduo 2021-2023,2021-2023,1,1,1,1
1997,SINAC_BD_0001997,24524,Bosque deciduo,60.783389522845866,SINAC - Consenso bosque deciduo 2021-2023,2021-2023,1,1,1,0
1998,SINAC_BD_0001998,24525,Bosque deciduo,1.1532214036549215,SINAC - Consenso bosque deciduo 2021-2023,2021-2023,0,0,0,0
1999,SINAC_BD_0001999,24528,Bosque deciduo,2.0944663769576537,SINAC - Consenso bosque deciduo 2021-2023,2021-2023,1,0,0,0
2000,SINAC_BD_0002000,24533,Bosque deciduo,2.5407421033409614,SINAC - Consenso bosque deciduo 2021-2023,2021-2023,1,1,0,0
2001,SINAC_BD_0002001,24552,Bosque deciduo,1.1108969673074207,SINAC - Consenso bosque deciduo 2021-2023,2021-2023,1,1,0,0
2002,SINAC_BD_0002002,24556,Bosque deciduo,1.3776503205637243,SINAC - Consenso bosque deciduo 2021-2023,2021-2023,0,0,0,0
2003,SINAC_BD_0002003,24557,Bosque deciduo,3.335468623862721,SINAC - Consenso bosque deciduo 2021-2023,2021-2023,0,0,0,0
2004,SINAC_BD_0002004,24560,Bosque deciduo,1.574312265493746,SINAC - Consenso bosque deciduo 2021-2023,2021-2023,0,0,0,0
2005,SINAC_BD_0002005,24565,Bosque deciduo,1.2695740174844798,SINAC - Consenso bosque deciduo 2021-2023,2021-2023,1,0,0,0
2006,SINAC_BD_0002006,24572,Bosque deciduo,2.684483713571405,SINAC - Consenso bosque deciduo 2021-2023,2021-2023,1,0,0,0
2007,SINAC_BD_0002007,24580,Bosque deciduo,1.2416056450748971,SINAC - Consenso bosque deciduo 2021-2023,2021-2023,1,0,0,0
2008,SINAC_BD_0002008,24598,Bosque deciduo,1.189248519158085,SINAC - Consenso bosque deciduo 2021-2023,2021-2023,1,0,0,0
2009,SINAC_BD_0002009,24600,Bosque deciduo,29.732315818862322,SINAC - Consenso bosque deciduo 2021-2023,2021-2023,1,0,0,0
2010,SINAC_BD_0002010,24602,Bosque deciduo,33.47418104176573,SINAC - Consenso bosque deciduo 2021-2023,2021-2023,1,1,1,1
2011,SINAC_BD_0002011,24605,Bosque deciduo,1.22,SINAC - Consenso bosque deciduo 2021-2023,2021-2023,0,0,0,0
2012,SINAC_BD_0002012,24642,Bosque deciduo,4.82020556256138,SINAC - Consenso bosque deciduo 2021-2023,2021-2023,1,1,0,0
2013,SINAC_BD_0002013,24645,Bosque deciduo,6.704658879424122,SINAC - Consenso bosque deciduo 2021-2023,2021-2023,1,1,1,0
2014,SINAC_BD_0002014,24654,Bosque deciduo,1.1128653811206273,SINAC - Consenso bosque deciduo 2021-2023,2021-2023,1,0,0,0
2015,SINAC_BD_0002015,24680,Bosque deciduo,1.825325281272825,SINAC - Consenso bosque deciduo 2021-2023,2021-2023,1,0,0,0
2016,SINAC_BD_0002016,24695,Bosque deciduo,1.4111440779730786,SINAC - Consenso bosque deciduo 2021-2023,2021-2023,1,0,0,0
2017,SINAC_BD_0002017,24696,Bosque deciduo,2.9399410203455822,SINAC - Consenso bosque deciduo 2021-2023,2021-2023,1,1,0,0
2018,SINAC_BD_0002018,24697,Bosque deciduo,1.1252821900770766,SINAC - Consenso bosque deciduo 2021-2023,2021-2023,1,0,0,0
2019,SINAC_BD_0002019,24698,Bosque deciduo,1.9195565453367658,SINAC - Consenso bosque deciduo 2021-2023,2021-2023,1,1,0,0
2020,SINAC_BD_0002020,24701,Bosque deciduo,3.2775659186720083,SINAC - Consenso bosque deciduo 2021-2023,2021-2023,1,0,0,0
2021,SINAC_BD_0002021,24704,Bosque deciduo,1.0658205849195044,SINAC - Consenso bosque deciduo 2021-2023,2021-2023,0,0,0,0
2022,SINAC_BD_0002022,24705,Bosque deciduo,1.4446524255744757,SINAC - Consenso bosque deciduo 2021-2023,2021-2023,1,0,0,0
2023,SINAC_BD_0002023,24715,Bosque deciduo,1.1507651485238646,SINAC - Consenso bosque deciduo 2021-2023,2021-2023,0,0,0,0
2024,SINAC_BD_0002024,24716,Bosque deciduo,2.6911426116918973,SINAC - Consenso bosque deciduo 2021-2023,2021-2023,0,0,0,0
2025,SINAC_BD_0002025,24723,Bosque deciduo,10.63457358080076,SINAC - Consenso bosque deciduo 2021-2023,2021-2023,1,1,0,0
2026,SINAC_BD_0002026,24733,Bosque deciduo,2.6994457196832613,SINAC - Consenso bosque deciduo 2021-2023,2021-2023,0,0,0,0
2027,SINAC_BD_0002027,24736,Bosque deciduo,1.0530893430669692,SINAC - Consenso bosque deciduo 2021-2023,2021-2023,0,0,0,0
2028,SINAC_BD_0002028,24738,Bosque deciduo,4.784046304109938,SINAC - Consenso bosque deciduo 2021-2023,2021-2023,1,1,0,0
2029,SINAC_BD_0002029,24739,Bosque deciduo,6.6802434065572625,SINAC - Consenso bosque deciduo 2021-2023,2021-2023,1,1,1,1
2030,SINAC_BD_0002030,24740,Bosque deciduo,2.2322467284409777,SINAC - Consenso bosque deciduo 2021-2023,2021-2023,0,0,0,0
2031,SINAC_BD_0002031,24741,Bosque deciduo,6.093340979074427,SINAC - Consenso bosque deciduo 2021-2023,2021-2023,1,0,0,0
2032,SINAC_BD_0002032,24742,Bosque deciduo,4.631245818995582,SINAC - Consenso bosque deciduo 2021-2023,2021-2023,0,0,0,0
2033,SINAC_BD_0002033,24743,Bosque deciduo,1.5451761632654957,SINAC - Consenso bosque deciduo 2021-2023,2021-2023,0,0,0,0
2034,SINAC_BD_0002034,24744,Bosque deciduo,1.1914075209745343,SINAC - Consenso bosque deciduo 2021-2023,2021-2023,0,0,0,0
2035,SINAC_BD_0002035,24753,Bosque deciduo,1.0506438003726206,SINAC - Consenso bosque deciduo 2021-2023,2021-2023,0,0,0,0
2036,SINAC_BD_0002036,24783,Bosque deciduo,7.46975086501446,SINAC - Consenso bosque deciduo 2021-2023,2021-2023,1,1,1,0
2037,SINAC_BD_0002037,24789,Bosque deciduo,19.01748639212511,SINAC - Consenso bosque deciduo 2021-2023,2021-2023,1,0,1,0
2038,SINAC_BD_0002038,24809,Bosque deciduo,5.873392088643225,SINAC - Consenso bosque deciduo 2021-2023,2021-2023,1,0,0,0
2039,SINAC_BD_0002039,24826,Bosque deciduo,4.296895660442496,SINAC - Consenso bosque deciduo 2021-2023,2021-2023,0,1,0,0
2040,SINAC_BD_0002040,24827,Bosque deciduo,1.0457014661179913,SINAC - Consenso bosque deciduo 2021-2023,2021-2023,0,0,0,0
2041,SINAC_BD_0002041,24831,Bosque deciduo,4.309371067070608,SINAC - Consenso bosque deciduo 2021-2023,2021-2023,1,0,0,0
2042,SINAC_BD_0002042,24836,Bosque deciduo,7.816073971472358,SINAC - Consenso bosque deciduo 2021-2023,2021-2023,1,1,0,0
2043,SINAC_BD_0002043,24841,Bosque deciduo,69.97088160698843,SINAC - Consenso bosque deciduo 2021-2023,2021-2023,1,1,1,1
2044,SINAC_BD_0002044,24857,Bosque deciduo,5.226075666124215,SINAC - Consenso bosque deciduo 2021-2023,2021-2023,1,0,0,0
2045,SINAC_BD_0002045,24866,Bosque deciduo,6.834257338755191,SINAC - Consenso bosque deciduo 2021-2023,2021-2023,1,0,0,0
2046,SINAC_BD_0002046,24878,Bosque deciduo,1.7496792240317656,SINAC - Consenso bosque deciduo 2021-2023,2021-2023,0,0,0,0
2047,SINAC_BD_0002047,24881,Bosque deciduo,2.3196444535372964,SINAC - Consenso bosque deciduo 2021-2023,2021-2023,1,1,1,0
2048,SINAC_BD_0002048,24899,Bosque deciduo,1.5262750314279518,SINAC - Consenso bosque deciduo 2021-2023,2021-2023,1,0,0,0
2049,SINAC_BD_0002049,24921,Bosque deciduo,1.2076258359687986,SINAC - Consenso bosque deciduo 2021-2023,2021-2023,0,0,0,0
2050,SINAC_BD_0002050,24986,Bosque deciduo,2.3805391671318303,SINAC - Consenso bosque deciduo 2021-2023,2021-2023,1,0,0,0
2051,SINAC_BD_0002051,24992,Bosque deciduo,6.816087942933993,SINAC - Consenso bosque deciduo 2021-2023,2021-2023,1,0,0,0
2052,SINAC_BD_0002052,24997,Bosque deciduo,3.6078832054469445,SINAC - Consenso bosque deciduo 2021-2023,2021-2023,1,1,0,0
2053,SINAC_BD_0002053,25009,Bosque deciduo,1.5289739466120298,SINAC - Consenso bosque deciduo 2021-2023,2021-2023,1,1,0,0
2054,SINAC_BD_0002054,25011,Bosque deciduo,2.587737026968102,SINAC - Consenso bosque deciduo 2021-2023,2021-2023,1,0,0,0
2055,SINAC_BD_0002055,25012,Bosque deciduo,1.5042843147833005,SINAC - Consenso bosque deciduo 2021-2023,2021-2023,1,1,0,0
2056,SINAC_BD_0002056,25018,Bosque deciduo,1.190008884511385,SINAC - Consenso bosque deciduo 2021-2023,2021-2023,1,0,0,0
2057,SINAC_BD_0002057,25020,Bosque deciduo,1.3460421840170906,SINAC - Consenso bosque deciduo 2021-2023,2021-2023,0,0,0,0
2058,SINAC_BD_0002058,25023,Bosque deciduo,1.137414719000815,SINAC - Consenso bosque deciduo 2021-2023,2021-2023,1,0,0,0
2059,SINAC_BD_0002059,25034,Bosque deciduo,1.1086149379889345,SINAC - Consenso bosque deciduo 2021-2023,2021-2023,1,0,0,0
2060,SINAC_BD_0002060,25041,Bosque deciduo,1.7540835367358756,SINAC - Consenso bosque deciduo 2021-2023,2021-2023,0,0,0,0
2061,SINAC_BD_0002061,25043,Bosque deciduo,4.9790221612861,SINAC - Consenso bosque deciduo 2021-2023,2021-2023,1,0,0,0
2062,SINAC_BD_0002062,25051,Bosque deciduo,1.335261051190193,SINAC - Consenso bosque deciduo 2021-2023,2021-2023,1,0,0,0
2063,SINAC_BD_0002063,25058,Bosque deciduo,14.30296188208648,SINAC - Consenso bosque deciduo 2021-2023,2021-2023,1,1,1,0
2064,SINAC_BD_0002064,25074,Bosque deciduo,1.594057022606947,SINAC - Consenso bosque deciduo 2021-2023,2021-2023,0,1,0,0
2065,SINAC_BD_0002065,25076,Bosque deciduo,11.397873671003927,SINAC - Consenso bosque deciduo 2021-2023,2021-2023,1,0,0,0
2066,SINAC_BD_0002066,25077,Bosque deciduo,3.6961371464180455,SINAC - Consenso bosque deciduo 2021-2023,2021-2023,1,1,0,0
2067,SINAC_BD_0002067,25079,Bosque deciduo,1.1887043148227536,SINAC - Consenso bosque deciduo 2021-2023,2021-2023,1,1,0,0
2068,SINAC_BD_0002068,25081,Bosque deciduo,89.32099786198818,SINAC - Consenso bosque deciduo 2021-2023,2021-2023,1,1,1,1
2069,SINAC_BD_0002069,25089,Bosque deciduo,2.1016785410004477,SINAC - Consenso bosque deciduo 2021-2023,2021-2023,0,0,0,0
2070,SINAC_BD_0002070,25095,Bosque deciduo,6.325312187372173,SINAC - Consenso bosque deciduo 2021-2023,2021-2023,1,0,0,0
2071,SINAC_BD_0002071,25106,Bosque deciduo,1.604015521035083,SINAC - Consenso bosque deciduo 2021-2023,2021-2023,0,0,0,0
2072,SINAC_BD_0002072,25124,Bosque deciduo,1.6363539257752322,SINAC - Consenso bosque deciduo 2021-2023,2021-2023,0,0,0,0
2073,SINAC_BD_0002073,25129,Bosque deciduo,2.943927068959219,SINAC - Consenso bosque deciduo 2021-2023,2021-2023,0,0,0,0
2074,SINAC_BD_0002074,25130,Bosque deciduo,1.02,SINAC - Consenso bosque deciduo 2021-2023,2021-2023,0,0,0,0
2075,SINAC_BD_0002075,25153,Bosque deciduo,1.1669656060326783,SINAC - Consenso bosque deciduo 2021-2023,2021-2023,0,0,0,0
2076,SINAC_BD_0002076,25159,Bosque deciduo,4.318261472513956,SINAC - Consenso bosque deciduo 2021-2023,2021-2023,0,0,0,0
2077,SINAC_BD_0002077,25161,Bosque deciduo,1.4494779211958027,SINAC - Consenso bosque deciduo 2021-2023,2021-2023,0,0,0,0
2078,SINAC_BD_0002078,25169,Bosque deciduo,6.731249943799036,SINAC - Consenso bosque deciduo 2021-2023,2021-2023,1,1,0,0
2079,SINAC_BD_0002079,25179,Bosque deciduo,2.6330803968644965,SINAC - Consenso bosque deciduo 2021-2023,2021-2023,1,0,0,0
2080,SINAC_BD_0002080,25185,Bosque deciduo,1.09,SINAC - Consenso bosque deciduo 2021-2023,2021-2023,0,0,0,0
2081,SINAC_BD_0002081,25203,Bosque deciduo,34.613278070878025,SINAC - Consenso bosque deciduo 2021-2023,2021-2023,1,1,0,0
2082,SINAC_BD_0002082,25208,Bosque deciduo,5.172194180095789,SINAC - Consenso bosque deciduo 2021-2023,2021-2023,1,1,1,1
2083,SINAC_BD_0002083,25210,Bosque deciduo,4.5848212359148075,SINAC - Consenso bosque deciduo 2021-2023,2021-2023,0,0,0,0
2084,SINAC_BD_0002084,25217,Bosque deciduo,1.87,SINAC - Consenso bosque deciduo 2021-2023,2021-2023,0,0,0,0
2085,SINAC_BD_0002085,25228,Bosque deciduo,1.156206622764859,SINAC - Consenso bosque deciduo 2021-2023,2021-2023,0,0,0,0
2086,SINAC_BD_0002086,25233,Bosque deciduo,3.752454893984454,SINAC - Consenso bosque deciduo 2021-2023,2021-2023,0,0,0,0
2087,SINAC_BD_0002087,25235,Bosque deciduo,1.0490145788875984,SINAC - Consenso bosque deciduo 2021-2023,2021-2023,0,0,0,0
2088,SINAC_BD_0002088,25242,Bosque deciduo,2.3834299442091624,SINAC - Consenso bosque deciduo 2021-2023,2021-2023,0,0,0,0
2089,SINAC_BD_0002089,25251,Bosque deciduo,11.66534209445373,SINAC - Consenso bosque deciduo 2021-2023,2021-2023,1,1,0,0
2090,SINAC_BD_0002090,25253,Bosque deciduo,1.91,SINAC - Consenso bosque deciduo 2021-2023,2021-2023,0,1,0,0
2091,SINAC_BD_0002091,25269,Bosque deciduo,3.28,SINAC - Consenso bosque deciduo 2021-2023,2021-2023,1,0,0,0
2092,SINAC_BD_0002092,25273,Bosque deciduo,1.27,SINAC - Consenso bosque deciduo 2021-2023,2021-2023,1,0,0,0
2093,SINAC_BD_0002093,25290,Bosque deciduo,11.892183201496195,SINAC - Consenso bosque deciduo 2021-2023,2021-2023,1,1,0,0
2094,SINAC_BD_0002094,25291,Bosque deciduo,2.0544723467783146,SINAC - Consenso bosque deciduo 2021-2023,2021-2023,0,1,0,0
2095,SINAC_BD_0002095,25295,Bosque deciduo,2.6970191646489843,SINAC - Consenso bosque deciduo 2021-2023,2021-2023,1,0,0,0
2096,SINAC_BD_0002096,25297,Bosque deciduo,7.48282461060069,SINAC - Consenso bosque deciduo 2021-2023,2021-2023,0,0,0,0
2097,SINAC_BD_0002097,25312,Bosque deciduo,1.9981424646371462,SINAC - Consenso bosque deciduo 2021-2023,2021-2023,0,0,0,0
2098,SINAC_BD_0002098,25318,Bosque deciduo,1.013469619149181,SINAC - Consenso bosque deciduo 2021-2023,2021-2023,0,1,0,0
2099,SINAC_BD_0002099,25335,Bosque deciduo,1.5118818412451558,SINAC - Consenso bosque deciduo 2021-2023,2021-2023,0,0,0,0
2100,SINAC_BD_0002100,25336,Bosque deciduo,4.195342615581599,SINAC - Consenso bosque deciduo 2021-2023,2021-2023,1,0,0,0
2101,SINAC_BD_0002101,25337,Bosque deciduo,3.1647547300476253,SINAC - Consenso bosque deciduo 2021-2023,2021-2023,0,0,0,0
2102,SINAC_BD_0002102,25339,Bosque deciduo,1.7042702004434402,SINAC - Consenso bosque deciduo 2021-2023,2021-2023,0,0,0,0
2103,SINAC_BD_0002103,25352,Bosque deciduo,1.7321692691641082,SINAC - Consenso bosque deciduo 2021-2023,2021-2023,0,0,0,0
2104,SINAC_BD_0002104,25353,Bosque deciduo,1.7893172199308138,SINAC - Consenso bosque deciduo 2021-2023,2021-2023,0,0,0,0
2105,SINAC_BD_0002105,25365,Bosque deciduo,2.512404326438784,SINAC - Consenso bosque deciduo 2021-2023,2021-2023,1,0,0,0
2106,SINAC_BD_0002106,25368,Bosque deciduo,3.692272585643777,SINAC - Consenso bosque deciduo 2021-2023,2021-2023,0,0,0,0
2107,SINAC_BD_0002107,25369,Bosque deciduo,6.166786900415346,SINAC - Consenso bosque deciduo 2021-2023,2021-2023,1,0,0,0
2108,SINAC_BD_0002108,25371,Bosque deciduo,1.5020433240237587,SINAC - Consenso bosque deciduo 2021-2023,2021-2023,0,0,0,0
2109,SINAC_BD_0002109,25379,Bosque deciduo,2.0561776922516453,SINAC - Consenso bosque deciduo 2021-2023,2021-2023,0,0,0,0
2110,SINAC_BD_0002110,25401,Bosque deciduo,2.2800210876767095,SINAC - Consenso bosque deciduo 2021-2023,2021-2023,1,1,0,0
2111,SINAC_BD_0002111,25407,Bosque deciduo,2.063472470291293,SINAC - Consenso bosque deciduo 2021-2023,2021-2023,1,0,0,0
2112,SINAC_BD_0002112,25411,Bosque deciduo,8.96648395721321,SINAC - Consenso bosque deciduo 2021-2023,2021-2023,1,0,1,0
2113,SINAC_BD_0002113,25426,Bosque deciduo,7.778520256667074,SINAC - Consenso bosque deciduo 2021-2023,2021-2023,1,0,0,0
2114,SINAC_BD_0002114,25431,Bosque deciduo,2.5929903254860736,SINAC - Consenso bosque deciduo 2021-2023,2021-2023,0,0,0,0
2115,SINAC_BD_0002115,25433,Bosque deciduo,1.3444301201509474,SINAC - Consenso bosque deciduo 2021-2023,2021-2023,0,0,0,0
2116,SINAC_BD_0002116,25438,Bosque deciduo,2.2174726972165195,SINAC - Consenso bosque deciduo 2021-2023,2021-2023,1,1,1,0
2117,SINAC_BD_0002117,25444,Bosque deciduo,2.7299245628421906,SINAC - Consenso bosque deciduo 2021-2023,2021-2023,1,0,0,0
2118,SINAC_BD_0002118,25445,Bosque deciduo,8.356306152396987,SINAC - Consenso bosque deciduo 2021-2023,2021-2023,1,1,0,0
2119,SINAC_BD_0002119,25458,Bosque deciduo,2.0563166002150335,SINAC - Consenso bosque deciduo 2021-2023,2021-2023,0,0,0,0
2120,SINAC_BD_0002120,25463,Bosque deciduo,9.200021618585497,SINAC - Consenso bosque deciduo 2021-2023,2021-2023,0,0,0,0
2121,SINAC_BD_0002121,25465,Bosque deciduo,21.413483725109053,SINAC - Consenso bosque deciduo 2021-2023,2021-2023,1,1,0,0
2122,SINAC_BD_0002122,25466,Bosque deciduo,2.756032058835812,SINAC - Consenso bosque deciduo 2021-2023,2021-2023,1,0,0,0
2123,SINAC_BD_0002123,25472,Bosque deciduo,1.1904748404810679,SINAC - Consenso bosque deciduo 2021-2023,2021-2023,1,1,0,0
2124,SINAC_BD_0002124,25474,Bosque deciduo,3.63621927629749,SINAC - Consenso bosque deciduo 2021-2023,2021-2023,1,0,0,0
2125,SINAC_BD_0002125,25475,Bosque deciduo,2.1373353865718276,SINAC - Consenso bosque deciduo 2021-2023,2021-2023,0,0,0,0
2126,SINAC_BD_0002126,25478,Bosque deciduo,2.8945953958024644,SINAC - Consenso bosque deciduo 2021-2023,2021-2023,0,0,0,0
2127,SINAC_BD_0002127,25483,Bosque deciduo,11.579692433181956,SINAC - Consenso bosque deciduo 2021-2023,2021-2023,1,0,0,0
2128,SINAC_BD_0002128,25484,Bosque deciduo,4.667242237144726,SINAC - Consenso bosque deciduo 2021-2023,2021-2023,1,0,0,0
2129,SINAC_BD_0002129,25500,Bosque deciduo,1.3236542277789471,SINAC - Consenso bosque deciduo 2021-2023,2021-2023,0,0,0,0
2130,SINAC_BD_0002130,25530,Bosque deciduo,5.116268769587684,SINAC - Consenso bosque deciduo 2021-2023,2021-2023,0,0,0,0
2131,SINAC_BD_0002131,25533,Bosque deciduo,3.2657355575516647,SINAC - Consenso bosque deciduo 2021-2023,2021-2023,0,0,0,0
2132,SINAC_BD_0002132,25571,Bosque deciduo,1.228567688187367,SINAC - Consenso bosque deciduo 2021-2023,2021-2023,0,0,0,0
2133,SINAC_BD_0002133,25585,Bosque deciduo,2.09,SINAC - Consenso bosque deciduo 2021-2023,2021-2023,0,1,0,0
2134,SINAC_BD_0002134,25604,Bosque deciduo,2.1178846643075793,SINAC - Consenso bosque deciduo 2021-2023,2021-2023,1,1,0,0
2135,SINAC_BD_0002135,25636,Bosque deciduo,1.375516961541475,SINAC - Consenso bosque deciduo 2021-2023,2021-2023,0,0,0,0
2136,SINAC_BD_0002136,25637,Bosque deciduo,2.9304141603120337,SINAC - Consenso bosque deciduo 2021-2023,2021-2023,1,1,0,0
2137,SINAC_BD_0002137,25644,Bosque deciduo,7.546668561248979,SINAC - Consenso bosque deciduo 2021-2023,2021-2023,1,1,0,0
2138,SINAC_BD_0002138,25651,Bosque deciduo,5.472301379646139,SINAC - Consenso bosque deciduo 2021-2023,2021-2023,0,0,0,0
2139,SINAC_BD_0002139,25655,Bosque deciduo,5.979907699560112,SINAC - Consenso bosque deciduo 2021-2023,2021-2023,1,1,0,0
2140,SINAC_BD_0002140,25685,Bosque deciduo,1.085588568929999,SINAC - Consenso bosque deciduo 2021-2023,2021-2023,1,0,1,0
2141,SINAC_BD_0002141,25687,Bosque deciduo,10.359364335629067,SINAC - Consenso bosque deciduo 2021-2023,2021-2023,1,1,1,0
2142,SINAC_BD_0002142,25688,Bosque deciduo,3.165422823384666,SINAC - Consenso bosque deciduo 2021-2023,2021-2023,1,0,0,1
2143,SINAC_BD_0002143,25689,Bosque deciduo,1.5485701163197323,SINAC - Consenso bosque deciduo 2021-2023,2021-2023,0,0,0,0
2144,SINAC_BD_0002144,25697,Bosque deciduo,4.048555110424819,SINAC - Consenso bosque deciduo 2021-2023,2021-2023,1,0,0,0
2145,SINAC_BD_0002145,25701,Bosque deciduo,3.245635585857894,SINAC - Consenso bosque deciduo 2021-2023,2021-2023,1,0,0,0
2146,SINAC_BD_0002146,25708,Bosque deciduo,9.626076426184435,SINAC - Consenso bosque deciduo 2021-2023,2021-2023,1,1,1,0
2147,SINAC_BD_0002147,25748,Bosque deciduo,3.521436808359844,SINAC - Consenso bosque deciduo 2021-2023,2021-2023,1,0,1,0
2148,SINAC_BD_0002148,25749,Bosque deciduo,2.0466145583168656,SINAC - Consenso bosque deciduo 2021-2023,2021-2023,0,0,0,0
2149,SINAC_BD_0002149,25757,Bosque deciduo,1.1359593167774928,SINAC - Consenso bosque deciduo 2021-2023,2021-2023,0,0,0,0
2150,SINAC_BD_0002150,25789,Bosque deciduo,2.13,SINAC - Consenso bosque deciduo 2021-2023,2021-2023,1,0,0,0
2151,SINAC_BD_0002151,25791,Bosque deciduo,1.33,SINAC - Consenso bosque deciduo 2021-2023,2021-2023,0,0,0,0
2152,SINAC_BD_0002152,25810,Bosque deciduo,2.162861972795479,SINAC - Consenso bosque deciduo 2021-2023,2021-2023,0,0,0,0
2153,SINAC_BD_0002153,25811,Bosque deciduo,1.47847792631512,SINAC - Consenso bosque deciduo 2021-2023,2021-2023,1,0,0,0
2154,SINAC_BD_0002154,25816,Bosque deciduo,2.44,SINAC - Consenso bosque deciduo 2021-2023,2021-2023,0,0,0,0
2155,SINAC_BD_0002155,25819,Bosque deciduo,3.882890878104606,SINAC - Consenso bosque deciduo 2021-2023,2021-2023,1,1,1,0
2156,SINAC_BD_0002156,25826,Bosque deciduo,1.336175280345655,SINAC - Consenso bosque deciduo 2021-2023,2021-2023,0,0,0,0
2157,SINAC_BD_0002157,25864,Bosque deciduo,2.7341261083677475,SINAC - Consenso bosque deciduo 2021-2023,2021-2023,0,0,0,0
2158,SINAC_BD_0002158,25865,Bosque deciduo,1.5642723722276035,SINAC - Consenso bosque deciduo 2021-2023,2021-2023,0,0,0,0
2159,SINAC_BD_0002159,25867,Bosque deciduo,54.09601297127548,SINAC - Consenso bosque deciduo 2021-2023,2021-2023,1,1,1,0
2160,SINAC_BD_0002160,25869,Bosque deciduo,1.8893129034360219,SINAC - Consenso bosque deciduo 2021-2023,2021-2023,1,0,0,0
2161,SINAC_BD_0002161,25888,Bosque deciduo,3.47,SINAC - Consenso bosque deciduo 2021-2023,2021-2023,0,1,0,0
2162,SINAC_BD_0002162,25894,Bosque deciduo,1.0366568687792606,SINAC - Consenso bosque deciduo 2021-2023,2021-2023,0,0,0,0
2163,SINAC_BD_0002163,25898,Bosque deciduo,1.2963407581677182,SINAC - Consenso bosque deciduo 2021-2023,2021-2023,0,0,0,0
2164,SINAC_BD_0002164,25909,Bosque deciduo,1.7162951062917167,SINAC - Consenso bosque deciduo 2021-2023,2021-2023,1,1,0,0
2165,SINAC_BD_0002165,25910,Bosque deciduo,11.97424000652922,SINAC - Consenso bosque deciduo 2021-2023,2021-2023,1,1,1,0
2166,SINAC_BD_0002166,25932,Bosque deciduo,3.342168872658799,SINAC - Consenso bosque deciduo 2021-2023,2021-2023,0,0,0,0
2167,SINAC_BD_0002167,25933,Bosque deciduo,2.3260664538095006,SINAC - Consenso bosque deciduo 2021-2023,2021-2023,1,0,1,0
2168,SINAC_BD_0002168,25940,Bosque deciduo,1.2785607403309789,SINAC - Consenso bosque deciduo 2021-2023,2021-2023,1,1,0,0
2169,SINAC_BD_0002169,25941,Bosque deciduo,4.372884927144748,SINAC - Consenso bosque deciduo 2021-2023,2021-2023,1,1,0,0
2170,SINAC_BD_0002170,25954,Bosque deciduo,1.9073849560960852,SINAC - Consenso bosque deciduo 2021-2023,2021-2023,0,0,0,0
2171,SINAC_BD_0002171,25956,Bosque deciduo,1.7930750603412193,SINAC - Consenso bosque deciduo 2021-2023,2021-2023,0,0,0,0
2172,SINAC_BD_0002172,25962,Bosque deciduo,14.452268269153938,SINAC - Consenso bosque deciduo 2021-2023,2021-2023,1,1,1,0
2173,SINAC_BD_0002173,25963,Bosque deciduo,1.5960399181360587,SINAC - Consenso bosque deciduo 2021-2023,2021-2023,1,0,0,0
2174,SINAC_BD_0002174,25964,Bosque deciduo,1.1163917771160363,SINAC - Consenso bosque deciduo 2021-2023,2021-2023,1,0,0,0
2175,SINAC_BD_0002175,25967,Bosque deciduo,1.2278864544672181,SINAC - Consenso bosque deciduo 2021-2023,2021-2023,0,0,0,0
2176,SINAC_BD_0002176,25974,Bosque deciduo,1.0663213085561776,SINAC - Consenso bosque deciduo 2021-2023,2021-2023,0,0,0,0
2177,SINAC_BD_0002177,25984,Bosque deciduo,1.6638874651046296,SINAC - Consenso bosque deciduo 2021-2023,2021-2023,1,0,0,0
2178,SINAC_BD_0002178,25999,Bosque deciduo,2.32,SINAC - Consenso bosque deciduo 2021-2023,2021-2023,0,0,0,0
2179,SINAC_BD_0002179,26000,Bosque deciduo,1.7161603640660619,SINAC - Consenso bosque deciduo 2021-2023,2021-2023,1,1,0,0
2180,SINAC_BD_0002180,26003,Bosque deciduo,5.294901815510166,SINAC - Consenso bosque deciduo 2021-2023,2021-2023,1,1,0,0
2181,SINAC_BD_0002181,26011,Bosque deciduo,3.26918892242442,SINAC - Consenso bosque deciduo 2021-2023,2021-2023,1,1,0,0
2182,SINAC_BD_0002182,26018,Bosque deciduo,1.03,SINAC - Consenso bosque deciduo 2021-2023,2021-2023,0,0,0,0
2183,SINAC_BD_0002183,26027,Bosque deciduo,1.51,SINAC - Consenso bosque deciduo 2021-2023,2021-2023,0,0,0,0
2184,SINAC_BD_0002184,26052,Bosque deciduo,5.8479250071097235,SINAC - Consenso bosque deciduo 2021-2023,2021-2023,1,0,0,0
2185,SINAC_BD_0002185,26055,Bosque deciduo,1.8623205772660185,SINAC - Consenso bosque deciduo 2021-2023,2021-2023,1,0,0,0
2186,SINAC_BD_0002186,26056,Bosque deciduo,2.717896724721353,SINAC - Consenso bosque deciduo 2021-2023,2021-2023,1,1,0,0
2187,SINAC_BD_0002187,26066,Bosque deciduo,1.23,SINAC - Consenso bosque deciduo 2021-2023,2021-2023,0,0,0,0
2188,SINAC_BD_0002188,26075,Bosque deciduo,9.224485657065134,SINAC - Consenso bosque deciduo 2021-2023,2021-2023,1,1,0,0
2189,SINAC_BD_0002189,26076,Bosque deciduo,1.4945649170111466,SINAC - Consenso bosque deciduo 2021-2023,2021-2023,0,0,0,0
2190,SINAC_BD_0002190,26080,Bosque deciduo,1.01490741062957,SINAC - Consenso bosque deciduo 2021-2023,2021-2023,1,0,0,0
2191,SINAC_BD_0002191,26081,Bosque deciduo,1.6413462526785407,SINAC - Consenso bosque deciduo 2021-2023,2021-2023,1,1,0,0
2192,SINAC_BD_0002192,26083,Bosque deciduo,3.037915256415975,SINAC - Consenso bosque deciduo 2021-2023,2021-2023,1,0,0,0
2193,SINAC_BD_0002193,26086,Bosque deciduo,3.3576606276213146,SINAC - Consenso bosque deciduo 2021-2023,2021-2023,1,0,0,0
2194,SINAC_BD_0002194,26109,Bosque deciduo,6.416271097081529,SINAC - Consenso bosque deciduo 2021-2023,2021-2023,1,0,0,0
2195,SINAC_BD_0002195,26128,Bosque deciduo,3.0428136410135256,SINAC - Consenso bosque deciduo 2021-2023,2021-2023,1,0,0,0
2196,SINAC_BD_0002196,26154,Bosque deciduo,1.0513844432039772,SINAC - Consenso bosque deciduo 2021-2023,2021-2023,1,0,0,0
2197,SINAC_BD_0002197,26159,Bosque deciduo,1.1256888377565475,SINAC - Consenso bosque deciduo 2021-2023,2021-2023,0,0,0,0
2198,SINAC_BD_0002198,26166,Bosque deciduo,5.477684983457311,SINAC - Consenso bosque deciduo 2021-2023,2021-2023,0,1,0,0
2199,SINAC_BD_0002199,26167,Bosque deciduo,23.401310496702603,SINAC - Consenso bosque deciduo 2021-2023,2021-2023,1,1,0,0
2200,SINAC_BD_0002200,26168,Bosque deciduo,9.934453325981595,SINAC - Consenso bosque deciduo 2021-2023,2021-2023,1,0,1,0
2201,SINAC_BD_0002201,26169,Bosque deciduo,7.264363455921375,SINAC - Consenso bosque deciduo 2021-2023,2021-2023,0,0,0,0
2202,SINAC_BD_0002202,26179,Bosque deciduo,3.0583355232686498,SINAC - Consenso bosque deciduo 2021-2023,2021-2023,1,0,0,0
2203,SINAC_BD_0002203,26187,Bosque deciduo,1.0084097676253845,SINAC - Consenso bosque deciduo 2021-2023,2021-2023,0,0,0,0
2204,SINAC_BD_0002204,26206,Bosque deciduo,10.392529981896342,SINAC - Consenso bosque deciduo 2021-2023,2021-2023,1,0,0,0
2205,SINAC_BD_0002205,26207,Bosque deciduo,2.7415724651492743,SINAC - Consenso bosque deciduo 2021-2023,2021-2023,0,0,0,0
2206,SINAC_BD_0002206,26208,Bosque deciduo,5.247557889620641,SINAC - Consenso bosque deciduo 2021-2023,2021-2023,0,0,0,0
2207,SINAC_BD_0002207,26220,Bosque deciduo,1.4937167178474742,SINAC - Consenso bosque deciduo 2021-2023,2021-2023,1,0,0,0
2208,SINAC_BD_0002208,26231,Bosque deciduo,1.671668141664937,SINAC - Consenso bosque deciduo 2021-2023,2021-2023,1,1,1,0
2209,SINAC_BD_0002209,26235,Bosque deciduo,2.004231648095884,SINAC - Consenso bosque deciduo 2021-2023,2021-2023,1,0,0,0
2210,SINAC_BD_0002210,26241,Bosque deciduo,3.59296556313694,SINAC - Consenso bosque deciduo 2021-2023,2021-2023,1,1,1,0
2211,SINAC_BD_0002211,26258,Bosque deciduo,1.5244358209662188,SINAC - Consenso bosque deciduo 2021-2023,2021-2023,1,0,1,0
2212,SINAC_BD_0002212,26262,Bosque deciduo,2.157577147562558,SINAC - Consenso bosque deciduo 2021-2023,2021-2023,1,1,0,0
2213,SINAC_BD_0002213,26295,Bosque deciduo,6.136849563097948,SINAC - Consenso bosque deciduo 2021-2023,2021-2023,0,0,0,0
2214,SINAC_BD_0002214,26317,Bosque deciduo,1.5514474448139544,SINAC - Consenso bosque deciduo 2021-2023,2021-2023,1,0,0,0
2215,SINAC_BD_0002215,26334,Bosque deciduo,9.115912122276315,SINAC - Consenso bosque deciduo 2021-2023,2021-2023,1,0,0,0
2216,SINAC_BD_0002216,26340,Bosque deciduo,4.859502170166342,SINAC - Consenso bosque deciduo 2021-2023,2021-2023,1,0,0,0
2217,SINAC_BD_0002217,26346,Bosque deciduo,1.0258864795295464,SINAC - Consenso bosque deciduo 2021-2023,2021-2023,0,0,0,0
2218,SINAC_BD_0002218,26350,Bosque deciduo,1.6311279697312737,SINAC - Consenso bosque deciduo 2021-2023,2021-2023,0,0,0,0
2219,SINAC_BD_0002219,26354,Bosque deciduo,1.7422453757451593,SINAC - Consenso bosque deciduo 2021-2023,2021-2023,1,0,0,0
2220,SINAC_BD_0002220,26356,Bosque deciduo,2.2572167301810726,SINAC - Consenso bosque deciduo 2021-2023,2021-2023,1,1,1,0
2221,SINAC_BD_0002221,26359,Bosque deciduo,2.0489202515229117,SINAC - Consenso bosque deciduo 2021-2023,2021-2023,0,0,0,0
2222,SINAC_BD_0002222,26363,Bosque deciduo,1.012834240919486,SINAC - Consenso bosque deciduo 2021-2023,2021-2023,0,0,0,0
2223,SINAC_BD_0002223,26364,Bosque deciduo,1.5556299867990167,SINAC - Consenso bosque deciduo 2021-2023,2021-2023,1,1,0,0
2224,SINAC_BD_0002224,26376,Bosque deciduo,1.0751610292924252,SINAC - Consenso bosque deciduo 2021-2023,2021-2023,0,0,0,0
2225,SINAC_BD_0002225,26379,Bosque deciduo,2.0727998631724165,SINAC - Consenso bosque deciduo 2021-2023,2021-2023,1,1,0,0
2226,SINAC_BD_0002226,26391,Bosque deciduo,1.7809360111466628,SINAC - Consenso bosque deciduo 2021-2023,2021-2023,0,0,0,0
2227,SINAC_BD_0002227,26395,Bosque deciduo,1.9895313952136582,SINAC - Consenso bosque deciduo 2021-2023,2021-2023,1,0,0,0
2228,SINAC_BD_0002228,26403,Bosque deciduo,1.7632464722859178,SINAC - Consenso bosque deciduo 2021-2023,2021-2023,1,0,0,0
2229,SINAC_BD_0002229,26407,Bosque deciduo,1.5037448898384378,SINAC - Consenso bosque deciduo 2021-2023,2021-2023,0,0,0,0
2230,SINAC_BD_0002230,26418,Bosque deciduo,1.9129260020457557,SINAC - Consenso bosque deciduo 2021-2023,2021-2023,1,1,0,0
2231,SINAC_BD_0002231,26444,Bosque deciduo,18.802055832223544,SINAC - Consenso bosque deciduo 2021-2023,2021-2023,1,0,0,0
2232,SINAC_BD_0002232,26459,Bosque deciduo,1.197047379638937,SINAC - Consenso bosque deciduo 2021-2023,2021-2023,0,1,0,0
2233,SINAC_BD_0002233,26468,Bosque deciduo,11.560157968651337,SINAC - Consenso bosque deciduo 2021-2023,2021-2023,1,1,0,0
2234,SINAC_BD_0002234,26482,Bosque deciduo,1.0612948823112576,SINAC - Consenso bosque deciduo 2021-2023,2021-2023,1,0,0,0
2235,SINAC_BD_0002235,26499,Bosque deciduo,1.3402578742191662,SINAC - Consenso bosque deciduo 2021-2023,2021-2023,0,0,0,0
2236,SINAC_BD_0002236,26500,Bosque deciduo,9.922137325018369,SINAC - Consenso bosque deciduo 2021-2023,2021-2023,1,0,0,0
2237,SINAC_BD_0002237,26501,Bosque deciduo,1.002700888029165,SINAC - Consenso bosque deciduo 2021-2023,2021-2023,0,0,0,0
2238,SINAC_BD_0002238,26503,Bosque deciduo,5.62574178779502,SINAC - Consenso bosque deciduo 2021-2023,2021-2023,1,0,0,0
2239,SINAC_BD_0002239,26505,Bosque deciduo,6.165588052277017,SINAC - Consenso bosque deciduo 2021-2023,2021-2023,1,1,0,0
2240,SINAC_BD_0002240,26506,Bosque deciduo,2.516476417378454,SINAC - Consenso bosque deciduo 2021-2023,2021-2023,0,0,0,0
2241,SINAC_BD_0002241,26510,Bosque deciduo,1.036879015421058,SINAC - Consenso bosque deciduo 2021-2023,2021-2023,0,0,0,0
2242,SINAC_BD_0002242,26538,Bosque deciduo,1.2007782551113353,SINAC - Consenso bosque deciduo 2021-2023,2021-2023,1,1,0,0
2243,SINAC_BD_0002243,26545,Bosque deciduo,1.0040286899413653,SINAC - Consenso bosque deciduo 2021-2023,2021-2023,1,0,0,0
2244,SINAC_BD_0002244,26560,Bosque deciduo,3.2015195317743017,SINAC - Consenso bosque deciduo 2021-2023,2021-2023,0,0,0,0
2245,SINAC_BD_0002245,26569,Bosque deciduo,1.8518468757947255,SINAC - Consenso bosque deciduo 2021-2023,2021-2023,0,0,0,0
2246,SINAC_BD_0002246,26590,Bosque deciduo,2.6927959951690013,SINAC - Consenso bosque deciduo 2021-2023,2021-2023,1,0,0,0
2247,SINAC_BD_0002247,26598,Bosque deciduo,1.0907630172012686,SINAC - Consenso bosque deciduo 2021-2023,2021-2023,0,0,0,0
2248,SINAC_BD_0002248,26603,Bosque deciduo,1.2236434421505533,SINAC - Consenso bosque deciduo 2021-2023,2021-2023,1,1,1,0
2249,SINAC_BD_0002249,26606,Bosque deciduo,1.0867386377089325,SINAC - Consenso bosque deciduo 2021-2023,2021-2023,0,0,0,0
2250,SINAC_BD_0002250,26610,Bosque deciduo,208.21495259516945,SINAC - Consenso bosque deciduo 2021-2023,2021-2023,1,1,1,0
2251,SINAC_BD_0002251,26611,Bosque deciduo,1.3482449662581393,SINAC - Consenso bosque deciduo 2021-2023,2021-2023,1,1,0,0
2252,SINAC_BD_0002252,26615,Bosque deciduo,2.6573921914721277,SINAC - Consenso bosque deciduo 2021-2023,2021-2023,0,0,0,0
2253,SINAC_BD_0002253,26626,Bosque deciduo,2.2718506651243633,SINAC - Consenso bosque deciduo 2021-2023,2021-2023,1,0,0,0
2254,SINAC_BD_0002254,26631,Bosque deciduo,24.744631951508126,SINAC - Consenso bosque deciduo 2021-2023,2021-2023,1,1,0,0
2255,SINAC_BD_0002255,26636,Bosque deciduo,2.4871932537169,SINAC - Consenso bosque deciduo 2021-2023,2021-2023,0,0,0,0
2256,SINAC_BD_0002256,26637,Bosque deciduo,2.4721199517792005,SINAC - Consenso bosque deciduo 2021-2023,2021-2023,0,0,0,0
2257,SINAC_BD_0002257,26638,Bosque deciduo,2.6016554916906367,SINAC - Consenso bosque deciduo 2021-2023,2021-2023,1,1,1,0
2258,SINAC_BD_0002258,26644,Bosque deciduo,1.5259305075503855,SINAC - Consenso bosque deciduo 2021-2023,2021-2023,1,0,0,0
2259,SINAC_BD_0002259,26656,Bosque deciduo,3.477349090967162,SINAC - Consenso bosque deciduo 2021-2023,2021-2023,1,1,0,1
2260,SINAC_BD_0002260,26658,Bosque deciduo,2.0331934529380518,SINAC - Consenso bosque deciduo 2021-2023,2021-2023,0,0,0,0
2261,SINAC_BD_0002261,26659,Bosque deciduo,2.6998465288153874,SINAC - Consenso bosque deciduo 2021-2023,2021-2023,1,1,0,0
2262,SINAC_BD_0002262,26666,Bosque deciduo,1.8876649533738563,SINAC - Consenso bosque deciduo 2021-2023,2021-2023,0,0,0,0
2263,SINAC_BD_0002263,26669,Bosque deciduo,4.972215835659099,SINAC - Consenso bosque deciduo 2021-2023,2021-2023,1,1,1,0
2264,SINAC_BD_0002264,26678,Bosque deciduo,1.1684925322687387,SINAC - Consenso bosque deciduo 2021-2023,2021-2023,1,0,0,0
2265,SINAC_BD_0002265,26679,Bosque deciduo,1.5223541627747585,SINAC - Consenso bosque deciduo 2021-2023,2021-2023,1,0,0,0
2266,SINAC_BD_0002266,26696,Bosque deciduo,3.408341440285156,SINAC - Consenso bosque deciduo 2021-2023,2021-2023,1,1,1,0
2267,SINAC_BD_0002267,26712,Bosque deciduo,3.4007111716748577,SINAC - Consenso bosque deciduo 2021-2023,2021-2023,1,0,0,0
2268,SINAC_BD_0002268,26714,Bosque deciduo,3.7826747105804492,SINAC - Consenso bosque deciduo 2021-2023,2021-2023,1,0,0,0
2269,SINAC_BD_0002269,26723,Bosque deciduo,14.3530596889744,SINAC - Consenso bosque deciduo 2021-2023,2021-2023,1,1,0,0
2270,SINAC_BD_0002270,26726,Bosque deciduo,1.8701132022261795,SINAC - Consenso bosque deciduo 2021-2023,2021-2023,0,0,0,0
2271,SINAC_BD_0002271,26752,Bosque deciduo,1.0805276594080335,SINAC - Consenso bosque deciduo 2021-2023,2021-2023,0,0,0,0
2272,SINAC_BD_0002272,26755,Bosque deciduo,1.249831062334616,SINAC - Consenso bosque deciduo 2021-2023,2021-2023,0,0,0,0
2273,SINAC_BD_0002273,26756,Bosque deciduo,3.227705930001274,SINAC - Consenso bosque deciduo 2021-2023,2021-2023,0,0,0,0
2274,SINAC_BD_0002274,26758,Bosque deciduo,1.123696032945064,SINAC - Consenso bosque deciduo 2021-2023,2021-2023,1,1,1,0
2275,SINAC_BD_0002275,26762,Bosque deciduo,3.0944565325289872,SINAC - Consenso bosque deciduo 2021-2023,2021-2023,1,0,0,0
2276,SINAC_BD_0002276,26788,Bosque deciduo,2.6133487541708247,SINAC - Consenso bosque deciduo 2021-2023,2021-2023,0,0,1,0
2277,SINAC_BD_0002277,26789,Bosque deciduo,2.0538213633755027,SINAC - Consenso bosque deciduo 2021-2023,2021-2023,0,0,0,0
2278,SINAC_BD_0002278,26806,Bosque deciduo,57.77508788635254,SINAC - Consenso bosque deciduo 2021-2023,2021-2023,1,0,0,0
2279,SINAC_BD_0002279,26811,Bosque deciduo,1.3050132017366456,SINAC - Consenso bosque deciduo 2021-2023,2021-2023,1,0,0,0
2280,SINAC_BD_0002280,26832,Bosque deciduo,12.956586373625504,SINAC - Consenso bosque deciduo 2021-2023,2021-2023,1,1,1,0
2281,SINAC_BD_0002281,26833,Bosque deciduo,44.415332765598755,SINAC - Consenso bosque deciduo 2021-2023,2021-2023,1,1,0,0
2282,SINAC_BD_0002282,26835,Bosque deciduo,2.154899298432833,SINAC - Consenso bosque deciduo 2021-2023,2021-2023,1,0,0,0
2283,SINAC_BD_0002283,26848,Bosque deciduo,3.589459821468833,SINAC - Consenso bosque deciduo 2021-2023,2021-2023,1,1,0,0
2284,SINAC_BD_0002284,26853,Bosque deciduo,9.833945464534382,SINAC - Consenso bosque deciduo 2021-2023,2021-2023,1,1,1,0
2285,SINAC_BD_0002285,26860,Bosque deciduo,1.6721729457293935,SINAC - Consenso bosque deciduo 2021-2023,2021-2023,1,1,0,0
2286,SINAC_BD_0002286,26866,Bosque deciduo,1.752595919849131,SINAC - Consenso bosque deciduo 2021-2023,2021-2023,0,0,0,0
2287,SINAC_BD_0002287,26873,Bosque deciduo,1.4714192326317854,SINAC - Consenso bosque deciduo 2021-2023,2021-2023,1,1,0,0
2288,SINAC_BD_0002288,26879,Bosque deciduo,4.7257819731688375,SINAC - Consenso bosque deciduo 2021-2023,2021-2023,1,0,0,0
2289,SINAC_BD_0002289,26884,Bosque deciduo,1.4202059764958272,SINAC - Consenso bosque deciduo 2021-2023,2021-2023,0,0,0,0
2290,SINAC_BD_0002290,26888,Bosque deciduo,2.4572688576114454,SINAC - Consenso bosque deciduo 2021-2023,2021-2023,1,0,0,0
2291,SINAC_BD_0002291,26935,Bosque deciduo,1.1299225857469861,SINAC - Consenso bosque deciduo 2021-2023,2021-2023,0,0,0,0
2292,SINAC_BD_0002292,26941,Bosque deciduo,1.2220570176753551,SINAC - Consenso bosque deciduo 2021-2023,2021-2023,0,0,0,0
2293,SINAC_BD_0002293,26952,Bosque deciduo,2.3892884338286384,SINAC - Consenso bosque deciduo 2021-2023,2021-2023,1,1,1,0
2294,SINAC_BD_0002294,26980,Bosque deciduo,1.3343290740620328,SINAC - Consenso bosque deciduo 2021-2023,2021-2023,0,0,0,0
2295,SINAC_BD_0002295,26994,Bosque deciduo,7.773645661438128,SINAC - Consenso bosque deciduo 2021-2023,2021-2023,1,1,0,0
2296,SINAC_BD_0002296,26995,Bosque deciduo,1.3757483474927066,SINAC - Consenso bosque deciduo 2021-2023,2021-2023,1,0,0,0
2297,SINAC_BD_0002297,27006,Bosque deciduo,2.0545262609402926,SINAC - Consenso bosque deciduo 2021-2023,2021-2023,1,0,0,0
2298,SINAC_BD_0002298,27014,Bosque deciduo,13.802226340036716,SINAC - Consenso bosque deciduo 2021-2023,2021-2023,1,0,0,0
2299,SINAC_BD_0002299,27018,Bosque deciduo,1.480129491754803,SINAC - Consenso bosque deciduo 2021-2023,2021-2023,1,1,0,0
2300,SINAC_BD_0002300,27029,Bosque deciduo,30.721079806646898,SINAC - Consenso bosque deciduo 2021-2023,2021-2023,1,0,0,0
2301,SINAC_BD_0002301,27031,Bosque deciduo,1.954074903697558,SINAC - Consenso bosque deciduo 2021-2023,2021-2023,0,0,0,0
2302,SINAC_BD_0002302,27034,Bosque deciduo,1.0824348904566563,SINAC - Consenso bosque deciduo 2021-2023,2021-2023,0,0,0,0
2303,SINAC_BD_0002303,27040,Bosque deciduo,8.614505747295658,SINAC - Consenso bosque deciduo 2021-2023,2021-2023,1,0,1,0
2304,SINAC_BD_0002304,27044,Bosque deciduo,7.127024609517674,SINAC - Consenso bosque deciduo 2021-2023,2021-2023,1,0,0,0
2305,SINAC_BD_0002305,27062,Bosque deciduo,1.0452820846964013,SINAC - Consenso bosque deciduo 2021-2023,2021-2023,0,0,0,0
2306,SINAC_BD_0002306,27064,Bosque deciduo,4.956291550530033,SINAC - Consenso bosque deciduo 2021-2023,2021-2023,1,0,0,0
2307,SINAC_BD_0002307,27079,Bosque deciduo,45.786872983209754,SINAC - Consenso bosque deciduo 2021-2023,2021-2023,1,1,1,0
2308,SINAC_BD_0002308,27091,Bosque deciduo,1.808448574765043,SINAC - Consenso bosque deciduo 2021-2023,2021-2023,1,0,0,0
2309,SINAC_BD_0002309,27093,Bosque deciduo,6.777014187886813,SINAC - Consenso bosque deciduo 2021-2023,2021-2023,1,1,0,0
2310,SINAC_BD_0002310,27094,Bosque deciduo,1.675800787070668,SINAC - Consenso bosque deciduo 2021-2023,2021-2023,0,0,0,0
2311,SINAC_BD_0002311,27097,Bosque deciduo,2.4767644971526797,SINAC - Consenso bosque deciduo 2021-2023,2021-2023,0,0,0,0
2312,SINAC_BD_0002312,27101,Bosque deciduo,1.3140802848795137,SINAC - Consenso bosque deciduo 2021-2023,2021-2023,1,0,0,0
2313,SINAC_BD_0002313,27102,Bosque deciduo,1.1206294359262121,SINAC - Consenso bosque deciduo 2021-2023,2021-2023,1,0,0,0
2314,SINAC_BD_0002314,27118,Bosque deciduo,1.225828596036689,SINAC - Consenso bosque deciduo 2021-2023,2021-2023,0,0,0,0
2315,SINAC_BD_0002315,27122,Bosque deciduo,3.8309145169512573,SINAC - Consenso bosque deciduo 2021-2023,2021-2023,1,0,1,0
2316,SINAC_BD_0002316,27139,Bosque deciduo,2.0522638183908772,SINAC - Consenso bosque deciduo 2021-2023,2021-2023,1,1,1,0
2317,SINAC_BD_0002317,27166,Bosque deciduo,7.672383630560091,SINAC - Consenso bosque deciduo 2021-2023,2021-2023,1,1,0,0
2318,SINAC_BD_0002318,27197,Bosque deciduo,81.70013625247512,SINAC - Consenso bosque deciduo 2021-2023,2021-2023,1,1,0,0
2319,SINAC_BD_0002319,27209,Bosque deciduo,3.5061161315809506,SINAC - Consenso bosque deciduo 2021-2023,2021-2023,1,0,0,0
2320,SINAC_BD_0002320,27228,Bosque deciduo,3.068633200784443,SINAC - Consenso bosque deciduo 2021-2023,2021-2023,1,1,0,0
2321,SINAC_BD_0002321,27233,Bosque deciduo,3.48,SINAC - Consenso bosque deciduo 2021-2023,2021-2023,1,0,0,0
2322,SINAC_BD_0002322,27235,Bosque deciduo,17.407686199260006,SINAC - Consenso bosque deciduo 2021-2023,2021-2023,1,0,1,0
2323,SINAC_BD_0002323,27238,Bosque deciduo,1.7766676652630875,SINAC - Consenso bosque deciduo 2021-2023,2021-2023,1,1,0,0
2324,SINAC_BD_0002324,27271,Bosque deciduo,2.147648926999887,SINAC - Consenso bosque deciduo 2021-2023,2021-2023,1,0,0,0
2325,SINAC_BD_0002325,27275,Bosque deciduo,23.989049006862125,SINAC - Consenso bosque deciduo 2021-2023,2021-2023,1,1,0,0
2326,SINAC_BD_0002326,27278,Bosque deciduo,1.7691939736075848,SINAC - Consenso bosque deciduo 2021-2023,2021-2023,0,0,0,0
2327,SINAC_BD_0002327,27297,Bosque deciduo,14.867412045273642,SINAC - Consenso bosque deciduo 2021-2023,2021-2023,1,1,0,0
2328,SINAC_BD_0002328,27298,Bosque deciduo,5.994122207706258,SINAC - Consenso bosque deciduo 2021-2023,2021-2023,1,0,0,0
2329,SINAC_BD_0002329,27304,Bosque deciduo,4.727423637016426,SINAC - Consenso bosque deciduo 2021-2023,2021-2023,1,0,0,0
2330,SINAC_BD_0002330,27309,Bosque deciduo,2.1045105721136,SINAC - Consenso bosque deciduo 2021-2023,2021-2023,0,0,0,0
2331,SINAC_BD_0002331,27310,Bosque deciduo,1.0288515786281711,SINAC - Consenso bosque deciduo 2021-2023,2021-2023,0,0,0,0
2332,SINAC_BD_0002332,27311,Bosque deciduo,1.9852130113728164,SINAC - Consenso bosque deciduo 2021-2023,2021-2023,1,0,0,0
2333,SINAC_BD_0002333,27314,Bosque deciduo,3.2515613632752496,SINAC - Consenso bosque deciduo 2021-2023,2021-2023,0,0,0,0
2334,SINAC_BD_0002334,27323,Bosque deciduo,167.18224749602075,SINAC - Consenso bosque deciduo 2021-2023,2021-2023,1,1,1,0
2335,SINAC_BD_0002335,27330,Bosque deciduo,10.012886197010715,SINAC - Consenso bosque deciduo 2021-2023,2021-2023,1,0,0,0
2336,SINAC_BD_0002336,27344,Bosque deciduo,1.6432276104012602,SINAC - Consenso bosque deciduo 2021-2023,2021-2023,0,0,0,0
2337,SINAC_BD_0002337,27350,Bosque deciduo,1.24,SINAC - Consenso bosque deciduo 2021-2023,2021-2023,1,0,0,0
2338,SINAC_BD_0002338,27357,Bosque deciduo,2.4899855586034367,SINAC - Consenso bosque deciduo 2021-2023,2021-2023,1,0,0,0
2339,SINAC_BD_0002339,27379,Bosque deciduo,1.0291509548493112,SINAC - Consenso bosque deciduo 2021-2023,2021-2023,1,0,0,0
2340,SINAC_BD_0002340,27381,Bosque deciduo,2.1268826987419667,SINAC - Consenso bosque deciduo 2021-2023,2021-2023,0,0,0,0
2341,SINAC_BD_0002341,27386,Bosque deciduo,1.5766690251039563,SINAC - Consenso bosque deciduo 2021-2023,2021-2023,0,1,0,0
2342,SINAC_BD_0002342,27387,Bosque deciduo,2.3047560667164735,SINAC - Consenso bosque deciduo 2021-2023,2021-2023,1,0,0,0
2343,SINAC_BD_0002343,27400,Bosque deciduo,3.16,SINAC - Consenso bosque deciduo 2021-2023,2021-2023,0,0,0,0
2344,SINAC_BD_0002344,27411,Bosque deciduo,2.697397237193537,SINAC - Consenso bosque deciduo 2021-2023,2021-2023,1,0,0,0
2345,SINAC_BD_0002345,27420,Bosque deciduo,1.3987003343316835,SINAC - Consenso bosque deciduo 2021-2023,2021-2023,1,0,0,0
2346,SINAC_BD_0002346,27424,Bosque deciduo,1.201523847913287,SINAC - Consenso bosque deciduo 2021-2023,2021-2023,1,1,0,0
2347,SINAC_BD_0002347,27470,Bosque deciduo,2.099134758422237,SINAC - Consenso bosque deciduo 2021-2023,2021-2023,0,0,0,0
2348,SINAC_BD_0002348,27478,Bosque deciduo,1.061609886608568,SINAC - Consenso bosque deciduo 2021-2023,2021-2023,0,0,0,0
2349,SINAC_BD_0002349,27487,Bosque deciduo,1.0570799220894023,SINAC - Consenso bosque deciduo 2021-2023,2021-2023,0,0,0,0
2350,SINAC_BD_0002350,27492,Bosque deciduo,45.03951825835238,SINAC - Consenso bosque deciduo 2021-2023,2021-2023,1,1,0,0
2351,SINAC_BD_0002351,27494,Bosque deciduo,18.620739961783308,SINAC - Consenso bosque deciduo 2021-2023,2021-2023,1,0,0,0
2352,SINAC_BD_0002352,27523,Bosque deciduo,3.3420504982004737,SINAC - Consenso bosque deciduo 2021-2023,2021-2023,1,1,0,0
2353,SINAC_BD_0002353,27534,Bosque deciduo,4.329542305407576,SINAC - Consenso bosque deciduo 2021-2023,2021-2023,1,0,0,0
2354,SINAC_BD_0002354,27537,Bosque deciduo,5.240827834752644,SINAC - Consenso bosque deciduo 2021-2023,2021-2023,1,1,1,0
2355,SINAC_BD_0002355,27545,Bosque deciduo,46.19729612789328,SINAC - Consenso bosque deciduo 2021-2023,2021-2023,1,1,1,0
2356,SINAC_BD_0002356,27546,Bosque deciduo,3.9459610425200715,SINAC - Consenso bosque deciduo 2021-2023,2021-2023,0,0,0,0
2357,SINAC_BD_0002357,27560,Bosque deciduo,1.8703614314964117,SINAC - Consenso bosque deciduo 2021-2023,2021-2023,0,0,0,0
2358,SINAC_BD_0002358,27561,Bosque deciduo,1.194697590407177,SINAC - Consenso bosque deciduo 2021-2023,2021-2023,0,0,0,0
2359,SINAC_BD_0002359,27563,Bosque deciduo,1.0758291199632797,SINAC - Consenso bosque deciduo 2021-2023,2021-2023,0,0,0,0
2360,SINAC_BD_0002360,27565,Bosque deciduo,3.2310674918729325,SINAC - Consenso bosque deciduo 2021-2023,2021-2023,1,1,0,0
2361,SINAC_BD_0002361,27568,Bosque deciduo,1.3050994595721692,SINAC - Consenso bosque deciduo 2021-2023,2021-2023,1,1,0,0
2362,SINAC_BD_0002362,27588,Bosque deciduo,2.2166278337482272,SINAC - Consenso bosque deciduo 2021-2023,2021-2023,0,0,0,0
2363,SINAC_BD_0002363,27589,Bosque deciduo,1.5669185405356967,SINAC - Consenso bosque deciduo 2021-2023,2021-2023,0,0,0,0
2364,SINAC_BD_0002364,27601,Bosque deciduo,2.0458813356884957,SINAC - Consenso bosque deciduo 2021-2023,2021-2023,0,0,0,0
2365,SINAC_BD_0002365,27619,Bosque deciduo,1.7918925420410088,SINAC - Consenso bosque deciduo 2021-2023,2021-2023,1,0,0,0
2366,SINAC_BD_0002366,27628,Bosque deciduo,2.531760916800757,SINAC - Consenso bosque deciduo 2021-2023,2021-2023,1,0,0,0
2367,SINAC_BD_0002367,27632,Bosque deciduo,1.2318348006346524,SINAC - Consenso bosque deciduo 2021-2023,2021-2023,0,0,0,0
2368,SINAC_BD_0002368,27639,Bosque deciduo,1.0307231591873194,SINAC - Consenso bosque deciduo 2021-2023,2021-2023,1,0,0,0
2369,SINAC_BD_0002369,27667,Bosque deciduo,2.5991611253515052,SINAC - Consenso bosque deciduo 2021-2023,2021-2023,1,1,0,0
2370,SINAC_BD_0002370,27672,Bosque deciduo,2.799217087278495,SINAC - Consenso bosque deciduo 2021-2023,2021-2023,1,1,0,0
2371,SINAC_BD_0002371,27675,Bosque deciduo,2.6047757585854097,SINAC - Consenso bosque deciduo 2021-2023,2021-2023,0,0,0,0
2372,SINAC_BD_0002372,27677,Bosque deciduo,20.279055779572175,SINAC - Consenso bosque deciduo 2021-2023,2021-2023,1,1,1,1
2373,SINAC_BD_0002373,27715,Bosque deciduo,42.72665617673172,SINAC - Consenso bosque deciduo 2021-2023,2021-2023,1,1,0,0
2374,SINAC_BD_0002374,27716,Bosque deciduo,7.130862671771646,SINAC - Consenso bosque deciduo 2021-2023,2021-2023,1,0,0,0
2375,SINAC_BD_0002375,27743,Bosque deciduo,1.137603541997135,SINAC - Consenso bosque deciduo 2021-2023,2021-2023,0,0,0,0
2376,SINAC_BD_0002376,27755,Bosque deciduo,1.2823452360705512,SINAC - Consenso bosque deciduo 2021-2023,2021-2023,1,0,0,0
2377,SINAC_BD_0002377,27760,Bosque deciduo,4.763242037506317,SINAC - Consenso bosque deciduo 2021-2023,2021-2023,1,0,0,0
2378,SINAC_BD_0002378,27763,Bosque deciduo,1.809038478069317,SINAC - Consenso bosque deciduo 2021-2023,2021-2023,1,0,1,0
2379,SINAC_BD_0002379,27770,Bosque deciduo,3.314349989471764,SINAC - Consenso bosque deciduo 2021-2023,2021-2023,1,0,0,0
2380,SINAC_BD_0002380,27797,Bosque deciduo,2.675131199093316,SINAC - Consenso bosque deciduo 2021-2023,2021-2023,0,0,0,0
2381,SINAC_BD_0002381,27812,Bosque deciduo,10.7373859155707,SINAC - Consenso bosque deciduo 2021-2023,2021-2023,1,1,1,0
2382,SINAC_BD_0002382,27826,Bosque deciduo,47.089664467447356,SINAC - Consenso bosque deciduo 2021-2023,2021-2023,1,1,0,0
2383,SINAC_BD_0002383,27827,Bosque deciduo,5.0074589017051085,SINAC - Consenso bosque deciduo 2021-2023,2021-2023,1,0,0,0
2384,SINAC_BD_0002384,27829,Bosque deciduo,1.5057183778748495,SINAC - Consenso bosque deciduo 2021-2023,2021-2023,1,0,0,0
2385,SINAC_BD_0002385,27831,Bosque deciduo,239.93061108411834,SINAC - Consenso bosque deciduo 2021-2023,2021-2023,1,1,1,1
2386,SINAC_BD_0002386,27838,Bosque deciduo,8.069215094020448,SINAC - Consenso bosque deciduo 2021-2023,2021-2023,1,1,0,0
2387,SINAC_BD_0002387,27840,Bosque deciduo,2.1964639245694877,SINAC - Consenso bosque deciduo 2021-2023,2021-2023,0,0,0,0
2388,SINAC_BD_0002388,27841,Bosque deciduo,2.3906518781187223,SINAC - Consenso bosque deciduo 2021-2023,2021-2023,1,1,1,0
2389,SINAC_BD_0002389,27844,Bosque deciduo,1.9010786182115407,SINAC - Consenso bosque deciduo 2021-2023,2021-2023,0,0,0,0
2390,SINAC_BD_0002390,27846,Bosque deciduo,5.363897654817716,SINAC - Consenso bosque deciduo 2021-2023,2021-2023,1,1,0,0
2391,SINAC_BD_0002391,27853,Bosque deciduo,6.306584374444845,SINAC - Consenso bosque deciduo 2021-2023,2021-2023,0,0,0,0
2392,SINAC_BD_0002392,27873,Bosque deciduo,1.5577407124369398,SINAC - Consenso bosque deciduo 2021-2023,2021-2023,0,0,0,0
2393,SINAC_BD_0002393,27885,Bosque deciduo,1.4798310061739992,SINAC - Consenso bosque deciduo 2021-2023,2021-2023,0,0,0,0
2394,SINAC_BD_0002394,27913,Bosque deciduo,12.04350329900559,SINAC - Consenso bosque deciduo 2021-2023,2021-2023,1,1,1,0
2395,SINAC_BD_0002395,27915,Bosque deciduo,1.897389687259587,SINAC - Consenso bosque deciduo 2021-2023,2021-2023,0,0,0,0
2396,SINAC_BD_0002396,27930,Bosque deciduo,1.5092749765550435,SINAC - Consenso bosque deciduo 2021-2023,2021-2023,0,0,0,0
2397,SINAC_BD_0002397,27931,Bosque deciduo,1.7611081387869607,SINAC - Consenso bosque deciduo 2021-2023,2021-2023,1,0,0,0
2398,SINAC_BD_0002398,27943,Bosque deciduo,1.433825766654437,SINAC - Consenso bosque deciduo 2021-2023,2021-2023,0,1,0,0
2399,SINAC_BD_0002399,27962,Bosque deciduo,1.5355481677107057,SINAC - Consenso bosque deciduo 2021-2023,2021-2023,1,0,0,0
2400,SINAC_BD_0002400,27964,Bosque deciduo,1.387171234211373,SINAC - Consenso bosque deciduo 2021-2023,2021-2023,0,0,0,0
2401,SINAC_BD_0002401,27973,Bosque deciduo,8.976188456757157,SINAC - Consenso bosque deciduo 2021-2023,2021-2023,1,0,0,0
2402,SINAC_BD_0002402,27979,Bosque deciduo,1.9832940737776572,SINAC - Consenso bosque deciduo 2021-2023,2021-2023,1,0,0,0
2403,SINAC_BD_0002403,27998,Bosque deciduo,2.632539289604307,SINAC - Consenso bosque deciduo 2021-2023,2021-2023,1,1,0,0
2404,SINAC_BD_0002404,28006,Bosque deciduo,1.3863815291666421,SINAC - Consenso bosque deciduo 2021-2023,2021-2023,0,1,0,0
2405,SINAC_BD_0002405,28014,Bosque deciduo,1.4576490586639674,SINAC - Consenso bosque deciduo 2021-2023,2021-2023,1,0,0,0
2406,SINAC_BD_0002406,28025,Bosque deciduo,2.455942987758151,SINAC - Consenso bosque deciduo 2021-2023,2021-2023,1,1,0,0
2407,SINAC_BD_0002407,28039,Bosque deciduo,1.4404853172700183,SINAC - Consenso bosque deciduo 2021-2023,2021-2023,1,0,0,0
2408,SINAC_BD_0002408,28051,Bosque deciduo,1.1947626557672004,SINAC - Consenso bosque deciduo 2021-2023,2021-2023,0,0,0,0
2409,SINAC_BD_0002409,28059,Bosque deciduo,2.375274896959439,SINAC - Consenso bosque deciduo 2021-2023,2021-2023,1,0,0,0
2410,SINAC_BD_0002410,28066,Bosque deciduo,15.405655382513382,SINAC - Consenso bosque deciduo 2021-2023,2021-2023,1,1,0,0
2411,SINAC_BD_0002411,28105,Bosque deciduo,3.7298730978395476,SINAC - Consenso bosque deciduo 2021-2023,2021-2023,1,0,0,0
2412,SINAC_BD_0002412,28106,Bosque deciduo,2.668250086322978,SINAC - Consenso bosque deciduo 2021-2023,2021-2023,1,1,0,0
2413,SINAC_BD_0002413,28107,Bosque deciduo,1.0892079577400269,SINAC - Consenso bosque deciduo 2021-2023,2021-2023,0,0,0,0
2414,SINAC_BD_0002414,28112,Bosque deciduo,2.4264204876053723,SINAC - Consenso bosque deciduo 2021-2023,2021-2023,1,0,0,0
2415,SINAC_BD_0002415,28134,Bosque deciduo,2.3587070411235382,SINAC - Consenso bosque deciduo 2021-2023,2021-2023,0,0,0,0
2416,SINAC_BD_0002416,28138,Bosque deciduo,1.0200017147522515,SINAC - Consenso bosque deciduo 2021-2023,2021-2023,0,0,0,0
2417,SINAC_BD_0002417,28157,Bosque deciduo,2.056531421186458,SINAC - Consenso bosque deciduo 2021-2023,2021-2023,0,0,0,0
2418,SINAC_BD_0002418,28182,Bosque deciduo,1.026295972079008,SINAC - Consenso bosque deciduo 2021-2023,2021-2023,0,0,0,0
2419,SINAC_BD_0002419,28199,Bosque deciduo,1.312108020280073,SINAC - Consenso bosque deciduo 2021-2023,2021-2023,1,0,0,0
2420,SINAC_BD_0002420,28204,Bosque deciduo,1.653249712693211,SINAC - Consenso bosque deciduo 2021-2023,2021-2023,0,0,0,0
2421,SINAC_BD_0002421,28207,Bosque deciduo,1.6917406528141514,SINAC - Consenso bosque deciduo 2021-2023,2021-2023,1,0,0,0
2422,SINAC_BD_0002422,28210,Bosque deciduo,1.0722838875399032,SINAC - Consenso bosque deciduo 2021-2023,2021-2023,0,0,0,0
2423,SINAC_BD_0002423,28212,Bosque deciduo,2.7784843176242013,SINAC - Consenso bosque deciduo 2021-2023,2021-2023,1,1,0,0
2424,SINAC_BD_0002424,28223,Bosque deciduo,7.109271385588736,SINAC - Consenso bosque deciduo 2021-2023,2021-2023,0,0,0,0
2425,SINAC_BD_0002425,28247,Bosque deciduo,5.282661857047903,SINAC - Consenso bosque deciduo 2021-2023,2021-2023,1,1,0,0
2426,SINAC_BD_0002426,28250,Bosque deciduo,4.977694133131985,SINAC - Consenso bosque deciduo 2021-2023,2021-2023,1,1,1,0
2427,SINAC_BD_0002427,28257,Bosque deciduo,2.7803273232849604,SINAC - Consenso bosque deciduo 2021-2023,2021-2023,1,1,1,0
2428,SINAC_BD_0002428,28261,Bosque deciduo,1.0549879353631912,SINAC - Consenso bosque deciduo 2021-2023,2021-2023,0,0,0,0
2429,SINAC_BD_0002429,28264,Bosque deciduo,1.314718743624053,SINAC - Consenso bosque deciduo 2021-2023,2021-2023,1,0,0,0
2430,SINAC_BD_0002430,28266,Bosque deciduo,2.5880684504297804,SINAC - Consenso bosque deciduo 2021-2023,2021-2023,1,1,0,0
2431,SINAC_BD_0002431,28269,Bosque deciduo,6.610433078774818,SINAC - Consenso bosque deciduo 2021-2023,2021-2023,1,1,0,0
2432,SINAC_BD_0002432,28306,Bosque deciduo,1.1165622056429287,SINAC - Consenso bosque deciduo 2021-2023,2021-2023,0,0,0,0
2433,SINAC_BD_0002433,28312,Bosque deciduo,1.0578544699068044,SINAC - Consenso bosque deciduo 2021-2023,2021-2023,0,0,0,0
2434,SINAC_BD_0002434,28342,Bosque deciduo,13.151618450177647,SINAC - Consenso bosque deciduo 2021-2023,2021-2023,1,1,0,0
2435,SINAC_BD_0002435,28351,Bosque deciduo,1.1976014812474889,SINAC - Consenso bosque deciduo 2021-2023,2021-2023,0,0,0,0
2436,SINAC_BD_0002436,28352,Bosque deciduo,5.201151466730798,SINAC - Consenso bosque deciduo 2021-2023,2021-2023,1,0,0,0
2437,SINAC_BD_0002437,28355,Bosque deciduo,281.4792647108167,SINAC - Consenso bosque deciduo 2021-2023,2021-2023,1,1,1,1
2438,SINAC_BD_0002438,28358,Bosque deciduo,1.1258504418939859,SINAC - Consenso bosque deciduo 2021-2023,2021-2023,0,0,0,0
2439,SINAC_BD_0002439,28365,Bosque deciduo,14.703867843173509,SINAC - Consenso bosque deciduo 2021-2023,2021-2023,1,1,1,0
2440,SINAC_BD_0002440,28366,Bosque deciduo,2.5583287674482578,SINAC - Consenso bosque deciduo 2021-2023,2021-2023,1,0,0,0
2441,SINAC_BD_0002441,28373,Bosque deciduo,1.2495487847244948,SINAC - Consenso bosque deciduo 2021-2023,2021-2023,0,0,0,0
2442,SINAC_BD_0002442,28381,Bosque deciduo,1.1444735162740844,SINAC - Consenso bosque deciduo 2021-2023,2021-2023,0,0,0,0
2443,SINAC_BD_0002443,28399,Bosque deciduo,2.0754791541643716,SINAC - Consenso bosque deciduo 2021-2023,2021-2023,0,0,0,0
2444,SINAC_BD_0002444,28401,Bosque deciduo,2.2195314326857076,SINAC - Consenso bosque deciduo 2021-2023,2021-2023,1,0,0,0
2445,SINAC_BD_0002445,28409,Bosque deciduo,2.387909988776619,SINAC - Consenso bosque deciduo 2021-2023,2021-2023,1,0,0,0
2446,SINAC_BD_0002446,28410,Bosque deciduo,1.500606559657186,SINAC - Consenso bosque deciduo 2021-2023,2021-2023,1,0,0,0
2447,SINAC_BD_0002447,28416,Bosque deciduo,1.088198532879958,SINAC - Consenso bosque deciduo 2021-2023,2021-2023,1,0,0,0
2448,SINAC_BD_0002448,28422,Bosque deciduo,1.114448279954572,SINAC - Consenso bosque deciduo 2021-2023,2021-2023,0,0,0,0
2449,SINAC_BD_0002449,28429,Bosque deciduo,2.3512638721924333,SINAC - Consenso bosque deciduo 2021-2023,2021-2023,1,0,1,0
2450,SINAC_BD_0002450,28430,Bosque deciduo,1.963735906258239,SINAC - Consenso bosque deciduo 2021-2023,2021-2023,1,0,0,0
2451,SINAC_BD_0002451,28438,Bosque deciduo,46.23282931596053,SINAC - Consenso bosque deciduo 2021-2023,2021-2023,1,1,0,0
2452,SINAC_BD_0002452,28439,Bosque deciduo,4.115505877369166,SINAC - Consenso bosque deciduo 2021-2023,2021-2023,1,0,0,0
2453,SINAC_BD_0002453,28449,Bosque deciduo,2.99573888137054,SINAC - Consenso bosque deciduo 2021-2023,2021-2023,1,1,0,0
2454,SINAC_BD_0002454,28452,Bosque deciduo,1.3155972160230602,SINAC - Consenso bosque deciduo 2021-2023,2021-2023,0,0,0,0
2455,SINAC_BD_0002455,28458,Bosque deciduo,7.908339834765873,SINAC - Consenso bosque deciduo 2021-2023,2021-2023,1,1,1,0
2456,SINAC_BD_0002456,28475,Bosque deciduo,1.012416905183945,SINAC - Consenso bosque deciduo 2021-2023,2021-2023,1,0,0,0
2457,SINAC_BD_0002457,28479,Bosque deciduo,1.0618868170678686,SINAC - Consenso bosque deciduo 2021-2023,2021-2023,1,0,0,0
2458,SINAC_BD_0002458,28482,Bosque deciduo,1.5910988525159622,SINAC - Consenso bosque deciduo 2021-2023,2021-2023,1,1,1,0
2459,SINAC_BD_0002459,28484,Bosque deciduo,2.343432811516357,SINAC - Consenso bosque deciduo 2021-2023,2021-2023,1,0,0,0
2460,SINAC_BD_0002460,28487,Bosque deciduo,6.741291168123133,SINAC - Consenso bosque deciduo 2021-2023,2021-2023,1,1,0,0
2461,SINAC_BD_0002461,28493,Bosque deciduo,9.221255481928123,SINAC - Consenso bosque deciduo 2021-2023,2021-2023,1,0,0,0
2462,SINAC_BD_0002462,28503,Bosque deciduo,2.2238323663462722,SINAC - Consenso bosque deciduo 2021-2023,2021-2023,1,0,0,0
2463,SINAC_BD_0002463,28506,Bosque deciduo,1.5274996820457623,SINAC - Consenso bosque deciduo 2021-2023,2021-2023,1,1,0,0
2464,SINAC_BD_0002464,28508,Bosque deciduo,2.2948577345124543,SINAC - Consenso bosque deciduo 2021-2023,2021-2023,0,0,0,0
2465,SINAC_BD_0002465,28509,Bosque deciduo,1.0636804934201918,SINAC - Consenso bosque deciduo 2021-2023,2021-2023,0,0,0,0
2466,SINAC_BD_0002466,28513,Bosque deciduo,2.9712376800855993,SINAC - Consenso bosque deciduo 2021-2023,2021-2023,0,0,0,0
2467,SINAC_BD_0002467,28519,Bosque deciduo,45.913327447288694,SINAC - Consenso bosque deciduo 2021-2023,2021-2023,1,1,1,0
2468,SINAC_BD_0002468,28523,Bosque deciduo,1.1175411775553534,SINAC - Consenso bosque deciduo 2021-2023,2021-2023,1,0,0,0
2469,SINAC_BD_0002469,28525,Bosque deciduo,1.9144132027711327,SINAC - Consenso bosque deciduo 2021-2023,2021-2023,0,0,0,0
2470,SINAC_BD_0002470,28528,Bosque deciduo,1.0085432513348822,SINAC - Consenso bosque deciduo 2021-2023,2021-2023,1,0,0,0
2471,SINAC_BD_0002471,28535,Bosque deciduo,1.9016453746373991,SINAC - Consenso bosque deciduo 2021-2023,2021-2023,0,0,0,0
2472,SINAC_BD_0002472,28538,Bosque deciduo,2.0302722098249943,SINAC - Consenso bosque deciduo 2021-2023,2021-2023,0,0,0,0
2473,SINAC_BD_0002473,28539,Bosque deciduo,1.4574646931638042,SINAC - Consenso bosque deciduo 2021-2023,2021-2023,0,0,0,0
2474,SINAC_BD_0002474,28541,Bosque deciduo,1.4484237771574127,SINAC - Consenso bosque deciduo 2021-2023,2021-2023,0,0,0,0
2475,SINAC_BD_0002475,28545,Bosque deciduo,8.530063738738082,SINAC - Consenso bosque deciduo 2021-2023,2021-2023,1,1,0,0
2476,SINAC_BD_0002476,28555,Bosque deciduo,2.3286003877297543,SINAC - Consenso bosque deciduo 2021-2023,2021-2023,0,0,0,0
2477,SINAC_BD_0002477,28568,Bosque deciduo,1.1922040612398375,SINAC - Consenso bosque deciduo 2021-2023,2021-2023,1,0,0,0
2478,SINAC_BD_0002478,28574,Bosque deciduo,1.5814577631576048,SINAC - Consenso bosque deciduo 2021-2023,2021-2023,1,1,0,0
2479,SINAC_BD_0002479,28577,Bosque deciduo,1.1353058384829784,SINAC - Consenso bosque deciduo 2021-2023,2021-2023,1,0,0,0
2480,SINAC_BD_0002480,28579,Bosque deciduo,2.557225992673527,SINAC - Consenso bosque deciduo 2021-2023,2021-2023,1,0,0,0
2481,SINAC_BD_0002481,28580,Bosque deciduo,41.40413572954298,SINAC - Consenso bosque deciduo 2021-2023,2021-2023,1,1,0,0
2482,SINAC_BD_0002482,28596,Bosque deciduo,5.4148299847000825,SINAC - Consenso bosque deciduo 2021-2023,2021-2023,1,0,0,0
2483,SINAC_BD_0002483,28616,Bosque deciduo,1.0511566565525217,SINAC - Consenso bosque deciduo 2021-2023,2021-2023,0,0,0,0
2484,SINAC_BD_0002484,28617,Bosque deciduo,15.092005187819147,SINAC - Consenso bosque deciduo 2021-2023,2021-2023,1,1,1,0
2485,SINAC_BD_0002485,28618,Bosque deciduo,2.369166784799354,SINAC - Consenso bosque deciduo 2021-2023,2021-2023,1,0,0,0
2486,SINAC_BD_0002486,28619,Bosque deciduo,2.311725484258363,SINAC - Consenso bosque deciduo 2021-2023,2021-2023,0,0,0,0
2487,SINAC_BD_0002487,28621,Bosque deciduo,1.0109327740694545,SINAC - Consenso bosque deciduo 2021-2023,2021-2023,0,0,0,0
2488,SINAC_BD_0002488,28625,Bosque deciduo,9.227566227451506,SINAC - Consenso bosque deciduo 2021-2023,2021-2023,1,1,0,0
2489,SINAC_BD_0002489,28628,Bosque deciduo,829.3985309085871,SINAC - Consenso bosque deciduo 2021-2023,2021-2023,1,1,1,1
2490,SINAC_BD_0002490,28640,Bosque deciduo,1.3102151617649251,SINAC - Consenso bosque deciduo 2021-2023,2021-2023,1,0,0,0
2491,SINAC_BD_0002491,28647,Bosque deciduo,1.5687929098893265,SINAC - Consenso bosque deciduo 2021-2023,2021-2023,0,0,0,0
2492,SINAC_BD_0002492,28680,Bosque deciduo,1.9975044764179755,SINAC - Consenso bosque deciduo 2021-2023,2021-2023,1,1,0,0
2493,SINAC_BD_0002493,28682,Bosque deciduo,3.8275822272847297,SINAC - Consenso bosque deciduo 2021-2023,2021-2023,0,0,0,0
2494,SINAC_BD_0002494,28686,Bosque deciduo,1.4628803011384741,SINAC - Consenso bosque deciduo 2021-2023,2021-2023,1,0,0,0
2495,SINAC_BD_0002495,28688,Bosque deciduo,1.7286339406043003,SINAC - Consenso bosque deciduo 2021-2023,2021-2023,0,0,0,0
2496,SINAC_BD_0002496,28689,Bosque deciduo,13.182948284451655,SINAC - Consenso bosque deciduo 2021-2023,2021-2023,1,0,0,0
2497,SINAC_BD_0002497,28696,Bosque deciduo,1.2,SINAC - Consenso bosque deciduo 2021-2023,2021-2023,1,0,1,0
2498,SINAC_BD_0002498,28698,Bosque deciduo,3.2067230406899805,SINAC - Consenso bosque deciduo 2021-2023,2021-2023,1,0,0,0
2499,SINAC_BD_0002499,28706,Bosque deciduo,1.598354764579741,SINAC - Consenso bosque deciduo 2021-2023,2021-2023,1,0,0,0
2500,SINAC_BD_0002500,28708,Bosque deciduo,10.399560202968788,SINAC - Consenso bosque deciduo 2021-2023,2021-2023,1,0,0,0
2501,SINAC_BD_0002501,28735,Bosque deciduo,11.371782645532361,SINAC - Consenso bosque deciduo 2021-2023,2021-2023,1,1,0,0
2502,SINAC_BD_0002502,28738,Bosque deciduo,3.38471195940073,SINAC - Consenso bosque deciduo 2021-2023,2021-2023,1,0,0,0
2503,SINAC_BD_0002503,28740,Bosque deciduo,1.1959965640490042,SINAC - Consenso bosque deciduo 2021-2023,2021-2023,0,0,0,0
2504,SINAC_BD_0002504,28751,Bosque deciduo,1.101687595043754,SINAC - Consenso bosque deciduo 2021-2023,2021-2023,1,1,0,0
2505,SINAC_BD_0002505,28760,Bosque deciduo,4.832711111537327,SINAC - Consenso bosque deciduo 2021-2023,2021-2023,1,0,1,0
2506,SINAC_BD_0002506,28769,Bosque deciduo,2.5639964610924553,SINAC - Consenso bosque deciduo 2021-2023,2021-2023,1,1,0,0
2507,SINAC_BD_0002507,28770,Bosque deciduo,3.975383658378882,SINAC - Consenso bosque deciduo 2021-2023,2021-2023,1,1,0,0
2508,SINAC_BD_0002508,28772,Bosque deciduo,1.33,SINAC - Consenso bosque deciduo 2021-2023,2021-2023,1,1,0,0
2509,SINAC_BD_0002509,28774,Bosque deciduo,7.7908794166932305,SINAC - Consenso bosque deciduo 2021-2023,2021-2023,1,1,0,0
2510,SINAC_BD_0002510,28781,Bosque deciduo,1.499329254937613,SINAC - Consenso bosque deciduo 2021-2023,2021-2023,0,1,0,0
2511,SINAC_BD_0002511,28836,Bosque deciduo,11.846755450912541,SINAC - Consenso bosque deciduo 2021-2023,2021-2023,1,1,0,0
2512,SINAC_BD_0002512,28842,Bosque deciduo,3.4505211240105376,SINAC - Consenso bosque deciduo 2021-2023,2021-2023,0,1,0,0
2513,SINAC_BD_0002513,28846,Bosque deciduo,1.0526568134080505,SINAC - Consenso bosque deciduo 2021-2023,2021-2023,1,1,0,0
2514,SINAC_BD_0002514,28854,Bosque deciduo,1.4284730196922413,SINAC - Consenso bosque deciduo 2021-2023,2021-2023,1,0,0,0
2515,SINAC_BD_0002515,28874,Bosque deciduo,5.614430373141881,SINAC - Consenso bosque deciduo 2021-2023,2021-2023,1,1,0,0
2516,SINAC_BD_0002516,28881,Bosque deciduo,3.76856896820167,SINAC - Consenso bosque deciduo 2021-2023,2021-2023,1,1,0,0
2517,SINAC_BD_0002517,28882,Bosque deciduo,14.623867662208749,SINAC - Consenso bosque deciduo 2021-2023,2021-2023,0,0,0,0
2518,SINAC_BD_0002518,28891,Bosque deciduo,1.8833204219226412,SINAC - Consenso bosque deciduo 2021-2023,2021-2023,0,0,0,0
2519,SINAC_BD_0002519,28945,Bosque deciduo,2.224715035964911,SINAC - Consenso bosque deciduo 2021-2023,2021-2023,1,0,0,0
2520,SINAC_BD_0002520,28946,Bosque deciduo,3.8584730642604357,SINAC - Consenso bosque deciduo 2021-2023,2021-2023,1,0,0,0
2521,SINAC_BD_0002521,28949,Bosque deciduo,1.023365591528156,SINAC - Consenso bosque deciduo 2021-2023,2021-2023,1,1,0,0
2522,SINAC_BD_0002522,28969,Bosque deciduo,1.0771731742809578,SINAC - Consenso bosque deciduo 2021-2023,2021-2023,0,0,0,0
2523,SINAC_BD_0002523,28970,Bosque deciduo,4.941605823269604,SINAC - Consenso bosque deciduo 2021-2023,2021-2023,0,0,0,0
2524,SINAC_BD_0002524,28971,Bosque deciduo,14.539983822595469,SINAC - Consenso bosque deciduo 2021-2023,2021-2023,1,1,0,0
2525,SINAC_BD_0002525,28975,Bosque deciduo,2.986041636987377,SINAC - Consenso bosque deciduo 2021-2023,2021-2023,1,1,0,0
2526,SINAC_BD_0002526,28989,Bosque deciduo,3.890677529567616,SINAC - Consenso bosque deciduo 2021-2023,2021-2023,1,1,0,0
2527,SINAC_BD_0002527,29027,Bosque deciduo,8.78599490393597,SINAC - Consenso bosque deciduo 2021-2023,2021-2023,1,0,0,0
2528,SINAC_BD_0002528,29028,Bosque deciduo,1.084765944310424,SINAC - Consenso bosque deciduo 2021-2023,2021-2023,0,0,0,0
2529,SINAC_BD_0002529,29031,Bosque deciduo,3.1967121941336316,SINAC - Consenso bosque deciduo 2021-2023,2021-2023,1,0,0,0
2530,SINAC_BD_0002530,29035,Bosque deciduo,1.5202324015997843,SINAC - Consenso bosque deciduo 2021-2023,2021-2023,1,0,0,0
2531,SINAC_BD_0002531,29041,Bosque deciduo,1.2253049264969489,SINAC - Consenso bosque deciduo 2021-2023,2021-2023,0,0,0,0
2532,SINAC_BD_0002532,29053,Bosque deciduo,44.88834092349862,SINAC - Consenso bosque deciduo 2021-2023,2021-2023,1,1,1,0
2533,SINAC_BD_0002533,29054,Bosque deciduo,76.07391745008003,SINAC - Consenso bosque deciduo 2021-2023,2021-2023,1,1,1,0
2534,SINAC_BD_0002534,29055,Bosque deciduo,6.198405600102072,SINAC - Consenso bosque deciduo 2021-2023,2021-2023,1,0,0,0
2535,SINAC_BD_0002535,29086,Bosque deciduo,6.698504383622178,SINAC - Consenso bosque deciduo 2021-2023,2021-2023,0,0,0,0
2536,SINAC_BD_0002536,29091,Bosque deciduo,2.3503473806669484,SINAC - Consenso bosque deciduo 2021-2023,2021-2023,1,1,0,0
2537,SINAC_BD_0002537,29097,Bosque deciduo,1.2497458162006128,SINAC - Consenso bosque deciduo 2021-2023,2021-2023,0,1,0,0
2538,SINAC_BD_0002538,29128,Bosque deciduo,1.3586762354796746,SINAC - Consenso bosque deciduo 2021-2023,2021-2023,0,0,0,0
2539,SINAC_BD_0002539,29130,Bosque deciduo,1.2491165515354543,SINAC - Consenso bosque deciduo 2021-2023,2021-2023,1,0,0,0
2540,SINAC_BD_0002540,29132,Bosque deciduo,2.872671062699027,SINAC - Consenso bosque deciduo 2021-2023,2021-2023,0,0,0,0
2541,SINAC_BD_0002541,29135,Bosque deciduo,1.09263299806256,SINAC - Consenso bosque deciduo 2021-2023,2021-2023,0,0,0,0
2542,SINAC_BD_0002542,29163,Bosque deciduo,2.3880773334968617,SINAC - Consenso bosque deciduo 2021-2023,2021-2023,0,0,0,0
2543,SINAC_BD_0002543,29177,Bosque deciduo,4.642569392080798,SINAC - Consenso bosque deciduo 2021-2023,2021-2023,0,0,0,0
2544,SINAC_BD_0002544,29179,Bosque deciduo,60.17756426648356,SINAC - Consenso bosque deciduo 2021-2023,2021-2023,1,0,0,0
2545,SINAC_BD_0002545,29185,Bosque deciduo,5.550286064891618,SINAC - Consenso bosque deciduo 2021-2023,2021-2023,1,0,0,0
2546,SINAC_BD_0002546,29187,Bosque deciduo,1.357091862870987,SINAC - Consenso bosque deciduo 2021-2023,2021-2023,1,1,0,0
2547,SINAC_BD_0002547,29251,Bosque deciduo,1.1077647857693038,SINAC - Consenso bosque deciduo 2021-2023,2021-2023,1,0,0,0
2548,SINAC_BD_0002548,29258,Bosque deciduo,13.452433904900213,SINAC - Consenso bosque deciduo 2021-2023,2021-2023,1,0,0,0
2549,SINAC_BD_0002549,29261,Bosque deciduo,21.257706610009382,SINAC - Consenso bosque deciduo 2021-2023,2021-2023,1,1,1,0
2550,SINAC_BD_0002550,29265,Bosque deciduo,1.5042988356574445,SINAC - Consenso bosque deciduo 2021-2023,2021-2023,1,0,0,0
2551,SINAC_BD_0002551,29284,Bosque deciduo,45.69237320013345,SINAC - Consenso bosque deciduo 2021-2023,2021-2023,1,1,1,1
2552,SINAC_BD_0002552,29289,Bosque deciduo,4.153683674677845,SINAC - Consenso bosque deciduo 2021-2023,2021-2023,1,0,0,1
2553,SINAC_BD_0002553,29306,Bosque deciduo,20.073619494127946,SINAC - Consenso bosque deciduo 2021-2023,2021-2023,1,1,1,0
2554,SINAC_BD_0002554,29307,Bosque deciduo,4.0970787708810645,SINAC - Consenso bosque deciduo 2021-2023,2021-2023,1,0,0,0
2555,SINAC_BD_0002555,29308,Bosque deciduo,10.996339745095487,SINAC - Consenso bosque deciduo 2021-2023,2021-2023,1,1,0,0
2556,SINAC_BD_0002556,29312,Bosque deciduo,1.3539844035919195,SINAC - Consenso bosque deciduo 2021-2023,2021-2023,0,0,0,0
2557,SINAC_BD_0002557,29321,Bosque deciduo,1.8869328355233759,SINAC - Consenso bosque deciduo 2021-2023,2021-2023,1,0,0,0
2558,SINAC_BD_0002558,29322,Bosque deciduo,1.0522721552787002,SINAC - Consenso bosque deciduo 2021-2023,2021-2023,0,0,0,0
2559,SINAC_BD_0002559,29334,Bosque deciduo,2.8195991688786384,SINAC - Consenso bosque deciduo 2021-2023,2021-2023,1,0,0,0
2560,SINAC_BD_0002560,29362,Bosque deciduo,1.6055309531082635,SINAC - Consenso bosque deciduo 2021-2023,2021-2023,1,0,0,0
2561,SINAC_BD_0002561,29366,Bosque deciduo,1.25,SINAC - Consenso bosque deciduo 2021-2023,2021-2023,0,0,0,0
2562,SINAC_BD_0002562,29367,Bosque deciduo,1.2317017300571227,SINAC - Consenso bosque deciduo 2021-2023,2021-2023,0,0,0,0
2563,SINAC_BD_0002563,29376,Bosque deciduo,7.182487102996893,SINAC - Consenso bosque deciduo 2021-2023,2021-2023,1,0,0,0
2564,SINAC_BD_0002564,29381,Bosque deciduo,1.9317009093126278,SINAC - Consenso bosque deciduo 2021-2023,2021-2023,0,0,0,0
2565,SINAC_BD_0002565,29382,Bosque deciduo,3.7458879589640857,SINAC - Consenso bosque deciduo 2021-2023,2021-2023,1,1,0,0
2566,SINAC_BD_0002566,29385,Bosque deciduo,1.2006587884057862,SINAC - Consenso bosque deciduo 2021-2023,2021-2023,1,0,0,0
2567,SINAC_BD_0002567,29398,Bosque deciduo,1.5606967455648366,SINAC - Consenso bosque deciduo 2021-2023,2021-2023,1,0,0,0
2568,SINAC_BD_0002568,29404,Bosque deciduo,1.3385682304571762,SINAC - Consenso bosque deciduo 2021-2023,2021-2023,0,0,0,0
2569,SINAC_BD_0002569,29420,Bosque deciduo,1.3814862148743003,SINAC - Consenso bosque deciduo 2021-2023,2021-2023,1,0,0,0
2570,SINAC_BD_0002570,29425,Bosque deciduo,1.250082398695473,SINAC - Consenso bosque deciduo 2021-2023,2021-2023,1,0,0,0
2571,SINAC_BD_0002571,29433,Bosque deciduo,1.1226050193656643,SINAC - Consenso bosque deciduo 2021-2023,2021-2023,1,0,0,0
2572,SINAC_BD_0002572,29440,Bosque deciduo,1.0591358399656872,SINAC - Consenso bosque deciduo 2021-2023,2021-2023,1,0,0,0
2573,SINAC_BD_0002573,29442,Bosque deciduo,1.0111164042799503,SINAC - Consenso bosque deciduo 2021-2023,2021-2023,1,0,0,0
2574,SINAC_BD_0002574,29444,Bosque deciduo,7.327940415805159,SINAC - Consenso bosque deciduo 2021-2023,2021-2023,1,0,1,0
2575,SINAC_BD_0002575,29464,Bosque deciduo,5.033649994715785,SINAC - Consenso bosque deciduo 2021-2023,2021-2023,1,0,0,0
2576,SINAC_BD_0002576,29468,Bosque deciduo,1.6065406987365127,SINAC - Consenso bosque deciduo 2021-2023,2021-2023,0,0,0,0
2577,SINAC_BD_0002577,29501,Bosque deciduo,1.459442734892502,SINAC - Consenso bosque deciduo 2021-2023,2021-2023,1,1,0,0
2578,SINAC_BD_0002578,29518,Bosque deciduo,2.4817154539088553,SINAC - Consenso bosque deciduo 2021-2023,2021-2023,1,0,0,0
2579,SINAC_BD_0002579,29520,Bosque deciduo,35.574195270974,SINAC - Consenso bosque deciduo 2021-2023,2021-2023,1,1,0,0
2580,SINAC_BD_0002580,29531,Bosque deciduo,25.237012910595766,SINAC - Consenso bosque deciduo 2021-2023,2021-2023,1,1,0,0
2581,SINAC_BD_0002581,29532,Bosque deciduo,1.685439379184377,SINAC - Consenso bosque deciduo 2021-2023,2021-2023,0,0,0,0
2582,SINAC_BD_0002582,29550,Bosque deciduo,6.868523191402748,SINAC - Consenso bosque deciduo 2021-2023,2021-2023,1,0,0,0
2583,SINAC_BD_0002583,29556,Bosque deciduo,9.287163285960792,SINAC - Consenso bosque deciduo 2021-2023,2021-2023,1,0,0,0
2584,SINAC_BD_0002584,29561,Bosque deciduo,212.0175539736966,SINAC - Consenso bosque deciduo 2021-2023,2021-2023,1,1,1,0
2585,SINAC_BD_0002585,29563,Bosque deciduo,1.088040624199173,SINAC - Consenso bosque deciduo 2021-2023,2021-2023,0,0,0,0
2586,SINAC_BD_0002586,29578,Bosque deciduo,12.845886355772672,SINAC - Consenso bosque deciduo 2021-2023,2021-2023,1,1,0,0
2587,SINAC_BD_0002587,29581,Bosque deciduo,1.307148769873566,SINAC - Consenso bosque deciduo 2021-2023,2021-2023,0,0,0,0
2588,SINAC_BD_0002588,29583,Bosque deciduo,1.6492093885220318,SINAC - Consenso bosque deciduo 2021-2023,2021-2023,1,1,1,0
2589,SINAC_BD_0002589,29585,Bosque deciduo,1.5745735681752069,SINAC - Consenso bosque deciduo 2021-2023,2021-2023,1,0,0,0
2590,SINAC_BD_0002590,29595,Bosque deciduo,1.0619154611791835,SINAC - Consenso bosque deciduo 2021-2023,2021-2023,0,0,0,0
2591,SINAC_BD_0002591,29597,Bosque deciduo,1.095514838677653,SINAC - Consenso bosque deciduo 2021-2023,2021-2023,0,0,0,0
2592,SINAC_BD_0002592,29604,Bosque deciduo,1.6484189287625959,SINAC - Consenso bosque deciduo 2021-2023,2021-2023,0,0,0,0
2593,SINAC_BD_0002593,29622,Bosque deciduo,2.9636099840749393,SINAC - Consenso bosque deciduo 2021-2023,2021-2023,0,0,0,0
2594,SINAC_BD_0002594,29634,Bosque deciduo,11.78232441582785,SINAC - Consenso bosque deciduo 2021-2023,2021-2023,1,1,1,0
2595,SINAC_BD_0002595,29662,Bosque deciduo,2.685936332796061,SINAC - Consenso bosque deciduo 2021-2023,2021-2023,1,1,0,0
2596,SINAC_BD_0002596,29665,Bosque deciduo,13.255975062952679,SINAC - Consenso bosque deciduo 2021-2023,2021-2023,1,1,1,0
2597,SINAC_BD_0002597,29666,Bosque deciduo,2.8312808238523783,SINAC - Consenso bosque deciduo 2021-2023,2021-2023,1,1,0,0
2598,SINAC_BD_0002598,29669,Bosque deciduo,23.788843817391143,SINAC - Consenso bosque deciduo 2021-2023,2021-2023,0,0,1,0
2599,SINAC_BD_0002599,29673,Bosque deciduo,2.476737590471727,SINAC - Consenso bosque deciduo 2021-2023,2021-2023,0,0,0,0
2600,SINAC_BD_0002600,29684,Bosque deciduo,2.52596237309228,SINAC - Consenso bosque deciduo 2021-2023,2021-2023,1,1,0,0
2601,SINAC_BD_0002601,29698,Bosque deciduo,2.1912327471610498,SINAC - Consenso bosque deciduo 2021-2023,2021-2023,1,0,1,0
2602,SINAC_BD_0002602,29699,Bosque deciduo,3.8357301437950833,SINAC - Consenso bosque deciduo 2021-2023,2021-2023,1,0,0,0
2603,SINAC_BD_0002603,29703,Bosque deciduo,4.255094502936242,SINAC - Consenso bosque deciduo 2021-2023,2021-2023,1,1,0,0
2604,SINAC_BD_0002604,29711,Bosque deciduo,3.9285686011734193,SINAC - Consenso bosque deciduo 2021-2023,2021-2023,1,0,0,0
2605,SINAC_BD_0002605,29712,Bosque deciduo,1.3510116369234024,SINAC - Consenso bosque deciduo 2021-2023,2021-2023,0,0,0,0
2606,SINAC_BD_0002606,29742,Bosque deciduo,1.7946667199446642,SINAC - Consenso bosque deciduo 2021-2023,2021-2023,0,0,0,0
2607,SINAC_BD_0002607,29743,Bosque deciduo,1.363978010023887,SINAC - Consenso bosque deciduo 2021-2023,2021-2023,0,0,0,0
2608,SINAC_BD_0002608,29745,Bosque deciduo,3.2183639815762706,SINAC - Consenso bosque deciduo 2021-2023,2021-2023,1,0,0,0
2609,SINAC_BD_0002609,29750,Bosque deciduo,1.6807018367347242,SINAC - Consenso bosque deciduo 2021-2023,2021-2023,0,0,0,0
2610,SINAC_BD_0002610,29763,Bosque deciduo,2.133253032167855,SINAC - Consenso bosque deciduo 2021-2023,2021-2023,1,0,0,0
2611,SINAC_BD_0002611,29778,Bosque deciduo,131.0974999004344,SINAC - Consenso bosque deciduo 2021-2023,2021-2023,1,1,0,0
2612,SINAC_BD_0002612,29780,Bosque deciduo,4.332976634201023,SINAC - Consenso bosque deciduo 2021-2023,2021-2023,0,0,0,0
2613,SINAC_BD_0002613,29781,Bosque deciduo,5.78385769879819,SINAC - Consenso bosque deciduo 2021-2023,2021-2023,1,1,0,0
2614,SINAC_BD_0002614,29782,Bosque deciduo,75.28062217450058,SINAC - Consenso bosque deciduo 2021-2023,2021-2023,1,1,1,0
2615,SINAC_BD_0002615,29783,Bosque deciduo,9.914938018607732,SINAC - Consenso bosque deciduo 2021-2023,2021-2023,1,0,0,0
2616,SINAC_BD_0002616,29791,Bosque deciduo,1.4837833421693565,SINAC - Consenso bosque deciduo 2021-2023,2021-2023,1,0,0,0
2617,SINAC_BD_0002617,29796,Bosque deciduo,1.3820412432814762,SINAC - Consenso bosque deciduo 2021-2023,2021-2023,1,1,0,0
2618,SINAC_BD_0002618,29815,Bosque deciduo,3.3553393889323044,SINAC - Consenso bosque deciduo 2021-2023,2021-2023,0,0,0,0
2619,SINAC_BD_0002619,29816,Bosque deciduo,2.6832483507696074,SINAC - Consenso bosque deciduo 2021-2023,2021-2023,1,0,0,0
2620,SINAC_BD_0002620,29819,Bosque deciduo,228.62531776529573,SINAC - Consenso bosque deciduo 2021-2023,2021-2023,1,1,1,1
2621,SINAC_BD_0002621,29821,Bosque deciduo,1.0262098470531222,SINAC - Consenso bosque deciduo 2021-2023,2021-2023,1,0,0,0
2622,SINAC_BD_0002622,29822,Bosque deciduo,6.883699103480848,SINAC - Consenso bosque deciduo 2021-2023,2021-2023,1,1,0,0
2623,SINAC_BD_0002623,29823,Bosque deciduo,1.324303174751274,SINAC - Consenso bosque deciduo 2021-2023,2021-2023,0,0,0,0
2624,SINAC_BD_0002624,29824,Bosque deciduo,6.1520735172398044,SINAC - Consenso bosque deciduo 2021-2023,2021-2023,1,0,0,0
2625,SINAC_BD_0002625,29825,Bosque deciduo,2.1085702374935664,SINAC - Consenso bosque deciduo 2021-2023,2021-2023,0,0,0,0
2626,SINAC_BD_0002626,29827,Bosque deciduo,2.7214231151217865,SINAC - Consenso bosque deciduo 2021-2023,2021-2023,1,1,0,0
2627,SINAC_BD_0002627,29849,Bosque deciduo,1.5235757724082193,SINAC - Consenso bosque deciduo 2021-2023,2021-2023,0,0,0,0
2628,SINAC_BD_0002628,29862,Bosque deciduo,7.676867756335337,SINAC - Consenso bosque deciduo 2021-2023,2021-2023,0,0,0,0
2629,SINAC_BD_0002629,29863,Bosque deciduo,12.177749272016904,SINAC - Consenso bosque deciduo 2021-2023,2021-2023,1,1,0,0
2630,SINAC_BD_0002630,29872,Bosque deciduo,99.71783318420943,SINAC - Consenso bosque deciduo 2021-2023,2021-2023,1,1,1,1
2631,SINAC_BD_0002631,29873,Bosque deciduo,4.325893474091889,SINAC - Consenso bosque deciduo 2021-2023,2021-2023,1,0,1,0
2632,SINAC_BD_0002632,29875,Bosque deciduo,1.4944289526801988,SINAC - Consenso bosque deciduo 2021-2023,2021-2023,0,0,0,0
2633,SINAC_BD_0002633,29884,Bosque deciduo,1.600083995585471,SINAC - Consenso bosque deciduo 2021-2023,2021-2023,1,0,0,0
2634,SINAC_BD_0002634,29900,Bosque deciduo,1.1100952154112105,SINAC - Consenso bosque deciduo 2021-2023,2021-2023,0,0,0,0
2635,SINAC_BD_0002635,29910,Bosque deciduo,3.3071211197180963,SINAC - Consenso bosque deciduo 2021-2023,2021-2023,0,0,0,0
2636,SINAC_BD_0002636,29913,Bosque deciduo,1.6883659369788595,SINAC - Consenso bosque deciduo 2021-2023,2021-2023,0,0,0,0
2637,SINAC_BD_0002637,29921,Bosque deciduo,4.025785550644293,SINAC - Consenso bosque deciduo 2021-2023,2021-2023,1,0,0,0
2638,SINAC_BD_0002638,29925,Bosque deciduo,1.4676429725650404,SINAC - Consenso bosque deciduo 2021-2023,2021-2023,1,0,0,0
2639,SINAC_BD_0002639,29948,Bosque deciduo,1.25,SINAC - Consenso bosque deciduo 2021-2023,2021-2023,0,0,0,0
2640,SINAC_BD_0002640,29952,Bosque deciduo,1.0988836506235031,SINAC - Consenso bosque deciduo 2021-2023,2021-2023,0,0,0,0
2641,SINAC_BD_0002641,29979,Bosque deciduo,8.44929585068197,SINAC - Consenso bosque deciduo 2021-2023,2021-2023,1,0,0,0
2642,SINAC_BD_0002642,29980,Bosque deciduo,9.156187827078302,SINAC - Consenso bosque deciduo 2021-2023,2021-2023,1,0,0,0
2643,SINAC_BD_0002643,29981,Bosque deciduo,2.1270997844652064,SINAC - Consenso bosque deciduo 2021-2023,2021-2023,0,0,0,0
2644,SINAC_BD_0002644,29984,Bosque deciduo,15.042271921253793,SINAC - Consenso bosque deciduo 2021-2023,2021-2023,1,1,0,0
2645,SINAC_BD_0002645,29991,Bosque deciduo,1.7031946853895286,SINAC - Consenso bosque deciduo 2021-2023,2021-2023,1,0,0,0
2646,SINAC_BD_0002646,29998,Bosque deciduo,2.2530662350381863,SINAC - Consenso bosque deciduo 2021-2023,2021-2023,0,0,0,0
2647,SINAC_BD_0002647,30001,Bosque deciduo,2.902557807589233,SINAC - Consenso bosque deciduo 2021-2023,2021-2023,1,0,0,0
2648,SINAC_BD_0002648,30002,Bosque deciduo,2.5061689489815877,SINAC - Consenso bosque deciduo 2021-2023,2021-2023,1,0,0,0
2649,SINAC_BD_0002649,30005,Bosque deciduo,11.894430567486022,SINAC - Consenso bosque deciduo 2021-2023,2021-2023,1,1,1,1
2650,SINAC_BD_0002650,30010,Bosque deciduo,4.995317667103085,SINAC - Consenso bosque deciduo 2021-2023,2021-2023,1,0,0,0
2651,SINAC_BD_0002651,30058,Bosque deciduo,1.4986233909587061,SINAC - Consenso bosque deciduo 2021-2023,2021-2023,1,0,0,0
2652,SINAC_BD_0002652,30063,Bosque deciduo,1.455776174305919,SINAC - Consenso bosque deciduo 2021-2023,2021-2023,0,0,0,0
2653,SINAC_BD_0002653,30091,Bosque deciduo,1.1447746101988026,SINAC - Consenso bosque deciduo 2021-2023,2021-2023,0,0,0,0
2654,SINAC_BD_0002654,30092,Bosque deciduo,3.508356562111462,SINAC - Consenso bosque deciduo 2021-2023,2021-2023,0,0,0,0
2655,SINAC_BD_0002655,30093,Bosque deciduo,3.537208136828382,SINAC - Consenso bosque deciduo 2021-2023,2021-2023,1,0,0,0
2656,SINAC_BD_0002656,30097,Bosque deciduo,1.0857290684554697,SINAC - Consenso bosque deciduo 2021-2023,2021-2023,0,0,0,0
2657,SINAC_BD_0002657,30124,Bosque deciduo,1.32,SINAC - Consenso bosque deciduo 2021-2023,2021-2023,0,0,0,0
2658,SINAC_BD_0002658,30126,Bosque deciduo,1.2370130364446719,SINAC - Consenso bosque deciduo 2021-2023,2021-2023,1,1,0,0
2659,SINAC_BD_0002659,30128,Bosque deciduo,4.002757018367918,SINAC - Consenso bosque deciduo 2021-2023,2021-2023,1,0,0,0
2660,SINAC_BD_0002660,30163,Bosque deciduo,15.012661688902675,SINAC - Consenso bosque deciduo 2021-2023,2021-2023,1,1,0,0
2661,SINAC_BD_0002661,30191,Bosque deciduo,1.0720074054246866,SINAC - Consenso bosque deciduo 2021-2023,2021-2023,1,0,0,0
2662,SINAC_BD_0002662,30193,Bosque deciduo,1.246012189092253,SINAC - Consenso bosque deciduo 2021-2023,2021-2023,0,0,0,0
2663,SINAC_BD_0002663,30197,Bosque deciduo,1.7328155028189722,SINAC - Consenso bosque deciduo 2021-2023,2021-2023,0,0,0,0
2664,SINAC_BD_0002664,30205,Bosque deciduo,8.703309133237136,SINAC - Consenso bosque deciduo 2021-2023,2021-2023,1,1,0,0
2665,SINAC_BD_0002665,30209,Bosque deciduo,2.088565066480615,SINAC - Consenso bosque deciduo 2021-2023,2021-2023,1,1,0,0
2666,SINAC_BD_0002666,30222,Bosque deciduo,1.1021610373339963,SINAC - Consenso bosque deciduo 2021-2023,2021-2023,0,0,0,0
2667,SINAC_BD_0002667,30223,Bosque deciduo,3.0206617872855417,SINAC - Consenso bosque deciduo 2021-2023,2021-2023,0,0,0,0
2668,SINAC_BD_0002668,30235,Bosque deciduo,100.44394366551818,SINAC - Consenso bosque deciduo 2021-2023,2021-2023,1,1,1,0
2669,SINAC_BD_0002669,30243,Bosque deciduo,1.4688999807418153,SINAC - Consenso bosque deciduo 2021-2023,2021-2023,0,0,0,0
2670,SINAC_BD_0002670,30244,Bosque deciduo,84.6113794684402,SINAC - Consenso bosque deciduo 2021-2023,2021-2023,1,1,1,0
2671,SINAC_BD_0002671,30246,Bosque deciduo,1.9799268369040606,SINAC - Consenso bosque deciduo 2021-2023,2021-2023,0,0,0,0
2672,SINAC_BD_0002672,30247,Bosque deciduo,4.454289520198698,SINAC - Consenso bosque deciduo 2021-2023,2021-2023,1,0,0,0
2673,SINAC_BD_0002673,30281,Bosque deciduo,5.3622030829904395,SINAC - Consenso bosque deciduo 2021-2023,2021-2023,1,1,0,0
2674,SINAC_BD_0002674,30283,Bosque deciduo,6.677334976525041,SINAC - Consenso bosque deciduo 2021-2023,2021-2023,1,0,0,0
2675,SINAC_BD_0002675,30345,Bosque deciduo,5.377492573095666,SINAC - Consenso bosque deciduo 2021-2023,2021-2023,1,0,0,0
2676,SINAC_BD_0002676,30366,Bosque deciduo,1.2546281588056982,SINAC - Consenso bosque deciduo 2021-2023,2021-2023,0,0,0,0
2677,SINAC_BD_0002677,30368,Bosque deciduo,2.378558163727856,SINAC - Consenso bosque deciduo 2021-2023,2021-2023,0,0,0,0
2678,SINAC_BD_0002678,30372,Bosque deciduo,11.356734053743642,SINAC - Consenso bosque deciduo 2021-2023,2021-2023,1,0,1,0
2679,SINAC_BD_0002679,30403,Bosque deciduo,1.0995227621303425,SINAC - Consenso bosque deciduo 2021-2023,2021-2023,0,0,0,0
2680,SINAC_BD_0002680,30407,Bosque deciduo,1.1811284598472211,SINAC - Consenso bosque deciduo 2021-2023,2021-2023,0,0,0,0
2681,SINAC_BD_0002681,30417,Bosque deciduo,1.8301250442665051,SINAC - Consenso bosque deciduo 2021-2023,2021-2023,1,1,1,0
2682,SINAC_BD_0002682,30421,Bosque deciduo,5.954998101064292,SINAC - Consenso bosque deciduo 2021-2023,2021-2023,0,0,0,0
2683,SINAC_BD_0002683,30424,Bosque deciduo,1.8094930970511127,SINAC - Consenso bosque deciduo 2021-2023,2021-2023,1,1,0,0
2684,SINAC_BD_0002684,30425,Bosque deciduo,129.83156576103949,SINAC - Consenso bosque deciduo 2021-2023,2021-2023,1,1,1,0
2685,SINAC_BD_0002685,30426,Bosque deciduo,1.1561967053650088,SINAC - Consenso bosque deciduo 2021-2023,2021-2023,1,0,0,0
2686,SINAC_BD_0002686,30442,Bosque deciduo,5.138543266050481,SINAC - Consenso bosque deciduo 2021-2023,2021-2023,1,0,0,0
2687,SINAC_BD_0002687,30472,Bosque deciduo,1.7684784247806704,SINAC - Consenso bosque deciduo 2021-2023,2021-2023,0,0,0,0
2688,SINAC_BD_0002688,30473,Bosque deciduo,11.567925697125064,SINAC - Consenso bosque deciduo 2021-2023,2021-2023,1,1,1,0
2689,SINAC_BD_0002689,30486,Bosque deciduo,3.728322777020418,SINAC - Consenso bosque deciduo 2021-2023,2021-2023,1,0,0,0
2690,SINAC_BD_0002690,30488,Bosque deciduo,2.06892262829669,SINAC - Consenso bosque deciduo 2021-2023,2021-2023,1,0,0,0
2691,SINAC_BD_0002691,30492,Bosque deciduo,1.2235125870493697,SINAC - Consenso bosque deciduo 2021-2023,2021-2023,0,0,0,0
2692,SINAC_BD_0002692,30511,Bosque deciduo,1.3734826731465817,SINAC - Consenso bosque deciduo 2021-2023,2021-2023,1,0,0,0
2693,SINAC_BD_0002693,30525,Bosque deciduo,9.017041121273623,SINAC - Consenso bosque deciduo 2021-2023,2021-2023,1,1,0,0
2694,SINAC_BD_0002694,30528,Bosque deciduo,2.25,SINAC - Consenso bosque deciduo 2021-2023,2021-2023,1,0,0,0
2695,SINAC_BD_0002695,30529,Bosque deciduo,9.369430044022213,SINAC - Consenso bosque deciduo 2021-2023,2021-2023,1,0,0,0
2696,SINAC_BD_0002696,30534,Bosque deciduo,5.63822066363638,SINAC - Consenso bosque deciduo 2021-2023,2021-2023,1,0,0,0
2697,SINAC_BD_0002697,30548,Bosque deciduo,8.57616448568453,SINAC - Consenso bosque deciduo 2021-2023,2021-2023,1,1,1,0
2698,SINAC_BD_0002698,30560,Bosque deciduo,1.3798701962892441,SINAC - Consenso bosque deciduo 2021-2023,2021-2023,0,0,0,0
2699,SINAC_BD_0002699,30562,Bosque deciduo,4.034451345319049,SINAC - Consenso bosque deciduo 2021-2023,2021-2023,1,0,0,0
2700,SINAC_BD_0002700,30563,Bosque deciduo,1.0834489840645365,SINAC - Consenso bosque deciduo 2021-2023,2021-2023,0,0,0,0
2701,SINAC_BD_0002701,30564,Bosque deciduo,8.101035887297485,SINAC - Consenso bosque deciduo 2021-2023,2021-2023,0,0,0,0
2702,SINAC_BD_0002702,30566,Bosque deciduo,12.398899091538603,SINAC - Consenso bosque deciduo 2021-2023,2021-2023,1,1,1,0
2703,SINAC_BD_0002703,30568,Bosque deciduo,101.52835686857638,SINAC - Consenso bosque deciduo 2021-2023,2021-2023,1,1,0,1
2704,SINAC_BD_0002704,30578,Bosque deciduo,6.755444957497374,SINAC - Consenso bosque deciduo 2021-2023,2021-2023,1,1,0,0
2705,SINAC_BD_0002705,30579,Bosque deciduo,5.74383776094596,SINAC - Consenso bosque deciduo 2021-2023,2021-2023,1,1,0,0
2706,SINAC_BD_0002706,30583,Bosque deciduo,22.191150655184153,SINAC - Consenso bosque deciduo 2021-2023,2021-2023,1,1,0,0
2707,SINAC_BD_0002707,30591,Bosque deciduo,1.3418430099975311,SINAC - Consenso bosque deciduo 2021-2023,2021-2023,1,0,0,0
2708,SINAC_BD_0002708,30608,Bosque deciduo,11.097564442220769,SINAC - Consenso bosque deciduo 2021-2023,2021-2023,1,0,0,0
2709,SINAC_BD_0002709,30621,Bosque deciduo,10.417847173989035,SINAC - Consenso bosque deciduo 2021-2023,2021-2023,1,1,0,0
2710,SINAC_BD_0002710,30623,Bosque deciduo,3.211558628885351,SINAC - Consenso bosque deciduo 2021-2023,2021-2023,1,1,0,0
2711,SINAC_BD_0002711,30625,Bosque deciduo,1.5059464904500839,SINAC - Consenso bosque deciduo 2021-2023,2021-2023,0,0,0,0
2712,SINAC_BD_0002712,30628,Bosque deciduo,31.315886216305884,SINAC - Consenso bosque deciduo 2021-2023,2021-2023,1,1,0,0
2713,SINAC_BD_0002713,30660,Bosque deciduo,3.428019802051898,SINAC - Consenso bosque deciduo 2021-2023,2021-2023,1,0,0,0
2714,SINAC_BD_0002714,30661,Bosque deciduo,3.6975368046151016,SINAC - Consenso bosque deciduo 2021-2023,2021-2023,1,1,0,0
2715,SINAC_BD_0002715,30663,Bosque deciduo,86.49720960740534,SINAC - Consenso bosque deciduo 2021-2023,2021-2023,1,1,1,0
2716,SINAC_BD_0002716,30668,Bosque deciduo,37.6298061068662,SINAC - Consenso bosque deciduo 2021-2023,2021-2023,1,1,1,0
2717,SINAC_BD_0002717,30670,Bosque deciduo,1.636447394350931,SINAC - Consenso bosque deciduo 2021-2023,2021-2023,1,0,0,0
2718,SINAC_BD_0002718,30679,Bosque deciduo,2.944853353562156,SINAC - Consenso bosque deciduo 2021-2023,2021-2023,1,1,0,0
2719,SINAC_BD_0002719,30692,Bosque deciduo,1.06,SINAC - Consenso bosque deciduo 2021-2023,2021-2023,0,0,0,0
2720,SINAC_BD_0002720,30697,Bosque deciduo,1.2261845603186476,SINAC - Consenso bosque deciduo 2021-2023,2021-2023,1,1,0,0
2721,SINAC_BD_0002721,30713,Bosque deciduo,1.9744731862078897,SINAC - Consenso bosque deciduo 2021-2023,2021-2023,0,0,0,0
2722,SINAC_BD_0002722,30718,Bosque deciduo,2.5124662428839906,SINAC - Consenso bosque deciduo 2021-2023,2021-2023,1,0,0,0
2723,SINAC_BD_0002723,30776,Bosque deciduo,2.691220111951481,SINAC - Consenso bosque deciduo 2021-2023,2021-2023,1,0,0,0
2724,SINAC_BD_0002724,30777,Bosque deciduo,1.5960197864993766,SINAC - Consenso bosque deciduo 2021-2023,2021-2023,0,0,0,0
2725,SINAC_BD_0002725,30789,Bosque deciduo,3.3626370736313924,SINAC - Consenso bosque deciduo 2021-2023,2021-2023,1,0,0,0
2726,SINAC_BD_0002726,30807,Bosque deciduo,2.3265376956728607,SINAC - Consenso bosque deciduo 2021-2023,2021-2023,1,0,0,0
2727,SINAC_BD_0002727,30832,Bosque deciduo,8.591743012578426,SINAC - Consenso bosque deciduo 2021-2023,2021-2023,1,1,0,0
2728,SINAC_BD_0002728,30838,Bosque deciduo,1.56,SINAC - Consenso bosque deciduo 2021-2023,2021-2023,0,0,0,0
2729,SINAC_BD_0002729,30875,Bosque deciduo,1.39499694420103,SINAC - Consenso bosque deciduo 2021-2023,2021-2023,0,0,0,0
2730,SINAC_BD_0002730,30890,Bosque deciduo,1.589455986155521,SINAC - Consenso bosque deciduo 2021-2023,2021-2023,0,0,0,0
2731,SINAC_BD_0002731,30915,Bosque deciduo,1.4925367608027797,SINAC - Consenso bosque deciduo 2021-2023,2021-2023,1,0,0,0
2732,SINAC_BD_0002732,30917,Bosque deciduo,1.8358697569348914,SINAC - Consenso bosque deciduo 2021-2023,2021-2023,1,1,0,0
2733,SINAC_BD_0002733,30919,Bosque deciduo,3.8551863123671093,SINAC - Consenso bosque deciduo 2021-2023,2021-2023,0,0,0,0
2734,SINAC_BD_0002734,30920,Bosque deciduo,1.8907570079164073,SINAC - Consenso bosque deciduo 2021-2023,2021-2023,1,0,0,0
2735,SINAC_BD_0002735,30921,Bosque deciduo,22.66811741670044,SINAC - Consenso bosque deciduo 2021-2023,2021-2023,1,1,0,0
2736,SINAC_BD_0002736,30926,Bosque deciduo,5.771168383649093,SINAC - Consenso bosque deciduo 2021-2023,2021-2023,0,0,1,0
2737,SINAC_BD_0002737,30928,Bosque deciduo,33.69870758246134,SINAC - Consenso bosque deciduo 2021-2023,2021-2023,1,1,0,0
2738,SINAC_BD_0002738,30980,Bosque deciduo,2.240646547590249,SINAC - Consenso bosque deciduo 2021-2023,2021-2023,1,1,0,0
2739,SINAC_BD_0002739,30986,Bosque deciduo,4.751904473556835,SINAC - Consenso bosque deciduo 2021-2023,2021-2023,1,0,1,0
2740,SINAC_BD_0002740,30994,Bosque deciduo,4.450541310096541,SINAC - Consenso bosque deciduo 2021-2023,2021-2023,1,0,0,0
2741,SINAC_BD_0002741,31000,Bosque deciduo,1.1810605130267973,SINAC - Consenso bosque deciduo 2021-2023,2021-2023,1,0,0,0
2742,SINAC_BD_0002742,31016,Bosque deciduo,1.5617457107075696,SINAC - Consenso bosque deciduo 2021-2023,2021-2023,0,0,0,0
2743,SINAC_BD_0002743,31019,Bosque deciduo,6.741656670785077,SINAC - Consenso bosque deciduo 2021-2023,2021-2023,0,0,0,0
2744,SINAC_BD_0002744,31030,Bosque deciduo,2.2852847373187766,SINAC - Consenso bosque deciduo 2021-2023,2021-2023,0,0,0,0
2745,SINAC_BD_0002745,31031,Bosque deciduo,1.2587507285405708,SINAC - Consenso bosque deciduo 2021-2023,2021-2023,0,1,0,0
2746,SINAC_BD_0002746,31032,Bosque deciduo,3.4789787834772645,SINAC - Consenso bosque deciduo 2021-2023,2021-2023,1,0,0,0
2747,SINAC_BD_0002747,31035,Bosque deciduo,1.4610559576996551,SINAC - Consenso bosque deciduo 2021-2023,2021-2023,1,0,0,0
2748,SINAC_BD_0002748,31036,Bosque deciduo,2.0822659951550784,SINAC - Consenso bosque deciduo 2021-2023,2021-2023,0,0,0,0
2749,SINAC_BD_0002749,31069,Bosque deciduo,1.5201055738249185,SINAC - Consenso bosque deciduo 2021-2023,2021-2023,0,0,0,0
2750,SINAC_BD_0002750,31084,Bosque deciduo,1.2758983206127652,SINAC - Consenso bosque deciduo 2021-2023,2021-2023,0,0,0,0
2751,SINAC_BD_0002751,31088,Bosque deciduo,1.8012500336136112,SINAC - Consenso bosque deciduo 2021-2023,2021-2023,1,0,0,0
2752,SINAC_BD_0002752,31098,Bosque deciduo,5.7281319347057,SINAC - Consenso bosque deciduo 2021-2023,2021-2023,1,1,0,0
2753,SINAC_BD_0002753,31104,Bosque deciduo,2.574444611425312,SINAC - Consenso bosque deciduo 2021-2023,2021-2023,0,1,0,0
2754,SINAC_BD_0002754,31107,Bosque deciduo,10.082315569814824,SINAC - Consenso bosque deciduo 2021-2023,2021-2023,1,0,0,0
2755,SINAC_BD_0002755,31108,Bosque deciduo,18.142642929711,SINAC - Consenso bosque deciduo 2021-2023,2021-2023,1,1,0,0
2756,SINAC_BD_0002756,31111,Bosque deciduo,1.9904669295044841,SINAC - Consenso bosque deciduo 2021-2023,2021-2023,0,0,0,0
2757,SINAC_BD_0002757,31113,Bosque deciduo,1.8018782977659797,SINAC - Consenso bosque deciduo 2021-2023,2021-2023,0,1,0,0
2758,SINAC_BD_0002758,31115,Bosque deciduo,2.8586435088084063,SINAC - Consenso bosque deciduo 2021-2023,2021-2023,0,0,0,0
2759,SINAC_BD_0002759,31131,Bosque deciduo,3.0390276139771397,SINAC - Consenso bosque deciduo 2021-2023,2021-2023,1,0,0,0
2760,SINAC_BD_0002760,31148,Bosque deciduo,1.1529992122804618,SINAC - Consenso bosque deciduo 2021-2023,2021-2023,1,0,0,0
2761,SINAC_BD_0002761,31150,Bosque deciduo,1.636073785029876,SINAC - Consenso bosque deciduo 2021-2023,2021-2023,1,0,0,0
2762,SINAC_BD_0002762,31151,Bosque deciduo,1.1587319259338809,SINAC - Consenso bosque deciduo 2021-2023,2021-2023,0,0,0,0
2763,SINAC_BD_0002763,31171,Bosque deciduo,4.412135851509822,SINAC - Consenso bosque deciduo 2021-2023,2021-2023,0,0,0,0
2764,SINAC_BD_0002764,31192,Bosque deciduo,1.6786798251228146,SINAC - Consenso bosque deciduo 2021-2023,2021-2023,1,0,0,0
2765,SINAC_BD_0002765,31194,Bosque deciduo,9.397315183338073,SINAC - Consenso bosque deciduo 2021-2023,2021-2023,1,0,0,0
2766,SINAC_BD_0002766,31195,Bosque deciduo,2374.739313777686,SINAC - Consenso bosque deciduo 2021-2023,2021-2023,1,1,1,1
2767,SINAC_BD_0002767,31198,Bosque deciduo,1.4141747368782176,SINAC - Consenso bosque deciduo 2021-2023,2021-2023,1,0,0,0
2768,SINAC_BD_0002768,31203,Bosque deciduo,5.5859297288348335,SINAC - Consenso bosque deciduo 2021-2023,2021-2023,1,0,0,0
2769,SINAC_BD_0002769,31205,Bosque deciduo,3.5581918113908637,SINAC - Consenso bosque deciduo 2021-2023,2021-2023,1,1,0,0
2770,SINAC_BD_0002770,31206,Bosque deciduo,2.083999014254915,SINAC - Consenso bosque deciduo 2021-2023,2021-2023,1,0,0,0
2771,SINAC_BD_0002771,31211,Bosque deciduo,4.559716428715796,SINAC - Consenso bosque deciduo 2021-2023,2021-2023,1,1,0,0
2772,SINAC_BD_0002772,31213,Bosque deciduo,7.87777050686904,SINAC - Consenso bosque deciduo 2021-2023,2021-2023,1,0,0,0
2773,SINAC_BD_0002773,31214,Bosque deciduo,4.1207601883182345,SINAC - Consenso bosque deciduo 2021-2023,2021-2023,0,0,0,0
2774,SINAC_BD_0002774,31216,Bosque deciduo,362.4354148792204,SINAC - Consenso bosque deciduo 2021-2023,2021-2023,1,1,1,1
2775,SINAC_BD_0002775,31219,Bosque deciduo,1.184385318663928,SINAC - Consenso bosque deciduo 2021-2023,2021-2023,1,0,0,0
2776,SINAC_BD_0002776,31224,Bosque deciduo,66.50840292888313,SINAC - Consenso bosque deciduo 2021-2023,2021-2023,1,1,1,0
2777,SINAC_BD_0002777,31225,Bosque deciduo,2.4500342385107174,SINAC - Consenso bosque deciduo 2021-2023,2021-2023,1,0,0,0
2778,SINAC_BD_0002778,31226,Bosque deciduo,1.229062088706007,SINAC - Consenso bosque deciduo 2021-2023,2021-2023,0,0,0,0
2779,SINAC_BD_0002779,31229,Bosque deciduo,2.950058387554725,SINAC - Consenso bosque deciduo 2021-2023,2021-2023,1,0,0,0
2780,SINAC_BD_0002780,31230,Bosque deciduo,57.05160281204591,SINAC - Consenso bosque deciduo 2021-2023,2021-2023,1,1,0,0
2781,SINAC_BD_0002781,31231,Bosque deciduo,3.2802524736532774,SINAC - Consenso bosque deciduo 2021-2023,2021-2023,1,0,0,0
2782,SINAC_BD_0002782,31232,Bosque deciduo,2.9034201531429176,SINAC - Consenso bosque deciduo 2021-2023,2021-2023,1,0,0,0
2783,SINAC_BD_0002783,31258,Bosque deciduo,1.444131628350063,SINAC - Consenso bosque deciduo 2021-2023,2021-2023,0,1,0,0
2784,SINAC_BD_0002784,31264,Bosque deciduo,15.760672712304281,SINAC - Consenso bosque deciduo 2021-2023,2021-2023,1,1,0,0
2785,SINAC_BD_0002785,31265,Bosque deciduo,4.8830328934214755,SINAC - Consenso bosque deciduo 2021-2023,2021-2023,0,0,0,0
2786,SINAC_BD_0002786,31282,Bosque deciduo,2.495147252475959,SINAC - Consenso bosque deciduo 2021-2023,2021-2023,0,0,0,0
2787,SINAC_BD_0002787,31288,Bosque deciduo,1.8028320035126926,SINAC - Consenso bosque deciduo 2021-2023,2021-2023,1,0,0,0
2788,SINAC_BD_0002788,31290,Bosque deciduo,1.1171233199629043,SINAC - Consenso bosque deciduo 2021-2023,2021-2023,0,0,0,0
2789,SINAC_BD_0002789,31300,Bosque deciduo,3.720670112775036,SINAC - Consenso bosque deciduo 2021-2023,2021-2023,0,0,0,0
2790,SINAC_BD_0002790,31313,Bosque deciduo,7.683327341694579,SINAC - Consenso bosque deciduo 2021-2023,2021-2023,1,1,1,1
2791,SINAC_BD_0002791,31318,Bosque deciduo,1.0193953084119167,SINAC - Consenso bosque deciduo 2021-2023,2021-2023,0,0,0,0
2792,SINAC_BD_0002792,31321,Bosque deciduo,1.0814050314053392,SINAC - Consenso bosque deciduo 2021-2023,2021-2023,0,0,0,0
2793,SINAC_BD_0002793,31322,Bosque deciduo,21.214747797454997,SINAC - Consenso bosque deciduo 2021-2023,2021-2023,1,1,1,0
2794,SINAC_BD_0002794,31324,Bosque deciduo,2.260902591093699,SINAC - Consenso bosque deciduo 2021-2023,2021-2023,1,1,0,0
2795,SINAC_BD_0002795,31326,Bosque deciduo,4.450334184031751,SINAC - Consenso bosque deciduo 2021-2023,2021-2023,1,0,0,0
2796,SINAC_BD_0002796,31344,Bosque deciduo,2.5658790994916165,SINAC - Consenso bosque deciduo 2021-2023,2021-2023,0,0,0,0
2797,SINAC_BD_0002797,31354,Bosque deciduo,5.390417555238291,SINAC - Consenso bosque deciduo 2021-2023,2021-2023,1,0,0,0
2798,SINAC_BD_0002798,31356,Bosque deciduo,1.0048362239116837,SINAC - Consenso bosque deciduo 2021-2023,2021-2023,1,0,0,0
2799,SINAC_BD_0002799,31359,Bosque deciduo,12.805535322609764,SINAC - Consenso bosque deciduo 2021-2023,2021-2023,1,1,0,0
2800,SINAC_BD_0002800,31380,Bosque deciduo,2.0512693941724023,SINAC - Consenso bosque deciduo 2021-2023,2021-2023,0,0,0,0
2801,SINAC_BD_0002801,31394,Bosque deciduo,4.061176020515007,SINAC - Consenso bosque deciduo 2021-2023,2021-2023,1,0,0,0
2802,SINAC_BD_0002802,31405,Bosque deciduo,246.9434285183344,SINAC - Consenso bosque deciduo 2021-2023,2021-2023,1,1,1,0
2803,SINAC_BD_0002803,31408,Bosque deciduo,1.4575075877316235,SINAC - Consenso bosque deciduo 2021-2023,2021-2023,1,1,0,0
2804,SINAC_BD_0002804,31410,Bosque deciduo,2.549506701450016,SINAC - Consenso bosque deciduo 2021-2023,2021-2023,1,0,0,0
2805,SINAC_BD_0002805,31411,Bosque deciduo,1.1377345703352724,SINAC - Consenso bosque deciduo 2021-2023,2021-2023,1,0,0,0
2806,SINAC_BD_0002806,31412,Bosque deciduo,2.9610999950755126,SINAC - Consenso bosque deciduo 2021-2023,2021-2023,0,0,0,0
2807,SINAC_BD_0002807,31416,Bosque deciduo,3.939101298013237,SINAC - Consenso bosque deciduo 2021-2023,2021-2023,1,1,0,0
2808,SINAC_BD_0002808,31431,Bosque deciduo,1.8084419252649975,SINAC - Consenso bosque deciduo 2021-2023,2021-2023,1,1,1,0
2809,SINAC_BD_0002809,31472,Bosque deciduo,1.0608562947151825,SINAC - Consenso bosque deciduo 2021-2023,2021-2023,1,0,0,0
2810,SINAC_BD_0002810,31474,Bosque deciduo,1.1666110256612456,SINAC - Consenso bosque deciduo 2021-2023,2021-2023,0,0,0,0
2811,SINAC_BD_0002811,31501,Bosque deciduo,1.9412567751666847,SINAC - Consenso bosque deciduo 2021-2023,2021-2023,1,0,0,0
2812,SINAC_BD_0002812,31521,Bosque deciduo,2.4284215543813215,SINAC - Consenso bosque deciduo 2021-2023,2021-2023,0,0,0,0
2813,SINAC_BD_0002813,31567,Bosque deciduo,1.4024864230008731,SINAC - Consenso bosque deciduo 2021-2023,2021-2023,0,1,0,0
2814,SINAC_BD_0002814,31610,Bosque deciduo,188.998646341742,SINAC - Consenso bosque deciduo 2021-2023,2021-2023,1,1,0,0
2815,SINAC_BD_0002815,31611,Bosque deciduo,5.9381783003399855,SINAC - Consenso bosque deciduo 2021-2023,2021-2023,1,0,0,0
2816,SINAC_BD_0002816,31624,Bosque deciduo,9.821784910290095,SINAC - Consenso bosque deciduo 2021-2023,2021-2023,1,0,0,0
2817,SINAC_BD_0002817,31641,Bosque deciduo,1.4995583699846544,SINAC - Consenso bosque deciduo 2021-2023,2021-2023,0,0,0,0
2818,SINAC_BD_0002818,31644,Bosque deciduo,1008.2353325585865,SINAC - Consenso bosque deciduo 2021-2023,2021-2023,1,1,1,1
2819,SINAC_BD_0002819,31651,Bosque deciduo,29.99807126785551,SINAC - Consenso bosque deciduo 2021-2023,2021-2023,1,0,0,0
2820,SINAC_BD_0002820,31653,Bosque deciduo,35.18818555555118,SINAC - Consenso bosque deciduo 2021-2023,2021-2023,1,0,0,0
2821,SINAC_BD_0002821,31657,Bosque deciduo,2.273909582492251,SINAC - Consenso bosque deciduo 2021-2023,2021-2023,1,1,0,0
2822,SINAC_BD_0002822,31658,Bosque deciduo,1.6078321439051968,SINAC - Consenso bosque deciduo 2021-2023,2021-2023,0,0,0,0
2823,SINAC_BD_0002823,31661,Bosque deciduo,1.52,SINAC - Consenso bosque deciduo 2021-2023,2021-2023,1,1,0,0
2824,SINAC_BD_0002824,31665,Bosque deciduo,4.292150923409925,SINAC - Consenso bosque deciduo 2021-2023,2021-2023,1,1,0,0
2825,SINAC_BD_0002825,31667,Bosque deciduo,1.1470806520234935,SINAC - Consenso bosque deciduo 2021-2023,2021-2023,0,0,0,0
2826,SINAC_BD_0002826,31687,Bosque deciduo,6.071484983793583,SINAC - Consenso bosque deciduo 2021-2023,2021-2023,1,0,0,0
2827,SINAC_BD_0002827,31695,Bosque deciduo,1.2,SINAC - Consenso bosque deciduo 2021-2023,2021-2023,0,0,0,0
2828,SINAC_BD_0002828,31700,Bosque deciduo,17.206953896943062,SINAC - Consenso bosque deciduo 2021-2023,2021-2023,1,1,1,0
2829,SINAC_BD_0002829,31723,Bosque deciduo,3.590370330140148,SINAC - Consenso bosque deciduo 2021-2023,2021-2023,0,0,0,0
2830,SINAC_BD_0002830,31729,Bosque deciduo,2.2282942864258892,SINAC - Consenso bosque deciduo 2021-2023,2021-2023,1,0,1,0
2831,SINAC_BD_0002831,31738,Bosque deciduo,1.1150349257481253,SINAC - Consenso bosque deciduo 2021-2023,2021-2023,0,0,0,0
2832,SINAC_BD_0002832,31742,Bosque deciduo,2.6278810360511144,SINAC - Consenso bosque deciduo 2021-2023,2021-2023,1,0,0,0
2833,SINAC_BD_0002833,31745,Bosque deciduo,2.6128249650592914,SINAC - Consenso bosque deciduo 2021-2023,2021-2023,1,1,0,0
2834,SINAC_BD_0002834,31750,Bosque deciduo,2.1672548926247686,SINAC - Consenso bosque deciduo 2021-2023,2021-2023,0,0,0,0
2835,SINAC_BD_0002835,31754,Bosque deciduo,1.2,SINAC - Consenso bosque deciduo 2021-2023,2021-2023,1,0,0,0
2836,SINAC_BD_0002836,31756,Bosque deciduo,1.2005068825144254,SINAC - Consenso bosque deciduo 2021-2023,2021-2023,0,0,0,0
2837,SINAC_BD_0002837,31757,Bosque deciduo,2.347756901481633,SINAC - Consenso bosque deciduo 2021-2023,2021-2023,1,1,1,0
2838,SINAC_BD_0002838,31762,Bosque deciduo,2.38437901010782,SINAC - Consenso bosque deciduo 2021-2023,2021-2023,0,0,0,0
2839,SINAC_BD_0002839,31767,Bosque deciduo,8.175148102522922,SINAC - Consenso bosque deciduo 2021-2023,2021-2023,0,0,0,0
2840,SINAC_BD_0002840,31790,Bosque deciduo,1.3653701968452974,SINAC - Consenso bosque deciduo 2021-2023,2021-2023,0,0,0,0
2841,SINAC_BD_0002841,31799,Bosque deciduo,1.1092144340214531,SINAC - Consenso bosque deciduo 2021-2023,2021-2023,0,0,0,0
2842,SINAC_BD_0002842,31801,Bosque deciduo,1.68,SINAC - Consenso bosque deciduo 2021-2023,2021-2023,0,0,0,0
2843,SINAC_BD_0002843,31808,Bosque deciduo,7.023098655581368,SINAC - Consenso bosque deciduo 2021-2023,2021-2023,1,1,0,0
2844,SINAC_BD_0002844,31809,Bosque deciduo,4.47,SINAC - Consenso bosque deciduo 2021-2023,2021-2023,1,1,0,0
2845,SINAC_BD_0002845,31822,Bosque deciduo,2.1762265600445554,SINAC - Consenso bosque deciduo 2021-2023,2021-2023,1,0,0,0
2846,SINAC_BD_0002846,31823,Bosque deciduo,2.9148377411878346,SINAC - Consenso bosque deciduo 2021-2023,2021-2023,1,1,1,0
2847,SINAC_BD_0002847,31843,Bosque deciduo,1.06,SINAC - Consenso bosque deciduo 2021-2023,2021-2023,0,0,0,0
2848,SINAC_BD_0002848,31844,Bosque deciduo,51.27939013801081,SINAC - Consenso bosque deciduo 2021-2023,2021-2023,1,1,1,0
2849,SINAC_BD_0002849,31868,Bosque deciduo,21.251398145811454,SINAC - Consenso bosque deciduo 2021-2023,2021-2023,1,0,0,0
2850,SINAC_BD_0002850,31876,Bosque deciduo,1.4009778139158544,SINAC - Consenso bosque deciduo 2021-2023,2021-2023,1,0,0,0
2851,SINAC_BD_0002851,31885,Bosque deciduo,4.246939189321093,SINAC - Consenso bosque deciduo 2021-2023,2021-2023,1,0,0,0
2852,SINAC_BD_0002852,31887,Bosque deciduo,2.4318761999809873,SINAC - Consenso bosque deciduo 2021-2023,2021-2023,1,0,0,0
2853,SINAC_BD_0002853,31911,Bosque deciduo,1.2917388885060703,SINAC - Consenso bosque deciduo 2021-2023,2021-2023,0,0,0,0
2854,SINAC_BD_0002854,31913,Bosque deciduo,2.8928767305675334,SINAC - Consenso bosque deciduo 2021-2023,2021-2023,1,0,0,0
2855,SINAC_BD_0002855,31914,Bosque deciduo,116.99824860269821,SINAC - Consenso bosque deciduo 2021-2023,2021-2023,1,1,1,1
2856,SINAC_BD_0002856,31917,Bosque deciduo,1.3874257676765818,SINAC - Consenso bosque deciduo 2021-2023,2021-2023,1,0,0,0
2857,SINAC_BD_0002857,31922,Bosque deciduo,4.708814459964235,SINAC - Consenso bosque deciduo 2021-2023,2021-2023,1,0,0,0
2858,SINAC_BD_0002858,31947,Bosque deciduo,8.905906304519466,SINAC - Consenso bosque deciduo 2021-2023,2021-2023,1,1,1,0
2859,SINAC_BD_0002859,31949,Bosque deciduo,2.9589123031425784,SINAC - Consenso bosque deciduo 2021-2023,2021-2023,1,1,0,0
2860,SINAC_BD_0002860,31950,Bosque deciduo,1.2413664380924574,SINAC - Consenso bosque deciduo 2021-2023,2021-2023,0,0,0,0
2861,SINAC_BD_0002861,31951,Bosque deciduo,4.529412042122282,SINAC - Consenso bosque deciduo 2021-2023,2021-2023,1,0,0,0
2862,SINAC_BD_0002862,31964,Bosque deciduo,1.3254442061984864,SINAC - Consenso bosque deciduo 2021-2023,2021-2023,0,0,0,0
2863,SINAC_BD_0002863,31982,Bosque deciduo,1.54,SINAC - Consenso bosque deciduo 2021-2023,2021-2023,0,0,0,0
2864,SINAC_BD_0002864,31987,Bosque deciduo,8.945756365078221,SINAC - Consenso bosque deciduo 2021-2023,2021-2023,0,0,0,0
2865,SINAC_BD_0002865,31990,Bosque deciduo,3.405047356368167,SINAC - Consenso bosque deciduo 2021-2023,2021-2023,0,0,0,0
2866,SINAC_BD_0002866,31992,Bosque deciduo,7.616926789970496,SINAC - Consenso bosque deciduo 2021-2023,2021-2023,1,1,0,0
2867,SINAC_BD_0002867,31996,Bosque deciduo,15.703353940928707,SINAC - Consenso bosque deciduo 2021-2023,2021-2023,1,1,1,0
2868,SINAC_BD_0002868,32023,Bosque deciduo,12.904326549968392,SINAC - Consenso bosque deciduo 2021-2023,2021-2023,1,0,0,0
2869,SINAC_BD_0002869,32024,Bosque deciduo,4.122766881369379,SINAC - Consenso bosque deciduo 2021-2023,2021-2023,1,0,0,0
2870,SINAC_BD_0002870,32040,Bosque deciduo,2.0164248260939344,SINAC - Consenso bosque deciduo 2021-2023,2021-2023,0,0,0,0
2871,SINAC_BD_0002871,32056,Bosque deciduo,15.49368302529659,SINAC - Consenso bosque deciduo 2021-2023,2021-2023,1,0,0,0
2872,SINAC_BD_0002872,32057,Bosque deciduo,2.0963023842444195,SINAC - Consenso bosque deciduo 2021-2023,2021-2023,1,0,0,0
2873,SINAC_BD_0002873,32060,Bosque deciduo,1.2332102500409865,SINAC - Consenso bosque deciduo 2021-2023,2021-2023,1,1,0,0
2874,SINAC_BD_0002874,32063,Bosque deciduo,10.537618433091856,SINAC - Consenso bosque deciduo 2021-2023,2021-2023,1,1,0,0
2875,SINAC_BD_0002875,32065,Bosque deciduo,26.460503433543305,SINAC - Consenso bosque deciduo 2021-2023,2021-2023,1,1,1,0
2876,SINAC_BD_0002876,32083,Bosque deciduo,1.8299882270632828,SINAC - Consenso bosque deciduo 2021-2023,2021-2023,0,0,0,0
2877,SINAC_BD_0002877,32100,Bosque deciduo,2.087488097295442,SINAC - Consenso bosque deciduo 2021-2023,2021-2023,1,0,0,0
2878,SINAC_BD_0002878,32102,Bosque deciduo,1.2839456363690074,SINAC - Consenso bosque deciduo 2021-2023,2021-2023,0,0,0,0
2879,SINAC_BD_0002879,32103,Bosque deciduo,9.918648379751474,SINAC - Consenso bosque deciduo 2021-2023,2021-2023,1,1,0,0
2880,SINAC_BD_0002880,32107,Bosque deciduo,9.909653985575956,SINAC - Consenso bosque deciduo 2021-2023,2021-2023,1,1,0,0
2881,SINAC_BD_0002881,32128,Bosque deciduo,10.530751406708209,SINAC - Consenso bosque deciduo 2021-2023,2021-2023,1,1,0,0
2882,SINAC_BD_0002882,32139,Bosque deciduo,1.6408735117259552,SINAC - Consenso bosque deciduo 2021-2023,2021-2023,1,0,0,0
2883,SINAC_BD_0002883,32146,Bosque deciduo,2.15,SINAC - Consenso bosque deciduo 2021-2023,2021-2023,1,0,0,0
2884,SINAC_BD_0002884,32147,Bosque deciduo,3.79,SINAC - Consenso bosque deciduo 2021-2023,2021-2023,1,0,0,0
2885,SINAC_BD_0002885,32150,Bosque deciduo,1.3667103849795739,SINAC - Consenso bosque deciduo 2021-2023,2021-2023,0,0,0,0
2886,SINAC_BD_0002886,32168,Bosque deciduo,1.673795420941629,SINAC - Consenso bosque deciduo 2021-2023,2021-2023,0,0,0,0
2887,SINAC_BD_0002887,32176,Bosque deciduo,73.83216693123751,SINAC - Consenso bosque deciduo 2021-2023,2021-2023,1,1,1,0
2888,SINAC_BD_0002888,32177,Bosque deciduo,15.899922540924695,SINAC - Consenso bosque deciduo 2021-2023,2021-2023,1,0,0,0
2889,SINAC_BD_0002889,32198,Bosque deciduo,1.09,SINAC - Consenso bosque deciduo 2021-2023,2021-2023,0,1,0,0
2890,SINAC_BD_0002890,32199,Bosque deciduo,1.3422455892366463,SINAC - Consenso bosque deciduo 2021-2023,2021-2023,0,0,0,0
2891,SINAC_BD_0002891,32200,Bosque deciduo,1.2654058323693254,SINAC - Consenso bosque deciduo 2021-2023,2021-2023,0,0,0,0
2892,SINAC_BD_0002892,32213,Bosque deciduo,1.99,SINAC - Consenso bosque deciduo 2021-2023,2021-2023,1,0,0,0
2893,SINAC_BD_0002893,32220,Bosque deciduo,1.38,SINAC - Consenso bosque deciduo 2021-2023,2021-2023,1,0,0,0
2894,SINAC_BD_0002894,32225,Bosque deciduo,2.6225647848312432,SINAC - Consenso bosque deciduo 2021-2023,2021-2023,1,0,0,0
2895,SINAC_BD_0002895,32227,Bosque deciduo,6.5987416411549855,SINAC - Consenso bosque deciduo 2021-2023,2021-2023,1,0,0,0
2896,SINAC_BD_0002896,32233,Bosque deciduo,23.38817810964977,SINAC - Consenso bosque deciduo 2021-2023,2021-2023,1,1,0,0
2897,SINAC_BD_0002897,32249,Bosque deciduo,1.1047450835945127,SINAC - Consenso bosque deciduo 2021-2023,2021-2023,0,0,0,0
2898,SINAC_BD_0002898,32258,Bosque deciduo,1.1171112013648283,SINAC - Consenso bosque deciduo 2021-2023,2021-2023,0,0,0,0
2899,SINAC_BD_0002899,32285,Bosque deciduo,1.1109079408873779,SINAC - Consenso bosque deciduo 2021-2023,2021-2023,0,0,0,0
2900,SINAC_BD_0002900,32287,Bosque deciduo,11.645506105299686,SINAC - Consenso bosque deciduo 2021-2023,2021-2023,0,0,0,0
2901,SINAC_BD_0002901,32289,Bosque deciduo,3.5975700648194056,SINAC - Consenso bosque deciduo 2021-2023,2021-2023,0,1,0,0
2902,SINAC_BD_0002902,32290,Bosque deciduo,4.436196211368242,SINAC - Consenso bosque deciduo 2021-2023,2021-2023,1,0,0,0
2903,SINAC_BD_0002903,32291,Bosque deciduo,2.5301042429805234,SINAC - Consenso bosque deciduo 2021-2023,2021-2023,1,0,0,0
2904,SINAC_BD_0002904,32305,Bosque deciduo,2.39692833666898,SINAC - Consenso bosque deciduo 2021-2023,2021-2023,0,0,0,0
2905,SINAC_BD_0002905,32307,Bosque deciduo,1.8364840079947073,SINAC - Consenso bosque deciduo 2021-2023,2021-2023,1,1,0,0
2906,SINAC_BD_0002906,32309,Bosque deciduo,499.38934058581685,SINAC - Consenso bosque deciduo 2021-2023,2021-2023,1,1,1,0
2907,SINAC_BD_0002907,32311,Bosque deciduo,49.249233866392295,SINAC - Consenso bosque deciduo 2021-2023,2021-2023,1,1,0,0
2908,SINAC_BD_0002908,32318,Bosque deciduo,2.947241665950381,SINAC - Consenso bosque deciduo 2021-2023,2021-2023,1,0,0,0
2909,SINAC_BD_0002909,32332,Bosque deciduo,183.0988255078722,SINAC - Consenso bosque deciduo 2021-2023,2021-2023,1,1,1,1
2910,SINAC_BD_0002910,32333,Bosque deciduo,2.037940238571395,SINAC - Consenso bosque deciduo 2021-2023,2021-2023,0,0,0,0
2911,SINAC_BD_0002911,32334,Bosque deciduo,3.6499836987944008,SINAC - Consenso bosque deciduo 2021-2023,2021-2023,0,0,0,0
2912,SINAC_BD_0002912,32362,Bosque deciduo,2.6682937304360537,SINAC - Consenso bosque deciduo 2021-2023,2021-2023,1,1,0,0
2913,SINAC_BD_0002913,32379,Bosque deciduo,1.2781681524232344,SINAC - Consenso bosque deciduo 2021-2023,2021-2023,1,0,0,0
2914,SINAC_BD_0002914,32380,Bosque deciduo,2.670466519987725,SINAC - Consenso bosque deciduo 2021-2023,2021-2023,0,0,0,0
2915,SINAC_BD_0002915,32383,Bosque deciduo,4.2901665420186745,SINAC - Consenso bosque deciduo 2021-2023,2021-2023,1,0,0,0
2916,SINAC_BD_0002916,32385,Bosque deciduo,6.510100696979505,SINAC - Consenso bosque deciduo 2021-2023,2021-2023,1,0,0,0
2917,SINAC_BD_0002917,32390,Bosque deciduo,3.2438475044999433,SINAC - Consenso bosque deciduo 2021-2023,2021-2023,0,0,0,0
2918,SINAC_BD_0002918,32391,Bosque deciduo,3.646027308742576,SINAC - Consenso bosque deciduo 2021-2023,2021-2023,1,0,0,0
2919,SINAC_BD_0002919,32393,Bosque deciduo,1.211490546563658,SINAC - Consenso bosque deciduo 2021-2023,2021-2023,0,0,0,0
2920,SINAC_BD_0002920,32395,Bosque deciduo,3.903683165066204,SINAC - Consenso bosque deciduo 2021-2023,2021-2023,0,0,0,0
2921,SINAC_BD_0002921,32398,Bosque deciduo,4.779123245454989,SINAC - Consenso bosque deciduo 2021-2023,2021-2023,1,1,0,0
2922,SINAC_BD_0002922,32399,Bosque deciduo,1.5596542351589529,SINAC - Consenso bosque deciduo 2021-2023,2021-2023,0,0,0,0
2923,SINAC_BD_0002923,32400,Bosque deciduo,33.003371850460454,SINAC - Consenso bosque deciduo 2021-2023,2021-2023,1,1,1,0
2924,SINAC_BD_0002924,32404,Bosque deciduo,3.10068950675903,SINAC - Consenso bosque deciduo 2021-2023,2021-2023,1,0,0,0
2925,SINAC_BD_0002925,32407,Bosque deciduo,8.401312557878006,SINAC - Consenso bosque deciduo 2021-2023,2021-2023,1,1,0,0
2926,SINAC_BD_0002926,32408,Bosque deciduo,1.0115021656751235,SINAC - Consenso bosque deciduo 2021-2023,2021-2023,0,0,1,0
2927,SINAC_BD_0002927,32409,Bosque deciduo,2301.211313063394,SINAC - Consenso bosque deciduo 2021-2023,2021-2023,1,1,1,1
2928,SINAC_BD_0002928,32410,Bosque deciduo,37.6116567597492,SINAC - Consenso bosque deciduo 2021-2023,2021-2023,1,1,1,0
2929,SINAC_BD_0002929,32411,Bosque deciduo,2.6280381203377363,SINAC - Consenso bosque deciduo 2021-2023,2021-2023,1,0,0,0
2930,SINAC_BD_0002930,32414,Bosque deciduo,1.7076508657548242,SINAC - Consenso bosque deciduo 2021-2023,2021-2023,0,0,0,0
2931,SINAC_BD_0002931,32415,Bosque deciduo,2.7874882705312163,SINAC - Consenso bosque deciduo 2021-2023,2021-2023,1,1,0,0
2932,SINAC_BD_0002932,32416,Bosque deciduo,1.8290359385418797,SINAC - Consenso bosque deciduo 2021-2023,2021-2023,0,0,0,0
2933,SINAC_BD_0002933,32417,Bosque deciduo,19.11067838879062,SINAC - Consenso bosque deciduo 2021-2023,2021-2023,1,1,0,0
2934,SINAC_BD_0002934,32418,Bosque deciduo,18.750896049868878,SINAC - Consenso bosque deciduo 2021-2023,2021-2023,1,0,0,0
2935,SINAC_BD_0002935,32419,Bosque deciduo,2.231166054508747,SINAC - Consenso bosque deciduo 2021-2023,2021-2023,1,0,0,0
2936,SINAC_BD_0002936,32420,Bosque deciduo,3.0304144494750807,SINAC - Consenso bosque deciduo 2021-2023,2021-2023,0,0,0,0
2937,SINAC_BD_0002937,32421,Bosque deciduo,1.0896824027554868,SINAC - Consenso bosque deciduo 2021-2023,2021-2023,1,0,0,0
2938,SINAC_BD_0002938,32422,Bosque deciduo,110.7770263899734,SINAC - Consenso bosque deciduo 2021-2023,2021-2023,1,1,1,0
2939,SINAC_BD_0002939,32426,Bosque deciduo,1.0836719152414096,SINAC - Consenso bosque deciduo 2021-2023,2021-2023,1,0,0,0
2940,SINAC_BD_0002940,32427,Bosque deciduo,1.4103007145990967,SINAC - Consenso bosque deciduo 2021-2023,2021-2023,1,0,0,0
2941,SINAC_BD_0002941,32428,Bosque deciduo,1.9700464923081111,SINAC - Consenso bosque deciduo 2021-2023,2021-2023,0,0,0,0
2942,SINAC_BD_0002942,32429,Bosque deciduo,4.139881147263731,SINAC - Consenso bosque deciduo 2021-2023,2021-2023,1,1,0,0
2943,SINAC_BD_0002943,32431,Bosque deciduo,2.1592098802334894,SINAC - Consenso bosque deciduo 2021-2023,2021-2023,0,0,0,0
2944,SINAC_BD_0002944,32432,Bosque deciduo,20.85071104716148,SINAC - Consenso bosque deciduo 2021-2023,2021-2023,1,1,1,0
2945,SINAC_BD_0002945,32434,Bosque deciduo,2.668278554385852,SINAC - Consenso bosque deciduo 2021-2023,2021-2023,0,0,0,0
2946,SINAC_BD_0002946,32435,Bosque deciduo,3.1149775875337458,SINAC - Consenso bosque deciduo 2021-2023,2021-2023,1,0,0,0
2947,SINAC_BD_0002947,32439,Bosque deciduo,1.6185937687856582,SINAC - Consenso bosque deciduo 2021-2023,2021-2023,0,0,0,0
2948,SINAC_BD_0002948,32440,Bosque deciduo,1.2220543715596557,SINAC - Consenso bosque deciduo 2021-2023,2021-2023,1,0,0,0
2949,SINAC_BD_0002949,32441,Bosque deciduo,5.8759233877141765,SINAC - Consenso bosque deciduo 2021-2023,2021-2023,1,1,0,0
2950,SINAC_BD_0002950,32443,Bosque deciduo,9.87317318552124,SINAC - Consenso bosque deciduo 2021-2023,2021-2023,1,0,0,0
2951,SINAC_BD_0002951,32444,Bosque deciduo,1.3055569965524467,SINAC - Consenso bosque deciduo 2021-2023,2021-2023,0,0,0,0
2952,SINAC_BD_0002952,32445,Bosque deciduo,4.429422707057315,SINAC - Consenso bosque deciduo 2021-2023,2021-2023,1,0,0,0
2953,SINAC_BD_0002953,32449,Bosque deciduo,1.239349853360942,SINAC - Consenso bosque deciduo 2021-2023,2021-2023,1,0,0,0
2954,SINAC_BD_0002954,32450,Bosque deciduo,3.963427400737994,SINAC - Consenso bosque deciduo 2021-2023,2021-2023,1,0,0,0
2955,SINAC_BD_0002955,32451,Bosque deciduo,1.9110824785643232,SINAC - Consenso bosque deciduo 2021-2023,2021-2023,0,0,0,0
2956,SINAC_BD_0002956,32453,Bosque deciduo,4.396843257908795,SINAC - Consenso bosque deciduo 2021-2023,2021-2023,0,0,0,0
2957,SINAC_BD_0002957,32455,Bosque deciduo,9.47328525446045,SINAC - Consenso bosque deciduo 2021-2023,2021-2023,1,0,0,0
2958,SINAC_BD_0002958,32456,Bosque deciduo,5.619866302107209,SINAC - Consenso bosque deciduo 2021-2023,2021-2023,1,1,0,0
2959,SINAC_BD_0002959,32457,Bosque deciduo,1.856846967831856,SINAC - Consenso bosque deciduo 2021-2023,2021-2023,0,0,0,0
2960,SINAC_BD_0002960,32458,Bosque deciduo,1.0678150051887527,SINAC - Consenso bosque deciduo 2021-2023,2021-2023,0,0,0,0
2961,SINAC_BD_0002961,32459,Bosque deciduo,48.041080811027406,SINAC - Consenso bosque deciduo 2021-2023,2021-2023,1,1,1,0
2962,SINAC_BD_0002962,32460,Bosque deciduo,3.8634440915584984,SINAC - Consenso bosque deciduo 2021-2023,2021-2023,1,0,0,0
2963,SINAC_BD_0002963,32461,Bosque deciduo,1.1865593820656781,SINAC - Consenso bosque deciduo 2021-2023,2021-2023,0,0,0,0
2964,SINAC_BD_0002964,32462,Bosque deciduo,1.560465534570119,SINAC - Consenso bosque deciduo 2021-2023,2021-2023,1,1,0,0
2965,SINAC_BD_0002965,32463,Bosque deciduo,52.868964287827374,SINAC - Consenso bosque deciduo 2021-2023,2021-2023,1,1,0,0
2966,SINAC_BD_0002966,32464,Bosque deciduo,1.8794768915143276,SINAC - Consenso bosque deciduo 2021-2023,2021-2023,0,0,0,0
2967,SINAC_BD_0002967,32465,Bosque deciduo,1.3412065342818547,SINAC - Consenso bosque deciduo 2021-2023,2021-2023,1,0,0,0
2968,SINAC_BD_0002968,32466,Bosque deciduo,1.8091959216735374,SINAC - Consenso bosque deciduo 2021-2023,2021-2023,0,0,0,0
2969,SINAC_BD_0002969,32467,Bosque deciduo,16.58948575171169,SINAC - Consenso bosque deciduo 2021-2023,2021-2023,1,1,0,0
2970,SINAC_BD_0002970,32487,Bosque deciduo,1.0304002553820897,SINAC - Consenso bosque deciduo 2021-2023,2021-2023,1,1,0,0
2971,SINAC_BD_0002971,32489,Bosque deciduo,6.765546730417578,SINAC - Consenso bosque deciduo 2021-2023,2021-2023,1,0,0,0
2972,SINAC_BD_0002972,32495,Bosque deciduo,1.2629120735495234,SINAC - Consenso bosque deciduo 2021-2023,2021-2023,0,0,0,0
2973,SINAC_BD_0002973,32511,Bosque deciduo,7.019969112128118,SINAC - Consenso bosque deciduo 2021-2023,2021-2023,1,0,0,0
2974,SINAC_BD_0002974,32514,Bosque deciduo,49.26947728701227,SINAC - Consenso bosque deciduo 2021-2023,2021-2023,1,1,0,0
2975,SINAC_BD_0002975,32515,Bosque deciduo,1.3943549801710962,SINAC - Consenso bosque deciduo 2021-2023,2021-2023,0,1,0,0
2976,SINAC_BD_0002976,32516,Bosque deciduo,7.352147545514422,SINAC - Consenso bosque deciduo 2021-2023,2021-2023,1,0,0,0
2977,SINAC_BD_0002977,32520,Bosque deciduo,1.5941107984816443,SINAC - Consenso bosque deciduo 2021-2023,2021-2023,1,0,0,0
2978,SINAC_BD_0002978,32521,Bosque deciduo,9.359746556776482,SINAC - Consenso bosque deciduo 2021-2023,2021-2023,1,1,1,0
2979,SINAC_BD_0002979,32523,Bosque deciduo,2.5990046882944706,SINAC - Consenso bosque deciduo 2021-2023,2021-2023,0,0,0,0
2980,SINAC_BD_0002980,32526,Bosque deciduo,35.44576592270219,SINAC - Consenso bosque deciduo 2021-2023,2021-2023,1,1,0,0
2981,SINAC_BD_0002981,32528,Bosque deciduo,1.2905689973325472,SINAC - Consenso bosque deciduo 2021-2023,2021-2023,0,1,0,0
2982,SINAC_BD_0002982,32529,Bosque deciduo,2.794848867881977,SINAC - Consenso bosque deciduo 2021-2023,2021-2023,1,0,0,0
2983,SINAC_BD_0002983,32530,Bosque deciduo,48.80784049410485,SINAC - Consenso bosque deciduo 2021-2023,2021-2023,1,1,1,0
2984,SINAC_BD_0002984,32533,Bosque deciduo,2.030029750880729,SINAC - Consenso bosque deciduo 2021-2023,2021-2023,0,0,0,0
2985,SINAC_BD_0002985,32534,Bosque deciduo,3.186435747713843,SINAC - Consenso bosque deciduo 2021-2023,2021-2023,0,0,0,0
2986,SINAC_BD_0002986,32537,Bosque deciduo,4.09273898836872,SINAC - Consenso bosque deciduo 2021-2023,2021-2023,0,0,0,0
2987,SINAC_BD_0002987,32539,Bosque deciduo,3.3128973806788045,SINAC - Consenso bosque deciduo 2021-2023,2021-2023,1,1,0,0
2988,SINAC_BD_0002988,32548,Bosque deciduo,1.540670150996914,SINAC - Consenso bosque deciduo 2021-2023,2021-2023,1,0,0,0
2989,SINAC_BD_0002989,32560,Bosque deciduo,4.71481776951438,SINAC - Consenso bosque deciduo 2021-2023,2021-2023,0,0,0,0
2990,SINAC_BD_0002990,32561,Bosque deciduo,5.026492471808055,SINAC - Consenso bosque deciduo 2021-2023,2021-2023,1,0,0,0
2991,SINAC_BD_0002991,32562,Bosque deciduo,2.7539099168777206,SINAC - Consenso bosque deciduo 2021-2023,2021-2023,0,0,0,0
2992,SINAC_BD_0002992,32576,Bosque deciduo,5.807076523265522,SINAC - Consenso bosque deciduo 2021-2023,2021-2023,1,1,1,0
2993,SINAC_BD_0002993,32578,Bosque deciduo,1.1385565048718052,SINAC - Consenso bosque deciduo 2021-2023,2021-2023,1,0,0,0
2994,SINAC_BD_0002994,32580,Bosque deciduo,48.09956625038362,SINAC - Consenso bosque deciduo 2021-2023,2021-2023,1,1,1,0
2995,SINAC_BD_0002995,32606,Bosque deciduo,2.5555022482512917,SINAC - Consenso bosque deciduo 2021-2023,2021-2023,1,0,0,0
2996,SINAC_BD_0002996,32614,Bosque deciduo,3.1393731242475282,SINAC - Consenso bosque deciduo 2021-2023,2021-2023,1,1,1,0
2997,SINAC_BD_0002997,32621,Bosque deciduo,1.1441605702398792,SINAC - Consenso bosque deciduo 2021-2023,2021-2023,1,0,0,0
2998,SINAC_BD_0002998,32622,Bosque deciduo,3.644603440742504,SINAC - Consenso bosque deciduo 2021-2023,2021-2023,0,0,0,0
2999,SINAC_BD_0002999,32649,Bosque deciduo,85.50796393528066,SINAC - Consenso bosque deciduo 2021-2023,2021-2023,1,1,1,1
3000,SINAC_BD_0003000,32651,Bosque deciduo,2.1384855348008385,SINAC - Consenso bosque deciduo 2021-2023,2021-2023,0,0,0,0
3001,SINAC_BD_0003001,32666,Bosque deciduo,1.6922725809507262,SINAC - Consenso bosque deciduo 2021-2023,2021-2023,0,0,0,0
3002,SINAC_BD_0003002,32671,Bosque deciduo,116.50386492823742,SINAC - Consenso bosque deciduo 2021-2023,2021-2023,1,1,0,1
3003,SINAC_BD_0003003,32700,Bosque deciduo,55.35071346471225,SINAC - Consenso bosque deciduo 2021-2023,2021-2023,1,1,1,1
3004,SINAC_BD_0003004,32702,Bosque deciduo,2.020279002842812,SINAC - Consenso bosque deciduo 2021-2023,2021-2023,0,0,0,0
3005,SINAC_BD_0003005,32703,Bosque deciduo,16.6919597621065,SINAC - Consenso bosque deciduo 2021-2023,2021-2023,1,0,0,0
3006,SINAC_BD_0003006,32705,Bosque deciduo,1.3647746128115459,SINAC - Consenso bosque deciduo 2021-2023,2021-2023,0,0,0,0
3007,SINAC_BD_0003007,32710,Bosque deciduo,1.4121594276265834,SINAC - Consenso bosque deciduo 2021-2023,2021-2023,1,0,0,0
3008,SINAC_BD_0003008,32716,Bosque deciduo,1.2235909717275513,SINAC - Consenso bosque deciduo 2021-2023,2021-2023,0,0,0,0
3009,SINAC_BD_0003009,32722,Bosque deciduo,3.5651590258282084,SINAC - Consenso bosque deciduo 2021-2023,2021-2023,1,1,1,0
3010,SINAC_BD_0003010,32723,Bosque deciduo,2.137834734765024,SINAC - Consenso bosque deciduo 2021-2023,2021-2023,1,1,0,0
3011,SINAC_BD_0003011,32735,Bosque deciduo,1.1178636783336209,SINAC - Consenso bosque deciduo 2021-2023,2021-2023,0,0,0,0
3012,SINAC_BD_0003012,32736,Bosque deciduo,5.0373049154909255,SINAC - Consenso bosque deciduo 2021-2023,2021-2023,0,0,0,0
3013,SINAC_BD_0003013,32743,Bosque deciduo,9.544966728181402,SINAC - Consenso bosque deciduo 2021-2023,2021-2023,1,1,0,0
3014,SINAC_BD_0003014,32745,Bosque deciduo,1.5989566717787518,SINAC - Consenso bosque deciduo 2021-2023,2021-2023,1,1,0,0
3015,SINAC_BD_0003015,32747,Bosque deciduo,7.086948062891583,SINAC - Consenso bosque deciduo 2021-2023,2021-2023,1,1,0,0
3016,SINAC_BD_0003016,32752,Bosque deciduo,2.204725196070722,SINAC - Consenso bosque deciduo 2021-2023,2021-2023,1,0,0,0
3017,SINAC_BD_0003017,32777,Bosque deciduo,3.7036829384788406,SINAC - Consenso bosque deciduo 2021-2023,2021-2023,1,1,0,0
3018,SINAC_BD_0003018,32778,Bosque deciduo,1.4451088655978697,SINAC - Consenso bosque deciduo 2021-2023,2021-2023,0,0,0,0
3019,SINAC_BD_0003019,32780,Bosque deciduo,1.1601747164913636,SINAC - Consenso bosque deciduo 2021-2023,2021-2023,1,0,0,0
3020,SINAC_BD_0003020,32793,Bosque deciduo,7.997537368773717,SINAC - Consenso bosque deciduo 2021-2023,2021-2023,1,0,0,0
3021,SINAC_BD_0003021,32797,Bosque deciduo,1.5383141806674878,SINAC - Consenso bosque deciduo 2021-2023,2021-2023,1,1,0,0
3022,SINAC_BD_0003022,32798,Bosque deciduo,1.4829193113174974,SINAC - Consenso bosque deciduo 2021-2023,2021-2023,0,0,0,0
3023,SINAC_BD_0003023,32813,Bosque deciduo,1.7497567004111136,SINAC - Consenso bosque deciduo 2021-2023,2021-2023,0,0,0,0
3024,SINAC_BD_0003024,32818,Bosque deciduo,2.5908108007275072,SINAC - Consenso bosque deciduo 2021-2023,2021-2023,1,0,0,0
3025,SINAC_BD_0003025,32820,Bosque deciduo,2.395371578371244,SINAC - Consenso bosque deciduo 2021-2023,2021-2023,0,0,0,0
3026,SINAC_BD_0003026,32821,Bosque deciduo,1.6766752510147271,SINAC - Consenso bosque deciduo 2021-2023,2021-2023,0,0,0,0
3027,SINAC_BD_0003027,32823,Bosque deciduo,6.343005727403493,SINAC - Consenso bosque deciduo 2021-2023,2021-2023,1,1,0,0
3028,SINAC_BD_0003028,32828,Bosque deciduo,15.629987216371438,SINAC - Consenso bosque deciduo 2021-2023,2021-2023,1,1,0,0
3029,SINAC_BD_0003029,32835,Bosque deciduo,4.486407612320556,SINAC - Consenso bosque deciduo 2021-2023,2021-2023,1,1,1,0
3030,SINAC_BD_0003030,32852,Bosque deciduo,7.560127073689434,SINAC - Consenso bosque deciduo 2021-2023,2021-2023,1,1,1,0
3031,SINAC_BD_0003031,32863,Bosque deciduo,4.0665951640999,SINAC - Consenso bosque deciduo 2021-2023,2021-2023,1,1,0,0
3032,SINAC_BD_0003032,32866,Bosque deciduo,9.798228994226394,SINAC - Consenso bosque deciduo 2021-2023,2021-2023,1,0,0,0
3033,SINAC_BD_0003033,32867,Bosque deciduo,58.012312693449985,SINAC - Consenso bosque deciduo 2021-2023,2021-2023,1,1,1,1
3034,SINAC_BD_0003034,32868,Bosque deciduo,6.224838966872575,SINAC - Consenso bosque deciduo 2021-2023,2021-2023,1,0,0,0
3035,SINAC_BD_0003035,32869,Bosque deciduo,3.2215764740442236,SINAC - Consenso bosque deciduo 2021-2023,2021-2023,0,0,0,0
3036,SINAC_BD_0003036,32879,Bosque deciduo,3.3217649157118103,SINAC - Consenso bosque deciduo 2021-2023,2021-2023,1,0,0,0
3037,SINAC_BD_0003037,32890,Bosque deciduo,1.071036326973042,SINAC - Consenso bosque deciduo 2021-2023,2021-2023,0,0,0,0
3038,SINAC_BD_0003038,32895,Bosque deciduo,1.7452056884016078,SINAC - Consenso bosque deciduo 2021-2023,2021-2023,0,0,0,0
3039,SINAC_BD_0003039,32902,Bosque deciduo,3.65682573847959,SINAC - Consenso bosque deciduo 2021-2023,2021-2023,0,1,0,0
3040,SINAC_BD_0003040,32916,Bosque deciduo,1.809025018683334,SINAC - Consenso bosque deciduo 2021-2023,2021-2023,1,0,0,0
3041,SINAC_BD_0003041,32921,Bosque deciduo,1.0457759736342012,SINAC - Consenso bosque deciduo 2021-2023,2021-2023,1,0,0,0
3042,SINAC_BD_0003042,32923,Bosque deciduo,1.455820561578413,SINAC - Consenso bosque deciduo 2021-2023,2021-2023,1,0,0,0
3043,SINAC_BD_0003043,32934,Bosque deciduo,7.867948082634399,SINAC - Consenso bosque deciduo 2021-2023,2021-2023,1,1,1,0
3044,SINAC_BD_0003044,32935,Bosque deciduo,1.93116164361646,SINAC - Consenso bosque deciduo 2021-2023,2021-2023,0,0,0,0
3045,SINAC_BD_0003045,32937,Bosque deciduo,1.8582322024465863,SINAC - Consenso bosque deciduo 2021-2023,2021-2023,0,0,0,0
3046,SINAC_BD_0003046,32938,Bosque deciduo,4.020373603837405,SINAC - Consenso bosque deciduo 2021-2023,2021-2023,1,0,0,0
3047,SINAC_BD_0003047,32948,Bosque deciduo,1.2559637053949706,SINAC - Consenso bosque deciduo 2021-2023,2021-2023,0,0,0,0
3048,SINAC_BD_0003048,32972,Bosque deciduo,1.2426379674621202,SINAC - Consenso bosque deciduo 2021-2023,2021-2023,0,0,0,0
3049,SINAC_BD_0003049,32978,Bosque deciduo,8.21003890133776,SINAC - Consenso bosque deciduo 2021-2023,2021-2023,1,1,1,0
3050,SINAC_BD_0003050,32992,Bosque deciduo,1.8312828907640186,SINAC - Consenso bosque deciduo 2021-2023,2021-2023,0,0,0,0
3051,SINAC_BD_0003051,32994,Bosque deciduo,1.4123257344442344,SINAC - Consenso bosque deciduo 2021-2023,2021-2023,0,0,0,0
3052,SINAC_BD_0003052,33012,Bosque deciduo,2.438193047746002,SINAC - Consenso bosque deciduo 2021-2023,2021-2023,1,0,0,0
3053,SINAC_BD_0003053,33013,Bosque deciduo,4.097727754784197,SINAC - Consenso bosque deciduo 2021-2023,2021-2023,1,1,0,0
3054,SINAC_BD_0003054,33019,Bosque deciduo,2.7437262346989537,SINAC - Consenso bosque deciduo 2021-2023,2021-2023,1,0,1,0
3055,SINAC_BD_0003055,33026,Bosque deciduo,1.7342180955935196,SINAC - Consenso bosque deciduo 2021-2023,2021-2023,0,0,0,0
3056,SINAC_BD_0003056,33028,Bosque deciduo,1.2,SINAC - Consenso bosque deciduo 2021-2023,2021-2023,0,0,0,0
3057,SINAC_BD_0003057,33033,Bosque deciduo,10.925977056101528,SINAC - Consenso bosque deciduo 2021-2023,2021-2023,1,0,0,0
3058,SINAC_BD_0003058,33036,Bosque deciduo,2.330028829943233,SINAC - Consenso bosque deciduo 2021-2023,2021-2023,1,0,0,0
3059,SINAC_BD_0003059,33041,Bosque deciduo,1.0498657700873062,SINAC - Consenso bosque deciduo 2021-2023,2021-2023,0,0,0,0
3060,SINAC_BD_0003060,33050,Bosque deciduo,1.2541139085693631,SINAC - Consenso bosque deciduo 2021-2023,2021-2023,1,0,0,0
3061,SINAC_BD_0003061,33051,Bosque deciduo,4.719672913773502,SINAC - Consenso bosque deciduo 2021-2023,2021-2023,1,0,0,0
3062,SINAC_BD_0003062,33053,Bosque deciduo,1.6427213113427794,SINAC - Consenso bosque deciduo 2021-2023,2021-2023,0,0,0,0
3063,SINAC_BD_0003063,33054,Bosque deciduo,1.6074332861254255,SINAC - Consenso bosque deciduo 2021-2023,2021-2023,0,0,0,0
3064,SINAC_BD_0003064,33071,Bosque deciduo,3.5394999895602903,SINAC - Consenso bosque deciduo 2021-2023,2021-2023,0,0,0,0
3065,SINAC_BD_0003065,33083,Bosque deciduo,2.0811964494648683,SINAC - Consenso bosque deciduo 2021-2023,2021-2023,0,0,0,0
3066,SINAC_BD_0003066,33091,Bosque deciduo,3.3607480375254104,SINAC - Consenso bosque deciduo 2021-2023,2021-2023,1,0,0,0
3067,SINAC_BD_0003067,33092,Bosque deciduo,35.70006324722975,SINAC - Consenso bosque deciduo 2021-2023,2021-2023,1,1,0,0
3068,SINAC_BD_0003068,33093,Bosque deciduo,1.229283158203658,SINAC - Consenso bosque deciduo 2021-2023,2021-2023,0,0,0,0
3069,SINAC_BD_0003069,33097,Bosque deciduo,1.1446975325450126,SINAC - Consenso bosque deciduo 2021-2023,2021-2023,0,0,0,0
3070,SINAC_BD_0003070,33132,Bosque deciduo,6.191527251176952,SINAC - Consenso bosque deciduo 2021-2023,2021-2023,1,0,0,0
3071,SINAC_BD_0003071,33133,Bosque deciduo,3.9691486906056563,SINAC - Consenso bosque deciduo 2021-2023,2021-2023,1,1,1,0
3072,SINAC_BD_0003072,33137,Bosque deciduo,2.6548318258458505,SINAC - Consenso bosque deciduo 2021-2023,2021-2023,1,1,1,1
3073,SINAC_BD_0003073,33146,Bosque deciduo,2.9180852974585565,SINAC - Consenso bosque deciduo 2021-2023,2021-2023,1,1,0,0
3074,SINAC_BD_0003074,33160,Bosque deciduo,2.1793400702322696,SINAC - Consenso bosque deciduo 2021-2023,2021-2023,0,0,0,0
3075,SINAC_BD_0003075,33161,Bosque deciduo,32.46540257141501,SINAC - Consenso bosque deciduo 2021-2023,2021-2023,1,0,0,0
3076,SINAC_BD_0003076,33162,Bosque deciduo,1.0430634492408848,SINAC - Consenso bosque deciduo 2021-2023,2021-2023,0,0,0,0
3077,SINAC_BD_0003077,33163,Bosque deciduo,3.1185724336617673,SINAC - Consenso bosque deciduo 2021-2023,2021-2023,1,0,0,0
3078,SINAC_BD_0003078,33215,Bosque deciduo,7.655933825552754,SINAC - Consenso bosque deciduo 2021-2023,2021-2023,0,1,0,0
3079,SINAC_BD_0003079,33217,Bosque deciduo,7.336354731243748,SINAC - Consenso bosque deciduo 2021-2023,2021-2023,1,0,0,0
3080,SINAC_BD_0003080,33218,Bosque deciduo,3.7709358049693247,SINAC - Consenso bosque deciduo 2021-2023,2021-2023,0,0,0,0
3081,SINAC_BD_0003081,33220,Bosque deciduo,6.821923398145195,SINAC - Consenso bosque deciduo 2021-2023,2021-2023,1,0,0,0
3082,SINAC_BD_0003082,33242,Bosque deciduo,2.216394670637481,SINAC - Consenso bosque deciduo 2021-2023,2021-2023,1,0,0,0
3083,SINAC_BD_0003083,33249,Bosque deciduo,2.6484699564012253,SINAC - Consenso bosque deciduo 2021-2023,2021-2023,1,1,0,0
3084,SINAC_BD_0003084,33255,Bosque deciduo,18.578845925505377,SINAC - Consenso bosque deciduo 2021-2023,2021-2023,1,1,1,0
3085,SINAC_BD_0003085,33256,Bosque deciduo,10.87266006000153,SINAC - Consenso bosque deciduo 2021-2023,2021-2023,1,1,0,0
3086,SINAC_BD_0003086,33257,Bosque deciduo,1.1014936063788114,SINAC - Consenso bosque deciduo 2021-2023,2021-2023,0,0,0,0
3087,SINAC_BD_0003087,33258,Bosque deciduo,7.49007212963332,SINAC - Consenso bosque deciduo 2021-2023,2021-2023,1,1,1,0
3088,SINAC_BD_0003088,33260,Bosque deciduo,1.7850908811730613,SINAC - Consenso bosque deciduo 2021-2023,2021-2023,1,0,0,0
3089,SINAC_BD_0003089,33292,Bosque deciduo,2.0234914497452254,SINAC - Consenso bosque deciduo 2021-2023,2021-2023,1,1,0,0
3090,SINAC_BD_0003090,33295,Bosque deciduo,34.40855449392587,SINAC - Consenso bosque deciduo 2021-2023,2021-2023,1,1,1,0
3091,SINAC_BD_0003091,33309,Bosque deciduo,2.3881316546632836,SINAC - Consenso bosque deciduo 2021-2023,2021-2023,0,0,0,0
3092,SINAC_BD_0003092,33337,Bosque deciduo,1.7274014948938543,SINAC - Consenso bosque deciduo 2021-2023,2021-2023,0,0,0,0
3093,SINAC_BD_0003093,33343,Bosque deciduo,1.5269076488001545,SINAC - Consenso bosque deciduo 2021-2023,2021-2023,0,0,0,0
3094,SINAC_BD_0003094,33345,Bosque deciduo,1.886874854616777,SINAC - Consenso bosque deciduo 2021-2023,2021-2023,0,0,0,0
3095,SINAC_BD_0003095,33348,Bosque deciduo,2.59358666624551,SINAC - Consenso bosque deciduo 2021-2023,2021-2023,1,0,0,0
3096,SINAC_BD_0003096,33352,Bosque deciduo,3.9554734647236103,SINAC - Consenso bosque deciduo 2021-2023,2021-2023,1,1,0,0
3097,SINAC_BD_0003097,33357,Bosque deciduo,3.4626715193664763,SINAC - Consenso bosque deciduo 2021-2023,2021-2023,1,0,0,0
3098,SINAC_BD_0003098,33384,Bosque deciduo,1.1611057075318172,SINAC - Consenso bosque deciduo 2021-2023,2021-2023,0,0,0,0
3099,SINAC_BD_0003099,33388,Bosque deciduo,1.4494549439141677,SINAC - Consenso bosque deciduo 2021-2023,2021-2023,0,0,0,0
3100,SINAC_BD_0003100,33402,Bosque deciduo,7.011999943621054,SINAC - Consenso bosque deciduo 2021-2023,2021-2023,1,1,0,0
3101,SINAC_BD_0003101,33408,Bosque deciduo,1.19,SINAC - Consenso bosque deciduo 2021-2023,2021-2023,0,0,0,0
3102,SINAC_BD_0003102,33432,Bosque deciduo,2.3301138942680835,SINAC - Consenso bosque deciduo 2021-2023,2021-2023,1,0,0,0
3103,SINAC_BD_0003103,33436,Bosque deciduo,1.3001700589370948,SINAC - Consenso bosque deciduo 2021-2023,2021-2023,0,0,0,0
3104,SINAC_BD_0003104,33440,Bosque deciduo,2.2307182090966973,SINAC - Consenso bosque deciduo 2021-2023,2021-2023,1,0,0,0
3105,SINAC_BD_0003105,33471,Bosque deciduo,2.09,SINAC - Consenso bosque deciduo 2021-2023,2021-2023,0,0,0,0
3106,SINAC_BD_0003106,33475,Bosque deciduo,1.2287745779308703,SINAC - Consenso bosque deciduo 2021-2023,2021-2023,0,0,0,0
3107,SINAC_BD_0003107,33498,Bosque deciduo,7.136603554275745,SINAC - Consenso bosque deciduo 2021-2023,2021-2023,1,1,1,0
3108,SINAC_BD_0003108,33500,Bosque deciduo,7.215909501609601,SINAC - Consenso bosque deciduo 2021-2023,2021-2023,1,1,0,0
3109,SINAC_BD_0003109,33502,Bosque deciduo,1.0860505492598291,SINAC - Consenso bosque deciduo 2021-2023,2021-2023,1,0,0,0
3110,SINAC_BD_0003110,33509,Bosque deciduo,4.036693502268221,SINAC - Consenso bosque deciduo 2021-2023,2021-2023,1,0,0,0
3111,SINAC_BD_0003111,33518,Bosque deciduo,2.122468997427862,SINAC - Consenso bosque deciduo 2021-2023,2021-2023,1,1,0,0
3112,SINAC_BD_0003112,33532,Bosque deciduo,1.4542124692621965,SINAC - Consenso bosque deciduo 2021-2023,2021-2023,1,0,0,0
3113,SINAC_BD_0003113,33535,Bosque deciduo,1.04,SINAC - Consenso bosque deciduo 2021-2023,2021-2023,0,1,0,0
3114,SINAC_BD_0003114,33536,Bosque deciduo,4.978877110885567,SINAC - Consenso bosque deciduo 2021-2023,2021-2023,1,0,0,0
3115,SINAC_BD_0003115,33559,Bosque deciduo,1.7502191170710937,SINAC - Consenso bosque deciduo 2021-2023,2021-2023,1,0,0,0
3116,SINAC_BD_0003116,33577,Bosque deciduo,4.779965593321887,SINAC - Consenso bosque deciduo 2021-2023,2021-2023,0,0,0,0
3117,SINAC_BD_0003117,33578,Bosque deciduo,5.739750036475919,SINAC - Consenso bosque deciduo 2021-2023,2021-2023,0,0,0,0
3118,SINAC_BD_0003118,33579,Bosque deciduo,1.19,SINAC - Consenso bosque deciduo 2021-2023,2021-2023,1,0,0,0
3119,SINAC_BD_0003119,33581,Bosque deciduo,1.05,SINAC - Consenso bosque deciduo 2021-2023,2021-2023,0,0,0,0
3120,SINAC_BD_0003120,33584,Bosque deciduo,2.127543632049352,SINAC - Consenso bosque deciduo 2021-2023,2021-2023,0,0,0,0
3121,SINAC_BD_0003121,33594,Bosque deciduo,5.788117382935908,SINAC - Consenso bosque deciduo 2021-2023,2021-2023,1,0,0,0
3122,SINAC_BD_0003122,33596,Bosque deciduo,1.0092221371696963,SINAC - Consenso bosque deciduo 2021-2023,2021-2023,0,0,0,0
3123,SINAC_BD_0003123,33601,Bosque deciduo,8.731477784282344,SINAC - Consenso bosque deciduo 2021-2023,2021-2023,1,0,0,0
3124,SINAC_BD_0003124,33620,Bosque deciduo,1.2193115042397784,SINAC - Consenso bosque deciduo 2021-2023,2021-2023,1,0,0,0
3125,SINAC_BD_0003125,33632,Bosque deciduo,1.5972796306802277,SINAC - Consenso bosque deciduo 2021-2023,2021-2023,0,0,0,0
3126,SINAC_BD_0003126,33633,Bosque deciduo,1.6100763715632822,SINAC - Consenso bosque deciduo 2021-2023,2021-2023,1,0,1,0
3127,SINAC_BD_0003127,33635,Bosque deciduo,1.2909965069010274,SINAC - Consenso bosque deciduo 2021-2023,2021-2023,0,0,0,0
3128,SINAC_BD_0003128,33664,Bosque deciduo,1.447118839246507,SINAC - Consenso bosque deciduo 2021-2023,2021-2023,0,0,0,0
3129,SINAC_BD_0003129,33667,Bosque deciduo,1.543402804555859,SINAC - Consenso bosque deciduo 2021-2023,2021-2023,0,1,0,0
3130,SINAC_BD_0003130,33674,Bosque deciduo,56.01258367437506,SINAC - Consenso bosque deciduo 2021-2023,2021-2023,1,1,1,0
3131,SINAC_BD_0003131,33675,Bosque deciduo,25.33259983604407,SINAC - Consenso bosque deciduo 2021-2023,2021-2023,1,1,0,0
3132,SINAC_BD_0003132,33677,Bosque deciduo,4.026795692214253,SINAC - Consenso bosque deciduo 2021-2023,2021-2023,1,0,0,0
3133,SINAC_BD_0003133,33683,Bosque deciduo,1.17,SINAC - Consenso bosque deciduo 2021-2023,2021-2023,0,0,0,0
3134,SINAC_BD_0003134,33691,Bosque deciduo,7.7479197413222165,SINAC - Consenso bosque deciduo 2021-2023,2021-2023,0,0,0,0
3135,SINAC_BD_0003135,33692,Bosque deciduo,1.0273497014743151,SINAC - Consenso bosque deciduo 2021-2023,2021-2023,1,0,0,0
3136,SINAC_BD_0003136,33707,Bosque deciduo,15.867044050366703,SINAC - Consenso bosque deciduo 2021-2023,2021-2023,1,1,1,0
3137,SINAC_BD_0003137,33708,Bosque deciduo,1.3084559672231315,SINAC - Consenso bosque deciduo 2021-2023,2021-2023,0,0,0,0
3138,SINAC_BD_0003138,33709,Bosque deciduo,1.04,SINAC - Consenso bosque deciduo 2021-2023,2021-2023,0,0,0,0
3139,SINAC_BD_0003139,33735,Bosque deciduo,1.3389817620478384,SINAC - Consenso bosque deciduo 2021-2023,2021-2023,0,0,0,0
3140,SINAC_BD_0003140,33748,Bosque deciduo,1.4206186511244614,SINAC - Consenso bosque deciduo 2021-2023,2021-2023,1,0,0,0
3141,SINAC_BD_0003141,33753,Bosque deciduo,9.635114837591015,SINAC - Consenso bosque deciduo 2021-2023,2021-2023,1,1,0,0
3142,SINAC_BD_0003142,33755,Bosque deciduo,1.166002556154386,SINAC - Consenso bosque deciduo 2021-2023,2021-2023,1,0,0,0
3143,SINAC_BD_0003143,33758,Bosque deciduo,1.7338813733542742,SINAC - Consenso bosque deciduo 2021-2023,2021-2023,1,1,0,0
3144,SINAC_BD_0003144,33788,Bosque deciduo,10.49171891171942,SINAC - Consenso bosque deciduo 2021-2023,2021-2023,1,1,0,0
3145,SINAC_BD_0003145,33798,Bosque deciduo,1.3191202121561219,SINAC - Consenso bosque deciduo 2021-2023,2021-2023,0,0,0,0
3146,SINAC_BD_0003146,33803,Bosque deciduo,4.042716719091551,SINAC - Consenso bosque deciduo 2021-2023,2021-2023,1,1,0,0
3147,SINAC_BD_0003147,33833,Bosque deciduo,4.57338068314949,SINAC - Consenso bosque deciduo 2021-2023,2021-2023,1,0,0,0
3148,SINAC_BD_0003148,33875,Bosque deciduo,1.9525604896288096,SINAC - Consenso bosque deciduo 2021-2023,2021-2023,1,1,0,0
3149,SINAC_BD_0003149,33879,Bosque deciduo,9.940631190765327,SINAC - Consenso bosque deciduo 2021-2023,2021-2023,1,1,0,0
3150,SINAC_BD_0003150,33893,Bosque deciduo,5.29,SINAC - Consenso bosque deciduo 2021-2023,2021-2023,1,1,0,0
3151,SINAC_BD_0003151,33919,Bosque deciduo,7.525016757553736,SINAC - Consenso bosque deciduo 2021-2023,2021-2023,1,0,0,0
3152,SINAC_BD_0003152,33926,Bosque deciduo,1.5280247565967302,SINAC - Consenso bosque deciduo 2021-2023,2021-2023,1,1,0,0
3153,SINAC_BD_0003153,33940,Bosque deciduo,1.412595448210919,SINAC - Consenso bosque deciduo 2021-2023,2021-2023,1,0,1,0
3154,SINAC_BD_0003154,33952,Bosque deciduo,6.715404446049486,SINAC - Consenso bosque deciduo 2021-2023,2021-2023,1,0,0,0
3155,SINAC_BD_0003155,33964,Bosque deciduo,1.18,SINAC - Consenso bosque deciduo 2021-2023,2021-2023,0,0,0,0
3156,SINAC_BD_0003156,33965,Bosque deciduo,5.33,SINAC - Consenso bosque deciduo 2021-2023,2021-2023,0,0,0,0
3157,SINAC_BD_0003157,34008,Bosque deciduo,4.44260436005628,SINAC - Consenso bosque deciduo 2021-2023,2021-2023,0,0,0,0
3158,SINAC_BD_0003158,34010,Bosque deciduo,13.426168546094676,SINAC - Consenso bosque deciduo 2021-2023,2021-2023,1,1,0,0
3159,SINAC_BD_0003159,34018,Bosque deciduo,1.39,SINAC - Consenso bosque deciduo 2021-2023,2021-2023,1,0,1,0
3160,SINAC_BD_0003160,34032,Bosque deciduo,2.03871787804052,SINAC - Consenso bosque deciduo 2021-2023,2021-2023,0,0,0,0
3161,SINAC_BD_0003161,34040,Bosque deciduo,2.3942298964138558,SINAC - Consenso bosque deciduo 2021-2023,2021-2023,0,0,0,0
3162,SINAC_BD_0003162,34042,Bosque deciduo,2.8189384218085065,SINAC - Consenso bosque deciduo 2021-2023,2021-2023,0,0,0,0
3163,SINAC_BD_0003163,34044,Bosque deciduo,2.4947645799552056,SINAC - Consenso bosque deciduo 2021-2023,2021-2023,1,0,0,0
3164,SINAC_BD_0003164,34059,Bosque deciduo,5.187042497312908,SINAC - Consenso bosque deciduo 2021-2023,2021-2023,1,0,0,0
3165,SINAC_BD_0003165,34067,Bosque deciduo,1.81,SINAC - Consenso bosque deciduo 2021-2023,2021-2023,0,0,0,0
3166,SINAC_BD_0003166,34075,Bosque deciduo,8.818442638534144,SINAC - Consenso bosque deciduo 2021-2023,2021-2023,1,0,0,0
3167,SINAC_BD_0003167,34085,Bosque deciduo,1.2835131492332206,SINAC - Consenso bosque deciduo 2021-2023,2021-2023,0,0,0,0
3168,SINAC_BD_0003168,34086,Bosque deciduo,2.349759688575495,SINAC - Consenso bosque deciduo 2021-2023,2021-2023,1,1,0,0
3169,SINAC_BD_0003169,34088,Bosque deciduo,3.2,SINAC - Consenso bosque deciduo 2021-2023,2021-2023,0,0,0,0
3170,SINAC_BD_0003170,34118,Bosque deciduo,3.0281852090105383,SINAC - Consenso bosque deciduo 2021-2023,2021-2023,0,0,0,0
3171,SINAC_BD_0003171,34119,Bosque deciduo,4.864520308841199,SINAC - Consenso bosque deciduo 2021-2023,2021-2023,1,0,0,0
3172,SINAC_BD_0003172,34122,Bosque deciduo,1.49,SINAC - Consenso bosque deciduo 2021-2023,2021-2023,0,0,0,0
3173,SINAC_BD_0003173,34123,Bosque deciduo,1.060011965977028,SINAC - Consenso bosque deciduo 2021-2023,2021-2023,0,0,0,0
3174,SINAC_BD_0003174,34124,Bosque deciduo,1.0867485147382352,SINAC - Consenso bosque deciduo 2021-2023,2021-2023,1,0,0,0
3175,SINAC_BD_0003175,34125,Bosque deciduo,9.543164002801953,SINAC - Consenso bosque deciduo 2021-2023,2021-2023,1,1,0,0
3176,SINAC_BD_0003176,34132,Bosque deciduo,19.37788030854773,SINAC - Consenso bosque deciduo 2021-2023,2021-2023,1,1,1,0
3177,SINAC_BD_0003177,34159,Bosque deciduo,6.516316470183008,SINAC - Consenso bosque deciduo 2021-2023,2021-2023,1,1,0,0
3178,SINAC_BD_0003178,34169,Bosque deciduo,1.65,SINAC - Consenso bosque deciduo 2021-2023,2021-2023,0,0,0,0
3179,SINAC_BD_0003179,34175,Bosque deciduo,3.413436122594354,SINAC - Consenso bosque deciduo 2021-2023,2021-2023,1,0,1,0
3180,SINAC_BD_0003180,34197,Bosque deciduo,1.0768682156068299,SINAC - Consenso bosque deciduo 2021-2023,2021-2023,1,0,0,0
3181,SINAC_BD_0003181,34199,Bosque deciduo,6.129417726191503,SINAC - Consenso bosque deciduo 2021-2023,2021-2023,1,1,0,0
3182,SINAC_BD_0003182,34200,Bosque deciduo,4.36,SINAC - Consenso bosque deciduo 2021-2023,2021-2023,1,1,1,0
3183,SINAC_BD_0003183,34201,Bosque deciduo,2.89,SINAC - Consenso bosque deciduo 2021-2023,2021-2023,1,0,0,0
3184,SINAC_BD_0003184,34234,Bosque deciduo,4.100332535381545,SINAC - Consenso bosque deciduo 2021-2023,2021-2023,1,0,0,0
3185,SINAC_BD_0003185,34236,Bosque deciduo,2.6519663717406816,SINAC - Consenso bosque deciduo 2021-2023,2021-2023,1,0,0,0
3186,SINAC_BD_0003186,34259,Bosque deciduo,4.753144631393506,SINAC - Consenso bosque deciduo 2021-2023,2021-2023,1,1,0,0
3187,SINAC_BD_0003187,34260,Bosque deciduo,1.9413701220445545,SINAC - Consenso bosque deciduo 2021-2023,2021-2023,1,0,0,0
3188,SINAC_BD_0003188,34269,Bosque deciduo,1.0763943094834059,SINAC - Consenso bosque deciduo 2021-2023,2021-2023,1,0,0,0
3189,SINAC_BD_0003189,34274,Bosque deciduo,201.69816156764225,SINAC - Consenso bosque deciduo 2021-2023,2021-2023,1,1,1,1
3190,SINAC_BD_0003190,34276,Bosque deciduo,8.845926058271315,SINAC - Consenso bosque deciduo 2021-2023,2021-2023,1,0,0,0
3191,SINAC_BD_0003191,34277,Bosque deciduo,3.3033956017343553,SINAC - Consenso bosque deciduo 2021-2023,2021-2023,1,0,0,0
3192,SINAC_BD_0003192,34279,Bosque deciduo,5.714645012239766,SINAC - Consenso bosque deciduo 2021-2023,2021-2023,1,0,0,0
3193,SINAC_BD_0003193,34280,Bosque deciduo,1.128057746512709,SINAC - Consenso bosque deciduo 2021-2023,2021-2023,0,0,0,0
3194,SINAC_BD_0003194,34281,Bosque deciduo,33.520885880276325,SINAC - Consenso bosque deciduo 2021-2023,2021-2023,1,1,1,0
3195,SINAC_BD_0003195,34297,Bosque deciduo,1.14,SINAC - Consenso bosque deciduo 2021-2023,2021-2023,0,0,0,0
3196,SINAC_BD_0003196,34302,Bosque deciduo,3.4031719869342187,SINAC - Consenso bosque deciduo 2021-2023,2021-2023,1,0,0,0
3197,SINAC_BD_0003197,34303,Bosque deciduo,4.12,SINAC - Consenso bosque deciduo 2021-2023,2021-2023,0,0,1,0
3198,SINAC_BD_0003198,34310,Bosque deciduo,2.5087544653264677,SINAC - Consenso bosque deciduo 2021-2023,2021-2023,0,0,0,0
3199,SINAC_BD_0003199,34336,Bosque deciduo,1.2008967111138584,SINAC - Consenso bosque deciduo 2021-2023,2021-2023,0,1,0,0
3200,SINAC_BD_0003200,34350,Bosque deciduo,1.1912358627454074,SINAC - Consenso bosque deciduo 2021-2023,2021-2023,0,0,0,0
3201,SINAC_BD_0003201,34358,Bosque deciduo,2.533636894347418,SINAC - Consenso bosque deciduo 2021-2023,2021-2023,0,0,0,0
3202,SINAC_BD_0003202,34365,Bosque deciduo,6.920318619077766,SINAC - Consenso bosque deciduo 2021-2023,2021-2023,1,1,0,0
3203,SINAC_BD_0003203,34383,Bosque deciduo,1.834153654772725,SINAC - Consenso bosque deciduo 2021-2023,2021-2023,0,0,0,0
3204,SINAC_BD_0003204,34387,Bosque deciduo,8.57750947033326,SINAC - Consenso bosque deciduo 2021-2023,2021-2023,1,0,0,0
3205,SINAC_BD_0003205,34393,Bosque deciduo,1.046379349411448,SINAC - Consenso bosque deciduo 2021-2023,2021-2023,0,0,0,0
3206,SINAC_BD_0003206,34409,Bosque deciduo,1.603178857807605,SINAC - Consenso bosque deciduo 2021-2023,2021-2023,1,1,0,1
3207,SINAC_BD_0003207,34417,Bosque deciduo,1.862651612895637,SINAC - Consenso bosque deciduo 2021-2023,2021-2023,0,0,0,0
3208,SINAC_BD_0003208,34430,Bosque deciduo,1.1786318935478608,SINAC - Consenso bosque deciduo 2021-2023,2021-2023,0,0,0,0
3209,SINAC_BD_0003209,34436,Bosque deciduo,1.6018317847948005,SINAC - Consenso bosque deciduo 2021-2023,2021-2023,0,0,0,0
3210,SINAC_BD_0003210,34439,Bosque deciduo,1.7549184333890895,SINAC - Consenso bosque deciduo 2021-2023,2021-2023,0,0,0,0
3211,SINAC_BD_0003211,34440,Bosque deciduo,3.571413868091887,SINAC - Consenso bosque deciduo 2021-2023,2021-2023,1,1,1,1
3212,SINAC_BD_0003212,34441,Bosque deciduo,6.498375660220915,SINAC - Consenso bosque deciduo 2021-2023,2021-2023,1,0,0,0
3213,SINAC_BD_0003213,34446,Bosque deciduo,1.8966012130409573,SINAC - Consenso bosque deciduo 2021-2023,2021-2023,0,0,0,0
3214,SINAC_BD_0003214,34448,Bosque deciduo,1.022407830404758,SINAC - Consenso bosque deciduo 2021-2023,2021-2023,0,0,0,0
3215,SINAC_BD_0003215,34455,Bosque deciduo,24.043324715624852,SINAC - Consenso bosque deciduo 2021-2023,2021-2023,1,1,0,0
3216,SINAC_BD_0003216,34475,Bosque deciduo,3.110815075043786,SINAC - Consenso bosque deciduo 2021-2023,2021-2023,1,1,0,0
3217,SINAC_BD_0003217,34477,Bosque deciduo,66.30229910038192,SINAC - Consenso bosque deciduo 2021-2023,2021-2023,1,1,1,0
3218,SINAC_BD_0003218,34478,Bosque deciduo,2.1775785796465965,SINAC - Consenso bosque deciduo 2021-2023,2021-2023,0,0,0,0
3219,SINAC_BD_0003219,34486,Bosque deciduo,1.4208703132405531,SINAC - Consenso bosque deciduo 2021-2023,2021-2023,0,0,0,0
3220,SINAC_BD_0003220,34518,Bosque deciduo,23.729318295398937,SINAC - Consenso bosque deciduo 2021-2023,2021-2023,1,1,1,0
3221,SINAC_BD_0003221,34524,Bosque deciduo,1.2153337749015658,SINAC - Consenso bosque deciduo 2021-2023,2021-2023,0,0,0,0
3222,SINAC_BD_0003222,34525,Bosque deciduo,4.721880973842399,SINAC - Consenso bosque deciduo 2021-2023,2021-2023,1,1,0,0
3223,SINAC_BD_0003223,34530,Bosque deciduo,2.9114682321271035,SINAC - Consenso bosque deciduo 2021-2023,2021-2023,0,0,0,0
3224,SINAC_BD_0003224,34532,Bosque deciduo,2.64,SINAC - Consenso bosque deciduo 2021-2023,2021-2023,1,0,0,0
3225,SINAC_BD_0003225,34534,Bosque deciduo,3.05059254959242,SINAC - Consenso bosque deciduo 2021-2023,2021-2023,0,0,0,0
3226,SINAC_BD_0003226,34552,Bosque deciduo,2.531885890587607,SINAC - Consenso bosque deciduo 2021-2023,2021-2023,1,0,0,0
3227,SINAC_BD_0003227,34573,Bosque deciduo,7.481974221484079,SINAC - Consenso bosque deciduo 2021-2023,2021-2023,1,1,1,1
3228,SINAC_BD_0003228,34575,Bosque deciduo,2.0710961351513064,SINAC - Consenso bosque deciduo 2021-2023,2021-2023,1,0,0,0
3229,SINAC_BD_0003229,34577,Bosque deciduo,2.1468116992514834,SINAC - Consenso bosque deciduo 2021-2023,2021-2023,0,0,0,0
3230,SINAC_BD_0003230,34584,Bosque deciduo,3.1382048576050656,SINAC - Consenso bosque deciduo 2021-2023,2021-2023,1,0,0,0
3231,SINAC_BD_0003231,34596,Bosque deciduo,1.9270430434361632,SINAC - Consenso bosque deciduo 2021-2023,2021-2023,1,0,1,0
3232,SINAC_BD_0003232,34609,Bosque deciduo,23.09371044482788,SINAC - Consenso bosque deciduo 2021-2023,2021-2023,1,1,0,0
3233,SINAC_BD_0003233,34629,Bosque deciduo,1.4512473198836426,SINAC - Consenso bosque deciduo 2021-2023,2021-2023,0,0,0,0
3234,SINAC_BD_0003234,34630,Bosque deciduo,5.568603852773576,SINAC - Consenso bosque deciduo 2021-2023,2021-2023,1,1,0,0
3235,SINAC_BD_0003235,34631,Bosque deciduo,2.6735290322998533,SINAC - Consenso bosque deciduo 2021-2023,2021-2023,1,0,0,0
3236,SINAC_BD_0003236,34636,Bosque deciduo,1.2911338973936994,SINAC - Consenso bosque deciduo 2021-2023,2021-2023,0,0,0,0
3237,SINAC_BD_0003237,34637,Bosque deciduo,1.1993040973468592,SINAC - Consenso bosque deciduo 2021-2023,2021-2023,0,0,0,0
3238,SINAC_BD_0003238,34639,Bosque deciduo,3.481478878549199,SINAC - Consenso bosque deciduo 2021-2023,2021-2023,0,0,0,0
3239,SINAC_BD_0003239,34647,Bosque deciduo,1.58,SINAC - Consenso bosque deciduo 2021-2023,2021-2023,1,0,0,0
3240,SINAC_BD_0003240,34672,Bosque deciduo,3.9163494398271563,SINAC - Consenso bosque deciduo 2021-2023,2021-2023,1,1,0,0
3241,SINAC_BD_0003241,34673,Bosque deciduo,1.0283841988767337,SINAC - Consenso bosque deciduo 2021-2023,2021-2023,0,0,0,0
3242,SINAC_BD_0003242,34680,Bosque deciduo,1.111549211121616,SINAC - Consenso bosque deciduo 2021-2023,2021-2023,0,0,0,0
3243,SINAC_BD_0003243,34706,Bosque deciduo,34.53746542869473,SINAC - Consenso bosque deciduo 2021-2023,2021-2023,1,1,0,0
3244,SINAC_BD_0003244,34708,Bosque deciduo,2.925572850687652,SINAC - Consenso bosque deciduo 2021-2023,2021-2023,1,1,0,0
3245,SINAC_BD_0003245,34715,Bosque deciduo,1.4418040658020812,SINAC - Consenso bosque deciduo 2021-2023,2021-2023,1,1,0,0
3246,SINAC_BD_0003246,34722,Bosque deciduo,7.0648237030771295,SINAC - Consenso bosque deciduo 2021-2023,2021-2023,1,1,0,0
3247,SINAC_BD_0003247,34736,Bosque deciduo,50.19087799226177,SINAC - Consenso bosque deciduo 2021-2023,2021-2023,1,1,0,0
3248,SINAC_BD_0003248,34737,Bosque deciduo,21.188450218991257,SINAC - Consenso bosque deciduo 2021-2023,2021-2023,1,1,1,0
3249,SINAC_BD_0003249,34757,Bosque deciduo,1.9887735228699268,SINAC - Consenso bosque deciduo 2021-2023,2021-2023,0,0,0,0
3250,SINAC_BD_0003250,34767,Bosque deciduo,1.1045918495668332,SINAC - Consenso bosque deciduo 2021-2023,2021-2023,0,0,0,0
3251,SINAC_BD_0003251,34770,Bosque deciduo,2.954736971161295,SINAC - Consenso bosque deciduo 2021-2023,2021-2023,0,0,0,0
3252,SINAC_BD_0003252,34783,Bosque deciduo,3.5686505261751096,SINAC - Consenso bosque deciduo 2021-2023,2021-2023,1,0,0,0
3253,SINAC_BD_0003253,34794,Bosque deciduo,14.138227854226253,SINAC - Consenso bosque deciduo 2021-2023,2021-2023,1,0,0,0
3254,SINAC_BD_0003254,34830,Bosque deciduo,4.67956739019913,SINAC - Consenso bosque deciduo 2021-2023,2021-2023,1,0,0,0
3255,SINAC_BD_0003255,34833,Bosque deciduo,1.3776508820332882,SINAC - Consenso bosque deciduo 2021-2023,2021-2023,1,0,0,0
3256,SINAC_BD_0003256,34835,Bosque deciduo,62.0676632312045,SINAC - Consenso bosque deciduo 2021-2023,2021-2023,1,1,0,0
3257,SINAC_BD_0003257,34837,Bosque deciduo,1.2217767802335626,SINAC - Consenso bosque deciduo 2021-2023,2021-2023,1,1,0,0
3258,SINAC_BD_0003258,34839,Bosque deciduo,1.460285015721361,SINAC - Consenso bosque deciduo 2021-2023,2021-2023,0,0,0,0
3259,SINAC_BD_0003259,34843,Bosque deciduo,58.65555223551215,SINAC - Consenso bosque deciduo 2021-2023,2021-2023,1,1,1,0
3260,SINAC_BD_0003260,34845,Bosque deciduo,8.189285815716389,SINAC - Consenso bosque deciduo 2021-2023,2021-2023,1,0,0,0
3261,SINAC_BD_0003261,34848,Bosque deciduo,7.550836106557893,SINAC - Consenso bosque deciduo 2021-2023,2021-2023,1,0,0,0
3262,SINAC_BD_0003262,34860,Bosque deciduo,1.8900788996525348,SINAC - Consenso bosque deciduo 2021-2023,2021-2023,1,1,1,0
3263,SINAC_BD_0003263,34863,Bosque deciduo,1.13,SINAC - Consenso bosque deciduo 2021-2023,2021-2023,1,0,0,0
3264,SINAC_BD_0003264,34873,Bosque deciduo,17.851677108399137,SINAC - Consenso bosque deciduo 2021-2023,2021-2023,1,1,1,0
3265,SINAC_BD_0003265,34892,Bosque deciduo,12.925620901296671,SINAC - Consenso bosque deciduo 2021-2023,2021-2023,1,1,1,0
3266,SINAC_BD_0003266,34893,Bosque deciduo,1.23,SINAC - Consenso bosque deciduo 2021-2023,2021-2023,0,0,0,0
3267,SINAC_BD_0003267,34897,Bosque deciduo,1.4707798497259987,SINAC - Consenso bosque deciduo 2021-2023,2021-2023,1,0,0,0
3268,SINAC_BD_0003268,34898,Bosque deciduo,2.57,SINAC - Consenso bosque deciduo 2021-2023,2021-2023,0,0,0,0
3269,SINAC_BD_0003269,34941,Bosque deciduo,1.1238111283054895,SINAC - Consenso bosque deciduo 2021-2023,2021-2023,0,0,0,0
3270,SINAC_BD_0003270,34950,Bosque deciduo,31.868812066335575,SINAC - Consenso bosque deciduo 2021-2023,2021-2023,1,1,0,0
3271,SINAC_BD_0003271,34954,Bosque deciduo,1.5370385128532655,SINAC - Consenso bosque deciduo 2021-2023,2021-2023,0,0,0,0
3272,SINAC_BD_0003272,34965,Bosque deciduo,15.107660044866078,SINAC - Consenso bosque deciduo 2021-2023,2021-2023,1,0,0,0
3273,SINAC_BD_0003273,34967,Bosque deciduo,4.33163612201243,SINAC - Consenso bosque deciduo 2021-2023,2021-2023,1,0,1,0
3274,SINAC_BD_0003274,34996,Bosque deciduo,2.78983931680766,SINAC - Consenso bosque deciduo 2021-2023,2021-2023,0,0,0,0
3275,SINAC_BD_0003275,34998,Bosque deciduo,1.2452295006245115,SINAC - Consenso bosque deciduo 2021-2023,2021-2023,1,0,0,0
3276,SINAC_BD_0003276,35001,Bosque deciduo,2.576630352024206,SINAC - Consenso bosque deciduo 2021-2023,2021-2023,1,0,0,0
3277,SINAC_BD_0003277,35004,Bosque deciduo,7.699022319998267,SINAC - Consenso bosque deciduo 2021-2023,2021-2023,1,0,0,0
3278,SINAC_BD_0003278,35017,Bosque deciduo,4.255040851037471,SINAC - Consenso bosque deciduo 2021-2023,2021-2023,1,0,0,0
3279,SINAC_BD_0003279,35022,Bosque deciduo,1.2017436853662087,SINAC - Consenso bosque deciduo 2021-2023,2021-2023,1,0,0,0
3280,SINAC_BD_0003280,35041,Bosque deciduo,7.165342959496738,SINAC - Consenso bosque deciduo 2021-2023,2021-2023,0,0,0,0
3281,SINAC_BD_0003281,35042,Bosque deciduo,1.0535785611630797,SINAC - Consenso bosque deciduo 2021-2023,2021-2023,0,0,0,0
3282,SINAC_BD_0003282,35052,Bosque deciduo,4.312304940738663,SINAC - Consenso bosque deciduo 2021-2023,2021-2023,1,1,0,0
3283,SINAC_BD_0003283,35062,Bosque deciduo,1.57,SINAC - Consenso bosque deciduo 2021-2023,2021-2023,0,0,0,0
3284,SINAC_BD_0003284,35108,Bosque deciduo,773.9933135646575,SINAC - Consenso bosque deciduo 2021-2023,2021-2023,1,1,1,0
3285,SINAC_BD_0003285,35109,Bosque deciduo,9.074352438813879,SINAC - Consenso bosque deciduo 2021-2023,2021-2023,1,0,0,0
3286,SINAC_BD_0003286,35110,Bosque deciduo,1.5706138693170226,SINAC - Consenso bosque deciduo 2021-2023,2021-2023,1,0,0,0
3287,SINAC_BD_0003287,35112,Bosque deciduo,12.34091290727553,SINAC - Consenso bosque deciduo 2021-2023,2021-2023,0,0,0,0
3288,SINAC_BD_0003288,35113,Bosque deciduo,22.309228567332955,SINAC - Consenso bosque deciduo 2021-2023,2021-2023,1,1,0,0
3289,SINAC_BD_0003289,35114,Bosque deciduo,21.21794417147196,SINAC - Consenso bosque deciduo 2021-2023,2021-2023,1,1,1,0
3290,SINAC_BD_0003290,35115,Bosque deciduo,1.1474470843948643,SINAC - Consenso bosque deciduo 2021-2023,2021-2023,0,0,0,0
3291,SINAC_BD_0003291,35116,Bosque deciduo,7.646209412937498,SINAC - Consenso bosque deciduo 2021-2023,2021-2023,1,0,0,0
3292,SINAC_BD_0003292,35117,Bosque deciduo,1.3296083043633657,SINAC - Consenso bosque deciduo 2021-2023,2021-2023,1,0,0,0
3293,SINAC_BD_0003293,35119,Bosque deciduo,3.006254486547906,SINAC - Consenso bosque deciduo 2021-2023,2021-2023,1,0,0,0
3294,SINAC_BD_0003294,35121,Bosque deciduo,10.627964477156533,SINAC - Consenso bosque deciduo 2021-2023,2021-2023,0,1,0,0
3295,SINAC_BD_0003295,35122,Bosque deciduo,17.442953174141937,SINAC - Consenso bosque deciduo 2021-2023,2021-2023,1,0,0,0
3296,SINAC_BD_0003296,35123,Bosque deciduo,1.9225723994245794,SINAC - Consenso bosque deciduo 2021-2023,2021-2023,1,1,0,0
3297,SINAC_BD_0003297,35124,Bosque deciduo,6.937787352224491,SINAC - Consenso bosque deciduo 2021-2023,2021-2023,1,0,1,0
3298,SINAC_BD_0003298,35127,Bosque deciduo,1.2992984251051456,SINAC - Consenso bosque deciduo 2021-2023,2021-2023,1,1,0,0
3299,SINAC_BD_0003299,35129,Bosque deciduo,1126.8687688197638,SINAC - Consenso bosque deciduo 2021-2023,2021-2023,1,1,1,1
3300,SINAC_BD_0003300,35135,Bosque deciduo,14.71599224152231,SINAC - Consenso bosque deciduo 2021-2023,2021-2023,1,1,0,0
3301,SINAC_BD_0003301,35136,Bosque deciduo,57.52474283526112,SINAC - Consenso bosque deciduo 2021-2023,2021-2023,1,1,1,1
3302,SINAC_BD_0003302,35137,Bosque deciduo,3.5517393007279208,SINAC - Consenso bosque deciduo 2021-2023,2021-2023,0,0,0,0
3303,SINAC_BD_0003303,35138,Bosque deciduo,2.0312311351531953,SINAC - Consenso bosque deciduo 2021-2023,2021-2023,0,0,0,0
3304,SINAC_BD_0003304,35139,Bosque deciduo,1.1548757040583504,SINAC - Consenso bosque deciduo 2021-2023,2021-2023,1,0,0,0
3305,SINAC_BD_0003305,35140,Bosque deciduo,46.73442609151587,SINAC - Consenso bosque deciduo 2021-2023,2021-2023,1,1,1,0
3306,SINAC_BD_0003306,35179,Bosque deciduo,1.9604017183787121,SINAC - Consenso bosque deciduo 2021-2023,2021-2023,1,0,0,0
3307,SINAC_BD_0003307,35180,Bosque deciduo,2.59,SINAC - Consenso bosque deciduo 2021-2023,2021-2023,1,1,0,0
3308,SINAC_BD_0003308,35181,Bosque deciduo,2.2419926265123267,SINAC - Consenso bosque deciduo 2021-2023,2021-2023,1,1,0,0
3309,SINAC_BD_0003309,35197,Bosque deciduo,2.5072734633952543,SINAC - Consenso bosque deciduo 2021-2023,2021-2023,1,0,0,0
3310,SINAC_BD_0003310,35220,Bosque deciduo,1.4251223577224523,SINAC - Consenso bosque deciduo 2021-2023,2021-2023,1,0,0,0
3311,SINAC_BD_0003311,35234,Bosque deciduo,24.28594569474424,SINAC - Consenso bosque deciduo 2021-2023,2021-2023,1,1,1,0
3312,SINAC_BD_0003312,35259,Bosque deciduo,1.6686210945932722,SINAC - Consenso bosque deciduo 2021-2023,2021-2023,1,0,0,0
3313,SINAC_BD_0003313,35265,Bosque deciduo,1.1773466621485948,SINAC - Consenso bosque deciduo 2021-2023,2021-2023,1,0,0,0
3314,SINAC_BD_0003314,35269,Bosque deciduo,8.132075272798108,SINAC - Consenso bosque deciduo 2021-2023,2021-2023,1,0,0,0
3315,SINAC_BD_0003315,35275,Bosque deciduo,3.5981924414862463,SINAC - Consenso bosque deciduo 2021-2023,2021-2023,1,0,0,0
3316,SINAC_BD_0003316,35278,Bosque deciduo,30.537455662340573,SINAC - Consenso bosque deciduo 2021-2023,2021-2023,0,0,0,0
3317,SINAC_BD_0003317,35287,Bosque deciduo,1.4753260477828263,SINAC - Consenso bosque deciduo 2021-2023,2021-2023,0,0,0,0
3318,SINAC_BD_0003318,35290,Bosque deciduo,2.291284246728243,SINAC - Consenso bosque deciduo 2021-2023,2021-2023,0,0,0,0
3319,SINAC_BD_0003319,35298,Bosque deciduo,1.0377155525283108,SINAC - Consenso bosque deciduo 2021-2023,2021-2023,0,0,0,0
3320,SINAC_BD_0003320,35319,Bosque deciduo,1.0308281981766125,SINAC - Consenso bosque deciduo 2021-2023,2021-2023,0,0,0,0
3321,SINAC_BD_0003321,35344,Bosque deciduo,53.69191897577015,SINAC - Consenso bosque deciduo 2021-2023,2021-2023,1,1,0,0
3322,SINAC_BD_0003322,35351,Bosque deciduo,1.3258775465068398,SINAC - Consenso bosque deciduo 2021-2023,2021-2023,0,0,0,0
3323,SINAC_BD_0003323,35362,Bosque deciduo,1.4039531182537122,SINAC - Consenso bosque deciduo 2021-2023,2021-2023,1,0,0,0
3324,SINAC_BD_0003324,35420,Bosque deciduo,20.505431808896184,SINAC - Consenso bosque deciduo 2021-2023,2021-2023,1,1,1,1
3325,SINAC_BD_0003325,35431,Bosque deciduo,4.289564449124106,SINAC - Consenso bosque deciduo 2021-2023,2021-2023,1,0,0,0
3326,SINAC_BD_0003326,35432,Bosque deciduo,1.68,SINAC - Consenso bosque deciduo 2021-2023,2021-2023,1,0,0,0
3327,SINAC_BD_0003327,35457,Bosque deciduo,1.3503489905262425,SINAC - Consenso bosque deciduo 2021-2023,2021-2023,1,1,0,0
3328,SINAC_BD_0003328,35469,Bosque deciduo,1.2468184507776374,SINAC - Consenso bosque deciduo 2021-2023,2021-2023,1,0,0,0
3329,SINAC_BD_0003329,35472,Bosque deciduo,3.36182101197406,SINAC - Consenso bosque deciduo 2021-2023,2021-2023,1,0,0,0
3330,SINAC_BD_0003330,35487,Bosque deciduo,1.7414173092007208,SINAC - Consenso bosque deciduo 2021-2023,2021-2023,1,1,0,0
3331,SINAC_BD_0003331,35505,Bosque deciduo,58.57810589064709,SINAC - Consenso bosque deciduo 2021-2023,2021-2023,1,1,1,1
3332,SINAC_BD_0003332,35513,Bosque deciduo,1.4096314531959429,SINAC - Consenso bosque deciduo 2021-2023,2021-2023,0,0,0,0
3333,SINAC_BD_0003333,35551,Bosque deciduo,2.4194707797158364,SINAC - Consenso bosque deciduo 2021-2023,2021-2023,1,0,0,0
3334,SINAC_BD_0003334,35569,Bosque deciduo,1.5780307914762917,SINAC - Consenso bosque deciduo 2021-2023,2021-2023,0,0,0,0
3335,SINAC_BD_0003335,35593,Bosque deciduo,1.44,SINAC - Consenso bosque deciduo 2021-2023,2021-2023,1,0,0,0
3336,SINAC_BD_0003336,35595,Bosque deciduo,1.3172913039087828,SINAC - Consenso bosque deciduo 2021-2023,2021-2023,1,0,0,0
3337,SINAC_BD_0003337,35607,Bosque deciduo,1.3222696757960375,SINAC - Consenso bosque deciduo 2021-2023,2021-2023,1,1,0,0
3338,SINAC_BD_0003338,35633,Bosque deciduo,1.6165860878085332,SINAC - Consenso bosque deciduo 2021-2023,2021-2023,0,0,0,0
3339,SINAC_BD_0003339,35634,Bosque deciduo,1.8736754261252482,SINAC - Consenso bosque deciduo 2021-2023,2021-2023,1,1,0,0
3340,SINAC_BD_0003340,35635,Bosque deciduo,1.98,SINAC - Consenso bosque deciduo 2021-2023,2021-2023,0,0,0,0
3341,SINAC_BD_0003341,35647,Bosque deciduo,1.3217494536357186,SINAC - Consenso bosque deciduo 2021-2023,2021-2023,1,1,0,0
3342,SINAC_BD_0003342,35649,Bosque deciduo,1.2255231081407456,SINAC - Consenso bosque deciduo 2021-2023,2021-2023,1,1,0,0
3343,SINAC_BD_0003343,35688,Bosque deciduo,2.339624893197879,SINAC - Consenso bosque deciduo 2021-2023,2021-2023,1,1,0,0
3344,SINAC_BD_0003344,35704,Bosque deciduo,1.0174375287948947,SINAC - Consenso bosque deciduo 2021-2023,2021-2023,0,0,0,0
3345,SINAC_BD_0003345,35741,Bosque deciduo,3.0694460666724517,SINAC - Consenso bosque deciduo 2021-2023,2021-2023,0,0,0,0
3346,SINAC_BD_0003346,35743,Bosque deciduo,29.369553826542944,SINAC - Consenso bosque deciduo 2021-2023,2021-2023,1,1,1,0
3347,SINAC_BD_0003347,35744,Bosque deciduo,2.2754216637503357,SINAC - Consenso bosque deciduo 2021-2023,2021-2023,1,0,0,0
3348,SINAC_BD_0003348,35747,Bosque deciduo,2.880184133010297,SINAC - Consenso bosque deciduo 2021-2023,2021-2023,1,0,0,0
3349,SINAC_BD_0003349,35810,Bosque deciduo,4.104509762504263,SINAC - Consenso bosque deciduo 2021-2023,2021-2023,1,0,1,0
3350,SINAC_BD_0003350,35819,Bosque deciduo,1.4903501513445507,SINAC - Consenso bosque deciduo 2021-2023,2021-2023,0,0,0,0
3351,SINAC_BD_0003351,35831,Bosque deciduo,9.358002848394921,SINAC - Consenso bosque deciduo 2021-2023,2021-2023,0,0,0,0
3352,SINAC_BD_0003352,35836,Bosque deciduo,1.068653105661185,SINAC - Consenso bosque deciduo 2021-2023,2021-2023,1,0,0,0
3353,SINAC_BD_0003353,35859,Bosque deciduo,9.41178499507083,SINAC - Consenso bosque deciduo 2021-2023,2021-2023,1,1,0,0
3354,SINAC_BD_0003354,35863,Bosque deciduo,1.1669243788670862,SINAC - Consenso bosque deciduo 2021-2023,2021-2023,0,0,0,0
3355,SINAC_BD_0003355,35864,Bosque deciduo,1.44,SINAC - Consenso bosque deciduo 2021-2023,2021-2023,0,0,0,0
3356,SINAC_BD_0003356,35868,Bosque deciduo,3.26,SINAC - Consenso bosque deciduo 2021-2023,2021-2023,1,0,0,0
3357,SINAC_BD_0003357,35870,Bosque deciduo,1.17,SINAC - Consenso bosque deciduo 2021-2023,2021-2023,0,0,0,0
3358,SINAC_BD_0003358,35879,Bosque deciduo,1.5142989478133386,SINAC - Consenso bosque deciduo 2021-2023,2021-2023,1,0,0,0
3359,SINAC_BD_0003359,35903,Bosque deciduo,1.2309043936413737,SINAC - Consenso bosque deciduo 2021-2023,2021-2023,1,1,0,0
3360,SINAC_BD_0003360,35917,Bosque deciduo,70.74308869070434,SINAC - Consenso bosque deciduo 2021-2023,2021-2023,1,1,1,0
3361,SINAC_BD_0003361,35923,Bosque deciduo,2.235274997780513,SINAC - Consenso bosque deciduo 2021-2023,2021-2023,0,0,0,0
3362,SINAC_BD_0003362,35929,Bosque deciduo,1.736516302022561,SINAC - Consenso bosque deciduo 2021-2023,2021-2023,1,1,1,0
3363,SINAC_BD_0003363,35932,Bosque deciduo,5.342355580029424,SINAC - Consenso bosque deciduo 2021-2023,2021-2023,1,1,0,0
3364,SINAC_BD_0003364,35968,Bosque deciduo,3.3503896852687123,SINAC - Consenso bosque deciduo 2021-2023,2021-2023,1,1,1,0
3365,SINAC_BD_0003365,35973,Bosque deciduo,1.2238515922229865,SINAC - Consenso bosque deciduo 2021-2023,2021-2023,0,0,0,0
3366,SINAC_BD_0003366,35988,Bosque deciduo,3.07,SINAC - Consenso bosque deciduo 2021-2023,2021-2023,0,0,0,0
3367,SINAC_BD_0003367,36016,Bosque deciduo,3.36,SINAC - Consenso bosque deciduo 2021-2023,2021-2023,0,0,0,0
3368,SINAC_BD_0003368,36017,Bosque deciduo,4.32,SINAC - Consenso bosque deciduo 2021-2023,2021-2023,1,0,0,0
3369,SINAC_BD_0003369,36022,Bosque deciduo,4.5690822608819,SINAC - Consenso bosque deciduo 2021-2023,2021-2023,1,0,0,0
3370,SINAC_BD_0003370,36023,Bosque deciduo,21.345480301455538,SINAC - Consenso bosque deciduo 2021-2023,2021-2023,1,0,0,0
3371,SINAC_BD_0003371,36026,Bosque deciduo,1.01,SINAC - Consenso bosque deciduo 2021-2023,2021-2023,0,0,0,0
3372,SINAC_BD_0003372,36035,Bosque deciduo,1.92,SINAC - Consenso bosque deciduo 2021-2023,2021-2023,0,0,0,0
3373,SINAC_BD_0003373,36051,Bosque deciduo,1.4487832556038538,SINAC - Consenso bosque deciduo 2021-2023,2021-2023,1,1,1,0
3374,SINAC_BD_0003374,36091,Bosque deciduo,1.552177287389358,SINAC - Consenso bosque deciduo 2021-2023,2021-2023,0,0,0,0
3375,SINAC_BD_0003375,36112,Bosque deciduo,1.36,SINAC - Consenso bosque deciduo 2021-2023,2021-2023,1,1,0,0
3376,SINAC_BD_0003376,36127,Bosque deciduo,2.977372019209528,SINAC - Consenso bosque deciduo 2021-2023,2021-2023,1,0,0,0
3377,SINAC_BD_0003377,36132,Bosque deciduo,1.6498123035152479,SINAC - Consenso bosque deciduo 2021-2023,2021-2023,0,0,0,0
3378,SINAC_BD_0003378,36133,Bosque deciduo,2.177566480006627,SINAC - Consenso bosque deciduo 2021-2023,2021-2023,1,0,0,0
3379,SINAC_BD_0003379,36135,Bosque deciduo,31.19721835096458,SINAC - Consenso bosque deciduo 2021-2023,2021-2023,1,1,1,0
3380,SINAC_BD_0003380,36136,Bosque deciduo,1.1430082977469138,SINAC - Consenso bosque deciduo 2021-2023,2021-2023,0,0,0,0
3381,SINAC_BD_0003381,36148,Bosque deciduo,1.4921277113102722,SINAC - Consenso bosque deciduo 2021-2023,2021-2023,1,0,0,0
3382,SINAC_BD_0003382,36170,Bosque deciduo,1.2396471213378255,SINAC - Consenso bosque deciduo 2021-2023,2021-2023,1,1,0,0
3383,SINAC_BD_0003383,36208,Bosque deciduo,1.8654643526860872,SINAC - Consenso bosque deciduo 2021-2023,2021-2023,1,1,1,0
3384,SINAC_BD_0003384,36209,Bosque deciduo,1.26,SINAC - Consenso bosque deciduo 2021-2023,2021-2023,0,0,0,0
3385,SINAC_BD_0003385,36210,Bosque deciduo,2.239572883795855,SINAC - Consenso bosque deciduo 2021-2023,2021-2023,0,0,0,0
3386,SINAC_BD_0003386,36213,Bosque deciduo,1.0034342353074832,SINAC - Consenso bosque deciduo 2021-2023,2021-2023,0,0,0,0
3387,SINAC_BD_0003387,36215,Bosque deciduo,6.30010664006395,SINAC - Consenso bosque deciduo 2021-2023,2021-2023,1,1,0,0
3388,SINAC_BD_0003388,36219,Bosque deciduo,1.0570823509057963,SINAC - Consenso bosque deciduo 2021-2023,2021-2023,0,0,0,0
3389,SINAC_BD_0003389,36299,Bosque deciduo,1.5077444237458315,SINAC - Consenso bosque deciduo 2021-2023,2021-2023,1,1,1,0
3390,SINAC_BD_0003390,36323,Bosque deciduo,1.9536171427115634,SINAC - Consenso bosque deciduo 2021-2023,2021-2023,0,0,0,0
3391,SINAC_BD_0003391,36346,Bosque deciduo,6.381872087557605,SINAC - Consenso bosque deciduo 2021-2023,2021-2023,1,1,0,0
3392,SINAC_BD_0003392,36372,Bosque deciduo,1.2716728682110376,SINAC - Consenso bosque deciduo 2021-2023,2021-2023,0,0,0,0
3393,SINAC_BD_0003393,36390,Bosque deciduo,3.536481453692878,SINAC - Consenso bosque deciduo 2021-2023,2021-2023,1,0,0,0
3394,SINAC_BD_0003394,36391,Bosque deciduo,1.19,SINAC - Consenso bosque deciduo 2021-2023,2021-2023,0,0,0,0
3395,SINAC_BD_0003395,36392,Bosque deciduo,3.888408314735094,SINAC - Consenso bosque deciduo 2021-2023,2021-2023,1,1,0,0
3396,SINAC_BD_0003396,36393,Bosque deciduo,1.58,SINAC - Consenso bosque deciduo 2021-2023,2021-2023,1,0,0,0
3397,SINAC_BD_0003397,36394,Bosque deciduo,49.77537231946987,SINAC - Consenso bosque deciduo 2021-2023,2021-2023,1,1,1,0
3398,SINAC_BD_0003398,36397,Bosque deciduo,1.0557121233579798,SINAC - Consenso bosque deciduo 2021-2023,2021-2023,0,0,0,0
3399,SINAC_BD_0003399,36405,Bosque deciduo,73.06866352677454,SINAC - Consenso bosque deciduo 2021-2023,2021-2023,1,1,1,0
3400,SINAC_BD_0003400,36411,Bosque deciduo,8.857321156966918,SINAC - Consenso bosque deciduo 2021-2023,2021-2023,1,1,0,0
3401,SINAC_BD_0003401,36434,Bosque deciduo,1.2499573055146413,SINAC - Consenso bosque deciduo 2021-2023,2021-2023,0,0,0,0
3402,SINAC_BD_0003402,36437,Bosque deciduo,3.967875294305374,SINAC - Consenso bosque deciduo 2021-2023,2021-2023,0,0,0,0
3403,SINAC_BD_0003403,36443,Bosque deciduo,1.0043861053682213,SINAC - Consenso bosque deciduo 2021-2023,2021-2023,1,1,1,0
3404,SINAC_BD_0003404,36475,Bosque deciduo,3.7404590977755667,SINAC - Consenso bosque deciduo 2021-2023,2021-2023,1,1,0,0
3405,SINAC_BD_0003405,36500,Bosque deciduo,2.8845080093457036,SINAC - Consenso bosque deciduo 2021-2023,2021-2023,1,0,0,0
3406,SINAC_BD_0003406,36502,Bosque deciduo,8.032766776606792,SINAC - Consenso bosque deciduo 2021-2023,2021-2023,1,1,0,0
3407,SINAC_BD_0003407,36506,Bosque deciduo,4.180246296572881,SINAC - Consenso bosque deciduo 2021-2023,2021-2023,1,0,0,0
3408,SINAC_BD_0003408,36517,Bosque deciduo,1.0672803460111888,SINAC - Consenso bosque deciduo 2021-2023,2021-2023,0,0,0,0
3409,SINAC_BD_0003409,36535,Bosque deciduo,4.150523440783359,SINAC - Consenso bosque deciduo 2021-2023,2021-2023,1,1,0,0
3410,SINAC_BD_0003410,36536,Bosque deciduo,1.4787142892100409,SINAC - Consenso bosque deciduo 2021-2023,2021-2023,0,0,0,0
3411,SINAC_BD_0003411,36545,Bosque deciduo,2.7915935617159287,SINAC - Consenso bosque deciduo 2021-2023,2021-2023,1,0,0,0
3412,SINAC_BD_0003412,36573,Bosque deciduo,1.490817538328529,SINAC - Consenso bosque deciduo 2021-2023,2021-2023,0,0,0,0
3413,SINAC_BD_0003413,36596,Bosque deciduo,7.8053110539798665,SINAC - Consenso bosque deciduo 2021-2023,2021-2023,1,0,0,0
3414,SINAC_BD_0003414,36600,Bosque deciduo,1.1069312593887237,SINAC - Consenso bosque deciduo 2021-2023,2021-2023,1,0,0,0
3415,SINAC_BD_0003415,36614,Bosque deciduo,3.3588625981164406,SINAC - Consenso bosque deciduo 2021-2023,2021-2023,0,0,0,0
3416,SINAC_BD_0003416,36637,Bosque deciduo,3.6658656732382733,SINAC - Consenso bosque deciduo 2021-2023,2021-2023,0,0,0,0
3417,SINAC_BD_0003417,36641,Bosque deciduo,2.2733918071,SINAC - Consenso bosque deciduo 2021-2023,2021-2023,0,0,0,0
3418,SINAC_BD_0003418,36642,Bosque deciduo,6.739868780076974,SINAC - Consenso bosque deciduo 2021-2023,2021-2023,1,1,1,0
3419,SINAC_BD_0003419,36678,Bosque deciduo,1.3617040172420858,SINAC - Consenso bosque deciduo 2021-2023,2021-2023,0,0,0,0
3420,SINAC_BD_0003420,36681,Bosque deciduo,2.7286281110656994,SINAC - Consenso bosque deciduo 2021-2023,2021-2023,0,0,0,0
3421,SINAC_BD_0003421,36684,Bosque deciduo,2.532036294150699,SINAC - Consenso bosque deciduo 2021-2023,2021-2023,1,0,0,0
3422,SINAC_BD_0003422,36695,Bosque deciduo,4.196463094900642,SINAC - Consenso bosque deciduo 2021-2023,2021-2023,1,0,0,0
3423,SINAC_BD_0003423,36714,Bosque deciduo,1.546470411822304,SINAC - Consenso bosque deciduo 2021-2023,2021-2023,0,0,0,0
3424,SINAC_BD_0003424,36722,Bosque deciduo,2.000699084806224,SINAC - Consenso bosque deciduo 2021-2023,2021-2023,0,0,0,0
3425,SINAC_BD_0003425,36738,Bosque deciduo,1.3055593592764039,SINAC - Consenso bosque deciduo 2021-2023,2021-2023,1,0,0,0
3426,SINAC_BD_0003426,36773,Bosque deciduo,18.90105225734451,SINAC - Consenso bosque deciduo 2021-2023,2021-2023,1,1,1,0
3427,SINAC_BD_0003427,36789,Bosque deciduo,3.1678855170385853,SINAC - Consenso bosque deciduo 2021-2023,2021-2023,1,1,0,0
3428,SINAC_BD_0003428,36791,Bosque deciduo,1.2986489276813098,SINAC - Consenso bosque deciduo 2021-2023,2021-2023,0,0,0,0
3429,SINAC_BD_0003429,36795,Bosque deciduo,1.533851073310494,SINAC - Consenso bosque deciduo 2021-2023,2021-2023,1,0,0,0
3430,SINAC_BD_0003430,36805,Bosque deciduo,5.688092779597951,SINAC - Consenso bosque deciduo 2021-2023,2021-2023,1,0,0,0
3431,SINAC_BD_0003431,36811,Bosque deciduo,1.0930482143679876,SINAC - Consenso bosque deciduo 2021-2023,2021-2023,1,0,0,0
3432,SINAC_BD_0003432,36817,Bosque deciduo,5.806460612654071,SINAC - Consenso bosque deciduo 2021-2023,2021-2023,1,1,0,0
3433,SINAC_BD_0003433,36824,Bosque deciduo,8.393808251721863,SINAC - Consenso bosque deciduo 2021-2023,2021-2023,1,0,0,0
3434,SINAC_BD_0003434,36825,Bosque deciduo,1.11,SINAC - Consenso bosque deciduo 2021-2023,2021-2023,0,0,0,0
3435,SINAC_BD_0003435,36839,Bosque deciduo,1.88,SINAC - Consenso bosque deciduo 2021-2023,2021-2023,1,1,0,0
3436,SINAC_BD_0003436,36847,Bosque deciduo,1.510797276717304,SINAC - Consenso bosque deciduo 2021-2023,2021-2023,1,0,0,0
3437,SINAC_BD_0003437,36855,Bosque deciduo,1.1583988804056315,SINAC - Consenso bosque deciduo 2021-2023,2021-2023,1,0,0,0
3438,SINAC_BD_0003438,36875,Bosque deciduo,1.7613283427244355,SINAC - Consenso bosque deciduo 2021-2023,2021-2023,0,1,0,0
3439,SINAC_BD_0003439,36890,Bosque deciduo,13.775938202630723,SINAC - Consenso bosque deciduo 2021-2023,2021-2023,1,1,0,0
3440,SINAC_BD_0003440,36907,Bosque deciduo,1.3223411149099105,SINAC - Consenso bosque deciduo 2021-2023,2021-2023,0,0,0,0
3441,SINAC_BD_0003441,36908,Bosque deciduo,27.400734343477215,SINAC - Consenso bosque deciduo 2021-2023,2021-2023,1,1,0,1
3442,SINAC_BD_0003442,36910,Bosque deciduo,76.57288659839443,SINAC - Consenso bosque deciduo 2021-2023,2021-2023,1,1,1,0
3443,SINAC_BD_0003443,36916,Bosque deciduo,2.0945072810369956,SINAC - Consenso bosque deciduo 2021-2023,2021-2023,0,0,0,0
3444,SINAC_BD_0003444,36917,Bosque deciduo,1.5995220813100353,SINAC - Consenso bosque deciduo 2021-2023,2021-2023,0,0,0,0
3445,SINAC_BD_0003445,36927,Bosque deciduo,1.3887704377186019,SINAC - Consenso bosque deciduo 2021-2023,2021-2023,0,0,0,0
3446,SINAC_BD_0003446,36931,Bosque deciduo,20.538009957288175,SINAC - Consenso bosque deciduo 2021-2023,2021-2023,1,0,1,0
3447,SINAC_BD_0003447,36934,Bosque deciduo,1.3367553673237245,SINAC - Consenso bosque deciduo 2021-2023,2021-2023,1,0,0,0
3448,SINAC_BD_0003448,36941,Bosque deciduo,6.293976508503873,SINAC - Consenso bosque deciduo 2021-2023,2021-2023,1,0,0,0
3449,SINAC_BD_0003449,36958,Bosque deciduo,1.5260657685125933,SINAC - Consenso bosque deciduo 2021-2023,2021-2023,1,0,0,0
3450,SINAC_BD_0003450,36973,Bosque deciduo,1.2491522109285536,SINAC - Consenso bosque deciduo 2021-2023,2021-2023,0,0,0,0
3451,SINAC_BD_0003451,36991,Bosque deciduo,2.954819441979754,SINAC - Consenso bosque deciduo 2021-2023,2021-2023,0,0,0,0
3452,SINAC_BD_0003452,37006,Bosque deciduo,1.013566591432639,SINAC - Consenso bosque deciduo 2021-2023,2021-2023,1,0,0,0
3453,SINAC_BD_0003453,37019,Bosque deciduo,298.17019779700263,SINAC - Consenso bosque deciduo 2021-2023,2021-2023,1,1,1,1
3454,SINAC_BD_0003454,37029,Bosque deciduo,3.27,SINAC - Consenso bosque deciduo 2021-2023,2021-2023,0,0,0,0
3455,SINAC_BD_0003455,37069,Bosque deciduo,7.152820873579134,SINAC - Consenso bosque deciduo 2021-2023,2021-2023,1,1,1,0
3456,SINAC_BD_0003456,37070,Bosque deciduo,1.385780840287126,SINAC - Consenso bosque deciduo 2021-2023,2021-2023,1,0,0,0
3457,SINAC_BD_0003457,37071,Bosque deciduo,1.7042105433364707,SINAC - Consenso bosque deciduo 2021-2023,2021-2023,1,1,0,0
3458,SINAC_BD_0003458,37072,Bosque deciduo,1.3238401195389038,SINAC - Consenso bosque deciduo 2021-2023,2021-2023,0,0,0,0
3459,SINAC_BD_0003459,37073,Bosque deciduo,3.25,SINAC - Consenso bosque deciduo 2021-2023,2021-2023,1,0,0,0
3460,SINAC_BD_0003460,37074,Bosque deciduo,6.228021203714372,SINAC - Consenso bosque deciduo 2021-2023,2021-2023,1,1,0,0
3461,SINAC_BD_0003461,37078,Bosque deciduo,15.779812785459065,SINAC - Consenso bosque deciduo 2021-2023,2021-2023,1,1,1,0
3462,SINAC_BD_0003462,37080,Bosque deciduo,4.55356342294152,SINAC - Consenso bosque deciduo 2021-2023,2021-2023,1,0,0,0
3463,SINAC_BD_0003463,37081,Bosque deciduo,1.343021947854355,SINAC - Consenso bosque deciduo 2021-2023,2021-2023,1,0,0,0
3464,SINAC_BD_0003464,37090,Bosque deciduo,6808.553856754524,SINAC - Consenso bosque deciduo 2021-2023,2021-2023,1,1,1,1
3465,SINAC_BD_0003465,37105,Bosque deciduo,4.328425465577339,SINAC - Consenso bosque deciduo 2021-2023,2021-2023,1,1,1,0
3466,SINAC_BD_0003466,37107,Bosque deciduo,1.6097697369234196,SINAC - Consenso bosque deciduo 2021-2023,2021-2023,0,0,0,0
3467,SINAC_BD_0003467,37109,Bosque deciduo,2.7223018093556512,SINAC - Consenso bosque deciduo 2021-2023,2021-2023,1,0,0,0
3468,SINAC_BD_0003468,37112,Bosque deciduo,4.167861961528829,SINAC - Consenso bosque deciduo 2021-2023,2021-2023,1,1,0,0
3469,SINAC_BD_0003469,37121,Bosque deciduo,1.2596427161931472,SINAC - Consenso bosque deciduo 2021-2023,2021-2023,0,1,0,0
3470,SINAC_BD_0003470,37126,Bosque deciduo,1.2815399177057842,SINAC - Consenso bosque deciduo 2021-2023,2021-2023,0,0,0,0
3471,SINAC_BD_0003471,37152,Bosque deciduo,2.4982852766849333,SINAC - Consenso bosque deciduo 2021-2023,2021-2023,1,0,0,0
3472,SINAC_BD_0003472,37153,Bosque deciduo,2.818452990368164,SINAC - Consenso bosque deciduo 2021-2023,2021-2023,0,0,0,0
3473,SINAC_BD_0003473,37156,Bosque deciduo,1.4142618021944937,SINAC - Consenso bosque deciduo 2021-2023,2021-2023,1,0,0,0
3474,SINAC_BD_0003474,37157,Bosque deciduo,4.179670230058853,SINAC - Consenso bosque deciduo 2021-2023,2021-2023,1,0,0,0
3475,SINAC_BD_0003475,37160,Bosque deciduo,1.44,SINAC - Consenso bosque deciduo 2021-2023,2021-2023,0,0,0,0
3476,SINAC_BD_0003476,37200,Bosque deciduo,3.096374867377616,SINAC - Consenso bosque deciduo 2021-2023,2021-2023,0,0,0,0
3477,SINAC_BD_0003477,37201,Bosque deciduo,1.17,SINAC - Consenso bosque deciduo 2021-2023,2021-2023,0,0,0,0
3478,SINAC_BD_0003478,37240,Bosque deciduo,5.078719787353193,SINAC - Consenso bosque deciduo 2021-2023,2021-2023,1,0,0,0
3479,SINAC_BD_0003479,37262,Bosque deciduo,2.38,SINAC - Consenso bosque deciduo 2021-2023,2021-2023,1,0,0,0
3480,SINAC_BD_0003480,37269,Bosque deciduo,2.088664615774252,SINAC - Consenso bosque deciduo 2021-2023,2021-2023,1,1,0,0
3481,SINAC_BD_0003481,37275,Bosque deciduo,1.3956581912390638,SINAC - Consenso bosque deciduo 2021-2023,2021-2023,1,1,1,0
3482,SINAC_BD_0003482,37283,Bosque deciduo,33.78307040754461,SINAC - Consenso bosque deciduo 2021-2023,2021-2023,1,1,0,0
3483,SINAC_BD_0003483,37290,Bosque deciduo,13.540995357112424,SINAC - Consenso bosque deciduo 2021-2023,2021-2023,1,1,0,0
3484,SINAC_BD_0003484,37295,Bosque deciduo,5.955320319945226,SINAC - Consenso bosque deciduo 2021-2023,2021-2023,1,1,1,1
3485,SINAC_BD_0003485,37300,Bosque deciduo,1.9000263360579648,SINAC - Consenso bosque deciduo 2021-2023,2021-2023,0,0,0,0
3486,SINAC_BD_0003486,37322,Bosque deciduo,1.0213575584738686,SINAC - Consenso bosque deciduo 2021-2023,2021-2023,1,1,0,0
3487,SINAC_BD_0003487,37345,Bosque deciduo,8.595342418416891,SINAC - Consenso bosque deciduo 2021-2023,2021-2023,1,0,0,0
3488,SINAC_BD_0003488,37348,Bosque deciduo,1.69,SINAC - Consenso bosque deciduo 2021-2023,2021-2023,0,0,0,0
3489,SINAC_BD_0003489,37349,Bosque deciduo,1.78,SINAC - Consenso bosque deciduo 2021-2023,2021-2023,0,0,0,0
3490,SINAC_BD_0003490,37371,Bosque deciduo,1.2095329138894675,SINAC - Consenso bosque deciduo 2021-2023,2021-2023,0,0,0,0
3491,SINAC_BD_0003491,37373,Bosque deciduo,1.22,SINAC - Consenso bosque deciduo 2021-2023,2021-2023,0,0,0,0
3492,SINAC_BD_0003492,37380,Bosque deciduo,8.069930360407819,SINAC - Consenso bosque deciduo 2021-2023,2021-2023,1,1,0,0
3493,SINAC_BD_0003493,37383,Bosque deciduo,4.329805372375,SINAC - Consenso bosque deciduo 2021-2023,2021-2023,1,1,1,0
3494,SINAC_BD_0003494,37396,Bosque deciduo,1.22205892041427,SINAC - Consenso bosque deciduo 2021-2023,2021-2023,1,1,0,0
3495,SINAC_BD_0003495,37404,Bosque deciduo,2.2491636117224285,SINAC - Consenso bosque deciduo 2021-2023,2021-2023,1,0,0,0
3496,SINAC_BD_0003496,37478,Bosque deciduo,1.3007573279545215,SINAC - Consenso bosque deciduo 2021-2023,2021-2023,1,1,0,0
3497,SINAC_BD_0003497,37481,Bosque deciduo,2.680285061356984,SINAC - Consenso bosque deciduo 2021-2023,2021-2023,1,0,0,0
3498,SINAC_BD_0003498,37536,Bosque deciduo,2.8626329007724682,SINAC - Consenso bosque deciduo 2021-2023,2021-2023,1,1,0,0
3499,SINAC_BD_0003499,37537,Bosque deciduo,1.078773182778979,SINAC - Consenso bosque deciduo 2021-2023,2021-2023,0,0,0,0
3500,SINAC_BD_0003500,37538,Bosque deciduo,116.47928681240099,SINAC - Consenso bosque deciduo 2021-2023,2021-2023,1,1,1,1
3501,SINAC_BD_0003501,37539,Bosque deciduo,2.2332950314302367,SINAC - Consenso bosque deciduo 2021-2023,2021-2023,0,0,0,0
3502,SINAC_BD_0003502,37541,Bosque deciduo,1.0093970954493598,SINAC - Consenso bosque deciduo 2021-2023,2021-2023,1,0,1,0
3503,SINAC_BD_0003503,37543,Bosque deciduo,1.18,SINAC - Consenso bosque deciduo 2021-2023,2021-2023,0,0,0,0
3504,SINAC_BD_0003504,37547,Bosque deciduo,1.7041575340263655,SINAC - Consenso bosque deciduo 2021-2023,2021-2023,0,0,0,0
3505,SINAC_BD_0003505,37565,Bosque deciduo,101.24281093308264,SINAC - Consenso bosque deciduo 2021-2023,2021-2023,1,1,1,0
3506,SINAC_BD_0003506,37586,Bosque deciduo,1.11,SINAC - Consenso bosque deciduo 2021-2023,2021-2023,0,0,0,0
3507,SINAC_BD_0003507,37601,Bosque deciduo,3.666579832986885,SINAC - Consenso bosque deciduo 2021-2023,2021-2023,0,0,0,0
3508,SINAC_BD_0003508,37648,Bosque deciduo,72.56482190563086,SINAC - Consenso bosque deciduo 2021-2023,2021-2023,1,1,1,0
3509,SINAC_BD_0003509,37649,Bosque deciduo,1.23,SINAC - Consenso bosque deciduo 2021-2023,2021-2023,1,0,0,0
3510,SINAC_BD_0003510,37652,Bosque deciduo,4.298051009359389,SINAC - Consenso bosque deciduo 2021-2023,2021-2023,1,0,0,0
3511,SINAC_BD_0003511,37654,Bosque deciduo,5.393513951011298,SINAC - Consenso bosque deciduo 2021-2023,2021-2023,1,0,0,0
3512,SINAC_BD_0003512,37669,Bosque deciduo,1.1753590521144217,SINAC - Consenso bosque deciduo 2021-2023,2021-2023,0,0,0,0
3513,SINAC_BD_0003513,37671,Bosque deciduo,6.659589023995605,SINAC - Consenso bosque deciduo 2021-2023,2021-2023,1,1,0,0
3514,SINAC_BD_0003514,37672,Bosque deciduo,15.313560195936152,SINAC - Consenso bosque deciduo 2021-2023,2021-2023,1,0,1,0
3515,SINAC_BD_0003515,37674,Bosque deciduo,4.962098974418803,SINAC - Consenso bosque deciduo 2021-2023,2021-2023,1,1,0,0
3516,SINAC_BD_0003516,37678,Bosque deciduo,34.1126599626166,SINAC - Consenso bosque deciduo 2021-2023,2021-2023,1,1,0,0
3517,SINAC_BD_0003517,37679,Bosque deciduo,34.480462736843116,SINAC - Consenso bosque deciduo 2021-2023,2021-2023,1,1,1,0
3518,SINAC_BD_0003518,37683,Bosque deciduo,20.062250283626778,SINAC - Consenso bosque deciduo 2021-2023,2021-2023,1,0,0,0
3519,SINAC_BD_0003519,37684,Bosque deciduo,8.680026185729659,SINAC - Consenso bosque deciduo 2021-2023,2021-2023,1,1,0,0
3520,SINAC_BD_0003520,37687,Bosque deciduo,1.0292273361469682,SINAC - Consenso bosque deciduo 2021-2023,2021-2023,0,0,0,0
3521,SINAC_BD_0003521,37688,Bosque deciduo,4.7240610149104585,SINAC - Consenso bosque deciduo 2021-2023,2021-2023,1,0,0,0
3522,SINAC_BD_0003522,37690,Bosque deciduo,2.7155778418489853,SINAC - Consenso bosque deciduo 2021-2023,2021-2023,1,0,0,0
3523,SINAC_BD_0003523,37691,Bosque deciduo,2.7287721772924995,SINAC - Consenso bosque deciduo 2021-2023,2021-2023,0,0,0,0
3524,SINAC_BD_0003524,37694,Bosque deciduo,146.4568110394057,SINAC - Consenso bosque deciduo 2021-2023,2021-2023,1,1,1,1
3525,SINAC_BD_0003525,37698,Bosque deciduo,3.5925215151425167,SINAC - Consenso bosque deciduo 2021-2023,2021-2023,1,0,0,0
3526,SINAC_BD_0003526,37699,Bosque deciduo,3.4185518867849845,SINAC - Consenso bosque deciduo 2021-2023,2021-2023,0,0,0,0
3527,SINAC_BD_0003527,37700,Bosque deciduo,2.0964629668555403,SINAC - Consenso bosque deciduo 2021-2023,2021-2023,0,0,0,0
3528,SINAC_BD_0003528,37701,Bosque deciduo,1.0752316881430455,SINAC - Consenso bosque deciduo 2021-2023,2021-2023,0,0,0,0
3529,SINAC_BD_0003529,37702,Bosque deciduo,3.082970899154089,SINAC - Consenso bosque deciduo 2021-2023,2021-2023,1,0,0,0
3530,SINAC_BD_0003530,37703,Bosque deciduo,6.617856690463356,SINAC - Consenso bosque deciduo 2021-2023,2021-2023,1,0,0,0
3531,SINAC_BD_0003531,37704,Bosque deciduo,7.4206303500893975,SINAC - Consenso bosque deciduo 2021-2023,2021-2023,1,1,0,0
3532,SINAC_BD_0003532,37705,Bosque deciduo,3.821794153455825,SINAC - Consenso bosque deciduo 2021-2023,2021-2023,1,0,0,0
3533,SINAC_BD_0003533,37706,Bosque deciduo,3.210097168949715,SINAC - Consenso bosque deciduo 2021-2023,2021-2023,0,0,0,0
3534,SINAC_BD_0003534,37708,Bosque deciduo,5.4692169311104895,SINAC - Consenso bosque deciduo 2021-2023,2021-2023,1,0,0,0
3535,SINAC_BD_0003535,37709,Bosque deciduo,13.401256226189886,SINAC - Consenso bosque deciduo 2021-2023,2021-2023,1,1,0,0
3536,SINAC_BD_0003536,37710,Bosque deciduo,74.10917299735513,SINAC - Consenso bosque deciduo 2021-2023,2021-2023,1,1,1,0
3537,SINAC_BD_0003537,37717,Bosque deciduo,1.28,SINAC - Consenso bosque deciduo 2021-2023,2021-2023,1,0,0,0
3538,SINAC_BD_0003538,37720,Bosque deciduo,1.7570688460372688,SINAC - Consenso bosque deciduo 2021-2023,2021-2023,1,0,0,0
3539,SINAC_BD_0003539,37738,Bosque deciduo,1.0147428556514375,SINAC - Consenso bosque deciduo 2021-2023,2021-2023,1,0,0,0
3540,SINAC_BD_0003540,37757,Bosque deciduo,12.256022477127113,SINAC - Consenso bosque deciduo 2021-2023,2021-2023,1,0,0,0
3541,SINAC_BD_0003541,37785,Bosque deciduo,1.096868477035469,SINAC - Consenso bosque deciduo 2021-2023,2021-2023,0,0,1,0
3542,SINAC_BD_0003542,37801,Bosque deciduo,2.184254032118664,SINAC - Consenso bosque deciduo 2021-2023,2021-2023,0,0,0,0
3543,SINAC_BD_0003543,37842,Bosque deciduo,40.47,SINAC - Consenso bosque deciduo 2021-2023,2021-2023,1,1,0,0
3544,SINAC_BD_0003544,37889,Bosque deciduo,1.6334097910710128,SINAC - Consenso bosque deciduo 2021-2023,2021-2023,1,0,0,0
3545,SINAC_BD_0003545,37910,Bosque deciduo,1.0613182297283956,SINAC - Consenso bosque deciduo 2021-2023,2021-2023,1,1,0,0
3546,SINAC_BD_0003546,37912,Bosque deciduo,3.4022805110346295,SINAC - Consenso bosque deciduo 2021-2023,2021-2023,0,0,0,0
3547,SINAC_BD_0003547,37913,Bosque deciduo,3.451389983895463,SINAC - Consenso bosque deciduo 2021-2023,2021-2023,1,1,0,0
3548,SINAC_BD_0003548,37925,Bosque deciduo,2.7445644875979425,SINAC - Consenso bosque deciduo 2021-2023,2021-2023,0,0,0,0
3549,SINAC_BD_0003549,37941,Bosque deciduo,3.984718003093345,SINAC - Consenso bosque deciduo 2021-2023,2021-2023,1,1,0,0
3550,SINAC_BD_0003550,37960,Bosque deciduo,5.574677461843617,SINAC - Consenso bosque deciduo 2021-2023,2021-2023,1,0,0,0
3551,SINAC_BD_0003551,37961,Bosque deciduo,1.30935938158845,SINAC - Consenso bosque deciduo 2021-2023,2021-2023,1,0,0,0
3552,SINAC_BD_0003552,37971,Bosque deciduo,5.918905850187121,SINAC - Consenso bosque deciduo 2021-2023,2021-2023,1,1,0,0
3553,SINAC_BD_0003553,37973,Bosque deciduo,1.3143093438439393,SINAC - Consenso bosque deciduo 2021-2023,2021-2023,1,1,0,0
3554,SINAC_BD_0003554,37995,Bosque deciduo,2.756575015433078,SINAC - Consenso bosque deciduo 2021-2023,2021-2023,1,1,0,0
3555,SINAC_BD_0003555,37996,Bosque deciduo,2.3793467143661307,SINAC - Consenso bosque deciduo 2021-2023,2021-2023,1,1,0,0
3556,SINAC_BD_0003556,38018,Bosque deciduo,79.8721191009807,SINAC - Consenso bosque deciduo 2021-2023,2021-2023,1,1,0,1
3557,SINAC_BD_0003557,38019,Bosque deciduo,2.057518851700848,SINAC - Consenso bosque deciduo 2021-2023,2021-2023,0,0,0,0
3558,SINAC_BD_0003558,38022,Bosque deciduo,2.3374842851199484,SINAC - Consenso bosque deciduo 2021-2023,2021-2023,1,0,0,0
3559,SINAC_BD_0003559,38024,Bosque deciduo,2.0436426996467376,SINAC - Consenso bosque deciduo 2021-2023,2021-2023,1,0,0,0
3560,SINAC_BD_0003560,38073,Bosque deciduo,1.72,SINAC - Consenso bosque deciduo 2021-2023,2021-2023,0,0,0,0
3561,SINAC_BD_0003561,38074,Bosque deciduo,4.768804459987469,SINAC - Consenso bosque deciduo 2021-2023,2021-2023,1,1,0,0
3562,SINAC_BD_0003562,38082,Bosque deciduo,1.2450283088686338,SINAC - Consenso bosque deciduo 2021-2023,2021-2023,1,1,1,0
3563,SINAC_BD_0003563,38092,Bosque deciduo,3.99,SINAC - Consenso bosque deciduo 2021-2023,2021-2023,1,0,0,0
3564,SINAC_BD_0003564,38116,Bosque deciduo,2.16,SINAC - Consenso bosque deciduo 2021-2023,2021-2023,0,0,0,0
3565,SINAC_BD_0003565,38117,Bosque deciduo,9.340793399426456,SINAC - Consenso bosque deciduo 2021-2023,2021-2023,1,1,1,0
3566,SINAC_BD_0003566,38120,Bosque deciduo,1.2817308474741207,SINAC - Consenso bosque deciduo 2021-2023,2021-2023,1,0,0,0
3567,SINAC_BD_0003567,38121,Bosque deciduo,3.67,SINAC - Consenso bosque deciduo 2021-2023,2021-2023,0,0,0,0
3568,SINAC_BD_0003568,38131,Bosque deciduo,6.562857667699273,SINAC - Consenso bosque deciduo 2021-2023,2021-2023,1,0,0,0
3569,SINAC_BD_0003569,38142,Bosque deciduo,1.515370993719151,SINAC - Consenso bosque deciduo 2021-2023,2021-2023,1,0,0,0
3570,SINAC_BD_0003570,38180,Bosque deciduo,1.6849530445685497,SINAC - Consenso bosque deciduo 2021-2023,2021-2023,0,0,0,0
3571,SINAC_BD_0003571,38183,Bosque deciduo,1.8399439837010587,SINAC - Consenso bosque deciduo 2021-2023,2021-2023,0,0,0,0
3572,SINAC_BD_0003572,38185,Bosque deciduo,1.685133569270972,SINAC - Consenso bosque deciduo 2021-2023,2021-2023,1,1,0,0
3573,SINAC_BD_0003573,38190,Bosque deciduo,1.5707173146405875,SINAC - Consenso bosque deciduo 2021-2023,2021-2023,1,1,0,0
3574,SINAC_BD_0003574,38219,Bosque deciduo,2.6298397570499286,SINAC - Consenso bosque deciduo 2021-2023,2021-2023,1,1,1,0
3575,SINAC_BD_0003575,38240,Bosque deciduo,2.1946174958722606,SINAC - Consenso bosque deciduo 2021-2023,2021-2023,1,0,0,0
3576,SINAC_BD_0003576,38244,Bosque deciduo,13.00963147076262,SINAC - Consenso bosque deciduo 2021-2023,2021-2023,1,1,0,0
3577,SINAC_BD_0003577,38273,Bosque deciduo,1.2357295819272955,SINAC - Consenso bosque deciduo 2021-2023,2021-2023,0,0,0,0
3578,SINAC_BD_0003578,38276,Bosque deciduo,16.761250085874284,SINAC - Consenso bosque deciduo 2021-2023,2021-2023,1,1,0,0
3579,SINAC_BD_0003579,38280,Bosque deciduo,1.339116214105499,SINAC - Consenso bosque deciduo 2021-2023,2021-2023,1,1,0,0
3580,SINAC_BD_0003580,38283,Bosque deciduo,1.04,SINAC - Consenso bosque deciduo 2021-2023,2021-2023,0,0,0,0
3581,SINAC_BD_0003581,38317,Bosque deciduo,1.15,SINAC - Consenso bosque deciduo 2021-2023,2021-2023,0,0,0,0
3582,SINAC_BD_0003582,38320,Bosque deciduo,1.377888214989562,SINAC - Consenso bosque deciduo 2021-2023,2021-2023,0,0,0,0
3583,SINAC_BD_0003583,38321,Bosque deciduo,3.4132178154770094,SINAC - Consenso bosque deciduo 2021-2023,2021-2023,0,0,0,0
3584,SINAC_BD_0003584,38347,Bosque deciduo,1.9975154537801805,SINAC - Consenso bosque deciduo 2021-2023,2021-2023,0,0,0,0
3585,SINAC_BD_0003585,38356,Bosque deciduo,1.709746386333132,SINAC - Consenso bosque deciduo 2021-2023,2021-2023,0,0,0,0
3586,SINAC_BD_0003586,38388,Bosque deciduo,3.727959860513611,SINAC - Consenso bosque deciduo 2021-2023,2021-2023,0,0,0,0
3587,SINAC_BD_0003587,38397,Bosque deciduo,3.424001753360658,SINAC - Consenso bosque deciduo 2021-2023,2021-2023,1,0,1,0
3588,SINAC_BD_0003588,38398,Bosque deciduo,21.501108127970102,SINAC - Consenso bosque deciduo 2021-2023,2021-2023,1,1,0,0
3589,SINAC_BD_0003589,38402,Bosque deciduo,12.010192641552978,SINAC - Consenso bosque deciduo 2021-2023,2021-2023,1,1,1,0
3590,SINAC_BD_0003590,38434,Bosque deciduo,6.078549350724151,SINAC - Consenso bosque deciduo 2021-2023,2021-2023,0,0,0,0
3591,SINAC_BD_0003591,38436,Bosque deciduo,4.523274922917294,SINAC - Consenso bosque deciduo 2021-2023,2021-2023,1,1,0,0
3592,SINAC_BD_0003592,38446,Bosque deciduo,4.701067545004836,SINAC - Consenso bosque deciduo 2021-2023,2021-2023,1,0,0,0
3593,SINAC_BD_0003593,38454,Bosque deciduo,3.9032532256880135,SINAC - Consenso bosque deciduo 2021-2023,2021-2023,1,0,0,0
3594,SINAC_BD_0003594,38473,Bosque deciduo,2.5215694843112626,SINAC - Consenso bosque deciduo 2021-2023,2021-2023,1,0,0,0
3595,SINAC_BD_0003595,38476,Bosque deciduo,1.546993953235215,SINAC - Consenso bosque deciduo 2021-2023,2021-2023,1,1,0,0
3596,SINAC_BD_0003596,38539,Bosque deciduo,1.6264532249482586,SINAC - Consenso bosque deciduo 2021-2023,2021-2023,1,0,0,0
3597,SINAC_BD_0003597,38540,Bosque deciduo,1.97,SINAC - Consenso bosque deciduo 2021-2023,2021-2023,0,0,0,0
3598,SINAC_BD_0003598,38542,Bosque deciduo,1.824179176765237,SINAC - Consenso bosque deciduo 2021-2023,2021-2023,0,0,0,0
3599,SINAC_BD_0003599,38556,Bosque deciduo,2.2702245644252357,SINAC - Consenso bosque deciduo 2021-2023,2021-2023,1,0,0,0
3600,SINAC_BD_0003600,38560,Bosque deciduo,12.765217975946928,SINAC - Consenso bosque deciduo 2021-2023,2021-2023,1,1,1,0
3601,SINAC_BD_0003601,38574,Bosque deciduo,1.1509273767738442,SINAC - Consenso bosque deciduo 2021-2023,2021-2023,0,0,0,0
3602,SINAC_BD_0003602,38613,Bosque deciduo,2.1,SINAC - Consenso bosque deciduo 2021-2023,2021-2023,0,0,0,0
3603,SINAC_BD_0003603,38615,Bosque deciduo,1.3281563448241407,SINAC - Consenso bosque deciduo 2021-2023,2021-2023,1,1,0,0
3604,SINAC_BD_0003604,38621,Bosque deciduo,1.18,SINAC - Consenso bosque deciduo 2021-2023,2021-2023,0,0,0,0
3605,SINAC_BD_0003605,38674,Bosque deciduo,1.01,SINAC - Consenso bosque deciduo 2021-2023,2021-2023,0,0,0,0
3606,SINAC_BD_0003606,38712,Bosque deciduo,27.51105679274733,SINAC - Consenso bosque deciduo 2021-2023,2021-2023,1,0,0,0
3607,SINAC_BD_0003607,38745,Bosque deciduo,1.2925445036154946,SINAC - Consenso bosque deciduo 2021-2023,2021-2023,0,0,0,0
3608,SINAC_BD_0003608,38751,Bosque deciduo,2.701964020615227,SINAC - Consenso bosque deciduo 2021-2023,2021-2023,1,1,0,0
3609,SINAC_BD_0003609,38826,Bosque deciduo,1.9398323229513073,SINAC - Consenso bosque deciduo 2021-2023,2021-2023,1,0,0,0
3610,SINAC_BD_0003610,38827,Bosque deciduo,1.08,SINAC - Consenso bosque deciduo 2021-2023,2021-2023,0,0,0,0
3611,SINAC_BD_0003611,38828,Bosque deciduo,12.583132313846436,SINAC - Consenso bosque deciduo 2021-2023,2021-2023,1,0,1,0
3612,SINAC_BD_0003612,38847,Bosque deciduo,2.7489509579931664,SINAC - Consenso bosque deciduo 2021-2023,2021-2023,1,0,0,0
3613,SINAC_BD_0003613,38851,Bosque deciduo,1.46,SINAC - Consenso bosque deciduo 2021-2023,2021-2023,1,1,0,0
3614,SINAC_BD_0003614,38862,Bosque deciduo,1.9791189004694938,SINAC - Consenso bosque deciduo 2021-2023,2021-2023,1,1,0,0
3615,SINAC_BD_0003615,38870,Bosque deciduo,3.8943802481491074,SINAC - Consenso bosque deciduo 2021-2023,2021-2023,1,1,1,0
3616,SINAC_BD_0003616,38890,Bosque deciduo,18.243042786870294,SINAC - Consenso bosque deciduo 2021-2023,2021-2023,1,1,1,1
3617,SINAC_BD_0003617,38892,Bosque deciduo,1.1094549056673735,SINAC - Consenso bosque deciduo 2021-2023,2021-2023,1,0,0,0
3618,SINAC_BD_0003618,38893,Bosque deciduo,2.896046574161671,SINAC - Consenso bosque deciduo 2021-2023,2021-2023,1,1,0,0
3619,SINAC_BD_0003619,38894,Bosque deciduo,2.693390276342879,SINAC - Consenso bosque deciduo 2021-2023,2021-2023,0,0,0,0
3620,SINAC_BD_0003620,38919,Bosque deciduo,1.7520068038490728,SINAC - Consenso bosque deciduo 2021-2023,2021-2023,0,0,0,0
3621,SINAC_BD_0003621,38935,Bosque deciduo,1.0771095126307242,SINAC - Consenso bosque deciduo 2021-2023,2021-2023,0,0,0,0
3622,SINAC_BD_0003622,38946,Bosque deciduo,4.0338838730616935,SINAC - Consenso bosque deciduo 2021-2023,2021-2023,1,1,0,0
3623,SINAC_BD_0003623,38947,Bosque deciduo,1.75,SINAC - Consenso bosque deciduo 2021-2023,2021-2023,0,0,0,0
3624,SINAC_BD_0003624,38948,Bosque deciduo,1.97,SINAC - Consenso bosque deciduo 2021-2023,2021-2023,0,0,0,0
3625,SINAC_BD_0003625,38949,Bosque deciduo,1.7910106255695872,SINAC - Consenso bosque deciduo 2021-2023,2021-2023,0,0,0,0
3626,SINAC_BD_0003626,38950,Bosque deciduo,9.43472181785285,SINAC - Consenso bosque deciduo 2021-2023,2021-2023,1,1,0,0
3627,SINAC_BD_0003627,38955,Bosque deciduo,2.55,SINAC - Consenso bosque deciduo 2021-2023,2021-2023,1,0,0,0
3628,SINAC_BD_0003628,38956,Bosque deciduo,1.6022229009209965,SINAC - Consenso bosque deciduo 2021-2023,2021-2023,1,0,0,0
3629,SINAC_BD_0003629,38959,Bosque deciduo,2.1868724384652753,SINAC - Consenso bosque deciduo 2021-2023,2021-2023,1,0,1,0
3630,SINAC_BD_0003630,38979,Bosque deciduo,43.63981709029106,SINAC - Consenso bosque deciduo 2021-2023,2021-2023,0,0,0,0
3631,SINAC_BD_0003631,39003,Bosque deciduo,1.61,SINAC - Consenso bosque deciduo 2021-2023,2021-2023,1,1,0,0
3632,SINAC_BD_0003632,39010,Bosque deciduo,3.819524917394469,SINAC - Consenso bosque deciduo 2021-2023,2021-2023,1,0,0,0
3633,SINAC_BD_0003633,39011,Bosque deciduo,6.947186006017176,SINAC - Consenso bosque deciduo 2021-2023,2021-2023,0,0,0,0
3634,SINAC_BD_0003634,39018,Bosque deciduo,1.1579029368369689,SINAC - Consenso bosque deciduo 2021-2023,2021-2023,0,0,0,0
3635,SINAC_BD_0003635,39020,Bosque deciduo,1.3675355050518732,SINAC - Consenso bosque deciduo 2021-2023,2021-2023,1,0,0,0
3636,SINAC_BD_0003636,39022,Bosque deciduo,1.44474328700938,SINAC - Consenso bosque deciduo 2021-2023,2021-2023,0,0,0,0
3637,SINAC_BD_0003637,39038,Bosque deciduo,1.2191618811196496,SINAC - Consenso bosque deciduo 2021-2023,2021-2023,0,0,1,0
3638,SINAC_BD_0003638,39039,Bosque deciduo,2.044987165806239,SINAC - Consenso bosque deciduo 2021-2023,2021-2023,0,0,0,0
3639,SINAC_BD_0003639,39049,Bosque deciduo,1.8467887909352398,SINAC - Consenso bosque deciduo 2021-2023,2021-2023,0,1,0,0
3640,SINAC_BD_0003640,39055,Bosque deciduo,3.8137776350987305,SINAC - Consenso bosque deciduo 2021-2023,2021-2023,1,0,0,0
3641,SINAC_BD_0003641,39071,Bosque deciduo,79.11849026768698,SINAC - Consenso bosque deciduo 2021-2023,2021-2023,1,1,0,0
3642,SINAC_BD_0003642,39072,Bosque deciduo,1.163570481772895,SINAC - Consenso bosque deciduo 2021-2023,2021-2023,1,0,0,0
3643,SINAC_BD_0003643,39119,Bosque deciduo,2.86,SINAC - Consenso bosque deciduo 2021-2023,2021-2023,0,0,0,0
3644,SINAC_BD_0003644,39127,Bosque deciduo,2.153884853120945,SINAC - Consenso bosque deciduo 2021-2023,2021-2023,0,0,0,0
3645,SINAC_BD_0003645,39130,Bosque deciduo,2.249984786619908,SINAC - Consenso bosque deciduo 2021-2023,2021-2023,1,1,0,0
3646,SINAC_BD_0003646,39133,Bosque deciduo,1.0786823227767648,SINAC - Consenso bosque deciduo 2021-2023,2021-2023,0,1,0,0
3647,SINAC_BD_0003647,39160,Bosque deciduo,3.130372397402595,SINAC - Consenso bosque deciduo 2021-2023,2021-2023,0,0,0,0
3648,SINAC_BD_0003648,39161,Bosque deciduo,49.27240504235262,SINAC - Consenso bosque deciduo 2021-2023,2021-2023,1,1,1,0
3649,SINAC_BD_0003649,39172,Bosque deciduo,4.090238481273349,SINAC - Consenso bosque deciduo 2021-2023,2021-2023,1,1,0,0
3650,SINAC_BD_0003650,39173,Bosque deciduo,1.6419590929133518,SINAC - Consenso bosque deciduo 2021-2023,2021-2023,1,0,1,0
3651,SINAC_BD_0003651,39180,Bosque deciduo,8.173139730865838,SINAC - Consenso bosque deciduo 2021-2023,2021-2023,1,0,0,0
3652,SINAC_BD_0003652,39199,Bosque deciduo,29.54698064652895,SINAC - Consenso bosque deciduo 2021-2023,2021-2023,1,1,0,0
3653,SINAC_BD_0003653,39201,Bosque deciduo,1.299508942145311,SINAC - Consenso bosque deciduo 2021-2023,2021-2023,1,0,0,0
3654,SINAC_BD_0003654,39237,Bosque deciduo,27.406146140507346,SINAC - Consenso bosque deciduo 2021-2023,2021-2023,1,1,1,0
3655,SINAC_BD_0003655,39251,Bosque deciduo,2.79,SINAC - Consenso bosque deciduo 2021-2023,2021-2023,1,1,0,0
3656,SINAC_BD_0003656,39280,Bosque deciduo,1.601722219910734,SINAC - Consenso bosque deciduo 2021-2023,2021-2023,0,0,0,0
3657,SINAC_BD_0003657,39281,Bosque deciduo,1.426680276578754,SINAC - Consenso bosque deciduo 2021-2023,2021-2023,1,0,1,0
3658,SINAC_BD_0003658,39289,Bosque deciduo,1.37,SINAC - Consenso bosque deciduo 2021-2023,2021-2023,1,1,0,0
3659,SINAC_BD_0003659,39312,Bosque deciduo,1.4607246101746278,SINAC - Consenso bosque deciduo 2021-2023,2021-2023,1,0,0,0
3660,SINAC_BD_0003660,39313,Bosque deciduo,1.7902701684381093,SINAC - Consenso bosque deciduo 2021-2023,2021-2023,1,0,0,0
3661,SINAC_BD_0003661,39318,Bosque deciduo,1.8369632581819435,SINAC - Consenso bosque deciduo 2021-2023,2021-2023,1,0,0,0
3662,SINAC_BD_0003662,39320,Bosque deciduo,1.06,SINAC - Consenso bosque deciduo 2021-2023,2021-2023,0,0,0,0
3663,SINAC_BD_0003663,39328,Bosque deciduo,1.163727841492626,SINAC - Consenso bosque deciduo 2021-2023,2021-2023,0,0,0,0
3664,SINAC_BD_0003664,39367,Bosque deciduo,1.5384972867791842,SINAC - Consenso bosque deciduo 2021-2023,2021-2023,1,1,0,0
3665,SINAC_BD_0003665,39368,Bosque deciduo,1.2682394663128702,SINAC - Consenso bosque deciduo 2021-2023,2021-2023,1,1,1,0
3666,SINAC_BD_0003666,39379,Bosque deciduo,2.902124816127459,SINAC - Consenso bosque deciduo 2021-2023,2021-2023,1,1,0,0
3667,SINAC_BD_0003667,39392,Bosque deciduo,1.2969615677732134,SINAC - Consenso bosque deciduo 2021-2023,2021-2023,0,1,0,0
3668,SINAC_BD_0003668,39397,Bosque deciduo,178.30711296463107,SINAC - Consenso bosque deciduo 2021-2023,2021-2023,1,1,1,0
3669,SINAC_BD_0003669,39400,Bosque deciduo,7.6,SINAC - Consenso bosque deciduo 2021-2023,2021-2023,0,0,0,0
3670,SINAC_BD_0003670,39429,Bosque deciduo,1.3694479593474895,SINAC - Consenso bosque deciduo 2021-2023,2021-2023,0,0,0,0
3671,SINAC_BD_0003671,39432,Bosque deciduo,1.06,SINAC - Consenso bosque deciduo 2021-2023,2021-2023,0,0,0,0
3672,SINAC_BD_0003672,39434,Bosque deciduo,1.283214273978184,SINAC - Consenso bosque deciduo 2021-2023,2021-2023,0,0,0,0
3673,SINAC_BD_0003673,39451,Bosque deciduo,9.983176897709821,SINAC - Consenso bosque deciduo 2021-2023,2021-2023,1,1,1,0
3674,SINAC_BD_0003674,39456,Bosque deciduo,1.9768367613586597,SINAC - Consenso bosque deciduo 2021-2023,2021-2023,0,0,0,0
3675,SINAC_BD_0003675,39464,Bosque deciduo,21.71214532188449,SINAC - Consenso bosque deciduo 2021-2023,2021-2023,1,1,1,0
3676,SINAC_BD_0003676,39476,Bosque deciduo,1.7353304189156862,SINAC - Consenso bosque deciduo 2021-2023,2021-2023,1,0,0,0
3677,SINAC_BD_0003677,39483,Bosque deciduo,4.020028187398451,SINAC - Consenso bosque deciduo 2021-2023,2021-2023,1,1,1,0
3678,SINAC_BD_0003678,39484,Bosque deciduo,1.4187721547385002,SINAC - Consenso bosque deciduo 2021-2023,2021-2023,0,0,0,0
3679,SINAC_BD_0003679,39487,Bosque deciduo,14.67842343222653,SINAC - Consenso bosque deciduo 2021-2023,2021-2023,1,0,0,0
3680,SINAC_BD_0003680,39493,Bosque deciduo,994.3738949894295,SINAC - Consenso bosque deciduo 2021-2023,2021-2023,1,1,1,1
3681,SINAC_BD_0003681,39495,Bosque deciduo,1.1009438819701733,SINAC - Consenso bosque deciduo 2021-2023,2021-2023,1,0,0,0
3682,SINAC_BD_0003682,39500,Bosque deciduo,1.2316862096667374,SINAC - Consenso bosque deciduo 2021-2023,2021-2023,1,0,0,0
3683,SINAC_BD_0003683,39501,Bosque deciduo,7.831723049901578,SINAC - Consenso bosque deciduo 2021-2023,2021-2023,1,1,0,0
3684,SINAC_BD_0003684,39502,Bosque deciduo,49.514926841250926,SINAC - Consenso bosque deciduo 2021-2023,2021-2023,1,1,0,0
3685,SINAC_BD_0003685,39516,Bosque deciduo,1.8502577961733353,SINAC - Consenso bosque deciduo 2021-2023,2021-2023,1,0,0,0
3686,SINAC_BD_0003686,39532,Bosque deciduo,3.2327900877052147,SINAC - Consenso bosque deciduo 2021-2023,2021-2023,0,0,0,0
3687,SINAC_BD_0003687,39538,Bosque deciduo,1133.6262687135822,SINAC - Consenso bosque deciduo 2021-2023,2021-2023,1,1,1,1
3688,SINAC_BD_0003688,39539,Bosque deciduo,3.2743796153635123,SINAC - Consenso bosque deciduo 2021-2023,2021-2023,0,0,0,0
3689,SINAC_BD_0003689,39558,Bosque deciduo,1.06,SINAC - Consenso bosque deciduo 2021-2023,2021-2023,1,0,0,0
3690,SINAC_BD_0003690,39559,Bosque deciduo,3.7533921802879116,SINAC - Consenso bosque deciduo 2021-2023,2021-2023,1,1,0,0
3691,SINAC_BD_0003691,39574,Bosque deciduo,22.924013087100747,SINAC - Consenso bosque deciduo 2021-2023,2021-2023,1,0,0,0
3692,SINAC_BD_0003692,39577,Bosque deciduo,3.879372005939902,SINAC - Consenso bosque deciduo 2021-2023,2021-2023,1,1,0,0
3693,SINAC_BD_0003693,39579,Bosque deciduo,5.2242738236911075,SINAC - Consenso bosque deciduo 2021-2023,2021-2023,1,1,0,0
3694,SINAC_BD_0003694,39589,Bosque deciduo,1.25,SINAC - Consenso bosque deciduo 2021-2023,2021-2023,0,0,0,0
3695,SINAC_BD_0003695,39635,Bosque deciduo,2.2487533096298282,SINAC - Consenso bosque deciduo 2021-2023,2021-2023,1,0,0,0
3696,SINAC_BD_0003696,39639,Bosque deciduo,9.541076044426548,SINAC - Consenso bosque deciduo 2021-2023,2021-2023,1,1,1,1
3697,SINAC_BD_0003697,39642,Bosque deciduo,2.091321617210673,SINAC - Consenso bosque deciduo 2021-2023,2021-2023,0,0,0,0
3698,SINAC_BD_0003698,39644,Bosque deciduo,3.2226846788548116,SINAC - Consenso bosque deciduo 2021-2023,2021-2023,1,1,0,0
3699,SINAC_BD_0003699,39653,Bosque deciduo,5.848851581040015,SINAC - Consenso bosque deciduo 2021-2023,2021-2023,1,1,0,0
3700,SINAC_BD_0003700,39655,Bosque deciduo,6.439019258312833,SINAC - Consenso bosque deciduo 2021-2023,2021-2023,1,1,1,1
3701,SINAC_BD_0003701,39657,Bosque deciduo,3.7062878981439935,SINAC - Consenso bosque deciduo 2021-2023,2021-2023,1,1,0,0
3702,SINAC_BD_0003702,39687,Bosque deciduo,5.887449147721666,SINAC - Consenso bosque deciduo 2021-2023,2021-2023,1,0,0,0
3703,SINAC_BD_0003703,39691,Bosque deciduo,23.319135987698694,SINAC - Consenso bosque deciduo 2021-2023,2021-2023,1,1,1,0
3704,SINAC_BD_0003704,39705,Bosque deciduo,2.128224397359631,SINAC - Consenso bosque deciduo 2021-2023,2021-2023,1,0,0,0
3705,SINAC_BD_0003705,39714,Bosque deciduo,14.244781766304882,SINAC - Consenso bosque deciduo 2021-2023,2021-2023,1,1,0,0
3706,SINAC_BD_0003706,39752,Bosque deciduo,3.0180643396637743,SINAC - Consenso bosque deciduo 2021-2023,2021-2023,1,1,1,0
3707,SINAC_BD_0003707,39755,Bosque deciduo,1.166057107821171,SINAC - Consenso bosque deciduo 2021-2023,2021-2023,1,0,0,0
3708,SINAC_BD_0003708,39789,Bosque deciduo,1.7167450671695093,SINAC - Consenso bosque deciduo 2021-2023,2021-2023,0,0,0,0
3709,SINAC_BD_0003709,39800,Bosque deciduo,2.4885282192862586,SINAC - Consenso bosque deciduo 2021-2023,2021-2023,0,0,0,0
3710,SINAC_BD_0003710,39807,Bosque deciduo,2.2631540170840783,SINAC - Consenso bosque deciduo 2021-2023,2021-2023,0,0,0,0
3711,SINAC_BD_0003711,39808,Bosque deciduo,2.99,SINAC - Consenso bosque deciduo 2021-2023,2021-2023,0,0,0,0
3712,SINAC_BD_0003712,39823,Bosque deciduo,6.4231383267040325,SINAC - Consenso bosque deciduo 2021-2023,2021-2023,1,1,0,0
3713,SINAC_BD_0003713,39826,Bosque deciduo,34.56964761257487,SINAC - Consenso bosque deciduo 2021-2023,2021-2023,1,1,1,0
3714,SINAC_BD_0003714,39827,Bosque deciduo,2.5183364877221908,SINAC - Consenso bosque deciduo 2021-2023,2021-2023,1,0,0,0
3715,SINAC_BD_0003715,39860,Bosque deciduo,9.758970915629183,SINAC - Consenso bosque deciduo 2021-2023,2021-2023,1,0,0,0
3716,SINAC_BD_0003716,39872,Bosque deciduo,23.099642303473736,SINAC - Consenso bosque deciduo 2021-2023,2021-2023,1,1,1,0
3717,SINAC_BD_0003717,39889,Bosque deciduo,1.22,SINAC - Consenso bosque deciduo 2021-2023,2021-2023,0,0,0,0
3718,SINAC_BD_0003718,39891,Bosque deciduo,1.0327165779057947,SINAC - Consenso bosque deciduo 2021-2023,2021-2023,0,0,0,0
3719,SINAC_BD_0003719,39893,Bosque deciduo,1.55,SINAC - Consenso bosque deciduo 2021-2023,2021-2023,0,0,0,0
3720,SINAC_BD_0003720,39897,Bosque deciduo,1.1,SINAC - Consenso bosque deciduo 2021-2023,2021-2023,1,1,0,0
3721,SINAC_BD_0003721,39904,Bosque deciduo,1.3233092652684182,SINAC - Consenso bosque deciduo 2021-2023,2021-2023,1,1,1,0
3722,SINAC_BD_0003722,39986,Bosque deciduo,3.539414663386063,SINAC - Consenso bosque deciduo 2021-2023,2021-2023,1,0,0,0
3723,SINAC_BD_0003723,39991,Bosque deciduo,2.180284564824165,SINAC - Consenso bosque deciduo 2021-2023,2021-2023,1,1,0,0
3724,SINAC_BD_0003724,39998,Bosque deciduo,2.31310991482493,SINAC - Consenso bosque deciduo 2021-2023,2021-2023,1,1,0,0
3725,SINAC_BD_0003725,40001,Bosque deciduo,9.740996507009653,SINAC - Consenso bosque deciduo 2021-2023,2021-2023,1,1,0,0
3726,SINAC_BD_0003726,40053,Bosque deciduo,1.17,SINAC - Consenso bosque deciduo 2021-2023,2021-2023,1,1,0,0
3727,SINAC_BD_0003727,40054,Bosque deciduo,3.006881176095674,SINAC - Consenso bosque deciduo 2021-2023,2021-2023,1,1,0,0
3728,SINAC_BD_0003728,40063,Bosque deciduo,1.0090237879007031,SINAC - Consenso bosque deciduo 2021-2023,2021-2023,0,0,0,0
3729,SINAC_BD_0003729,40075,Bosque deciduo,1.119117110759998,SINAC - Consenso bosque deciduo 2021-2023,2021-2023,0,0,0,0
3730,SINAC_BD_0003730,40079,Bosque deciduo,8.01,SINAC - Consenso bosque deciduo 2021-2023,2021-2023,1,0,1,0
3731,SINAC_BD_0003731,40083,Bosque deciduo,2.09,SINAC - Consenso bosque deciduo 2021-2023,2021-2023,1,0,0,0
3732,SINAC_BD_0003732,40091,Bosque deciduo,2.908931502215341,SINAC - Consenso bosque deciduo 2021-2023,2021-2023,1,1,0,0
3733,SINAC_BD_0003733,40092,Bosque deciduo,1.3122654150013187,SINAC - Consenso bosque deciduo 2021-2023,2021-2023,0,0,0,0
3734,SINAC_BD_0003734,40093,Bosque deciduo,16.986495482175034,SINAC - Consenso bosque deciduo 2021-2023,2021-2023,0,0,0,0
3735,SINAC_BD_0003735,40094,Bosque deciduo,1.1440887113590814,SINAC - Consenso bosque deciduo 2021-2023,2021-2023,1,0,0,0
3736,SINAC_BD_0003736,40096,Bosque deciduo,3.637747251784992,SINAC - Consenso bosque deciduo 2021-2023,2021-2023,1,0,0,0
3737,SINAC_BD_0003737,40097,Bosque deciduo,817.2634013550945,SINAC - Consenso bosque deciduo 2021-2023,2021-2023,1,1,1,1
3738,SINAC_BD_0003738,40100,Bosque deciduo,1.05,SINAC - Consenso bosque deciduo 2021-2023,2021-2023,1,0,0,0
3739,SINAC_BD_0003739,40101,Bosque deciduo,1.1894351839914412,SINAC - Consenso bosque deciduo 2021-2023,2021-2023,0,0,0,0
3740,SINAC_BD_0003740,40120,Bosque deciduo,1.3072418285485425,SINAC - Consenso bosque deciduo 2021-2023,2021-2023,0,0,0,0
3741,SINAC_BD_0003741,40137,Bosque deciduo,2.0342548912167384,SINAC - Consenso bosque deciduo 2021-2023,2021-2023,0,0,0,0
3742,SINAC_BD_0003742,40140,Bosque deciduo,5.52755934533759,SINAC - Consenso bosque deciduo 2021-2023,2021-2023,1,1,1,1
3743,SINAC_BD_0003743,40145,Bosque deciduo,15.086900992815584,SINAC - Consenso bosque deciduo 2021-2023,2021-2023,1,1,1,0
3744,SINAC_BD_0003744,40158,Bosque deciduo,1.2714056292676328,SINAC - Consenso bosque deciduo 2021-2023,2021-2023,1,0,0,0
3745,SINAC_BD_0003745,40166,Bosque deciduo,6.777062427408411,SINAC - Consenso bosque deciduo 2021-2023,2021-2023,0,0,0,0
3746,SINAC_BD_0003746,40172,Bosque deciduo,3.943421791692612,SINAC - Consenso bosque deciduo 2021-2023,2021-2023,1,0,0,0
3747,SINAC_BD_0003747,40192,Bosque deciduo,1.0068492223421002,SINAC - Consenso bosque deciduo 2021-2023,2021-2023,0,0,0,0
3748,SINAC_BD_0003748,40209,Bosque deciduo,1.2676397465702307,SINAC - Consenso bosque deciduo 2021-2023,2021-2023,0,0,0,0
3749,SINAC_BD_0003749,40239,Bosque deciduo,1.740665208131343,SINAC - Consenso bosque deciduo 2021-2023,2021-2023,1,1,1,0
3750,SINAC_BD_0003750,40253,Bosque deciduo,2.1114268982401363,SINAC - Consenso bosque deciduo 2021-2023,2021-2023,1,1,1,0
3751,SINAC_BD_0003751,40271,Bosque deciduo,1.1106623559252644,SINAC - Consenso bosque deciduo 2021-2023,2021-2023,0,0,0,0
3752,SINAC_BD_0003752,40276,Bosque deciduo,10.963528720939713,SINAC - Consenso bosque deciduo 2021-2023,2021-2023,1,1,0,0
3753,SINAC_BD_0003753,40277,Bosque deciduo,1.4845259743658925,SINAC - Consenso bosque deciduo 2021-2023,2021-2023,0,0,0,0
3754,SINAC_BD_0003754,40292,Bosque deciduo,1.18,SINAC - Consenso bosque deciduo 2021-2023,2021-2023,0,0,0,0
3755,SINAC_BD_0003755,40301,Bosque deciduo,3.968222566972882,SINAC - Consenso bosque deciduo 2021-2023,2021-2023,1,1,0,0
3756,SINAC_BD_0003756,40302,Bosque deciduo,23.954971211999773,SINAC - Consenso bosque deciduo 2021-2023,2021-2023,1,1,0,0
3757,SINAC_BD_0003757,40323,Bosque deciduo,1.313637636905282,SINAC - Consenso bosque deciduo 2021-2023,2021-2023,0,0,0,0
3758,SINAC_BD_0003758,40324,Bosque deciduo,8.157095887979311,SINAC - Consenso bosque deciduo 2021-2023,2021-2023,1,0,0,0
3759,SINAC_BD_0003759,40325,Bosque deciduo,7.461617559614943,SINAC - Consenso bosque deciduo 2021-2023,2021-2023,1,0,0,0
3760,SINAC_BD_0003760,40334,Bosque deciduo,1.4305607494103114,SINAC - Consenso bosque deciduo 2021-2023,2021-2023,1,0,0,0
3761,SINAC_BD_0003761,40343,Bosque deciduo,1.2160746135105118,SINAC - Consenso bosque deciduo 2021-2023,2021-2023,0,0,0,0
3762,SINAC_BD_0003762,40378,Bosque deciduo,125.62794017550782,SINAC - Consenso bosque deciduo 2021-2023,2021-2023,1,1,1,0
3763,SINAC_BD_0003763,40410,Bosque deciduo,2.6682542824451,SINAC - Consenso bosque deciduo 2021-2023,2021-2023,1,1,0,0
3764,SINAC_BD_0003764,40411,Bosque deciduo,2.757417925451442,SINAC - Consenso bosque deciduo 2021-2023,2021-2023,0,0,0,0
3765,SINAC_BD_0003765,40427,Bosque deciduo,2.6199330776309884,SINAC - Consenso bosque deciduo 2021-2023,2021-2023,0,0,0,0
3766,SINAC_BD_0003766,40454,Bosque deciduo,1.2216462404800796,SINAC - Consenso bosque deciduo 2021-2023,2021-2023,0,0,0,1
3767,SINAC_BD_0003767,40461,Bosque deciduo,2.421462383796609,SINAC - Consenso bosque deciduo 2021-2023,2021-2023,0,0,1,0
3768,SINAC_BD_0003768,40463,Bosque deciduo,1.21,SINAC - Consenso bosque deciduo 2021-2023,2021-2023,1,1,0,0
3769,SINAC_BD_0003769,40481,Bosque deciduo,3.3769501126710946,SINAC - Consenso bosque deciduo 2021-2023,2021-2023,1,0,0,0
3770,SINAC_BD_0003770,40523,Bosque deciduo,1.970138425482441,SINAC - Consenso bosque deciduo 2021-2023,2021-2023,0,0,0,0
3771,SINAC_BD_0003771,40537,Bosque deciduo,2.1127018108532005,SINAC - Consenso bosque deciduo 2021-2023,2021-2023,1,1,0,0
3772,SINAC_BD_0003772,40545,Bosque deciduo,2.141134732212164,SINAC - Consenso bosque deciduo 2021-2023,2021-2023,1,0,0,0
3773,SINAC_BD_0003773,40585,Bosque deciduo,1.50073124509953,SINAC - Consenso bosque deciduo 2021-2023,2021-2023,0,0,1,0
3774,SINAC_BD_0003774,40587,Bosque deciduo,27.470218548489186,SINAC - Consenso bosque deciduo 2021-2023,2021-2023,1,1,0,0
3775,SINAC_BD_0003775,40592,Bosque deciduo,24.470750298086,SINAC - Consenso bosque deciduo 2021-2023,2021-2023,1,1,1,1
3776,SINAC_BD_0003776,40598,Bosque deciduo,2.6820251217424396,SINAC - Consenso bosque deciduo 2021-2023,2021-2023,1,1,0,0
3777,SINAC_BD_0003777,40629,Bosque deciduo,26.364753759695006,SINAC - Consenso bosque deciduo 2021-2023,2021-2023,1,1,1,1
3778,SINAC_BD_0003778,40632,Bosque deciduo,11.978286699211166,SINAC - Consenso bosque deciduo 2021-2023,2021-2023,1,0,0,0
3779,SINAC_BD_0003779,40663,Bosque deciduo,1.030213201081716,SINAC - Consenso bosque deciduo 2021-2023,2021-2023,0,0,0,0
3780,SINAC_BD_0003780,40665,Bosque deciduo,5.952509365949215,SINAC - Consenso bosque deciduo 2021-2023,2021-2023,1,1,0,0
3781,SINAC_BD_0003781,40666,Bosque deciduo,2.395552341088143,SINAC - Consenso bosque deciduo 2021-2023,2021-2023,0,0,0,0
3782,SINAC_BD_0003782,40667,Bosque deciduo,2.1122502900564406,SINAC - Consenso bosque deciduo 2021-2023,2021-2023,1,0,0,0
3783,SINAC_BD_0003783,40668,Bosque deciduo,1.8585248863224362,SINAC - Consenso bosque deciduo 2021-2023,2021-2023,1,1,0,0
3784,SINAC_BD_0003784,40670,Bosque deciduo,20.74077371505566,SINAC - Consenso bosque deciduo 2021-2023,2021-2023,1,1,0,0
3785,SINAC_BD_0003785,40671,Bosque deciduo,99.48093214992527,SINAC - Consenso bosque deciduo 2021-2023,2021-2023,1,1,1,0
3786,SINAC_BD_0003786,40673,Bosque deciduo,1.8871765486555077,SINAC - Consenso bosque deciduo 2021-2023,2021-2023,1,1,0,0
3787,SINAC_BD_0003787,40674,Bosque deciduo,1.5204700871821992,SINAC - Consenso bosque deciduo 2021-2023,2021-2023,1,0,0,0
3788,SINAC_BD_0003788,40676,Bosque deciduo,13.72774016815942,SINAC - Consenso bosque deciduo 2021-2023,2021-2023,1,0,0,0
3789,SINAC_BD_0003789,40677,Bosque deciduo,48.178248356563905,SINAC - Consenso bosque deciduo 2021-2023,2021-2023,1,1,1,0
3790,SINAC_BD_0003790,40678,Bosque deciduo,1.1048778259280319,SINAC - Consenso bosque deciduo 2021-2023,2021-2023,0,0,0,0
3791,SINAC_BD_0003791,40679,Bosque deciduo,5.331752715157392,SINAC - Consenso bosque deciduo 2021-2023,2021-2023,1,0,0,0
3792,SINAC_BD_0003792,40681,Bosque deciduo,1.4275388709545906,SINAC - Consenso bosque deciduo 2021-2023,2021-2023,0,0,0,0
3793,SINAC_BD_0003793,40682,Bosque deciduo,2.0190768727644715,SINAC - Consenso bosque deciduo 2021-2023,2021-2023,0,0,0,0
3794,SINAC_BD_0003794,40684,Bosque deciduo,19.92068110173327,SINAC - Consenso bosque deciduo 2021-2023,2021-2023,1,1,0,0
3795,SINAC_BD_0003795,40687,Bosque deciduo,2.3085815604637783,SINAC - Consenso bosque deciduo 2021-2023,2021-2023,1,1,0,0
3796,SINAC_BD_0003796,40689,Bosque deciduo,5.0555715987764405,SINAC - Consenso bosque deciduo 2021-2023,2021-2023,1,0,0,0
3797,SINAC_BD_0003797,40690,Bosque deciduo,20.88723920355207,SINAC - Consenso bosque deciduo 2021-2023,2021-2023,1,1,1,0
3798,SINAC_BD_0003798,40693,Bosque deciduo,1.7841264390384866,SINAC - Consenso bosque deciduo 2021-2023,2021-2023,1,0,0,0
3799,SINAC_BD_0003799,40694,Bosque deciduo,1.202676634284862,SINAC - Consenso bosque deciduo 2021-2023,2021-2023,1,0,0,0
3800,SINAC_BD_0003800,40695,Bosque deciduo,7.288524385123396,SINAC - Consenso bosque deciduo 2021-2023,2021-2023,1,0,0,0
3801,SINAC_BD_0003801,40696,Bosque deciduo,1.2957637439687024,SINAC - Consenso bosque deciduo 2021-2023,2021-2023,0,1,0,0
3802,SINAC_BD_0003802,40697,Bosque deciduo,1.104990276003243,SINAC - Consenso bosque deciduo 2021-2023,2021-2023,0,0,0,0
3803,SINAC_BD_0003803,40698,Bosque deciduo,4.179736648813427,SINAC - Consenso bosque deciduo 2021-2023,2021-2023,1,1,1,0
3804,SINAC_BD_0003804,40699,Bosque deciduo,8.678424070200334,SINAC - Consenso bosque deciduo 2021-2023,2021-2023,1,1,0,0
3805,SINAC_BD_0003805,40700,Bosque deciduo,1.188058576179382,SINAC - Consenso bosque deciduo 2021-2023,2021-2023,0,0,0,0
3806,SINAC_BD_0003806,40701,Bosque deciduo,2.0534315459307617,SINAC - Consenso bosque deciduo 2021-2023,2021-2023,1,0,0,0
3807,SINAC_BD_0003807,40704,Bosque deciduo,1.4780405740270077,SINAC - Consenso bosque deciduo 2021-2023,2021-2023,1,1,0,0
3808,SINAC_BD_0003808,40709,Bosque deciduo,3.239405741932847,SINAC - Consenso bosque deciduo 2021-2023,2021-2023,0,0,0,0
3809,SINAC_BD_0003809,40710,Bosque deciduo,3.6521259735494573,SINAC - Consenso bosque deciduo 2021-2023,2021-2023,1,1,0,0
3810,SINAC_BD_0003810,40711,Bosque deciduo,1000.5728407222068,SINAC - Consenso bosque deciduo 2021-2023,2021-2023,1,1,1,1
3811,SINAC_BD_0003811,40713,Bosque deciduo,2.145135951963605,SINAC - Consenso bosque deciduo 2021-2023,2021-2023,1,1,0,0
3812,SINAC_BD_0003812,40714,Bosque deciduo,20.114808806376065,SINAC - Consenso bosque deciduo 2021-2023,2021-2023,1,1,1,1
3813,SINAC_BD_0003813,40721,Bosque deciduo,5.413191337192775,SINAC - Consenso bosque deciduo 2021-2023,2021-2023,1,0,0,0
3814,SINAC_BD_0003814,40731,Bosque deciduo,10.019265332783666,SINAC - Consenso bosque deciduo 2021-2023,2021-2023,1,1,1,0
3815,SINAC_BD_0003815,40741,Bosque deciduo,7.919750719309486,SINAC - Consenso bosque deciduo 2021-2023,2021-2023,1,1,1,0
3816,SINAC_BD_0003816,40775,Bosque deciduo,1.0958785638940085,SINAC - Consenso bosque deciduo 2021-2023,2021-2023,0,0,0,0
3817,SINAC_BD_0003817,40783,Bosque deciduo,1.2550658487037871,SINAC - Consenso bosque deciduo 2021-2023,2021-2023,0,0,0,0
3818,SINAC_BD_0003818,40790,Bosque deciduo,1.021895455033561,SINAC - Consenso bosque deciduo 2021-2023,2021-2023,0,0,0,0
3819,SINAC_BD_0003819,40791,Bosque deciduo,2.6404839228960357,SINAC - Consenso bosque deciduo 2021-2023,2021-2023,1,0,0,0
3820,SINAC_BD_0003820,40792,Bosque deciduo,1.055781710014881,SINAC - Consenso bosque deciduo 2021-2023,2021-2023,0,0,0,0
3821,SINAC_BD_0003821,40794,Bosque deciduo,12.558377505830213,SINAC - Consenso bosque deciduo 2021-2023,2021-2023,1,1,0,0
3822,SINAC_BD_0003822,40795,Bosque deciduo,1.3187175415438555,SINAC - Consenso bosque deciduo 2021-2023,2021-2023,1,0,0,0
3823,SINAC_BD_0003823,40848,Bosque deciduo,1.2205594511515954,SINAC - Consenso bosque deciduo 2021-2023,2021-2023,0,0,0,0
3824,SINAC_BD_0003824,40873,Bosque deciduo,6.787547481153027,SINAC - Consenso bosque deciduo 2021-2023,2021-2023,1,0,0,0
3825,SINAC_BD_0003825,40878,Bosque deciduo,3.2181764727235898,SINAC - Consenso bosque deciduo 2021-2023,2021-2023,1,0,0,0
3826,SINAC_BD_0003826,40902,Bosque deciduo,1.3239358932639969,SINAC - Consenso bosque deciduo 2021-2023,2021-2023,0,0,0,0
3827,SINAC_BD_0003827,40927,Bosque deciduo,1.7847232096763288,SINAC - Consenso bosque deciduo 2021-2023,2021-2023,0,0,0,0
3828,SINAC_BD_0003828,40951,Bosque deciduo,1.6,SINAC - Consenso bosque deciduo 2021-2023,2021-2023,1,0,0,0
3829,SINAC_BD_0003829,40953,Bosque deciduo,2.01,SINAC - Consenso bosque deciduo 2021-2023,2021-2023,1,1,0,0
3830,SINAC_BD_0003830,40955,Bosque deciduo,3.775196048429544,SINAC - Consenso bosque deciduo 2021-2023,2021-2023,1,1,0,0
3831,SINAC_BD_0003831,40962,Bosque deciduo,1.5397874027021443,SINAC - Consenso bosque deciduo 2021-2023,2021-2023,1,1,0,0
3832,SINAC_BD_0003832,40987,Bosque deciduo,1.3996938332817042,SINAC - Consenso bosque deciduo 2021-2023,2021-2023,0,0,1,0
3833,SINAC_BD_0003833,40990,Bosque deciduo,1.1318390254638837,SINAC - Consenso bosque deciduo 2021-2023,2021-2023,1,1,0,0
3834,SINAC_BD_0003834,40992,Bosque deciduo,1.71562000795399,SINAC - Consenso bosque deciduo 2021-2023,2021-2023,1,1,1,0
3835,SINAC_BD_0003835,40999,Bosque deciduo,1.2007968719740258,SINAC - Consenso bosque deciduo 2021-2023,2021-2023,0,0,0,0
3836,SINAC_BD_0003836,41035,Bosque deciduo,2.496142014256258,SINAC - Consenso bosque deciduo 2021-2023,2021-2023,1,1,0,0
3837,SINAC_BD_0003837,41037,Bosque deciduo,2.03,SINAC - Consenso bosque deciduo 2021-2023,2021-2023,1,0,0,0
3838,SINAC_BD_0003838,41047,Bosque deciduo,1.0813772416166951,SINAC - Consenso bosque deciduo 2021-2023,2021-2023,1,0,0,0
3839,SINAC_BD_0003839,41050,Bosque deciduo,4.315537509117161,SINAC - Consenso bosque deciduo 2021-2023,2021-2023,0,0,0,0
3840,SINAC_BD_0003840,41071,Bosque deciduo,2.224402150021506,SINAC - Consenso bosque deciduo 2021-2023,2021-2023,0,0,0,0
3841,SINAC_BD_0003841,41103,Bosque deciduo,6.810012765726223,SINAC - Consenso bosque deciduo 2021-2023,2021-2023,1,1,1,0
3842,SINAC_BD_0003842,41131,Bosque deciduo,38.105531840448,SINAC - Consenso bosque deciduo 2021-2023,2021-2023,1,1,1,0
3843,SINAC_BD_0003843,41132,Bosque deciduo,9.339893473449617,SINAC - Consenso bosque deciduo 2021-2023,2021-2023,1,1,0,0
3844,SINAC_BD_0003844,41151,Bosque deciduo,19.971219694187617,SINAC - Consenso bosque deciduo 2021-2023,2021-2023,1,1,1,0
3845,SINAC_BD_0003845,41153,Bosque deciduo,11.02164327309427,SINAC - Consenso bosque deciduo 2021-2023,2021-2023,1,0,0,0
3846,SINAC_BD_0003846,41154,Bosque deciduo,9.909055394110554,SINAC - Consenso bosque deciduo 2021-2023,2021-2023,1,1,0,0
3847,SINAC_BD_0003847,41155,Bosque deciduo,3.3996311315563172,SINAC - Consenso bosque deciduo 2021-2023,2021-2023,1,0,0,0
3848,SINAC_BD_0003848,41156,Bosque deciduo,2.214073494792988,SINAC - Consenso bosque deciduo 2021-2023,2021-2023,0,1,0,0
3849,SINAC_BD_0003849,41158,Bosque deciduo,4.047868251897875,SINAC - Consenso bosque deciduo 2021-2023,2021-2023,1,0,0,0
3850,SINAC_BD_0003850,41169,Bosque deciduo,11.209242678515842,SINAC - Consenso bosque deciduo 2021-2023,2021-2023,1,1,0,0
3851,SINAC_BD_0003851,41186,Bosque deciduo,2.0604008163102097,SINAC - Consenso bosque deciduo 2021-2023,2021-2023,1,1,0,0
3852,SINAC_BD_0003852,41191,Bosque deciduo,1.4021094259556461,SINAC - Consenso bosque deciduo 2021-2023,2021-2023,0,0,0,0
3853,SINAC_BD_0003853,41212,Bosque deciduo,3387.945580045024,SINAC - Consenso bosque deciduo 2021-2023,2021-2023,1,1,1,1
3854,SINAC_BD_0003854,41217,Bosque deciduo,1.1061825239580285,SINAC - Consenso bosque deciduo 2021-2023,2021-2023,1,1,0,0
3855,SINAC_BD_0003855,41219,Bosque deciduo,1.7155204672248605,SINAC - Consenso bosque deciduo 2021-2023,2021-2023,1,0,0,0
3856,SINAC_BD_0003856,41235,Bosque deciduo,2.0055180210342423,SINAC - Consenso bosque deciduo 2021-2023,2021-2023,1,0,0,0
3857,SINAC_BD_0003857,41282,Bosque deciduo,3.6674521111378047,SINAC - Consenso bosque deciduo 2021-2023,2021-2023,0,1,0,0
3858,SINAC_BD_0003858,41284,Bosque deciduo,1.3969070832833383,SINAC - Consenso bosque deciduo 2021-2023,2021-2023,1,1,0,0
3859,SINAC_BD_0003859,41288,Bosque deciduo,3.728002276043281,SINAC - Consenso bosque deciduo 2021-2023,2021-2023,0,0,0,0
3860,SINAC_BD_0003860,41347,Bosque deciduo,10.751038447385673,SINAC - Consenso bosque deciduo 2021-2023,2021-2023,1,1,1,0
3861,SINAC_BD_0003861,41349,Bosque deciduo,23.143345870651995,SINAC - Consenso bosque deciduo 2021-2023,2021-2023,1,1,0,0
3862,SINAC_BD_0003862,41355,Bosque deciduo,53.64566565030773,SINAC - Consenso bosque deciduo 2021-2023,2021-2023,1,1,0,0
3863,SINAC_BD_0003863,41368,Bosque deciduo,1.2274767703283243,SINAC - Consenso bosque deciduo 2021-2023,2021-2023,0,0,0,0
3864,SINAC_BD_0003864,41373,Bosque deciduo,1.5664775914268,SINAC - Consenso bosque deciduo 2021-2023,2021-2023,0,0,0,0
3865,SINAC_BD_0003865,41382,Bosque deciduo,3.332050979055956,SINAC - Consenso bosque deciduo 2021-2023,2021-2023,1,0,0,0
3866,SINAC_BD_0003866,41388,Bosque deciduo,9.72995925127253,SINAC - Consenso bosque deciduo 2021-2023,2021-2023,1,1,0,0
3867,SINAC_BD_0003867,41397,Bosque deciduo,1.0718804188208606,SINAC - Consenso bosque deciduo 2021-2023,2021-2023,0,0,0,0
3868,SINAC_BD_0003868,41427,Bosque deciduo,4.844085479332773,SINAC - Consenso bosque deciduo 2021-2023,2021-2023,1,0,0,0
3869,SINAC_BD_0003869,41443,Bosque deciduo,2.3315144536551755,SINAC - Consenso bosque deciduo 2021-2023,2021-2023,1,1,0,0
3870,SINAC_BD_0003870,41446,Bosque deciduo,1.25,SINAC - Consenso bosque deciduo 2021-2023,2021-2023,0,0,0,0
3871,SINAC_BD_0003871,41463,Bosque deciduo,1.2612300386609152,SINAC - Consenso bosque deciduo 2021-2023,2021-2023,1,0,0,0
3872,SINAC_BD_0003872,41470,Bosque deciduo,10.301138382247782,SINAC - Consenso bosque deciduo 2021-2023,2021-2023,1,1,0,0
3873,SINAC_BD_0003873,41477,Bosque deciduo,1.2420904477494006,SINAC - Consenso bosque deciduo 2021-2023,2021-2023,1,0,0,0
3874,SINAC_BD_0003874,41479,Bosque deciduo,1.4668964612924904,SINAC - Consenso bosque deciduo 2021-2023,2021-2023,1,0,0,0
3875,SINAC_BD_0003875,41490,Bosque deciduo,1.996737079328118,SINAC - Consenso bosque deciduo 2021-2023,2021-2023,1,0,0,0
3876,SINAC_BD_0003876,41513,Bosque deciduo,2.760542663794726,SINAC - Consenso bosque deciduo 2021-2023,2021-2023,1,0,0,0
3877,SINAC_BD_0003877,41514,Bosque deciduo,1.8709633284522493,SINAC - Consenso bosque deciduo 2021-2023,2021-2023,0,0,0,0
3878,SINAC_BD_0003878,41520,Bosque deciduo,1.18,SINAC - Consenso bosque deciduo 2021-2023,2021-2023,1,0,0,0
3879,SINAC_BD_0003879,41528,Bosque deciduo,92.78875439418718,SINAC - Consenso bosque deciduo 2021-2023,2021-2023,1,1,1,1
3880,SINAC_BD_0003880,41540,Bosque deciduo,2.18,SINAC - Consenso bosque deciduo 2021-2023,2021-2023,0,0,0,0
3881,SINAC_BD_0003881,41545,Bosque deciduo,1.21,SINAC - Consenso bosque deciduo 2021-2023,2021-2023,0,0,0,0
3882,SINAC_BD_0003882,41546,Bosque deciduo,11.30739960956127,SINAC - Consenso bosque deciduo 2021-2023,2021-2023,1,1,1,0
3883,SINAC_BD_0003883,41563,Bosque deciduo,1.1527280823376802,SINAC - Consenso bosque deciduo 2021-2023,2021-2023,0,0,0,0
3884,SINAC_BD_0003884,41574,Bosque deciduo,2.1808524330506662,SINAC - Consenso bosque deciduo 2021-2023,2021-2023,1,0,1,0
3885,SINAC_BD_0003885,41616,Bosque deciduo,2.41,SINAC - Consenso bosque deciduo 2021-2023,2021-2023,0,1,0,0
3886,SINAC_BD_0003886,41619,Bosque deciduo,9.20437564789312,SINAC - Consenso bosque deciduo 2021-2023,2021-2023,1,0,0,0
3887,SINAC_BD_0003887,41627,Bosque deciduo,1.7518310699409045,SINAC - Consenso bosque deciduo 2021-2023,2021-2023,1,0,0,0
3888,SINAC_BD_0003888,41632,Bosque deciduo,2.99,SINAC - Consenso bosque deciduo 2021-2023,2021-2023,1,0,0,0
3889,SINAC_BD_0003889,41662,Bosque deciduo,1.6933753748064806,SINAC - Consenso bosque deciduo 2021-2023,2021-2023,1,0,0,0
3890,SINAC_BD_0003890,41663,Bosque deciduo,30.4830345113964,SINAC - Consenso bosque deciduo 2021-2023,2021-2023,1,1,1,0
3891,SINAC_BD_0003891,41680,Bosque deciduo,1.4149247883469798,SINAC - Consenso bosque deciduo 2021-2023,2021-2023,0,0,0,0
3892,SINAC_BD_0003892,41683,Bosque deciduo,3.410671872497582,SINAC - Consenso bosque deciduo 2021-2023,2021-2023,1,0,0,0
3893,SINAC_BD_0003893,41686,Bosque deciduo,1.3549654237365725,SINAC - Consenso bosque deciduo 2021-2023,2021-2023,0,0,0,0
3894,SINAC_BD_0003894,41714,Bosque deciduo,5.447055110107435,SINAC - Consenso bosque deciduo 2021-2023,2021-2023,1,1,1,0
3895,SINAC_BD_0003895,41755,Bosque deciduo,1.2106594260210808,SINAC - Consenso bosque deciduo 2021-2023,2021-2023,1,1,0,0
3896,SINAC_BD_0003896,41811,Bosque deciduo,2.3805932689635303,SINAC - Consenso bosque deciduo 2021-2023,2021-2023,1,1,0,0
3897,SINAC_BD_0003897,41813,Bosque deciduo,6.076684529614627,SINAC - Consenso bosque deciduo 2021-2023,2021-2023,1,1,1,0
3898,SINAC_BD_0003898,41814,Bosque deciduo,2.2603146545214923,SINAC - Consenso bosque deciduo 2021-2023,2021-2023,0,1,0,0
3899,SINAC_BD_0003899,41826,Bosque deciduo,3.843809547101816,SINAC - Consenso bosque deciduo 2021-2023,2021-2023,0,0,0,0
3900,SINAC_BD_0003900,41858,Bosque deciduo,3.1893157687795197,SINAC - Consenso bosque deciduo 2021-2023,2021-2023,0,0,0,0
3901,SINAC_BD_0003901,41859,Bosque deciduo,5.630036780354793,SINAC - Consenso bosque deciduo 2021-2023,2021-2023,1,0,0,0
3902,SINAC_BD_0003902,41861,Bosque deciduo,35.842011895349735,SINAC - Consenso bosque deciduo 2021-2023,2021-2023,1,1,0,0
3903,SINAC_BD_0003903,41862,Bosque deciduo,1.3127973733118083,SINAC - Consenso bosque deciduo 2021-2023,2021-2023,0,0,0,0
3904,SINAC_BD_0003904,41870,Bosque deciduo,3.5865407641748743,SINAC - Consenso bosque deciduo 2021-2023,2021-2023,1,0,0,0
3905,SINAC_BD_0003905,41882,Bosque deciduo,6.336852846731896,SINAC - Consenso bosque deciduo 2021-2023,2021-2023,1,1,0,0
3906,SINAC_BD_0003906,41903,Bosque deciduo,1.4668801110750829,SINAC - Consenso bosque deciduo 2021-2023,2021-2023,1,0,0,0
3907,SINAC_BD_0003907,41908,Bosque deciduo,1.338846335033293,SINAC - Consenso bosque deciduo 2021-2023,2021-2023,1,1,0,0
3908,SINAC_BD_0003908,41951,Bosque deciduo,2.3053584459464633,SINAC - Consenso bosque deciduo 2021-2023,2021-2023,0,0,0,0
3909,SINAC_BD_0003909,41954,Bosque deciduo,1.5608361768614336,SINAC - Consenso bosque deciduo 2021-2023,2021-2023,1,0,0,0
3910,SINAC_BD_0003910,41968,Bosque deciduo,1.9812867448847555,SINAC - Consenso bosque deciduo 2021-2023,2021-2023,0,0,0,0
3911,SINAC_BD_0003911,41970,Bosque deciduo,3.3067436854957966,SINAC - Consenso bosque deciduo 2021-2023,2021-2023,1,0,0,0
3912,SINAC_BD_0003912,41972,Bosque deciduo,1.4599295974437567,SINAC - Consenso bosque deciduo 2021-2023,2021-2023,1,0,0,0
3913,SINAC_BD_0003913,41976,Bosque deciduo,1.1193881534157484,SINAC - Consenso bosque deciduo 2021-2023,2021-2023,1,0,0,0
3914,SINAC_BD_0003914,41977,Bosque deciduo,1.1386243795973845,SINAC - Consenso bosque deciduo 2021-2023,2021-2023,1,0,0,0
3915,SINAC_BD_0003915,41985,Bosque deciduo,1.7330631245075747,SINAC - Consenso bosque deciduo 2021-2023,2021-2023,1,0,0,0
3916,SINAC_BD_0003916,42004,Bosque deciduo,135.33445207072563,SINAC - Consenso bosque deciduo 2021-2023,2021-2023,1,1,1,0
3917,SINAC_BD_0003917,42011,Bosque deciduo,1.5891945913335277,SINAC - Consenso bosque deciduo 2021-2023,2021-2023,1,0,0,0
3918,SINAC_BD_0003918,42020,Bosque deciduo,1.142708290463658,SINAC - Consenso bosque deciduo 2021-2023,2021-2023,0,0,0,0
3919,SINAC_BD_0003919,42032,Bosque deciduo,1.3706159798690896,SINAC - Consenso bosque deciduo 2021-2023,2021-2023,1,0,1,0
3920,SINAC_BD_0003920,42035,Bosque deciduo,1.269139270650598,SINAC - Consenso bosque deciduo 2021-2023,2021-2023,0,0,0,0
3921,SINAC_BD_0003921,42036,Bosque deciduo,2.5498342740615847,SINAC - Consenso bosque deciduo 2021-2023,2021-2023,0,0,0,0
3922,SINAC_BD_0003922,42042,Bosque deciduo,35.44113518946773,SINAC - Consenso bosque deciduo 2021-2023,2021-2023,1,1,1,0
3923,SINAC_BD_0003923,42058,Bosque deciduo,1.23,SINAC - Consenso bosque deciduo 2021-2023,2021-2023,0,0,0,0
3924,SINAC_BD_0003924,42075,Bosque deciduo,7.046542029695343,SINAC - Consenso bosque deciduo 2021-2023,2021-2023,1,0,0,0
3925,SINAC_BD_0003925,42092,Bosque deciduo,6.304390084689089,SINAC - Consenso bosque deciduo 2021-2023,2021-2023,1,0,0,0
3926,SINAC_BD_0003926,42094,Bosque deciduo,1.45,SINAC - Consenso bosque deciduo 2021-2023,2021-2023,0,0,0,0
3927,SINAC_BD_0003927,42119,Bosque deciduo,1.519573154822971,SINAC - Consenso bosque deciduo 2021-2023,2021-2023,1,0,0,0
3928,SINAC_BD_0003928,42120,Bosque deciduo,11.204343628521094,SINAC - Consenso bosque deciduo 2021-2023,2021-2023,1,0,0,0
3929,SINAC_BD_0003929,42124,Bosque deciduo,23.046590302678265,SINAC - Consenso bosque deciduo 2021-2023,2021-2023,1,0,0,0
3930,SINAC_BD_0003930,42140,Bosque deciduo,1.258640442947831,SINAC - Consenso bosque deciduo 2021-2023,2021-2023,0,0,0,1
3931,SINAC_BD_0003931,42175,Bosque deciduo,1.0355360870475459,SINAC - Consenso bosque deciduo 2021-2023,2021-2023,1,1,0,0
3932,SINAC_BD_0003932,42176,Bosque deciduo,2.588669551875451,SINAC - Consenso bosque deciduo 2021-2023,2021-2023,1,1,1,0
3933,SINAC_BD_0003933,42180,Bosque deciduo,1.9709435989598683,SINAC - Consenso bosque deciduo 2021-2023,2021-2023,1,0,0,0
3934,SINAC_BD_0003934,42234,Bosque deciduo,4.698333292196602,SINAC - Consenso bosque deciduo 2021-2023,2021-2023,1,0,0,0
3935,SINAC_BD_0003935,42235,Bosque deciduo,5.317704963016637,SINAC - Consenso bosque deciduo 2021-2023,2021-2023,1,0,0,0
3936,SINAC_BD_0003936,42236,Bosque deciduo,4.533601506952173,SINAC - Consenso bosque deciduo 2021-2023,2021-2023,1,1,0,0
3937,SINAC_BD_0003937,42248,Bosque deciduo,1.2653457586774572,SINAC - Consenso bosque deciduo 2021-2023,2021-2023,0,0,0,0
3938,SINAC_BD_0003938,42264,Bosque deciduo,1.8971905772506317,SINAC - Consenso bosque deciduo 2021-2023,2021-2023,1,0,0,0
3939,SINAC_BD_0003939,42277,Bosque deciduo,1.25621689880107,SINAC - Consenso bosque deciduo 2021-2023,2021-2023,0,0,0,0
3940,SINAC_BD_0003940,42296,Bosque deciduo,1.19,SINAC - Consenso bosque deciduo 2021-2023,2021-2023,0,0,0,0
3941,SINAC_BD_0003941,42308,Bosque deciduo,1.03,SINAC - Consenso bosque deciduo 2021-2023,2021-2023,1,0,0,0
3942,SINAC_BD_0003942,42311,Bosque deciduo,1.182389983042071,SINAC - Consenso bosque deciduo 2021-2023,2021-2023,1,0,0,0
3943,SINAC_BD_0003943,42346,Bosque deciduo,1.24,SINAC - Consenso bosque deciduo 2021-2023,2021-2023,1,1,1,0
3944,SINAC_BD_0003944,42353,Bosque deciduo,2.484015617528514,SINAC - Consenso bosque deciduo 2021-2023,2021-2023,0,0,0,0
3945,SINAC_BD_0003945,42354,Bosque deciduo,1.151658424615699,SINAC - Consenso bosque deciduo 2021-2023,2021-2023,0,0,0,0
3946,SINAC_BD_0003946,42357,Bosque deciduo,1.171409938418451,SINAC - Consenso bosque deciduo 2021-2023,2021-2023,1,0,0,0
3947,SINAC_BD_0003947,42358,Bosque deciduo,1.222065321607941,SINAC - Consenso bosque deciduo 2021-2023,2021-2023,1,0,0,0
3948,SINAC_BD_0003948,42370,Bosque deciduo,6.692001336295929,SINAC - Consenso bosque deciduo 2021-2023,2021-2023,1,1,0,0
3949,SINAC_BD_0003949,42371,Bosque deciduo,1.743469401139161,SINAC - Consenso bosque deciduo 2021-2023,2021-2023,1,1,1,0
3950,SINAC_BD_0003950,42418,Bosque deciduo,14.571218163789803,SINAC - Consenso bosque deciduo 2021-2023,2021-2023,1,1,0,0
3951,SINAC_BD_0003951,42435,Bosque deciduo,4.473638512670223,SINAC - Consenso bosque deciduo 2021-2023,2021-2023,1,1,0,0
3952,SINAC_BD_0003952,42437,Bosque deciduo,2.297299583071048,SINAC - Consenso bosque deciduo 2021-2023,2021-2023,1,1,0,0
3953,SINAC_BD_0003953,42439,Bosque deciduo,2.709243649100099,SINAC - Consenso bosque deciduo 2021-2023,2021-2023,1,1,0,0
3954,SINAC_BD_0003954,42441,Bosque deciduo,32.15628866749312,SINAC - Consenso bosque deciduo 2021-2023,2021-2023,1,1,1,0
3955,SINAC_BD_0003955,42442,Bosque deciduo,9.91698439873198,SINAC - Consenso bosque deciduo 2021-2023,2021-2023,1,0,0,0
3956,SINAC_BD_0003956,42444,Bosque deciduo,1.175923484743511,SINAC - Consenso bosque deciduo 2021-2023,2021-2023,1,1,0,0
3957,SINAC_BD_0003957,42445,Bosque deciduo,145.9781009641941,SINAC - Consenso bosque deciduo 2021-2023,2021-2023,1,1,1,0
3958,SINAC_BD_0003958,42447,Bosque deciduo,10.568446180540793,SINAC - Consenso bosque deciduo 2021-2023,2021-2023,1,1,0,0
3959,SINAC_BD_0003959,42449,Bosque deciduo,2.1220766461855476,SINAC - Consenso bosque deciduo 2021-2023,2021-2023,1,0,0,0
3960,SINAC_BD_0003960,42451,Bosque deciduo,614.7958091481471,SINAC - Consenso bosque deciduo 2021-2023,2021-2023,1,1,1,1
3961,SINAC_BD_0003961,42452,Bosque deciduo,2.7640425419321453,SINAC - Consenso bosque deciduo 2021-2023,2021-2023,1,1,1,0
3962,SINAC_BD_0003962,42472,Bosque deciduo,2.3487820694352455,SINAC - Consenso bosque deciduo 2021-2023,2021-2023,0,0,0,0
3963,SINAC_BD_0003963,42483,Bosque deciduo,1.0835619956038292,SINAC - Consenso bosque deciduo 2021-2023,2021-2023,1,0,0,0
3964,SINAC_BD_0003964,42486,Bosque deciduo,1.574028672880923,SINAC - Consenso bosque deciduo 2021-2023,2021-2023,0,0,0,0
3965,SINAC_BD_0003965,42520,Bosque deciduo,2.882789775840257,SINAC - Consenso bosque deciduo 2021-2023,2021-2023,0,0,0,0
3966,SINAC_BD_0003966,42549,Bosque deciduo,4.928245044220438,SINAC - Consenso bosque deciduo 2021-2023,2021-2023,1,1,1,0
3967,SINAC_BD_0003967,42552,Bosque deciduo,1.6782513121710014,SINAC - Consenso bosque deciduo 2021-2023,2021-2023,1,1,0,0
3968,SINAC_BD_0003968,42555,Bosque deciduo,216.9048818424597,SINAC - Consenso bosque deciduo 2021-2023,2021-2023,1,1,0,0
3969,SINAC_BD_0003969,42572,Bosque deciduo,1.8582773621426434,SINAC - Consenso bosque deciduo 2021-2023,2021-2023,1,1,1,0
3970,SINAC_BD_0003970,42592,Bosque deciduo,2.8517227284486553,SINAC - Consenso bosque deciduo 2021-2023,2021-2023,0,0,0,0
3971,SINAC_BD_0003971,42597,Bosque deciduo,3.0043689638065643,SINAC - Consenso bosque deciduo 2021-2023,2021-2023,1,0,0,0
3972,SINAC_BD_0003972,42602,Bosque deciduo,13.274419542446436,SINAC - Consenso bosque deciduo 2021-2023,2021-2023,1,1,0,0
3973,SINAC_BD_0003973,42629,Bosque deciduo,7.316961118078676,SINAC - Consenso bosque deciduo 2021-2023,2021-2023,0,0,0,0
3974,SINAC_BD_0003974,42646,Bosque deciduo,1.6721279882379585,SINAC - Consenso bosque deciduo 2021-2023,2021-2023,1,0,0,0
3975,SINAC_BD_0003975,42663,Bosque deciduo,134.72562078649955,SINAC - Consenso bosque deciduo 2021-2023,2021-2023,1,1,1,1
3976,SINAC_BD_0003976,42669,Bosque deciduo,1.1703316985073653,SINAC - Consenso bosque deciduo 2021-2023,2021-2023,0,0,0,0
3977,SINAC_BD_0003977,42684,Bosque deciduo,2.346488233186493,SINAC - Consenso bosque deciduo 2021-2023,2021-2023,1,0,0,0
3978,SINAC_BD_0003978,42686,Bosque deciduo,251.8602539508445,SINAC - Consenso bosque deciduo 2021-2023,2021-2023,1,1,1,0
3979,SINAC_BD_0003979,42693,Bosque deciduo,1.0550579087931404,SINAC - Consenso bosque deciduo 2021-2023,2021-2023,1,0,0,0
3980,SINAC_BD_0003980,42729,Bosque deciduo,1.6301129777484855,SINAC - Consenso bosque deciduo 2021-2023,2021-2023,1,1,0,0
3981,SINAC_BD_0003981,42730,Bosque deciduo,297.3740533312709,SINAC - Consenso bosque deciduo 2021-2023,2021-2023,1,1,0,0
3982,SINAC_BD_0003982,42765,Bosque deciduo,32.77240565920854,SINAC - Consenso bosque deciduo 2021-2023,2021-2023,1,1,0,0
3983,SINAC_BD_0003983,42781,Bosque deciduo,1.8384491119588282,SINAC - Consenso bosque deciduo 2021-2023,2021-2023,0,0,0,0
3984,SINAC_BD_0003984,42790,Bosque deciduo,12.070977202112502,SINAC - Consenso bosque deciduo 2021-2023,2021-2023,1,1,1,0
3985,SINAC_BD_0003985,42804,Bosque deciduo,1.3481159211930447,SINAC - Consenso bosque deciduo 2021-2023,2021-2023,0,0,0,0
3986,SINAC_BD_0003986,42832,Bosque deciduo,1.0082103595530947,SINAC - Consenso bosque deciduo 2021-2023,2021-2023,1,1,0,0
3987,SINAC_BD_0003987,42836,Bosque deciduo,4.1331358702809045,SINAC - Consenso bosque deciduo 2021-2023,2021-2023,1,0,0,0
3988,SINAC_BD_0003988,42838,Bosque deciduo,4.717328188173668,SINAC - Consenso bosque deciduo 2021-2023,2021-2023,1,0,0,0
3989,SINAC_BD_0003989,42842,Bosque deciduo,2.56,SINAC - Consenso bosque deciduo 2021-2023,2021-2023,1,0,0,0
3990,SINAC_BD_0003990,42856,Bosque deciduo,1.8012370253459262,SINAC - Consenso bosque deciduo 2021-2023,2021-2023,1,0,0,0
3991,SINAC_BD_0003991,42867,Bosque deciduo,2.23,SINAC - Consenso bosque deciduo 2021-2023,2021-2023,1,0,0,0
3992,SINAC_BD_0003992,42918,Bosque deciduo,139.83343429743823,SINAC - Consenso bosque deciduo 2021-2023,2021-2023,1,1,1,0
3993,SINAC_BD_0003993,42934,Bosque deciduo,3.3179631420834426,SINAC - Consenso bosque deciduo 2021-2023,2021-2023,1,1,0,0
3994,SINAC_BD_0003994,42939,Bosque deciduo,1.5562890945117032,SINAC - Consenso bosque deciduo 2021-2023,2021-2023,1,1,0,0
3995,SINAC_BD_0003995,42946,Bosque deciduo,6.982567769405601,SINAC - Consenso bosque deciduo 2021-2023,2021-2023,1,0,0,0
3996,SINAC_BD_0003996,43010,Bosque deciduo,4.994856406814221,SINAC - Consenso bosque deciduo 2021-2023,2021-2023,1,0,0,0
3997,SINAC_BD_0003997,43036,Bosque deciduo,3.6998691691868886,SINAC - Consenso bosque deciduo 2021-2023,2021-2023,1,0,0,0
3998,SINAC_BD_0003998,43056,Bosque deciduo,3.2882729282176375,SINAC - Consenso bosque deciduo 2021-2023,2021-2023,0,1,0,0
3999,SINAC_BD_0003999,43068,Bosque deciduo,1.0794670855431536,SINAC - Consenso bosque deciduo 2021-2023,2021-2023,0,0,0,0
4000,SINAC_BD_0004000,43069,Bosque deciduo,2.115702987168252,SINAC - Consenso bosque deciduo 2021-2023,2021-2023,1,1,0,0
4001,SINAC_BD_0004001,43072,Bosque deciduo,8.337562886082829,SINAC - Consenso bosque deciduo 2021-2023,2021-2023,1,0,0,0
4002,SINAC_BD_0004002,43091,Bosque deciduo,1.0820849770555505,SINAC - Consenso bosque deciduo 2021-2023,2021-2023,1,0,0,0
4003,SINAC_BD_0004003,43122,Bosque deciduo,5.774696190683567,SINAC - Consenso bosque deciduo 2021-2023,2021-2023,1,1,1,1
4004,SINAC_BD_0004004,43130,Bosque deciduo,1.5373399900993499,SINAC - Consenso bosque deciduo 2021-2023,2021-2023,1,1,0,0
4005,SINAC_BD_0004005,43133,Bosque deciduo,1.198443587380431,SINAC - Consenso bosque deciduo 2021-2023,2021-2023,0,0,0,0
4006,SINAC_BD_0004006,43170,Bosque deciduo,6.92280573030308,SINAC - Consenso bosque deciduo 2021-2023,2021-2023,1,0,0,0
4007,SINAC_BD_0004007,43174,Bosque deciduo,4.131698510886279,SINAC - Consenso bosque deciduo 2021-2023,2021-2023,1,0,0,0
4008,SINAC_BD_0004008,43224,Bosque deciduo,2.472646013929631,SINAC - Consenso bosque deciduo 2021-2023,2021-2023,1,1,0,0
4009,SINAC_BD_0004009,43243,Bosque deciduo,1.4769197685768232,SINAC - Consenso bosque deciduo 2021-2023,2021-2023,1,1,0,0
4010,SINAC_BD_0004010,43283,Bosque deciduo,4.684912442703586,SINAC - Consenso bosque deciduo 2021-2023,2021-2023,1,1,0,0
4011,SINAC_BD_0004011,43288,Bosque deciduo,2.309998434564106,SINAC - Consenso bosque deciduo 2021-2023,2021-2023,0,0,0,0
4012,SINAC_BD_0004012,43299,Bosque deciduo,12.982635597388816,SINAC - Consenso bosque deciduo 2021-2023,2021-2023,1,1,0,0
4013,SINAC_BD_0004013,43301,Bosque deciduo,3.3954764195635043,SINAC - Consenso bosque deciduo 2021-2023,2021-2023,0,0,0,0
4014,SINAC_BD_0004014,43310,Bosque deciduo,1.018433788003933,SINAC - Consenso bosque deciduo 2021-2023,2021-2023,0,0,0,0
4015,SINAC_BD_0004015,43333,Bosque deciduo,1.45,SINAC - Consenso bosque deciduo 2021-2023,2021-2023,0,0,0,0
4016,SINAC_BD_0004016,43337,Bosque deciduo,1.1168020624401576,SINAC - Consenso bosque deciduo 2021-2023,2021-2023,0,0,0,0
4017,SINAC_BD_0004017,43392,Bosque deciduo,2.8167392146732984,SINAC - Consenso bosque deciduo 2021-2023,2021-2023,1,0,0,0
4018,SINAC_BD_0004018,43407,Bosque deciduo,9.294938892534532,SINAC - Consenso bosque deciduo 2021-2023,2021-2023,1,1,0,0
4019,SINAC_BD_0004019,43418,Bosque deciduo,1.4739795074864854,SINAC - Consenso bosque deciduo 2021-2023,2021-2023,0,0,0,0
4020,SINAC_BD_0004020,43419,Bosque deciduo,1.1990139258920558,SINAC - Consenso bosque deciduo 2021-2023,2021-2023,0,0,0,0
4021,SINAC_BD_0004021,43442,Bosque deciduo,5.951412024865552,SINAC - Consenso bosque deciduo 2021-2023,2021-2023,1,1,0,0
4022,SINAC_BD_0004022,43452,Bosque deciduo,2.3819672910811858,SINAC - Consenso bosque deciduo 2021-2023,2021-2023,1,0,0,0
4023,SINAC_BD_0004023,43478,Bosque deciduo,1.6036438995410447,SINAC - Consenso bosque deciduo 2021-2023,2021-2023,0,0,0,0
4024,SINAC_BD_0004024,43491,Bosque deciduo,1.4019773850638837,SINAC - Consenso bosque deciduo 2021-2023,2021-2023,1,0,0,0
4025,SINAC_BD_0004025,43492,Bosque deciduo,13.477617309950018,SINAC - Consenso bosque deciduo 2021-2023,2021-2023,1,1,1,0
4026,SINAC_BD_0004026,43502,Bosque deciduo,2.6596175896059773,SINAC - Consenso bosque deciduo 2021-2023,2021-2023,0,0,0,0
4027,SINAC_BD_0004027,43528,Bosque deciduo,1.3028928759861407,SINAC - Consenso bosque deciduo 2021-2023,2021-2023,1,0,0,0
4028,SINAC_BD_0004028,43536,Bosque deciduo,13.141076832509743,SINAC - Consenso bosque deciduo 2021-2023,2021-2023,1,1,1,0
4029,SINAC_BD_0004029,43545,Bosque deciduo,1.7672362432469202,SINAC - Consenso bosque deciduo 2021-2023,2021-2023,1,0,0,0
4030,SINAC_BD_0004030,43548,Bosque deciduo,3.680339396050912,SINAC - Consenso bosque deciduo 2021-2023,2021-2023,1,1,0,0
4031,SINAC_BD_0004031,43579,Bosque deciduo,1.167360869218812,SINAC - Consenso bosque deciduo 2021-2023,2021-2023,0,0,0,0
4032,SINAC_BD_0004032,43582,Bosque deciduo,3.1177061757300684,SINAC - Consenso bosque deciduo 2021-2023,2021-2023,0,0,0,0
4033,SINAC_BD_0004033,43588,Bosque deciduo,4.661164860248984,SINAC - Consenso bosque deciduo 2021-2023,2021-2023,1,0,0,0
4034,SINAC_BD_0004034,43614,Bosque deciduo,3.0954850749677107,SINAC - Consenso bosque deciduo 2021-2023,2021-2023,0,1,0,0
4035,SINAC_BD_0004035,43620,Bosque deciduo,13.714017439706089,SINAC - Consenso bosque deciduo 2021-2023,2021-2023,1,0,0,0
4036,SINAC_BD_0004036,43647,Bosque deciduo,2.1426393083160895,SINAC - Consenso bosque deciduo 2021-2023,2021-2023,1,0,0,0
4037,SINAC_BD_0004037,43649,Bosque deciduo,237.22105839525597,SINAC - Consenso bosque deciduo 2021-2023,2021-2023,1,1,1,1
4038,SINAC_BD_0004038,43651,Bosque deciduo,6.3959389803182,SINAC - Consenso bosque deciduo 2021-2023,2021-2023,1,1,1,0
4039,SINAC_BD_0004039,43685,Bosque deciduo,9.13630614350723,SINAC - Consenso bosque deciduo 2021-2023,2021-2023,1,0,0,0
4040,SINAC_BD_0004040,43687,Bosque deciduo,1.57,SINAC - Consenso bosque deciduo 2021-2023,2021-2023,1,1,0,0
4041,SINAC_BD_0004041,43689,Bosque deciduo,98.38805748623933,SINAC - Consenso bosque deciduo 2021-2023,2021-2023,1,1,1,1
4042,SINAC_BD_0004042,43697,Bosque deciduo,4.4344015301735284,SINAC - Consenso bosque deciduo 2021-2023,2021-2023,1,0,0,0
4043,SINAC_BD_0004043,43698,Bosque deciduo,38.034302514265356,SINAC - Consenso bosque deciduo 2021-2023,2021-2023,1,0,0,0
4044,SINAC_BD_0004044,43699,Bosque deciduo,4.988201315944876,SINAC - Consenso bosque deciduo 2021-2023,2021-2023,0,0,0,0
4045,SINAC_BD_0004045,43700,Bosque deciduo,2.1249599212586,SINAC - Consenso bosque deciduo 2021-2023,2021-2023,1,0,0,0
4046,SINAC_BD_0004046,43701,Bosque deciduo,48.34606265049299,SINAC - Consenso bosque deciduo 2021-2023,2021-2023,1,1,1,0
4047,SINAC_BD_0004047,43702,Bosque deciduo,4.649878159860468,SINAC - Consenso bosque deciduo 2021-2023,2021-2023,1,1,0,0
4048,SINAC_BD_0004048,43721,Bosque deciduo,9.75264146228182,SINAC - Consenso bosque deciduo 2021-2023,2021-2023,1,0,0,0
4049,SINAC_BD_0004049,43733,Bosque deciduo,3.7444106632081726,SINAC - Consenso bosque deciduo 2021-2023,2021-2023,1,0,0,0
4050,SINAC_BD_0004050,43735,Bosque deciduo,53.59800215470382,SINAC - Consenso bosque deciduo 2021-2023,2021-2023,1,1,1,1
4051,SINAC_BD_0004051,43738,Bosque deciduo,1.8091928499592207,SINAC - Consenso bosque deciduo 2021-2023,2021-2023,1,1,0,0
4052,SINAC_BD_0004052,43745,Bosque deciduo,5.296130416128323,SINAC - Consenso bosque deciduo 2021-2023,2021-2023,1,0,0,0
4053,SINAC_BD_0004053,43766,Bosque deciduo,1336.8956008865953,SINAC - Consenso bosque deciduo 2021-2023,2021-2023,1,1,1,1
4054,SINAC_BD_0004054,43767,Bosque deciduo,2.695410163420231,SINAC - Consenso bosque deciduo 2021-2023,2021-2023,1,1,1,0
4055,SINAC_BD_0004055,43773,Bosque deciduo,1.1698364803632877,SINAC - Consenso bosque deciduo 2021-2023,2021-2023,0,0,0,0
4056,SINAC_BD_0004056,43780,Bosque deciduo,1.2617537254286784,SINAC - Consenso bosque deciduo 2021-2023,2021-2023,1,0,0,0
4057,SINAC_BD_0004057,43790,Bosque deciduo,1.4600584032372366,SINAC - Consenso bosque deciduo 2021-2023,2021-2023,1,0,0,0
4058,SINAC_BD_0004058,43791,Bosque deciduo,1.2958733433290324,SINAC - Consenso bosque deciduo 2021-2023,2021-2023,1,1,0,0
4059,SINAC_BD_0004059,43797,Bosque deciduo,10.631355418658679,SINAC - Consenso bosque deciduo 2021-2023,2021-2023,1,0,0,0
4060,SINAC_BD_0004060,43798,Bosque deciduo,1.2112629866683216,SINAC - Consenso bosque deciduo 2021-2023,2021-2023,0,0,0,0
4061,SINAC_BD_0004061,43871,Bosque deciduo,46.46650185030714,SINAC - Consenso bosque deciduo 2021-2023,2021-2023,1,1,1,0
4062,SINAC_BD_0004062,43876,Bosque deciduo,142.75566708916693,SINAC - Consenso bosque deciduo 2021-2023,2021-2023,1,1,1,1
4063,SINAC_BD_0004063,43881,Bosque deciduo,7.326934227064582,SINAC - Consenso bosque deciduo 2021-2023,2021-2023,1,1,1,1
4064,SINAC_BD_0004064,43933,Bosque deciduo,9.530424812019392,SINAC - Consenso bosque deciduo 2021-2023,2021-2023,1,1,0,0
4065,SINAC_BD_0004065,43945,Bosque deciduo,5.830346739171954,SINAC - Consenso bosque deciduo 2021-2023,2021-2023,1,0,0,0
4066,SINAC_BD_0004066,43962,Bosque deciduo,1.5230849372677866,SINAC - Consenso bosque deciduo 2021-2023,2021-2023,1,1,0,0
4067,SINAC_BD_0004067,43972,Bosque deciduo,11.359169069483134,SINAC - Consenso bosque deciduo 2021-2023,2021-2023,1,1,0,0
4068,SINAC_BD_0004068,43973,Bosque deciduo,10.903817781393114,SINAC - Consenso bosque deciduo 2021-2023,2021-2023,1,0,0,0
4069,SINAC_BD_0004069,43975,Bosque deciduo,2.0681690815143567,SINAC - Consenso bosque deciduo 2021-2023,2021-2023,1,0,0,0
4070,SINAC_BD_0004070,43998,Bosque deciduo,1.8870340651129796,SINAC - Consenso bosque deciduo 2021-2023,2021-2023,1,1,0,0
4071,SINAC_BD_0004071,44013,Bosque deciduo,1.0565889002835815,SINAC - Consenso bosque deciduo 2021-2023,2021-2023,0,0,0,0
4072,SINAC_BD_0004072,44028,Bosque deciduo,2.3677392936296298,SINAC - Consenso bosque deciduo 2021-2023,2021-2023,1,0,0,0
4073,SINAC_BD_0004073,44064,Bosque deciduo,1.0957177532636597,SINAC - Consenso bosque deciduo 2021-2023,2021-2023,0,0,0,0
4074,SINAC_BD_0004074,44065,Bosque deciduo,1.03620265072941,SINAC - Consenso bosque deciduo 2021-2023,2021-2023,0,0,0,0
4075,SINAC_BD_0004075,44185,Bosque deciduo,13.432926263423989,SINAC - Consenso bosque deciduo 2021-2023,2021-2023,1,1,1,0
4076,SINAC_BD_0004076,44193,Bosque deciduo,1.6945828232365603,SINAC - Consenso bosque deciduo 2021-2023,2021-2023,1,0,0,0
4077,SINAC_BD_0004077,44237,Bosque deciduo,8.740141028040071,SINAC - Consenso bosque deciduo 2021-2023,2021-2023,1,0,0,0
4078,SINAC_BD_0004078,44264,Bosque deciduo,4.210623279593251,SINAC - Consenso bosque deciduo 2021-2023,2021-2023,1,1,1,0
4079,SINAC_BD_0004079,44289,Bosque deciduo,1.06,SINAC - Consenso bosque deciduo 2021-2023,2021-2023,1,0,0,0
4080,SINAC_BD_0004080,44292,Bosque deciduo,1.35,SINAC - Consenso bosque deciduo 2021-2023,2021-2023,1,1,1,0
4081,SINAC_BD_0004081,44337,Bosque deciduo,1.11197997703079,SINAC - Consenso bosque deciduo 2021-2023,2021-2023,0,0,0,0
4082,SINAC_BD_0004082,44338,Bosque deciduo,3.839793328276419,SINAC - Consenso bosque deciduo 2021-2023,2021-2023,1,1,0,0
4083,SINAC_BD_0004083,44339,Bosque deciduo,1.7873065196540658,SINAC - Consenso bosque deciduo 2021-2023,2021-2023,1,1,0,0
4084,SINAC_BD_0004084,44340,Bosque deciduo,1.931057249155306,SINAC - Consenso bosque deciduo 2021-2023,2021-2023,1,1,0,0
4085,SINAC_BD_0004085,44341,Bosque deciduo,9.524268957715329,SINAC - Consenso bosque deciduo 2021-2023,2021-2023,1,1,1,0
4086,SINAC_BD_0004086,44355,Bosque deciduo,1.2734003844913733,SINAC - Consenso bosque deciduo 2021-2023,2021-2023,0,0,0,0
4087,SINAC_BD_0004087,44365,Bosque deciduo,1.21,SINAC - Consenso bosque deciduo 2021-2023,2021-2023,1,1,0,0
4088,SINAC_BD_0004088,44379,Bosque deciduo,1.6419241746378732,SINAC - Consenso bosque deciduo 2021-2023,2021-2023,1,0,0,0
4089,SINAC_BD_0004089,44382,Bosque deciduo,2.159125154442759,SINAC - Consenso bosque deciduo 2021-2023,2021-2023,1,0,0,0
4090,SINAC_BD_0004090,44429,Bosque deciduo,1.7742291994745025,SINAC - Consenso bosque deciduo 2021-2023,2021-2023,1,0,0,0
4091,SINAC_BD_0004091,44504,Bosque deciduo,1.12,SINAC - Consenso bosque deciduo 2021-2023,2021-2023,0,0,0,0
4092,SINAC_BD_0004092,44514,Bosque deciduo,2.8,SINAC - Consenso bosque deciduo 2021-2023,2021-2023,1,1,0,0
4093,SINAC_BD_0004093,44516,Bosque deciduo,6.936501336861131,SINAC - Consenso bosque deciduo 2021-2023,2021-2023,1,0,0,0
4094,SINAC_BD_0004094,44517,Bosque deciduo,2.2487152674683326,SINAC - Consenso bosque deciduo 2021-2023,2021-2023,0,0,0,0
4095,SINAC_BD_0004095,44530,Bosque deciduo,2.797581919379602,SINAC - Consenso bosque deciduo 2021-2023,2021-2023,0,0,0,0
4096,SINAC_BD_0004096,44584,Bosque deciduo,4.69140089244515,SINAC - Consenso bosque deciduo 2021-2023,2021-2023,1,0,0,0
4097,SINAC_BD_0004097,44596,Bosque deciduo,1.2809495210226032,SINAC - Consenso bosque deciduo 2021-2023,2021-2023,1,0,0,0
4098,SINAC_BD_0004098,44638,Bosque deciduo,8.596799222387794,SINAC - Consenso bosque deciduo 2021-2023,2021-2023,1,0,0,0
4099,SINAC_BD_0004099,44644,Bosque deciduo,1.187503791118348,SINAC - Consenso bosque deciduo 2021-2023,2021-2023,1,0,0,0
4100,SINAC_BD_0004100,44670,Bosque deciduo,1.154296593909738,SINAC - Consenso bosque deciduo 2021-2023,2021-2023,0,1,0,0
4101,SINAC_BD_0004101,44673,Bosque deciduo,21.799833421379333,SINAC - Consenso bosque deciduo 2021-2023,2021-2023,1,0,0,0
4102,SINAC_BD_0004102,44674,Bosque deciduo,46.208627567006516,SINAC - Consenso bosque deciduo 2021-2023,2021-2023,1,1,1,0
4103,SINAC_BD_0004103,44676,Bosque deciduo,5.423163258528473,SINAC - Consenso bosque deciduo 2021-2023,2021-2023,0,0,0,0
4104,SINAC_BD_0004104,44688,Bosque deciduo,7.550523169851808,SINAC - Consenso bosque deciduo 2021-2023,2021-2023,1,0,0,0
4105,SINAC_BD_0004105,44699,Bosque deciduo,2.4845415729853064,SINAC - Consenso bosque deciduo 2021-2023,2021-2023,1,1,0,0
4106,SINAC_BD_0004106,44702,Bosque deciduo,2.7363796165022793,SINAC - Consenso bosque deciduo 2021-2023,2021-2023,0,0,0,0
4107,SINAC_BD_0004107,44704,Bosque deciduo,1.1189338124992576,SINAC - Consenso bosque deciduo 2021-2023,2021-2023,1,0,0,0
4108,SINAC_BD_0004108,44705,Bosque deciduo,245.87446482507502,SINAC - Consenso bosque deciduo 2021-2023,2021-2023,1,1,1,0
4109,SINAC_BD_0004109,44706,Bosque deciduo,6.326446429029958,SINAC - Consenso bosque deciduo 2021-2023,2021-2023,1,0,0,0
4110,SINAC_BD_0004110,44708,Bosque deciduo,10.58542103764227,SINAC - Consenso bosque deciduo 2021-2023,2021-2023,1,1,0,0
4111,SINAC_BD_0004111,44709,Bosque deciduo,6.576066486631341,SINAC - Consenso bosque deciduo 2021-2023,2021-2023,1,0,0,0
4112,SINAC_BD_0004112,44753,Bosque deciduo,2.804248640978862,SINAC - Consenso bosque deciduo 2021-2023,2021-2023,1,1,1,0
4113,SINAC_BD_0004113,44765,Bosque deciduo,1.4033824325749,SINAC - Consenso bosque deciduo 2021-2023,2021-2023,0,1,0,0
4114,SINAC_BD_0004114,44771,Bosque deciduo,1.76,SINAC - Consenso bosque deciduo 2021-2023,2021-2023,1,0,0,0
4115,SINAC_BD_0004115,44795,Bosque deciduo,53.75466491921255,SINAC - Consenso bosque deciduo 2021-2023,2021-2023,1,1,1,0
4116,SINAC_BD_0004116,44796,Bosque deciduo,1.0855614046201847,SINAC - Consenso bosque deciduo 2021-2023,2021-2023,1,1,0,0
4117,SINAC_BD_0004117,44811,Bosque deciduo,2.18566171430827,SINAC - Consenso bosque deciduo 2021-2023,2021-2023,1,0,0,0
4118,SINAC_BD_0004118,44842,Bosque deciduo,1.8480631984296436,SINAC - Consenso bosque deciduo 2021-2023,2021-2023,1,0,0,0
4119,SINAC_BD_0004119,44848,Bosque deciduo,9.292526269143115,SINAC - Consenso bosque deciduo 2021-2023,2021-2023,0,0,0,0
4120,SINAC_BD_0004120,44849,Bosque deciduo,10.026843069180117,SINAC - Consenso bosque deciduo 2021-2023,2021-2023,1,1,0,0
4121,SINAC_BD_0004121,44851,Bosque deciduo,3.3827365616092466,SINAC - Consenso bosque deciduo 2021-2023,2021-2023,1,1,0,0
4122,SINAC_BD_0004122,44853,Bosque deciduo,406.68187340283373,SINAC - Consenso bosque deciduo 2021-2023,2021-2023,1,1,1,1
4123,SINAC_BD_0004123,44854,Bosque deciduo,4.301070240663244,SINAC - Consenso bosque deciduo 2021-2023,2021-2023,0,0,0,0
4124,SINAC_BD_0004124,44893,Bosque deciduo,1.26,SINAC - Consenso bosque deciduo 2021-2023,2021-2023,1,1,0,0
4125,SINAC_BD_0004125,44896,Bosque deciduo,1.65,SINAC - Consenso bosque deciduo 2021-2023,2021-2023,1,0,0,0
4126,SINAC_BD_0004126,44907,Bosque deciduo,1.1234154597175074,SINAC - Consenso bosque deciduo 2021-2023,2021-2023,1,0,0,0
4127,SINAC_BD_0004127,44968,Bosque deciduo,1.2750740753031011,SINAC - Consenso bosque deciduo 2021-2023,2021-2023,1,0,0,0
4128,SINAC_BD_0004128,44981,Bosque deciduo,1.560344178642386,SINAC - Consenso bosque deciduo 2021-2023,2021-2023,0,0,0,0
4129,SINAC_BD_0004129,45014,Bosque deciduo,1.1755186998122138,SINAC - Consenso bosque deciduo 2021-2023,2021-2023,0,0,0,0
4130,SINAC_BD_0004130,45017,Bosque deciduo,10.189173002491552,SINAC - Consenso bosque deciduo 2021-2023,2021-2023,1,1,1,0
4131,SINAC_BD_0004131,45021,Bosque deciduo,8.300048384748973,SINAC - Consenso bosque deciduo 2021-2023,2021-2023,1,1,1,0
4132,SINAC_BD_0004132,45029,Bosque deciduo,2.542006044560248,SINAC - Consenso bosque deciduo 2021-2023,2021-2023,1,0,0,0
4133,SINAC_BD_0004133,45036,Bosque deciduo,1.0099231887737863,SINAC - Consenso bosque deciduo 2021-2023,2021-2023,0,0,0,0
4134,SINAC_BD_0004134,45038,Bosque deciduo,2.007954986241368,SINAC - Consenso bosque deciduo 2021-2023,2021-2023,1,0,0,0
4135,SINAC_BD_0004135,45054,Bosque deciduo,1.67,SINAC - Consenso bosque deciduo 2021-2023,2021-2023,0,0,0,0
4136,SINAC_BD_0004136,45087,Bosque deciduo,16.86113051520935,SINAC - Consenso bosque deciduo 2021-2023,2021-2023,1,1,1,0
4137,SINAC_BD_0004137,45105,Bosque deciduo,1.090481295983149,SINAC - Consenso bosque deciduo 2021-2023,2021-2023,1,0,0,0
4138,SINAC_BD_0004138,45108,Bosque deciduo,1.772932409596804,SINAC - Consenso bosque deciduo 2021-2023,2021-2023,0,0,0,0
4139,SINAC_BD_0004139,45126,Bosque deciduo,5.029751206821251,SINAC - Consenso bosque deciduo 2021-2023,2021-2023,1,0,0,0
4140,SINAC_BD_0004140,45133,Bosque deciduo,1.0460249436382068,SINAC - Consenso bosque deciduo 2021-2023,2021-2023,0,0,0,0
4141,SINAC_BD_0004141,45155,Bosque deciduo,1.2299960755900052,SINAC - Consenso bosque deciduo 2021-2023,2021-2023,0,1,0,0
4142,SINAC_BD_0004142,45158,Bosque deciduo,2.0216022345252744,SINAC - Consenso bosque deciduo 2021-2023,2021-2023,1,1,1,0
4143,SINAC_BD_0004143,45182,Bosque deciduo,1.0854030539869095,SINAC - Consenso bosque deciduo 2021-2023,2021-2023,0,0,0,0
4144,SINAC_BD_0004144,45217,Bosque deciduo,2.5613710667467062,SINAC - Consenso bosque deciduo 2021-2023,2021-2023,0,1,0,0
4145,SINAC_BD_0004145,45218,Bosque deciduo,40.16640015799884,SINAC - Consenso bosque deciduo 2021-2023,2021-2023,1,1,1,0
4146,SINAC_BD_0004146,45219,Bosque deciduo,3.5286049117571636,SINAC - Consenso bosque deciduo 2021-2023,2021-2023,0,0,0,0
4147,SINAC_BD_0004147,45220,Bosque deciduo,2.9,SINAC - Consenso bosque deciduo 2021-2023,2021-2023,1,0,0,0
4148,SINAC_BD_0004148,45232,Bosque deciduo,6.122890360183199,SINAC - Consenso bosque deciduo 2021-2023,2021-2023,1,0,0,0
4149,SINAC_BD_0004149,45233,Bosque deciduo,2.7302278561098663,SINAC - Consenso bosque deciduo 2021-2023,2021-2023,1,0,0,0
4150,SINAC_BD_0004150,45237,Bosque deciduo,11.55179872201663,SINAC - Consenso bosque deciduo 2021-2023,2021-2023,1,0,0,0
4151,SINAC_BD_0004151,45243,Bosque deciduo,1.0187150417459114,SINAC - Consenso bosque deciduo 2021-2023,2021-2023,0,0,0,0
4152,SINAC_BD_0004152,45256,Bosque deciduo,2.3983269848372935,SINAC - Consenso bosque deciduo 2021-2023,2021-2023,1,0,0,0
4153,SINAC_BD_0004153,45280,Bosque deciduo,1.5097488717205698,SINAC - Consenso bosque deciduo 2021-2023,2021-2023,1,1,0,0
4154,SINAC_BD_0004154,45313,Bosque deciduo,1.36,SINAC - Consenso bosque deciduo 2021-2023,2021-2023,0,0,0,0
4155,SINAC_BD_0004155,45319,Bosque deciduo,2.49,SINAC - Consenso bosque deciduo 2021-2023,2021-2023,0,0,0,0
4156,SINAC_BD_0004156,45333,Bosque deciduo,7.362864423184944,SINAC - Consenso bosque deciduo 2021-2023,2021-2023,1,1,0,0
4157,SINAC_BD_0004157,45341,Bosque deciduo,1.599003847042886,SINAC - Consenso bosque deciduo 2021-2023,2021-2023,0,0,0,0
4158,SINAC_BD_0004158,45342,Bosque deciduo,2.5356920775271687,SINAC - Consenso bosque deciduo 2021-2023,2021-2023,1,1,0,0
4159,SINAC_BD_0004159,45369,Bosque deciduo,5.374401313214205,SINAC - Consenso bosque deciduo 2021-2023,2021-2023,1,0,0,0
4160,SINAC_BD_0004160,45384,Bosque deciduo,1.1792595714000482,SINAC - Consenso bosque deciduo 2021-2023,2021-2023,1,0,0,0
4161,SINAC_BD_0004161,45407,Bosque deciduo,1.2329416860724425,SINAC - Consenso bosque deciduo 2021-2023,2021-2023,0,0,0,0
4162,SINAC_BD_0004162,45409,Bosque deciduo,2.8384197888490066,SINAC - Consenso bosque deciduo 2021-2023,2021-2023,1,0,0,0
4163,SINAC_BD_0004163,45467,Bosque deciduo,1.7240768926971313,SINAC - Consenso bosque deciduo 2021-2023,2021-2023,1,1,0,0
4164,SINAC_BD_0004164,45469,Bosque deciduo,1.65,SINAC - Consenso bosque deciduo 2021-2023,2021-2023,0,0,0,0
4165,SINAC_BD_0004165,45478,Bosque deciduo,2.167658254325765,SINAC - Consenso bosque deciduo 2021-2023,2021-2023,1,1,0,0
4166,SINAC_BD_0004166,45486,Bosque deciduo,1.0764985832361542,SINAC - Consenso bosque deciduo 2021-2023,2021-2023,1,1,0,0
4167,SINAC_BD_0004167,45490,Bosque deciduo,1.486052118058432,SINAC - Consenso bosque deciduo 2021-2023,2021-2023,1,0,0,0
4168,SINAC_BD_0004168,45517,Bosque deciduo,2.7673362975046882,SINAC - Consenso bosque deciduo 2021-2023,2021-2023,0,0,0,0
4169,SINAC_BD_0004169,45549,Bosque deciduo,1.1079319703611707,SINAC - Consenso bosque deciduo 2021-2023,2021-2023,0,0,0,0
4170,SINAC_BD_0004170,45552,Bosque deciduo,1.8887062403340322,SINAC - Consenso bosque deciduo 2021-2023,2021-2023,1,1,0,0
4171,SINAC_BD_0004171,45590,Bosque deciduo,21.88340792137714,SINAC - Consenso bosque deciduo 2021-2023,2021-2023,1,1,1,1
4172,SINAC_BD_0004172,45617,Bosque deciduo,8.166474512221768,SINAC - Consenso bosque deciduo 2021-2023,2021-2023,1,1,1,0
4173,SINAC_BD_0004173,45631,Bosque deciduo,1.01,SINAC - Consenso bosque deciduo 2021-2023,2021-2023,0,0,0,0
4174,SINAC_BD_0004174,45632,Bosque deciduo,4.291942729261764,SINAC - Consenso bosque deciduo 2021-2023,2021-2023,1,0,0,0
4175,SINAC_BD_0004175,45635,Bosque deciduo,2.8115964388525705,SINAC - Consenso bosque deciduo 2021-2023,2021-2023,0,0,0,0
4176,SINAC_BD_0004176,45692,Bosque deciduo,16.013232276219615,SINAC - Consenso bosque deciduo 2021-2023,2021-2023,1,1,1,0
4177,SINAC_BD_0004177,45740,Bosque deciduo,3.901929498373606,SINAC - Consenso bosque deciduo 2021-2023,2021-2023,1,0,0,0
4178,SINAC_BD_0004178,45744,Bosque deciduo,1.5,SINAC - Consenso bosque deciduo 2021-2023,2021-2023,0,0,0,0
4179,SINAC_BD_0004179,45745,Bosque deciduo,1.29,SINAC - Consenso bosque deciduo 2021-2023,2021-2023,1,0,0,0
4180,SINAC_BD_0004180,45746,Bosque deciduo,1.29,SINAC - Consenso bosque deciduo 2021-2023,2021-2023,0,0,0,0
4181,SINAC_BD_0004181,45747,Bosque deciduo,1.0932816913176309,SINAC - Consenso bosque deciduo 2021-2023,2021-2023,1,0,0,0
4182,SINAC_BD_0004182,45778,Bosque deciduo,1.0784111839371686,SINAC - Consenso bosque deciduo 2021-2023,2021-2023,0,0,0,0
4183,SINAC_BD_0004183,45794,Bosque deciduo,6.34094642182337,SINAC - Consenso bosque deciduo 2021-2023,2021-2023,1,0,0,0
4184,SINAC_BD_0004184,45892,Bosque deciduo,9.440599181813113,SINAC - Consenso bosque deciduo 2021-2023,2021-2023,1,0,0,0
4185,SINAC_BD_0004185,45895,Bosque deciduo,1.6075978586183686,SINAC - Consenso bosque deciduo 2021-2023,2021-2023,1,0,0,0
4186,SINAC_BD_0004186,45896,Bosque deciduo,1.26,SINAC - Consenso bosque deciduo 2021-2023,2021-2023,0,0,0,0
4187,SINAC_BD_0004187,45897,Bosque deciduo,2.55,SINAC - Consenso bosque deciduo 2021-2023,2021-2023,1,0,0,0
4188,SINAC_BD_0004188,45900,Bosque deciduo,8.565646644547598,SINAC - Consenso bosque deciduo 2021-2023,2021-2023,1,1,0,0
4189,SINAC_BD_0004189,45916,Bosque deciduo,14.527795537451146,SINAC - Consenso bosque deciduo 2021-2023,2021-2023,1,1,0,0
4190,SINAC_BD_0004190,45920,Bosque deciduo,1.6351172942949608,SINAC - Consenso bosque deciduo 2021-2023,2021-2023,1,1,0,0
4191,SINAC_BD_0004191,45964,Bosque deciduo,2.48,SINAC - Consenso bosque deciduo 2021-2023,2021-2023,1,0,0,0
4192,SINAC_BD_0004192,45973,Bosque deciduo,5.148503829178313,SINAC - Consenso bosque deciduo 2021-2023,2021-2023,1,1,0,0
4193,SINAC_BD_0004193,45980,Bosque deciduo,5.288568464930877,SINAC - Consenso bosque deciduo 2021-2023,2021-2023,0,0,0,0
4194,SINAC_BD_0004194,45985,Bosque deciduo,2.0479114882901692,SINAC - Consenso bosque deciduo 2021-2023,2021-2023,1,0,0,0
4195,SINAC_BD_0004195,45986,Bosque deciduo,8.035377372272855,SINAC - Consenso bosque deciduo 2021-2023,2021-2023,1,1,1,0
4196,SINAC_BD_0004196,45989,Bosque deciduo,1.008691787232874,SINAC - Consenso bosque deciduo 2021-2023,2021-2023,1,0,0,0
4197,SINAC_BD_0004197,45990,Bosque deciduo,1.8395140963336334,SINAC - Consenso bosque deciduo 2021-2023,2021-2023,1,0,1,0
4198,SINAC_BD_0004198,45991,Bosque deciduo,1.2,SINAC - Consenso bosque deciduo 2021-2023,2021-2023,0,0,0,0
4199,SINAC_BD_0004199,45993,Bosque deciduo,1.3745647800262257,SINAC - Consenso bosque deciduo 2021-2023,2021-2023,1,0,0,0
4200,SINAC_BD_0004200,45996,Bosque deciduo,1.3992394613538592,SINAC - Consenso bosque deciduo 2021-2023,2021-2023,0,0,0,0
4201,SINAC_BD_0004201,46024,Bosque deciduo,1.3892724669500531,SINAC - Consenso bosque deciduo 2021-2023,2021-2023,0,0,0,0
4202,SINAC_BD_0004202,46025,Bosque deciduo,2.9524350350864617,SINAC - Consenso bosque deciduo 2021-2023,2021-2023,1,1,0,0
4203,SINAC_BD_0004203,46029,Bosque deciduo,27.480802785459893,SINAC - Consenso bosque deciduo 2021-2023,2021-2023,1,1,1,0
4204,SINAC_BD_0004204,46051,Bosque deciduo,1.29,SINAC - Consenso bosque deciduo 2021-2023,2021-2023,0,0,0,0
4205,SINAC_BD_0004205,46078,Bosque deciduo,1.3188603644978436,SINAC - Consenso bosque deciduo 2021-2023,2021-2023,1,0,0,0
4206,SINAC_BD_0004206,46131,Bosque deciduo,1.2803887266033092,SINAC - Consenso bosque deciduo 2021-2023,2021-2023,0,0,0,0
4207,SINAC_BD_0004207,46132,Bosque deciduo,2.8674410482455004,SINAC - Consenso bosque deciduo 2021-2023,2021-2023,1,1,1,0
4208,SINAC_BD_0004208,46146,Bosque deciduo,1.7855151713865507,SINAC - Consenso bosque deciduo 2021-2023,2021-2023,0,0,0,0
4209,SINAC_BD_0004209,46147,Bosque deciduo,1.82,SINAC - Consenso bosque deciduo 2021-2023,2021-2023,0,0,1,0
4210,SINAC_BD_0004210,46154,Bosque deciduo,3.110634931737579,SINAC - Consenso bosque deciduo 2021-2023,2021-2023,0,0,0,0
4211,SINAC_BD_0004211,46159,Bosque deciduo,1.66,SINAC - Consenso bosque deciduo 2021-2023,2021-2023,0,0,0,0
4212,SINAC_BD_0004212,46165,Bosque deciduo,1.5448864318635074,SINAC - Consenso bosque deciduo 2021-2023,2021-2023,0,0,0,0
4213,SINAC_BD_0004213,46175,Bosque deciduo,1.1460641682273889,SINAC - Consenso bosque deciduo 2021-2023,2021-2023,0,0,0,0
4214,SINAC_BD_0004214,46234,Bosque deciduo,3.122967069749581,SINAC - Consenso bosque deciduo 2021-2023,2021-2023,1,1,0,0
4215,SINAC_BD_0004215,46260,Bosque deciduo,1.0513959033213327,SINAC - Consenso bosque deciduo 2021-2023,2021-2023,0,0,0,0
4216,SINAC_BD_0004216,46321,Bosque deciduo,7.613748042709186,SINAC - Consenso bosque deciduo 2021-2023,2021-2023,1,1,0,0
4217,SINAC_BD_0004217,46343,Bosque deciduo,1.7763369769915225,SINAC - Consenso bosque deciduo 2021-2023,2021-2023,1,0,0,0
4218,SINAC_BD_0004218,46396,Bosque deciduo,136.43482349230757,SINAC - Consenso bosque deciduo 2021-2023,2021-2023,1,1,1,0
4219,SINAC_BD_0004219,46397,Bosque deciduo,1.02,SINAC - Consenso bosque deciduo 2021-2023,2021-2023,1,0,0,0
4220,SINAC_BD_0004220,46399,Bosque deciduo,1.11,SINAC - Consenso bosque deciduo 2021-2023,2021-2023,1,0,0,0
4221,SINAC_BD_0004221,46401,Bosque deciduo,1.5587789080273857,SINAC - Consenso bosque deciduo 2021-2023,2021-2023,0,0,0,0
4222,SINAC_BD_0004222,46405,Bosque deciduo,12.345204422197098,SINAC - Consenso bosque deciduo 2021-2023,2021-2023,1,0,0,0
4223,SINAC_BD_0004223,46435,Bosque deciduo,27.090302796894044,SINAC - Consenso bosque deciduo 2021-2023,2021-2023,1,1,1,0
4224,SINAC_BD_0004224,46457,Bosque deciduo,8.850290253553693,SINAC - Consenso bosque deciduo 2021-2023,2021-2023,1,0,0,0
4225,SINAC_BD_0004225,46458,Bosque deciduo,10.991449597474269,SINAC - Consenso bosque deciduo 2021-2023,2021-2023,1,0,0,0
4226,SINAC_BD_0004226,46462,Bosque deciduo,4.240958418762812,SINAC - Consenso bosque deciduo 2021-2023,2021-2023,1,0,0,0
4227,SINAC_BD_0004227,46487,Bosque deciduo,1.1612334710609076,SINAC - Consenso bosque deciduo 2021-2023,2021-2023,1,0,0,0
4228,SINAC_BD_0004228,46497,Bosque deciduo,2.95,SINAC - Consenso bosque deciduo 2021-2023,2021-2023,0,0,0,0
4229,SINAC_BD_0004229,46500,Bosque deciduo,2.47,SINAC - Consenso bosque deciduo 2021-2023,2021-2023,1,1,0,0
4230,SINAC_BD_0004230,46512,Bosque deciduo,1.71,SINAC - Consenso bosque deciduo 2021-2023,2021-2023,1,0,0,0
4231,SINAC_BD_0004231,46513,Bosque deciduo,2.3,SINAC - Consenso bosque deciduo 2021-2023,2021-2023,1,0,0,0
4232,SINAC_BD_0004232,46535,Bosque deciduo,1.27,SINAC - Consenso bosque deciduo 2021-2023,2021-2023,0,0,0,0
4233,SINAC_BD_0004233,46537,Bosque deciduo,2.57,SINAC - Consenso bosque deciduo 2021-2023,2021-2023,0,0,0,0
4234,SINAC_BD_0004234,46565,Bosque deciduo,2.8734062719771556,SINAC - Consenso bosque deciduo 2021-2023,2021-2023,0,0,0,1
4235,SINAC_BD_0004235,46567,Bosque deciduo,38.44906772023133,SINAC - Consenso bosque deciduo 2021-2023,2021-2023,1,1,1,0
4236,SINAC_BD_0004236,46573,Bosque deciduo,1.0316185007787853,SINAC - Consenso bosque deciduo 2021-2023,2021-2023,0,0,0,0
4237,SINAC_BD_0004237,46574,Bosque deciduo,37.59997333031184,SINAC - Consenso bosque deciduo 2021-2023,2021-2023,1,1,0,0
4238,SINAC_BD_0004238,46598,Bosque deciduo,1.11,SINAC - Consenso bosque deciduo 2021-2023,2021-2023,1,0,0,0
4239,SINAC_BD_0004239,46641,Bosque deciduo,1.69,SINAC - Consenso bosque deciduo 2021-2023,2021-2023,1,1,0,0
4240,SINAC_BD_0004240,46642,Bosque deciduo,1.06,SINAC - Consenso bosque deciduo 2021-2023,2021-2023,0,0,0,0
4241,SINAC_BD_0004241,46643,Bosque deciduo,4.610249333272233,SINAC - Consenso bosque deciduo 2021-2023,2021-2023,1,1,0,0
4242,SINAC_BD_0004242,46653,Bosque deciduo,2.2774189797020434,SINAC - Consenso bosque deciduo 2021-2023,2021-2023,0,0,0,0
4243,SINAC_BD_0004243,46659,Bosque deciduo,9.09,SINAC - Consenso bosque deciduo 2021-2023,2021-2023,1,0,0,0
4244,SINAC_BD_0004244,46676,Bosque deciduo,8.38,SINAC - Consenso bosque deciduo 2021-2023,2021-2023,1,1,0,0
4245,SINAC_BD_0004245,46683,Bosque deciduo,5.46,SINAC - Consenso bosque deciduo 2021-2023,2021-2023,1,1,0,0
4246,SINAC_BD_0004246,46715,Bosque deciduo,1.5159760921559298,SINAC - Consenso bosque deciduo 2021-2023,2021-2023,1,1,0,0
4247,SINAC_BD_0004247,46719,Bosque deciduo,1.8279508396161117,SINAC - Consenso bosque deciduo 2021-2023,2021-2023,0,0,0,0
4248,SINAC_BD_0004248,46735,Bosque deciduo,2.8917329380538215,SINAC - Consenso bosque deciduo 2021-2023,2021-2023,1,1,0,0
4249,SINAC_BD_0004249,46740,Bosque deciduo,1.3913639623902763,SINAC - Consenso bosque deciduo 2021-2023,2021-2023,1,0,0,0
4250,SINAC_BD_0004250,46775,Bosque deciduo,4.895143579684549,SINAC - Consenso bosque deciduo 2021-2023,2021-2023,0,0,0,0
4251,SINAC_BD_0004251,46837,Bosque deciduo,2.105563137873232,SINAC - Consenso bosque deciduo 2021-2023,2021-2023,1,1,0,0
4252,SINAC_BD_0004252,46840,Bosque deciduo,1.9740775762619565,SINAC - Consenso bosque deciduo 2021-2023,2021-2023,1,1,0,0
4253,SINAC_BD_0004253,46852,Bosque deciduo,1.2037871668608164,SINAC - Consenso bosque deciduo 2021-2023,2021-2023,0,0,0,0
4254,SINAC_BD_0004254,46897,Bosque deciduo,1.221343592009952,SINAC - Consenso bosque deciduo 2021-2023,2021-2023,0,0,0,0
4255,SINAC_BD_0004255,46910,Bosque deciduo,4.259916214152754,SINAC - Consenso bosque deciduo 2021-2023,2021-2023,0,0,0,0
4256,SINAC_BD_0004256,46943,Bosque deciduo,3.9978715558640454,SINAC - Consenso bosque deciduo 2021-2023,2021-2023,1,1,1,0
4257,SINAC_BD_0004257,46947,Bosque deciduo,1.88,SINAC - Consenso bosque deciduo 2021-2023,2021-2023,1,0,0,0
4258,SINAC_BD_0004258,46960,Bosque deciduo,2.423632227746246,SINAC - Consenso bosque deciduo 2021-2023,2021-2023,1,1,0,0
4259,SINAC_BD_0004259,46968,Bosque deciduo,3.962600600666582,SINAC - Consenso bosque deciduo 2021-2023,2021-2023,1,1,1,0
4260,SINAC_BD_0004260,46985,Bosque deciduo,15.892965306000079,SINAC - Consenso bosque deciduo 2021-2023,2021-2023,1,1,0,0
4261,SINAC_BD_0004261,47026,Bosque deciduo,1.03,SINAC - Consenso bosque deciduo 2021-2023,2021-2023,0,0,0,0
4262,SINAC_BD_0004262,47027,Bosque deciduo,1.9692144350614027,SINAC - Consenso bosque deciduo 2021-2023,2021-2023,0,0,0,0
4263,SINAC_BD_0004263,47028,Bosque deciduo,1.18,SINAC - Consenso bosque deciduo 2021-2023,2021-2023,0,0,0,0
4264,SINAC_BD_0004264,47031,Bosque deciduo,2.4341946646307986,SINAC - Consenso bosque deciduo 2021-2023,2021-2023,1,0,0,0
4265,SINAC_BD_0004265,47066,Bosque deciduo,1.3693614478143792,SINAC - Consenso bosque deciduo 2021-2023,2021-2023,1,0,0,0
4266,SINAC_BD_0004266,47067,Bosque deciduo,3.3471192409726247,SINAC - Consenso bosque deciduo 2021-2023,2021-2023,0,0,0,0
4267,SINAC_BD_0004267,47068,Bosque deciduo,1.138825834241796,SINAC - Consenso bosque deciduo 2021-2023,2021-2023,0,0,0,0
4268,SINAC_BD_0004268,47074,Bosque deciduo,4.802363136115033,SINAC - Consenso bosque deciduo 2021-2023,2021-2023,0,0,0,0
4269,SINAC_BD_0004269,47082,Bosque deciduo,30.95173913129361,SINAC - Consenso bosque deciduo 2021-2023,2021-2023,1,1,1,0
4270,SINAC_BD_0004270,47099,Bosque deciduo,1.0534318566132772,SINAC - Consenso bosque deciduo 2021-2023,2021-2023,1,0,0,0
4271,SINAC_BD_0004271,47130,Bosque deciduo,3.8343295911212905,SINAC - Consenso bosque deciduo 2021-2023,2021-2023,1,1,0,0
4272,SINAC_BD_0004272,47137,Bosque deciduo,413.7365704311798,SINAC - Consenso bosque deciduo 2021-2023,2021-2023,1,1,1,1
4273,SINAC_BD_0004273,47195,Bosque deciduo,5.108129579124526,SINAC - Consenso bosque deciduo 2021-2023,2021-2023,1,1,0,0
4274,SINAC_BD_0004274,47198,Bosque deciduo,1.3154237187954807,SINAC - Consenso bosque deciduo 2021-2023,2021-2023,1,0,0,0
4275,SINAC_BD_0004275,47216,Bosque deciduo,1.6009235874932366,SINAC - Consenso bosque deciduo 2021-2023,2021-2023,0,0,0,0
4276,SINAC_BD_0004276,47238,Bosque deciduo,230.34688354162734,SINAC - Consenso bosque deciduo 2021-2023,2021-2023,1,1,1,1
4277,SINAC_BD_0004277,47264,Bosque deciduo,1.25,SINAC - Consenso bosque deciduo 2021-2023,2021-2023,1,0,0,0
4278,SINAC_BD_0004278,47266,Bosque deciduo,1.229201482191502,SINAC - Consenso bosque deciduo 2021-2023,2021-2023,0,0,0,0
4279,SINAC_BD_0004279,47267,Bosque deciduo,14.860175113944281,SINAC - Consenso bosque deciduo 2021-2023,2021-2023,1,0,0,0
4280,SINAC_BD_0004280,47276,Bosque deciduo,1.517108702781822,SINAC - Consenso bosque deciduo 2021-2023,2021-2023,0,0,0,0
4281,SINAC_BD_0004281,47280,Bosque deciduo,8.835567230584829,SINAC - Consenso bosque deciduo 2021-2023,2021-2023,1,1,0,0
4282,SINAC_BD_0004282,47286,Bosque deciduo,3.483319478449632,SINAC - Consenso bosque deciduo 2021-2023,2021-2023,1,0,0,0
4283,SINAC_BD_0004283,47287,Bosque deciduo,2.315387315250018,SINAC - Consenso bosque deciduo 2021-2023,2021-2023,0,0,0,0
4284,SINAC_BD_0004284,47289,Bosque deciduo,3.64,SINAC - Consenso bosque deciduo 2021-2023,2021-2023,1,0,0,0
4285,SINAC_BD_0004285,47303,Bosque deciduo,1.0073891478081234,SINAC - Consenso bosque deciduo 2021-2023,2021-2023,1,0,0,0
4286,SINAC_BD_0004286,47331,Bosque deciduo,18.39142896178443,SINAC - Consenso bosque deciduo 2021-2023,2021-2023,1,1,0,0
4287,SINAC_BD_0004287,47340,Bosque deciduo,1.484479990058588,SINAC - Consenso bosque deciduo 2021-2023,2021-2023,0,0,0,0
4288,SINAC_BD_0004288,47350,Bosque deciduo,1.210965979092021,SINAC - Consenso bosque deciduo 2021-2023,2021-2023,1,0,0,0
4289,SINAC_BD_0004289,47368,Bosque deciduo,16.464859130781655,SINAC - Consenso bosque deciduo 2021-2023,2021-2023,1,1,0,0
4290,SINAC_BD_0004290,47371,Bosque deciduo,1.2642863946368037,SINAC - Consenso bosque deciduo 2021-2023,2021-2023,1,0,1,0
4291,SINAC_BD_0004291,47374,Bosque deciduo,4.100730923693518,SINAC - Consenso bosque deciduo 2021-2023,2021-2023,1,1,0,0
4292,SINAC_BD_0004292,47413,Bosque deciduo,1.05,SINAC - Consenso bosque deciduo 2021-2023,2021-2023,0,0,0,0
4293,SINAC_BD_0004293,47414,Bosque deciduo,14.702221030037428,SINAC - Consenso bosque deciduo 2021-2023,2021-2023,1,0,0,0
4294,SINAC_BD_0004294,47455,Bosque deciduo,1.31,SINAC - Consenso bosque deciduo 2021-2023,2021-2023,0,0,0,0
4295,SINAC_BD_0004295,47465,Bosque deciduo,3.309099428955264,SINAC - Consenso bosque deciduo 2021-2023,2021-2023,1,1,0,0
4296,SINAC_BD_0004296,47487,Bosque deciduo,3.49,SINAC - Consenso bosque deciduo 2021-2023,2021-2023,1,0,1,0
4297,SINAC_BD_0004297,47508,Bosque deciduo,1.16,SINAC - Consenso bosque deciduo 2021-2023,2021-2023,1,0,0,0
4298,SINAC_BD_0004298,47526,Bosque deciduo,1.4585201513458077,SINAC - Consenso bosque deciduo 2021-2023,2021-2023,1,1,0,0
4299,SINAC_BD_0004299,47532,Bosque deciduo,1.03194556402741,SINAC - Consenso bosque deciduo 2021-2023,2021-2023,0,0,0,0
4300,SINAC_BD_0004300,47581,Bosque deciduo,2.02947077237788,SINAC - Consenso bosque deciduo 2021-2023,2021-2023,0,0,0,0
4301,SINAC_BD_0004301,47587,Bosque deciduo,2.439270538299213,SINAC - Consenso bosque deciduo 2021-2023,2021-2023,1,0,0,0
4302,SINAC_BD_0004302,47604,Bosque deciduo,1.57,SINAC - Consenso bosque deciduo 2021-2023,2021-2023,1,0,0,0
4303,SINAC_BD_0004303,47614,Bosque deciduo,1.16,SINAC - Consenso bosque deciduo 2021-2023,2021-2023,0,0,0,0
4304,SINAC_BD_0004304,47630,Bosque deciduo,5.893773871044082,SINAC - Consenso bosque deciduo 2021-2023,2021-2023,1,1,0,0
4305,SINAC_BD_0004305,47658,Bosque deciduo,4.543087115714784,SINAC - Consenso bosque deciduo 2021-2023,2021-2023,1,0,0,0
4306,SINAC_BD_0004306,47659,Bosque deciduo,2.4343650335029925,SINAC - Consenso bosque deciduo 2021-2023,2021-2023,1,1,1,0
4307,SINAC_BD_0004307,47662,Bosque deciduo,1.28,SINAC - Consenso bosque deciduo 2021-2023,2021-2023,0,0,0,0
4308,SINAC_BD_0004308,47671,Bosque deciduo,1.044521797016494,SINAC - Consenso bosque deciduo 2021-2023,2021-2023,1,0,0,0
4309,SINAC_BD_0004309,47678,Bosque deciduo,2.371785693806765,SINAC - Consenso bosque deciduo 2021-2023,2021-2023,1,1,0,0
4310,SINAC_BD_0004310,47701,Bosque deciduo,407.7853588095332,SINAC - Consenso bosque deciduo 2021-2023,2021-2023,1,1,1,1
4311,SINAC_BD_0004311,47733,Bosque deciduo,10.619411647271134,SINAC - Consenso bosque deciduo 2021-2023,2021-2023,1,1,1,0
4312,SINAC_BD_0004312,47776,Bosque deciduo,37.85728551622831,SINAC - Consenso bosque deciduo 2021-2023,2021-2023,1,1,1,0
4313,SINAC_BD_0004313,47798,Bosque deciduo,8.175087067628452,SINAC - Consenso bosque deciduo 2021-2023,2021-2023,1,0,0,0
4314,SINAC_BD_0004314,47823,Bosque deciduo,3.6730715904854043,SINAC - Consenso bosque deciduo 2021-2023,2021-2023,1,0,0,0
4315,SINAC_BD_0004315,47826,Bosque deciduo,2.9756116752215074,SINAC - Consenso bosque deciduo 2021-2023,2021-2023,1,1,0,0
4316,SINAC_BD_0004316,47828,Bosque deciduo,1.78,SINAC - Consenso bosque deciduo 2021-2023,2021-2023,0,0,0,0
4317,SINAC_BD_0004317,47836,Bosque deciduo,6.162212430734052,SINAC - Consenso bosque deciduo 2021-2023,2021-2023,1,1,0,0
4318,SINAC_BD_0004318,47865,Bosque deciduo,187.80057955187505,SINAC - Consenso bosque deciduo 2021-2023,2021-2023,1,1,1,0
4319,SINAC_BD_0004319,47872,Bosque deciduo,1.4098879770471553,SINAC - Consenso bosque deciduo 2021-2023,2021-2023,0,0,0,0
4320,SINAC_BD_0004320,47884,Bosque deciduo,1.61,SINAC - Consenso bosque deciduo 2021-2023,2021-2023,0,0,0,0
4321,SINAC_BD_0004321,47885,Bosque deciduo,1.3124495372581975,SINAC - Consenso bosque deciduo 2021-2023,2021-2023,0,0,0,0
4322,SINAC_BD_0004322,47891,Bosque deciduo,4.08564255438751,SINAC - Consenso bosque deciduo 2021-2023,2021-2023,1,1,0,0
4323,SINAC_BD_0004323,47893,Bosque deciduo,1.06,SINAC - Consenso bosque deciduo 2021-2023,2021-2023,0,0,0,0
4324,SINAC_BD_0004324,47908,Bosque deciduo,1.45068327710692,SINAC - Consenso bosque deciduo 2021-2023,2021-2023,1,0,0,0
4325,SINAC_BD_0004325,47934,Bosque deciduo,1.0141149647255,SINAC - Consenso bosque deciduo 2021-2023,2021-2023,0,0,1,0
4326,SINAC_BD_0004326,47948,Bosque deciduo,1.28,SINAC - Consenso bosque deciduo 2021-2023,2021-2023,0,0,0,0
4327,SINAC_BD_0004327,47972,Bosque deciduo,3.85,SINAC - Consenso bosque deciduo 2021-2023,2021-2023,1,1,0,0
4328,SINAC_BD_0004328,47973,Bosque deciduo,1.77,SINAC - Consenso bosque deciduo 2021-2023,2021-2023,1,0,0,0
4329,SINAC_BD_0004329,47976,Bosque deciduo,4.46394265286024,SINAC - Consenso bosque deciduo 2021-2023,2021-2023,1,1,0,1
4330,SINAC_BD_0004330,47979,Bosque deciduo,1.02,SINAC - Consenso bosque deciduo 2021-2023,2021-2023,0,0,0,0
4331,SINAC_BD_0004331,47983,Bosque deciduo,10.381613138363331,SINAC - Consenso bosque deciduo 2021-2023,2021-2023,1,1,0,0
4332,SINAC_BD_0004332,47994,Bosque deciduo,2.54,SINAC - Consenso bosque deciduo 2021-2023,2021-2023,1,0,0,0
4333,SINAC_BD_0004333,48028,Bosque deciduo,1.21,SINAC - Consenso bosque deciduo 2021-2023,2021-2023,0,0,0,0
4334,SINAC_BD_0004334,48034,Bosque deciduo,26.883474698920327,SINAC - Consenso bosque deciduo 2021-2023,2021-2023,1,1,1,0
4335,SINAC_BD_0004335,48043,Bosque deciduo,2.09,SINAC - Consenso bosque deciduo 2021-2023,2021-2023,1,1,0,0
4336,SINAC_BD_0004336,48046,Bosque deciduo,4.548900037924942,SINAC - Consenso bosque deciduo 2021-2023,2021-2023,1,0,0,0
4337,SINAC_BD_0004337,48047,Bosque deciduo,2.374784816134124,SINAC - Consenso bosque deciduo 2021-2023,2021-2023,0,0,0,0
4338,SINAC_BD_0004338,48048,Bosque deciduo,1.9503315512473673,SINAC - Consenso bosque deciduo 2021-2023,2021-2023,1,1,0,0
4339,SINAC_BD_0004339,48049,Bosque deciduo,1.1899367530733846,SINAC - Consenso bosque deciduo 2021-2023,2021-2023,0,0,0,0
4340,SINAC_BD_0004340,48071,Bosque deciduo,1.2505919314116916,SINAC - Consenso bosque deciduo 2021-2023,2021-2023,1,0,0,0
4341,SINAC_BD_0004341,48076,Bosque deciduo,13.918416350581168,SINAC - Consenso bosque deciduo 2021-2023,2021-2023,1,1,1,0
4342,SINAC_BD_0004342,48096,Bosque deciduo,1.3517926330249137,SINAC - Consenso bosque deciduo 2021-2023,2021-2023,0,0,0,0
4343,SINAC_BD_0004343,48100,Bosque deciduo,1.92,SINAC - Consenso bosque deciduo 2021-2023,2021-2023,0,0,0,0
4344,SINAC_BD_0004344,48121,Bosque deciduo,15.902024284842442,SINAC - Consenso bosque deciduo 2021-2023,2021-2023,1,1,0,0
4345,SINAC_BD_0004345,48129,Bosque deciduo,1.6323628526839116,SINAC - Consenso bosque deciduo 2021-2023,2021-2023,1,0,0,0
4346,SINAC_BD_0004346,48132,Bosque deciduo,1.94,SINAC - Consenso bosque deciduo 2021-2023,2021-2023,0,0,0,0
4347,SINAC_BD_0004347,48133,Bosque deciduo,1.674796817957253,SINAC - Consenso bosque deciduo 2021-2023,2021-2023,0,0,0,0
4348,SINAC_BD_0004348,48166,Bosque deciduo,1.035033788752283,SINAC - Consenso bosque deciduo 2021-2023,2021-2023,0,0,0,0
4349,SINAC_BD_0004349,48174,Bosque deciduo,2.07,SINAC - Consenso bosque deciduo 2021-2023,2021-2023,0,0,0,0
4350,SINAC_BD_0004350,48218,Bosque deciduo,1.0425247421759598,SINAC - Consenso bosque deciduo 2021-2023,2021-2023,1,1,0,0
4351,SINAC_BD_0004351,48219,Bosque deciduo,1.07,SINAC - Consenso bosque deciduo 2021-2023,2021-2023,1,0,0,0
4352,SINAC_BD_0004352,48221,Bosque deciduo,1.1925123719581197,SINAC - Consenso bosque deciduo 2021-2023,2021-2023,0,0,0,0
4353,SINAC_BD_0004353,48226,Bosque deciduo,1.1091181688911746,SINAC - Consenso bosque deciduo 2021-2023,2021-2023,0,0,0,0
4354,SINAC_BD_0004354,48232,Bosque deciduo,1.8373342447064767,SINAC - Consenso bosque deciduo 2021-2023,2021-2023,1,0,0,0
4355,SINAC_BD_0004355,48234,Bosque deciduo,1.12,SINAC - Consenso bosque deciduo 2021-2023,2021-2023,0,0,0,0
4356,SINAC_BD_0004356,48240,Bosque deciduo,4.8939209005978155,SINAC - Consenso bosque deciduo 2021-2023,2021-2023,1,0,0,0
4357,SINAC_BD_0004357,48244,Bosque deciduo,1.7,SINAC - Consenso bosque deciduo 2021-2023,2021-2023,1,0,0,0
4358,SINAC_BD_0004358,48279,Bosque deciduo,1.5355646674094268,SINAC - Consenso bosque deciduo 2021-2023,2021-2023,1,0,0,0
4359,SINAC_BD_0004359,48310,Bosque deciduo,1.8086156297881546,SINAC - Consenso bosque deciduo 2021-2023,2021-2023,0,0,0,0
4360,SINAC_BD_0004360,48320,Bosque deciduo,2.3300621443008027,SINAC - Consenso bosque deciduo 2021-2023,2021-2023,0,0,0,0
4361,SINAC_BD_0004361,48327,Bosque deciduo,1.22,SINAC - Consenso bosque deciduo 2021-2023,2021-2023,1,1,0,0
4362,SINAC_BD_0004362,48334,Bosque deciduo,2.2896690549576526,SINAC - Consenso bosque deciduo 2021-2023,2021-2023,0,0,0,0
4363,SINAC_BD_0004363,48352,Bosque deciduo,2.1171172294277256,SINAC - Consenso bosque deciduo 2021-2023,2021-2023,0,0,0,0
4364,SINAC_BD_0004364,48379,Bosque deciduo,1.5195713279745506,SINAC - Consenso bosque deciduo 2021-2023,2021-2023,1,0,0,0
4365,SINAC_BD_0004365,48380,Bosque deciduo,8.339417395264906,SINAC - Consenso bosque deciduo 2021-2023,2021-2023,1,1,0,0
4366,SINAC_BD_0004366,48382,Bosque deciduo,2.1567546362931687,SINAC - Consenso bosque deciduo 2021-2023,2021-2023,0,0,0,0
4367,SINAC_BD_0004367,48426,Bosque deciduo,1.21,SINAC - Consenso bosque deciduo 2021-2023,2021-2023,0,0,0,0
4368,SINAC_BD_0004368,48428,Bosque deciduo,1.45,SINAC - Consenso bosque deciduo 2021-2023,2021-2023,1,0,0,0
4369,SINAC_BD_0004369,48432,Bosque deciduo,1.0738205661779918,SINAC - Consenso bosque deciduo 2021-2023,2021-2023,0,0,0,0
4370,SINAC_BD_0004370,48474,Bosque deciduo,1.1274865194395771,SINAC - Consenso bosque deciduo 2021-2023,2021-2023,0,0,0,0
4371,SINAC_BD_0004371,48509,Bosque deciduo,14.610922527322712,SINAC - Consenso bosque deciduo 2021-2023,2021-2023,1,1,0,0
4372,SINAC_BD_0004372,48511,Bosque deciduo,1.63,SINAC - Consenso bosque deciduo 2021-2023,2021-2023,0,0,0,0
4373,SINAC_BD_0004373,48519,Bosque deciduo,1.61,SINAC - Consenso bosque deciduo 2021-2023,2021-2023,0,0,0,0
4374,SINAC_BD_0004374,48534,Bosque deciduo,1.5289583540960994,SINAC - Consenso bosque deciduo 2021-2023,2021-2023,1,1,0,0
4375,SINAC_BD_0004375,48539,Bosque deciduo,4.148879945166851,SINAC - Consenso bosque deciduo 2021-2023,2021-2023,1,1,0,0
4376,SINAC_BD_0004376,48603,Bosque deciduo,348.12986143159117,SINAC - Consenso bosque deciduo 2021-2023,2021-2023,1,1,1,0
4377,SINAC_BD_0004377,48631,Bosque deciduo,2.9317286361705257,SINAC - Consenso bosque deciduo 2021-2023,2021-2023,1,0,0,0
4378,SINAC_BD_0004378,48638,Bosque deciduo,1.0839002113431373,SINAC - Consenso bosque deciduo 2021-2023,2021-2023,1,0,0,0
4379,SINAC_BD_0004379,48672,Bosque deciduo,158.19189458131206,SINAC - Consenso bosque deciduo 2021-2023,2021-2023,1,1,1,0
4380,SINAC_BD_0004380,48679,Bosque deciduo,1.33,SINAC - Consenso bosque deciduo 2021-2023,2021-2023,1,0,0,0
4381,SINAC_BD_0004381,48716,Bosque deciduo,7.785470990108666,SINAC - Consenso bosque deciduo 2021-2023,2021-2023,0,0,0,0
4382,SINAC_BD_0004382,48730,Bosque deciduo,1.737507862188117,SINAC - Consenso bosque deciduo 2021-2023,2021-2023,1,0,1,0
4383,SINAC_BD_0004383,48731,Bosque deciduo,1.14,SINAC - Consenso bosque deciduo 2021-2023,2021-2023,0,0,0,0
4384,SINAC_BD_0004384,48732,Bosque deciduo,4.2391138278943075,SINAC - Consenso bosque deciduo 2021-2023,2021-2023,1,1,0,0
4385,SINAC_BD_0004385,48735,Bosque deciduo,7.268967319941048,SINAC - Consenso bosque deciduo 2021-2023,2021-2023,1,1,0,0
4386,SINAC_BD_0004386,48774,Bosque deciduo,1.17,SINAC - Consenso bosque deciduo 2021-2023,2021-2023,0,0,0,0
4387,SINAC_BD_0004387,48798,Bosque deciduo,24.23876508690235,SINAC - Consenso bosque deciduo 2021-2023,2021-2023,1,1,0,0
4388,SINAC_BD_0004388,48799,Bosque deciduo,1.158239189263335,SINAC - Consenso bosque deciduo 2021-2023,2021-2023,0,0,0,0
4389,SINAC_BD_0004389,48825,Bosque deciduo,1.738608274878639,SINAC - Consenso bosque deciduo 2021-2023,2021-2023,0,0,0,0
4390,SINAC_BD_0004390,48832,Bosque deciduo,8.57,SINAC - Consenso bosque deciduo 2021-2023,2021-2023,1,0,0,0
4391,SINAC_BD_0004391,48835,Bosque deciduo,8.10442208976508,SINAC - Consenso bosque deciduo 2021-2023,2021-2023,0,0,0,0
4392,SINAC_BD_0004392,48848,Bosque deciduo,2.618617342196279,SINAC - Consenso bosque deciduo 2021-2023,2021-2023,1,0,0,0
4393,SINAC_BD_0004393,48856,Bosque deciduo,10.60080727773802,SINAC - Consenso bosque deciduo 2021-2023,2021-2023,1,0,0,0
4394,SINAC_BD_0004394,48865,Bosque deciduo,1.4,SINAC - Consenso bosque deciduo 2021-2023,2021-2023,0,1,0,0
4395,SINAC_BD_0004395,48880,Bosque deciduo,1.41,SINAC - Consenso bosque deciduo 2021-2023,2021-2023,1,1,0,0
4396,SINAC_BD_0004396,48888,Bosque deciduo,1.9722609211823379,SINAC - Consenso bosque deciduo 2021-2023,2021-2023,1,0,0,0
4397,SINAC_BD_0004397,48903,Bosque deciduo,2.010337818028558,SINAC - Consenso bosque deciduo 2021-2023,2021-2023,1,0,0,0
4398,SINAC_BD_0004398,48904,Bosque deciduo,4.96,SINAC - Consenso bosque deciduo 2021-2023,2021-2023,0,0,0,0
4399,SINAC_BD_0004399,48949,Bosque deciduo,1.1459944374946924,SINAC - Consenso bosque deciduo 2021-2023,2021-2023,0,1,0,0
4400,SINAC_BD_0004400,48951,Bosque deciduo,1.4642648102961295,SINAC - Consenso bosque deciduo 2021-2023,2021-2023,0,0,0,0
4401,SINAC_BD_0004401,48952,Bosque deciduo,4.45,SINAC - Consenso bosque deciduo 2021-2023,2021-2023,0,0,0,0
4402,SINAC_BD_0004402,48954,Bosque deciduo,23.877621389511564,SINAC - Consenso bosque deciduo 2021-2023,2021-2023,1,1,1,1
4403,SINAC_BD_0004403,48968,Bosque deciduo,2.0,SINAC - Consenso bosque deciduo 2021-2023,2021-2023,1,1,0,0
4404,SINAC_BD_0004404,48970,Bosque deciduo,3.7714919899271284,SINAC - Consenso bosque deciduo 2021-2023,2021-2023,1,1,0,0
4405,SINAC_BD_0004405,48972,Bosque deciduo,1.2792529126688026,SINAC - Consenso bosque deciduo 2021-2023,2021-2023,1,0,0,0
4406,SINAC_BD_0004406,48973,Bosque deciduo,1.39,SINAC - Consenso bosque deciduo 2021-2023,2021-2023,0,0,0,0
4407,SINAC_BD_0004407,48988,Bosque deciduo,1.478671980207232,SINAC - Consenso bosque deciduo 2021-2023,2021-2023,1,0,0,0
4408,SINAC_BD_0004408,49052,Bosque deciduo,1.857448000081181,SINAC - Consenso bosque deciduo 2021-2023,2021-2023,1,1,0,0
4409,SINAC_BD_0004409,49054,Bosque deciduo,4.771458150338275,SINAC - Consenso bosque deciduo 2021-2023,2021-2023,1,1,0,0
4410,SINAC_BD_0004410,49059,Bosque deciduo,5.28,SINAC - Consenso bosque deciduo 2021-2023,2021-2023,0,0,0,0
4411,SINAC_BD_0004411,49065,Bosque deciduo,1.001219120889459,SINAC - Consenso bosque deciduo 2021-2023,2021-2023,1,0,0,0
4412,SINAC_BD_0004412,49101,Bosque deciduo,1.12820280289545,SINAC - Consenso bosque deciduo 2021-2023,2021-2023,1,1,0,0
4413,SINAC_BD_0004413,49110,Bosque deciduo,1.21,SINAC - Consenso bosque deciduo 2021-2023,2021-2023,0,0,0,0
4414,SINAC_BD_0004414,49133,Bosque deciduo,1.8685391147400416,SINAC - Consenso bosque deciduo 2021-2023,2021-2023,1,0,0,0
4415,SINAC_BD_0004415,49142,Bosque deciduo,1.5368703287197967,SINAC - Consenso bosque deciduo 2021-2023,2021-2023,1,0,0,0
4416,SINAC_BD_0004416,49143,Bosque deciduo,2.5267404801249,SINAC - Consenso bosque deciduo 2021-2023,2021-2023,1,1,0,0
4417,SINAC_BD_0004417,49169,Bosque deciduo,6.119601112417546,SINAC - Consenso bosque deciduo 2021-2023,2021-2023,1,1,0,0
4418,SINAC_BD_0004418,49171,Bosque deciduo,8.640150485257047,SINAC - Consenso bosque deciduo 2021-2023,2021-2023,1,1,0,0
4419,SINAC_BD_0004419,49176,Bosque deciduo,10.435348711379637,SINAC - Consenso bosque deciduo 2021-2023,2021-2023,1,1,1,0
4420,SINAC_BD_0004420,49235,Bosque deciduo,3.1236553479487834,SINAC - Consenso bosque deciduo 2021-2023,2021-2023,0,0,0,0
4421,SINAC_BD_0004421,49238,Bosque deciduo,1.045720283635732,SINAC - Consenso bosque deciduo 2021-2023,2021-2023,0,0,0,0
4422,SINAC_BD_0004422,49239,Bosque deciduo,4.044546250667226,SINAC - Consenso bosque deciduo 2021-2023,2021-2023,1,0,0,0
4423,SINAC_BD_0004423,49240,Bosque deciduo,4.885043631764649,SINAC - Consenso bosque deciduo 2021-2023,2021-2023,0,0,0,0
4424,SINAC_BD_0004424,49247,Bosque deciduo,1.362437058841822,SINAC - Consenso bosque deciduo 2021-2023,2021-2023,0,0,0,0
4425,SINAC_BD_0004425,49248,Bosque deciduo,1.6357341927631137,SINAC - Consenso bosque deciduo 2021-2023,2021-2023,1,1,0,0
4426,SINAC_BD_0004426,49255,Bosque deciduo,2.7,SINAC - Consenso bosque deciduo 2021-2023,2021-2023,0,0,0,0
4427,SINAC_BD_0004427,49287,Bosque deciduo,2.16,SINAC - Consenso bosque deciduo 2021-2023,2021-2023,1,0,0,0
4428,SINAC_BD_0004428,49322,Bosque deciduo,5.104014388880808,SINAC - Consenso bosque deciduo 2021-2023,2021-2023,0,0,0,0
4429,SINAC_BD_0004429,49332,Bosque deciduo,1.29,SINAC - Consenso bosque deciduo 2021-2023,2021-2023,0,0,0,0
4430,SINAC_BD_0004430,49333,Bosque deciduo,3.081714743301139,SINAC - Consenso bosque deciduo 2021-2023,2021-2023,1,0,0,0
4431,SINAC_BD_0004431,49338,Bosque deciduo,1.3100557942936317,SINAC - Consenso bosque deciduo 2021-2023,2021-2023,0,0,0,0
4432,SINAC_BD_0004432,49354,Bosque deciduo,13.269788581037123,SINAC - Consenso bosque deciduo 2021-2023,2021-2023,1,1,0,1
4433,SINAC_BD_0004433,49376,Bosque deciduo,1.1374411421847,SINAC - Consenso bosque deciduo 2021-2023,2021-2023,1,0,0,0
4434,SINAC_BD_0004434,49391,Bosque deciduo,29.069879926340363,SINAC - Consenso bosque deciduo 2021-2023,2021-2023,1,1,1,0
4435,SINAC_BD_0004435,49403,Bosque deciduo,4.205948436566172,SINAC - Consenso bosque deciduo 2021-2023,2021-2023,0,0,0,0
4436,SINAC_BD_0004436,49420,Bosque deciduo,1.353502081058868,SINAC - Consenso bosque deciduo 2021-2023,2021-2023,1,0,0,0
4437,SINAC_BD_0004437,49425,Bosque deciduo,1.3917332239807974,SINAC - Consenso bosque deciduo 2021-2023,2021-2023,1,0,0,0
4438,SINAC_BD_0004438,49427,Bosque deciduo,1.03,SINAC - Consenso bosque deciduo 2021-2023,2021-2023,0,0,0,0
4439,SINAC_BD_0004439,49429,Bosque deciduo,15.817034582500975,SINAC - Consenso bosque deciduo 2021-2023,2021-2023,1,1,1,1
4440,SINAC_BD_0004440,49454,Bosque deciduo,71.16445581251374,SINAC - Consenso bosque deciduo 2021-2023,2021-2023,1,1,1,0
4441,SINAC_BD_0004441,49455,Bosque deciduo,1.7698975323958541,SINAC - Consenso bosque deciduo 2021-2023,2021-2023,1,0,0,0
4442,SINAC_BD_0004442,49468,Bosque deciduo,1.54464583466792,SINAC - Consenso bosque deciduo 2021-2023,2021-2023,0,0,0,0
4443,SINAC_BD_0004443,49488,Bosque deciduo,1.3533689882033995,SINAC - Consenso bosque deciduo 2021-2023,2021-2023,0,0,0,0
4444,SINAC_BD_0004444,49489,Bosque deciduo,1.4775895503414296,SINAC - Consenso bosque deciduo 2021-2023,2021-2023,0,0,0,0
4445,SINAC_BD_0004445,49506,Bosque deciduo,5.6615844863489535,SINAC - Consenso bosque deciduo 2021-2023,2021-2023,1,1,1,0
4446,SINAC_BD_0004446,49537,Bosque deciduo,2.141052340385226,SINAC - Consenso bosque deciduo 2021-2023,2021-2023,1,1,1,0
4447,SINAC_BD_0004447,49564,Bosque deciduo,5.51,SINAC - Consenso bosque deciduo 2021-2023,2021-2023,1,0,0,0
4448,SINAC_BD_0004448,49592,Bosque deciduo,1.4175134845090016,SINAC - Consenso bosque deciduo 2021-2023,2021-2023,0,0,0,0
4449,SINAC_BD_0004449,49595,Bosque deciduo,2.22,SINAC - Consenso bosque deciduo 2021-2023,2021-2023,0,0,0,0
4450,SINAC_BD_0004450,49596,Bosque deciduo,3.95531128833212,SINAC - Consenso bosque deciduo 2021-2023,2021-2023,1,0,0,0
4451,SINAC_BD_0004451,49599,Bosque deciduo,1.0436189773280733,SINAC - Consenso bosque deciduo 2021-2023,2021-2023,1,1,0,0
4452,SINAC_BD_0004452,49607,Bosque deciduo,2.108889830723171,SINAC - Consenso bosque deciduo 2021-2023,2021-2023,1,0,0,0
4453,SINAC_BD_0004453,49619,Bosque deciduo,1.76,SINAC - Consenso bosque deciduo 2021-2023,2021-2023,1,0,0,0
4454,SINAC_BD_0004454,49621,Bosque deciduo,2.339779378413323,SINAC - Consenso bosque deciduo 2021-2023,2021-2023,0,0,1,0
4455,SINAC_BD_0004455,49639,Bosque deciduo,193.43870061457986,SINAC - Consenso bosque deciduo 2021-2023,2021-2023,1,1,1,1
4456,SINAC_BD_0004456,49694,Bosque deciduo,28.30564536918649,SINAC - Consenso bosque deciduo 2021-2023,2021-2023,1,0,0,0
4457,SINAC_BD_0004457,49704,Bosque deciduo,1.17,SINAC - Consenso bosque deciduo 2021-2023,2021-2023,0,0,0,0
4458,SINAC_BD_0004458,49729,Bosque deciduo,1.99,SINAC - Consenso bosque deciduo 2021-2023,2021-2023,1,0,0,0
4459,SINAC_BD_0004459,49737,Bosque deciduo,225.83096727929924,SINAC - Consenso bosque deciduo 2021-2023,2021-2023,1,1,1,0
4460,SINAC_BD_0004460,49738,Bosque deciduo,1.9567726358274136,SINAC - Consenso bosque deciduo 2021-2023,2021-2023,1,1,1,0
4461,SINAC_BD_0004461,49740,Bosque deciduo,16.5380835067947,SINAC - Consenso bosque deciduo 2021-2023,2021-2023,1,1,0,0
4462,SINAC_BD_0004462,49741,Bosque deciduo,1.28176624498424,SINAC - Consenso bosque deciduo 2021-2023,2021-2023,0,0,0,0
4463,SINAC_BD_0004463,49742,Bosque deciduo,6.57839203996309,SINAC - Consenso bosque deciduo 2021-2023,2021-2023,1,0,0,0
4464,SINAC_BD_0004464,49766,Bosque deciduo,1.009557042607339,SINAC - Consenso bosque deciduo 2021-2023,2021-2023,0,0,0,0
4465,SINAC_BD_0004465,49812,Bosque deciduo,3.0823390567802775,SINAC - Consenso bosque deciduo 2021-2023,2021-2023,1,1,0,0
4466,SINAC_BD_0004466,49818,Bosque deciduo,2.2971538415430146,SINAC - Consenso bosque deciduo 2021-2023,2021-2023,1,0,0,0
4467,SINAC_BD_0004467,49831,Bosque deciduo,1.9431502712782363,SINAC - Consenso bosque deciduo 2021-2023,2021-2023,1,1,0,0
4468,SINAC_BD_0004468,49936,Bosque deciduo,3.6149757551063755,SINAC - Consenso bosque deciduo 2021-2023,2021-2023,1,1,0,0
4469,SINAC_BD_0004469,49954,Bosque deciduo,2.635913250593615,SINAC - Consenso bosque deciduo 2021-2023,2021-2023,1,1,1,0
4470,SINAC_BD_0004470,49956,Bosque deciduo,1.2,SINAC - Consenso bosque deciduo 2021-2023,2021-2023,0,0,0,0
4471,SINAC_BD_0004471,49962,Bosque deciduo,1.0580649440691063,SINAC - Consenso bosque deciduo 2021-2023,2021-2023,0,0,0,0
4472,SINAC_BD_0004472,49971,Bosque deciduo,7.969203435022766,SINAC - Consenso bosque deciduo 2021-2023,2021-2023,1,1,0,0
4473,SINAC_BD_0004473,49978,Bosque deciduo,2.78,SINAC - Consenso bosque deciduo 2021-2023,2021-2023,1,0,0,0
4474,SINAC_BD_0004474,49981,Bosque deciduo,5.119256237259263,SINAC - Consenso bosque deciduo 2021-2023,2021-2023,0,0,0,0
4475,SINAC_BD_0004475,49999,Bosque deciduo,530.0358253780711,SINAC - Consenso bosque deciduo 2021-2023,2021-2023,1,1,1,1
4476,SINAC_BD_0004476,50004,Bosque deciduo,8.421159349694397,SINAC - Consenso bosque deciduo 2021-2023,2021-2023,1,1,0,0
4477,SINAC_BD_0004477,50025,Bosque deciduo,3.1126101193574462,SINAC - Consenso bosque deciduo 2021-2023,2021-2023,1,1,0,0
4478,SINAC_BD_0004478,50027,Bosque deciduo,1.0794454476425668,SINAC - Consenso bosque deciduo 2021-2023,2021-2023,0,0,0,0
4479,SINAC_BD_0004479,50038,Bosque deciduo,1.48,SINAC - Consenso bosque deciduo 2021-2023,2021-2023,0,0,0,0
4480,SINAC_BD_0004480,50046,Bosque deciduo,5.427869594702226,SINAC - Consenso bosque deciduo 2021-2023,2021-2023,1,1,1,0
4481,SINAC_BD_0004481,50051,Bosque deciduo,1.46,SINAC - Consenso bosque deciduo 2021-2023,2021-2023,0,0,0,0
4482,SINAC_BD_0004482,50052,Bosque deciduo,1.06,SINAC - Consenso bosque deciduo 2021-2023,2021-2023,0,0,0,0
4483,SINAC_BD_0004483,50057,Bosque deciduo,2.1845720493065444,SINAC - Consenso bosque deciduo 2021-2023,2021-2023,0,0,0,0
4484,SINAC_BD_0004484,50058,Bosque deciduo,2.351890784131858,SINAC - Consenso bosque deciduo 2021-2023,2021-2023,1,0,0,0
4485,SINAC_BD_0004485,50066,Bosque deciduo,1.31,SINAC - Consenso bosque deciduo 2021-2023,2021-2023,0,0,0,0
4486,SINAC_BD_0004486,50149,Bosque deciduo,1.8061056908038073,SINAC - Consenso bosque deciduo 2021-2023,2021-2023,0,0,0,0
4487,SINAC_BD_0004487,50156,Bosque deciduo,4.313131556047746,SINAC - Consenso bosque deciduo 2021-2023,2021-2023,1,0,0,0
4488,SINAC_BD_0004488,50159,Bosque deciduo,2.0395030582380027,SINAC - Consenso bosque deciduo 2021-2023,2021-2023,0,0,0,0
4489,SINAC_BD_0004489,50187,Bosque deciduo,7.773516340786549,SINAC - Consenso bosque deciduo 2021-2023,2021-2023,1,1,0,0
4490,SINAC_BD_0004490,50194,Bosque deciduo,43.16577482510558,SINAC - Consenso bosque deciduo 2021-2023,2021-2023,1,0,0,0
4491,SINAC_BD_0004491,50197,Bosque deciduo,1.6390822256575692,SINAC - Consenso bosque deciduo 2021-2023,2021-2023,0,0,0,0
4492,SINAC_BD_0004492,50203,Bosque deciduo,4.658283477368084,SINAC - Consenso bosque deciduo 2021-2023,2021-2023,1,0,0,0
4493,SINAC_BD_0004493,50252,Bosque deciduo,1.695313458052242,SINAC - Consenso bosque deciduo 2021-2023,2021-2023,0,0,0,0
4494,SINAC_BD_0004494,50253,Bosque deciduo,1.3877156186034219,SINAC - Consenso bosque deciduo 2021-2023,2021-2023,0,0,0,0
4495,SINAC_BD_0004495,50261,Bosque deciduo,1.06,SINAC - Consenso bosque deciduo 2021-2023,2021-2023,1,0,0,0
4496,SINAC_BD_0004496,50288,Bosque deciduo,1.8572174110114519,SINAC - Consenso bosque deciduo 2021-2023,2021-2023,1,0,0,0
4497,SINAC_BD_0004497,50299,Bosque deciduo,7.637131337286646,SINAC - Consenso bosque deciduo 2021-2023,2021-2023,1,1,0,0
4498,SINAC_BD_0004498,50301,Bosque deciduo,35.61270916117567,SINAC - Consenso bosque deciduo 2021-2023,2021-2023,1,1,0,0
4499,SINAC_BD_0004499,50314,Bosque deciduo,1.49,SINAC - Consenso bosque deciduo 2021-2023,2021-2023,0,0,0,0
4500,SINAC_BD_0004500,50327,Bosque deciduo,1.5184572713502233,SINAC - Consenso bosque deciduo 2021-2023,2021-2023,0,0,0,0
4501,SINAC_BD_0004501,50354,Bosque deciduo,10.729847038264758,SINAC - Consenso bosque deciduo 2021-2023,2021-2023,1,1,0,0
4502,SINAC_BD_0004502,50357,Bosque deciduo,1.1192998876766043,SINAC - Consenso bosque deciduo 2021-2023,2021-2023,0,0,0,0
4503,SINAC_BD_0004503,50358,Bosque deciduo,5.287590453294126,SINAC - Consenso bosque deciduo 2021-2023,2021-2023,1,0,0,0
4504,SINAC_BD_0004504,50360,Bosque deciduo,2.0243406653732854,SINAC - Consenso bosque deciduo 2021-2023,2021-2023,0,0,0,0
4505,SINAC_BD_0004505,50388,Bosque deciduo,1.01,SINAC - Consenso bosque deciduo 2021-2023,2021-2023,1,0,0,0
4506,SINAC_BD_0004506,50432,Bosque deciduo,1.8555048899095352,SINAC - Consenso bosque deciduo 2021-2023,2021-2023,1,0,0,0
4507,SINAC_BD_0004507,50437,Bosque deciduo,1.942202318766516,SINAC - Consenso bosque deciduo 2021-2023,2021-2023,1,1,0,0
4508,SINAC_BD_0004508,50487,Bosque deciduo,10.777413137275158,SINAC - Consenso bosque deciduo 2021-2023,2021-2023,1,0,1,0
4509,SINAC_BD_0004509,50488,Bosque deciduo,15.510767466954581,SINAC - Consenso bosque deciduo 2021-2023,2021-2023,1,1,1,0
4510,SINAC_BD_0004510,50497,Bosque deciduo,1.23,SINAC - Consenso bosque deciduo 2021-2023,2021-2023,0,1,0,0
4511,SINAC_BD_0004511,50502,Bosque deciduo,1.4918986047063754,SINAC - Consenso bosque deciduo 2021-2023,2021-2023,0,0,0,0
4512,SINAC_BD_0004512,50513,Bosque deciduo,2.627198338636208,SINAC - Consenso bosque deciduo 2021-2023,2021-2023,0,0,0,0
4513,SINAC_BD_0004513,50553,Bosque deciduo,3.4866826810723732,SINAC - Consenso bosque deciduo 2021-2023,2021-2023,1,1,1,0
4514,SINAC_BD_0004514,50557,Bosque deciduo,48.07605157609566,SINAC - Consenso bosque deciduo 2021-2023,2021-2023,1,1,1,0
4515,SINAC_BD_0004515,50595,Bosque deciduo,2.15,SINAC - Consenso bosque deciduo 2021-2023,2021-2023,0,0,0,0
4516,SINAC_BD_0004516,50599,Bosque deciduo,1.89,SINAC - Consenso bosque deciduo 2021-2023,2021-2023,0,0,0,0
4517,SINAC_BD_0004517,50628,Bosque deciduo,1.16,SINAC - Consenso bosque deciduo 2021-2023,2021-2023,0,0,0,0
4518,SINAC_BD_0004518,50656,Bosque deciduo,1.8877024894771748,SINAC - Consenso bosque deciduo 2021-2023,2021-2023,1,1,0,0
4519,SINAC_BD_0004519,50688,Bosque deciduo,72.96871595249156,SINAC - Consenso bosque deciduo 2021-2023,2021-2023,1,1,1,0
4520,SINAC_BD_0004520,50689,Bosque deciduo,1.912837263849288,SINAC - Consenso bosque deciduo 2021-2023,2021-2023,1,0,0,0
4521,SINAC_BD_0004521,50692,Bosque deciduo,7.79,SINAC - Consenso bosque deciduo 2021-2023,2021-2023,1,0,0,0
4522,SINAC_BD_0004522,50693,Bosque deciduo,1.54,SINAC - Consenso bosque deciduo 2021-2023,2021-2023,0,0,0,0
4523,SINAC_BD_0004523,50701,Bosque deciduo,2.550913782633463,SINAC - Consenso bosque deciduo 2021-2023,2021-2023,0,0,0,0
4524,SINAC_BD_0004524,50709,Bosque deciduo,1.2879086320009303,SINAC - Consenso bosque deciduo 2021-2023,2021-2023,1,0,0,0
4525,SINAC_BD_0004525,50721,Bosque deciduo,3.7645822495189916,SINAC - Consenso bosque deciduo 2021-2023,2021-2023,1,1,0,0
4526,SINAC_BD_0004526,50724,Bosque deciduo,3.5361614427591936,SINAC - Consenso bosque deciduo 2021-2023,2021-2023,1,0,0,0
4527,SINAC_BD_0004527,50764,Bosque deciduo,2.9863281363961285,SINAC - Consenso bosque deciduo 2021-2023,2021-2023,1,0,0,0
4528,SINAC_BD_0004528,50771,Bosque deciduo,1.74,SINAC - Consenso bosque deciduo 2021-2023,2021-2023,1,0,0,0
4529,SINAC_BD_0004529,50777,Bosque deciduo,1.2425177449343483,SINAC - Consenso bosque deciduo 2021-2023,2021-2023,1,0,0,0
4530,SINAC_BD_0004530,50780,Bosque deciduo,1.239645104491341,SINAC - Consenso bosque deciduo 2021-2023,2021-2023,1,1,1,0
4531,SINAC_BD_0004531,50785,Bosque deciduo,1.2435517009794728,SINAC - Consenso bosque deciduo 2021-2023,2021-2023,0,0,0,0
4532,SINAC_BD_0004532,50823,Bosque deciduo,1.46,SINAC - Consenso bosque deciduo 2021-2023,2021-2023,0,0,0,0
4533,SINAC_BD_0004533,50920,Bosque deciduo,39.99437780110424,SINAC - Consenso bosque deciduo 2021-2023,2021-2023,1,1,0,0
4534,SINAC_BD_0004534,50929,Bosque deciduo,1.58,SINAC - Consenso bosque deciduo 2021-2023,2021-2023,1,0,0,0
4535,SINAC_BD_0004535,50933,Bosque deciduo,1.6868597067191924,SINAC - Consenso bosque deciduo 2021-2023,2021-2023,1,1,0,0
4536,SINAC_BD_0004536,51017,Bosque deciduo,3.36,SINAC - Consenso bosque deciduo 2021-2023,2021-2023,1,0,0,0
4537,SINAC_BD_0004537,51058,Bosque deciduo,4.858718532085243,SINAC - Consenso bosque deciduo 2021-2023,2021-2023,1,0,0,0
4538,SINAC_BD_0004538,51061,Bosque deciduo,2.6431015400959934,SINAC - Consenso bosque deciduo 2021-2023,2021-2023,1,0,0,0
4539,SINAC_BD_0004539,51063,Bosque deciduo,1.77461980392701,SINAC - Consenso bosque deciduo 2021-2023,2021-2023,0,0,0,0
4540,SINAC_BD_0004540,51067,Bosque deciduo,22.31904812498632,SINAC - Consenso bosque deciduo 2021-2023,2021-2023,1,1,0,0
4541,SINAC_BD_0004541,51076,Bosque deciduo,4.736400312669161,SINAC - Consenso bosque deciduo 2021-2023,2021-2023,1,1,0,0
4542,SINAC_BD_0004542,51097,Bosque deciduo,4.70843072104144,SINAC - Consenso bosque deciduo 2021-2023,2021-2023,1,0,0,0
4543,SINAC_BD_0004543,51150,Bosque deciduo,1.5894457320499467,SINAC - Consenso bosque deciduo 2021-2023,2021-2023,0,0,0,0
4544,SINAC_BD_0004544,51151,Bosque deciduo,1.57,SINAC - Consenso bosque deciduo 2021-2023,2021-2023,0,0,0,0
4545,SINAC_BD_0004545,51159,Bosque deciduo,1.5237011632052506,SINAC - Consenso bosque deciduo 2021-2023,2021-2023,1,0,0,0
4546,SINAC_BD_0004546,51175,Bosque deciduo,7.812625853512676,SINAC - Consenso bosque deciduo 2021-2023,2021-2023,0,0,0,0
4547,SINAC_BD_0004547,51180,Bosque deciduo,2.7276562325885108,SINAC - Consenso bosque deciduo 2021-2023,2021-2023,0,0,0,0
4548,SINAC_BD_0004548,51212,Bosque deciduo,2.6551466259788654,SINAC - Consenso bosque deciduo 2021-2023,2021-2023,0,0,0,0
4549,SINAC_BD_0004549,51228,Bosque deciduo,3.48,SINAC - Consenso bosque deciduo 2021-2023,2021-2023,1,1,1,0
4550,SINAC_BD_0004550,51264,Bosque deciduo,208.44738727515357,SINAC - Consenso bosque deciduo 2021-2023,2021-2023,1,1,1,0
4551,SINAC_BD_0004551,51285,Bosque deciduo,1.032112029834615,SINAC - Consenso bosque deciduo 2021-2023,2021-2023,0,0,0,0
4552,SINAC_BD_0004552,51300,Bosque deciduo,1.1129583427151437,SINAC - Consenso bosque deciduo 2021-2023,2021-2023,1,1,0,0
4553,SINAC_BD_0004553,51301,Bosque deciduo,2.7334304999050234,SINAC - Consenso bosque deciduo 2021-2023,2021-2023,1,1,0,0
4554,SINAC_BD_0004554,51309,Bosque deciduo,2.222957871369328,SINAC - Consenso bosque deciduo 2021-2023,2021-2023,1,1,0,0
4555,SINAC_BD_0004555,51314,Bosque deciduo,1.9480045179645848,SINAC - Consenso bosque deciduo 2021-2023,2021-2023,1,0,0,0
4556,SINAC_BD_0004556,51365,Bosque deciduo,2.711058862925297,SINAC - Consenso bosque deciduo 2021-2023,2021-2023,1,0,1,0
4557,SINAC_BD_0004557,51367,Bosque deciduo,2.2779874247597682,SINAC - Consenso bosque deciduo 2021-2023,2021-2023,1,1,0,0
4558,SINAC_BD_0004558,51369,Bosque deciduo,2.16,SINAC - Consenso bosque deciduo 2021-2023,2021-2023,1,1,0,0
4559,SINAC_BD_0004559,51373,Bosque deciduo,1.6641795747994579,SINAC - Consenso bosque deciduo 2021-2023,2021-2023,0,0,0,0
4560,SINAC_BD_0004560,51374,Bosque deciduo,3.6706721146415484,SINAC - Consenso bosque deciduo 2021-2023,2021-2023,0,0,0,0
4561,SINAC_BD_0004561,51375,Bosque deciduo,4.481166034704656,SINAC - Consenso bosque deciduo 2021-2023,2021-2023,1,1,0,0
4562,SINAC_BD_0004562,51376,Bosque deciduo,2.3237379827052935,SINAC - Consenso bosque deciduo 2021-2023,2021-2023,0,0,0,0
4563,SINAC_BD_0004563,51381,Bosque deciduo,81.23292159999833,SINAC - Consenso bosque deciduo 2021-2023,2021-2023,1,1,1,0
4564,SINAC_BD_0004564,51383,Bosque deciduo,1.139138500903577,SINAC - Consenso bosque deciduo 2021-2023,2021-2023,1,0,0,0
4565,SINAC_BD_0004565,51459,Bosque deciduo,82.10425498577705,SINAC - Consenso bosque deciduo 2021-2023,2021-2023,1,1,1,0
4566,SINAC_BD_0004566,51485,Bosque deciduo,7.908982696249257,SINAC - Consenso bosque deciduo 2021-2023,2021-2023,0,0,0,0
4567,SINAC_BD_0004567,51531,Bosque deciduo,1.16,SINAC - Consenso bosque deciduo 2021-2023,2021-2023,1,1,0,0
4568,SINAC_BD_0004568,51538,Bosque deciduo,1.7338512520714233,SINAC - Consenso bosque deciduo 2021-2023,2021-2023,0,0,0,0
4569,SINAC_BD_0004569,51541,Bosque deciduo,1.229392807139247,SINAC - Consenso bosque deciduo 2021-2023,2021-2023,1,0,1,0
4570,SINAC_BD_0004570,51577,Bosque deciduo,37.586745360634495,SINAC - Consenso bosque deciduo 2021-2023,2021-2023,1,0,0,0
4571,SINAC_BD_0004571,51585,Bosque deciduo,4.869620430265182,SINAC - Consenso bosque deciduo 2021-2023,2021-2023,1,1,0,0
4572,SINAC_BD_0004572,51595,Bosque deciduo,1.92,SINAC - Consenso bosque deciduo 2021-2023,2021-2023,0,0,0,0
4573,SINAC_BD_0004573,51601,Bosque deciduo,1.08,SINAC - Consenso bosque deciduo 2021-2023,2021-2023,0,0,0,0
4574,SINAC_BD_0004574,51605,Bosque deciduo,2.2567367185639093,SINAC - Consenso bosque deciduo 2021-2023,2021-2023,1,0,0,0
4575,SINAC_BD_0004575,51612,Bosque deciduo,2.594975508637584,SINAC - Consenso bosque deciduo 2021-2023,2021-2023,1,0,0,0
4576,SINAC_BD_0004576,51615,Bosque deciduo,1.66,SINAC - Consenso bosque deciduo 2021-2023,2021-2023,1,1,0,0
4577,SINAC_BD_0004577,51630,Bosque deciduo,2.0621389191805326,SINAC - Consenso bosque deciduo 2021-2023,2021-2023,1,1,0,0
4578,SINAC_BD_0004578,51632,Bosque deciduo,3.4827001941423106,SINAC - Consenso bosque deciduo 2021-2023,2021-2023,1,0,0,0
4579,SINAC_BD_0004579,51646,Bosque deciduo,1.7026451094333723,SINAC - Consenso bosque deciduo 2021-2023,2021-2023,1,1,0,0
4580,SINAC_BD_0004580,51648,Bosque deciduo,1.894762266883676,SINAC - Consenso bosque deciduo 2021-2023,2021-2023,0,0,0,0
4581,SINAC_BD_0004581,51663,Bosque deciduo,1.32,SINAC - Consenso bosque deciduo 2021-2023,2021-2023,1,0,0,0
4582,SINAC_BD_0004582,51672,Bosque deciduo,2.8259561526651544,SINAC - Consenso bosque deciduo 2021-2023,2021-2023,0,0,0,0
4583,SINAC_BD_0004583,51674,Bosque deciduo,2.0320305967336187,SINAC - Consenso bosque deciduo 2021-2023,2021-2023,1,0,0,0
4584,SINAC_BD_0004584,51675,Bosque deciduo,4.2657480623613235,SINAC - Consenso bosque deciduo 2021-2023,2021-2023,1,0,0,0
4585,SINAC_BD_0004585,51711,Bosque deciduo,2.377837704845842,SINAC - Consenso bosque deciduo 2021-2023,2021-2023,0,0,0,0
4586,SINAC_BD_0004586,51713,Bosque deciduo,8.366856683199623,SINAC - Consenso bosque deciduo 2021-2023,2021-2023,1,1,1,0
4587,SINAC_BD_0004587,51714,Bosque deciduo,1.0493835157591456,SINAC - Consenso bosque deciduo 2021-2023,2021-2023,0,0,0,0
4588,SINAC_BD_0004588,51726,Bosque deciduo,6.342231085932472,SINAC - Consenso bosque deciduo 2021-2023,2021-2023,1,1,0,0
4589,SINAC_BD_0004589,51746,Bosque deciduo,1.187423562314649,SINAC - Consenso bosque deciduo 2021-2023,2021-2023,0,0,0,0
4590,SINAC_BD_0004590,51778,Bosque deciduo,1.5141152945794425,SINAC - Consenso bosque deciduo 2021-2023,2021-2023,1,1,0,0
4591,SINAC_BD_0004591,51812,Bosque deciduo,1.6334474248705741,SINAC - Consenso bosque deciduo 2021-2023,2021-2023,1,1,0,0
4592,SINAC_BD_0004592,51813,Bosque deciduo,1.338556514218179,SINAC - Consenso bosque deciduo 2021-2023,2021-2023,0,0,0,0
4593,SINAC_BD_0004593,51871,Bosque deciduo,1.0664824903707135,SINAC - Consenso bosque deciduo 2021-2023,2021-2023,0,0,0,0
4594,SINAC_BD_0004594,51911,Bosque deciduo,1.1448510681936783,SINAC - Consenso bosque deciduo 2021-2023,2021-2023,1,0,0,0
4595,SINAC_BD_0004595,51912,Bosque deciduo,1.53,SINAC - Consenso bosque deciduo 2021-2023,2021-2023,0,0,0,0
4596,SINAC_BD_0004596,51955,Bosque deciduo,1.02,SINAC - Consenso bosque deciduo 2021-2023,2021-2023,1,1,0,0
4597,SINAC_BD_0004597,52017,Bosque deciduo,2.71,SINAC - Consenso bosque deciduo 2021-2023,2021-2023,1,0,0,0
4598,SINAC_BD_0004598,52022,Bosque deciduo,2.739564174765349,SINAC - Consenso bosque deciduo 2021-2023,2021-2023,0,0,0,0
4599,SINAC_BD_0004599,52025,Bosque deciduo,60.025459739990424,SINAC - Consenso bosque deciduo 2021-2023,2021-2023,1,1,1,0
4600,SINAC_BD_0004600,52046,Bosque deciduo,1.5132594700063138,SINAC - Consenso bosque deciduo 2021-2023,2021-2023,1,0,0,0
4601,SINAC_BD_0004601,52055,Bosque deciduo,3.3154157783038465,SINAC - Consenso bosque deciduo 2021-2023,2021-2023,0,0,0,0
4602,SINAC_BD_0004602,52098,Bosque deciduo,7.136137068581236,SINAC - Consenso bosque deciduo 2021-2023,2021-2023,1,1,0,0
4603,SINAC_BD_0004603,52099,Bosque deciduo,1.398128712576764,SINAC - Consenso bosque deciduo 2021-2023,2021-2023,1,0,0,0
4604,SINAC_BD_0004604,52106,Bosque deciduo,8.577057547702925,SINAC - Consenso bosque deciduo 2021-2023,2021-2023,0,0,0,0
4605,SINAC_BD_0004605,52111,Bosque deciduo,1.17,SINAC - Consenso bosque deciduo 2021-2023,2021-2023,0,0,0,0
4606,SINAC_BD_0004606,52116,Bosque deciduo,2.1768856381508352,SINAC - Consenso bosque deciduo 2021-2023,2021-2023,1,0,1,0
4607,SINAC_BD_0004607,52120,Bosque deciduo,9.087604442514495,SINAC - Consenso bosque deciduo 2021-2023,2021-2023,1,1,0,0
4608,SINAC_BD_0004608,52155,Bosque deciduo,1.4523563902518946,SINAC - Consenso bosque deciduo 2021-2023,2021-2023,0,0,0,0
4609,SINAC_BD_0004609,52181,Bosque deciduo,1.406066844702448,SINAC - Consenso bosque deciduo 2021-2023,2021-2023,0,1,0,0
4610,SINAC_BD_0004610,52240,Bosque deciduo,2.04,SINAC - Consenso bosque deciduo 2021-2023,2021-2023,1,0,0,0
4611,SINAC_BD_0004611,52285,Bosque deciduo,12.704648293070024,SINAC - Consenso bosque deciduo 2021-2023,2021-2023,1,0,0,0
4612,SINAC_BD_0004612,52287,Bosque deciduo,1.0543756071641852,SINAC - Consenso bosque deciduo 2021-2023,2021-2023,0,0,0,0
4613,SINAC_BD_0004613,52292,Bosque deciduo,2.13179590786702,SINAC - Consenso bosque deciduo 2021-2023,2021-2023,1,0,1,0
4614,SINAC_BD_0004614,52306,Bosque deciduo,22.73272992813798,SINAC - Consenso bosque deciduo 2021-2023,2021-2023,1,1,1,0
4615,SINAC_BD_0004615,52329,Bosque deciduo,5.373876302547544,SINAC - Consenso bosque deciduo 2021-2023,2021-2023,1,0,0,0
4616,SINAC_BD_0004616,52330,Bosque deciduo,1.7466034307396905,SINAC - Consenso bosque deciduo 2021-2023,2021-2023,1,0,0,0
4617,SINAC_BD_0004617,52340,Bosque deciduo,3.6709401401910284,SINAC - Consenso bosque deciduo 2021-2023,2021-2023,1,0,0,0
4618,SINAC_BD_0004618,52362,Bosque deciduo,21.033151237279277,SINAC - Consenso bosque deciduo 2021-2023,2021-2023,1,1,0,0
4619,SINAC_BD_0004619,52364,Bosque deciduo,1.2726237127254607,SINAC - Consenso bosque deciduo 2021-2023,2021-2023,1,0,0,0
4620,SINAC_BD_0004620,52367,Bosque deciduo,1.8677655275303393,SINAC - Consenso bosque deciduo 2021-2023,2021-2023,1,1,0,0
4621,SINAC_BD_0004621,52377,Bosque deciduo,5.464365000382949,SINAC - Consenso bosque deciduo 2021-2023,2021-2023,1,0,0,0
4622,SINAC_BD_0004622,52387,Bosque deciduo,1.24,SINAC - Consenso bosque deciduo 2021-2023,2021-2023,0,0,0,0
4623,SINAC_BD_0004623,52398,Bosque deciduo,1.8443803119380846,SINAC - Consenso bosque deciduo 2021-2023,2021-2023,0,0,0,0
4624,SINAC_BD_0004624,52447,Bosque deciduo,23.46306321904643,SINAC - Consenso bosque deciduo 2021-2023,2021-2023,1,1,0,0
4625,SINAC_BD_0004625,52486,Bosque deciduo,1.6253644882384197,SINAC - Consenso bosque deciduo 2021-2023,2021-2023,1,1,0,0
4626,SINAC_BD_0004626,52568,Bosque deciduo,1.033753118503981,SINAC - Consenso bosque deciduo 2021-2023,2021-2023,0,0,0,0
4627,SINAC_BD_0004627,52598,Bosque deciduo,17.83917912079279,SINAC - Consenso bosque deciduo 2021-2023,2021-2023,1,1,0,0
4628,SINAC_BD_0004628,52643,Bosque deciduo,1.45,SINAC - Consenso bosque deciduo 2021-2023,2021-2023,1,1,0,0
4629,SINAC_BD_0004629,52645,Bosque deciduo,1.039805789510751,SINAC - Consenso bosque deciduo 2021-2023,2021-2023,0,0,0,0
4630,SINAC_BD_0004630,52646,Bosque deciduo,2.7007051986458914,SINAC - Consenso bosque deciduo 2021-2023,2021-2023,1,0,1,0
4631,SINAC_BD_0004631,52655,Bosque deciduo,1.729209785157557,SINAC - Consenso bosque deciduo 2021-2023,2021-2023,1,0,0,0
4632,SINAC_BD_0004632,52663,Bosque deciduo,1.26,SINAC - Consenso bosque deciduo 2021-2023,2021-2023,1,0,0,0
4633,SINAC_BD_0004633,52664,Bosque deciduo,1.39,SINAC - Consenso bosque deciduo 2021-2023,2021-2023,0,0,0,0
4634,SINAC_BD_0004634,52684,Bosque deciduo,2.92,SINAC - Consenso bosque deciduo 2021-2023,2021-2023,1,0,0,0
4635,SINAC_BD_0004635,52703,Bosque deciduo,2.2396277346566555,SINAC - Consenso bosque deciduo 2021-2023,2021-2023,0,0,0,0
4636,SINAC_BD_0004636,52732,Bosque deciduo,16.052995330531303,SINAC - Consenso bosque deciduo 2021-2023,2021-2023,1,1,1,0
4637,SINAC_BD_0004637,52751,Bosque deciduo,62.93058771123147,SINAC - Consenso bosque deciduo 2021-2023,2021-2023,1,1,1,1
4638,SINAC_BD_0004638,52754,Bosque deciduo,1.5329880806323228,SINAC - Consenso bosque deciduo 2021-2023,2021-2023,0,1,0,0
4639,SINAC_BD_0004639,52759,Bosque deciduo,40.156954810645885,SINAC - Consenso bosque deciduo 2021-2023,2021-2023,1,1,0,0
4640,SINAC_BD_0004640,52792,Bosque deciduo,1.1882536580202614,SINAC - Consenso bosque deciduo 2021-2023,2021-2023,1,0,0,0
4641,SINAC_BD_0004641,52820,Bosque deciduo,1.0621273936853795,SINAC - Consenso bosque deciduo 2021-2023,2021-2023,1,0,0,0
4642,SINAC_BD_0004642,52857,Bosque deciduo,1.25,SINAC - Consenso bosque deciduo 2021-2023,2021-2023,1,1,0,0
4643,SINAC_BD_0004643,52888,Bosque deciduo,1.62,SINAC - Consenso bosque deciduo 2021-2023,2021-2023,0,0,0,0
4644,SINAC_BD_0004644,52890,Bosque deciduo,2.811046853255805,SINAC - Consenso bosque deciduo 2021-2023,2021-2023,0,0,0,0
4645,SINAC_BD_0004645,52891,Bosque deciduo,4.153975037340429,SINAC - Consenso bosque deciduo 2021-2023,2021-2023,1,0,0,0
4646,SINAC_BD_0004646,52892,Bosque deciduo,1.6047966947086394,SINAC - Consenso bosque deciduo 2021-2023,2021-2023,0,0,0,0
4647,SINAC_BD_0004647,52897,Bosque deciduo,556.7743858811782,SINAC - Consenso bosque deciduo 2021-2023,2021-2023,1,1,1,1
4648,SINAC_BD_0004648,52900,Bosque deciduo,1.989863432098323,SINAC - Consenso bosque deciduo 2021-2023,2021-2023,1,0,0,0
4649,SINAC_BD_0004649,52903,Bosque deciduo,2.118104539632825,SINAC - Consenso bosque deciduo 2021-2023,2021-2023,0,0,0,0
4650,SINAC_BD_0004650,52909,Bosque deciduo,2.787551393474211,SINAC - Consenso bosque deciduo 2021-2023,2021-2023,1,0,0,0
4651,SINAC_BD_0004651,52925,Bosque deciduo,1.183872370571078,SINAC - Consenso bosque deciduo 2021-2023,2021-2023,1,0,0,0
4652,SINAC_BD_0004652,52931,Bosque deciduo,1.628283761317847,SINAC - Consenso bosque deciduo 2021-2023,2021-2023,1,0,0,0
4653,SINAC_BD_0004653,52959,Bosque deciduo,1.124336427908054,SINAC - Consenso bosque deciduo 2021-2023,2021-2023,1,1,1,0
4654,SINAC_BD_0004654,52979,Bosque deciduo,10.044022768738747,SINAC - Consenso bosque deciduo 2021-2023,2021-2023,1,0,0,0
4655,SINAC_BD_0004655,52981,Bosque deciduo,1.9860652383129134,SINAC - Consenso bosque deciduo 2021-2023,2021-2023,1,0,0,0
4656,SINAC_BD_0004656,52983,Bosque deciduo,2.853850339841456,SINAC - Consenso bosque deciduo 2021-2023,2021-2023,0,0,0,0
4657,SINAC_BD_0004657,52988,Bosque deciduo,3.688302736123953,SINAC - Consenso bosque deciduo 2021-2023,2021-2023,1,1,0,0
4658,SINAC_BD_0004658,53005,Bosque deciduo,1.4823938330367796,SINAC - Consenso bosque deciduo 2021-2023,2021-2023,0,0,0,0
4659,SINAC_BD_0004659,53018,Bosque deciduo,44.03607401945437,SINAC - Consenso bosque deciduo 2021-2023,2021-2023,1,1,0,0
4660,SINAC_BD_0004660,53028,Bosque deciduo,154.5643789960256,SINAC - Consenso bosque deciduo 2021-2023,2021-2023,1,1,1,0
4661,SINAC_BD_0004661,53030,Bosque deciduo,20.089178189169218,SINAC - Consenso bosque deciduo 2021-2023,2021-2023,1,1,0,0
4662,SINAC_BD_0004662,53049,Bosque deciduo,16.503653350246594,SINAC - Consenso bosque deciduo 2021-2023,2021-2023,1,1,0,0
4663,SINAC_BD_0004663,53050,Bosque deciduo,60.27698683740014,SINAC - Consenso bosque deciduo 2021-2023,2021-2023,1,1,1,0
4664,SINAC_BD_0004664,53051,Bosque deciduo,3.9508231607124706,SINAC - Consenso bosque deciduo 2021-2023,2021-2023,0,0,0,0
4665,SINAC_BD_0004665,53052,Bosque deciduo,2.02,SINAC - Consenso bosque deciduo 2021-2023,2021-2023,0,0,1,0
4666,SINAC_BD_0004666,53062,Bosque deciduo,4.730589242399432,SINAC - Consenso bosque deciduo 2021-2023,2021-2023,1,0,0,0
4667,SINAC_BD_0004667,53066,Bosque deciduo,3577.296678038118,SINAC - Consenso bosque deciduo 2021-2023,2021-2023,1,1,1,0
4668,SINAC_BD_0004668,53071,Bosque deciduo,2.241347268023522,SINAC - Consenso bosque deciduo 2021-2023,2021-2023,0,0,0,0
4669,SINAC_BD_0004669,53131,Bosque deciduo,1.976037883621321,SINAC - Consenso bosque deciduo 2021-2023,2021-2023,1,1,0,0
4670,SINAC_BD_0004670,53192,Bosque deciduo,5.7497101491709035,SINAC - Consenso bosque deciduo 2021-2023,2021-2023,1,0,0,0
4671,SINAC_BD_0004671,53210,Bosque deciduo,1.5535905092323177,SINAC - Consenso bosque deciduo 2021-2023,2021-2023,1,0,0,0
4672,SINAC_BD_0004672,53212,Bosque deciduo,1.5405704839422227,SINAC - Consenso bosque deciduo 2021-2023,2021-2023,1,0,0,0
4673,SINAC_BD_0004673,53216,Bosque deciduo,2.4428574923043995,SINAC - Consenso bosque deciduo 2021-2023,2021-2023,0,0,0,0
4674,SINAC_BD_0004674,53221,Bosque deciduo,2.1,SINAC - Consenso bosque deciduo 2021-2023,2021-2023,1,1,0,0
4675,SINAC_BD_0004675,53222,Bosque deciduo,1.22,SINAC - Consenso bosque deciduo 2021-2023,2021-2023,1,0,0,0
4676,SINAC_BD_0004676,53241,Bosque deciduo,161.84384627706214,SINAC - Consenso bosque deciduo 2021-2023,2021-2023,1,1,1,1
4677,SINAC_BD_0004677,53247,Bosque deciduo,41.217477295532,SINAC - Consenso bosque deciduo 2021-2023,2021-2023,1,1,0,0
4678,SINAC_BD_0004678,53251,Bosque deciduo,5.722889340133293,SINAC - Consenso bosque deciduo 2021-2023,2021-2023,1,0,0,0
4679,SINAC_BD_0004679,53303,Bosque deciduo,1.1343840819563145,SINAC - Consenso bosque deciduo 2021-2023,2021-2023,0,0,0,0
4680,SINAC_BD_0004680,53305,Bosque deciduo,35.24576673216532,SINAC - Consenso bosque deciduo 2021-2023,2021-2023,1,0,0,0
4681,SINAC_BD_0004681,53306,Bosque deciduo,4.274712238008927,SINAC - Consenso bosque deciduo 2021-2023,2021-2023,1,0,0,0
4682,SINAC_BD_0004682,53316,Bosque deciduo,2.273300349818914,SINAC - Consenso bosque deciduo 2021-2023,2021-2023,0,0,0,0
4683,SINAC_BD_0004683,53317,Bosque deciduo,1.546304706808957,SINAC - Consenso bosque deciduo 2021-2023,2021-2023,0,0,0,0
4684,SINAC_BD_0004684,53318,Bosque deciduo,2.8874555972672917,SINAC - Consenso bosque deciduo 2021-2023,2021-2023,1,0,0,0
4685,SINAC_BD_0004685,53319,Bosque deciduo,8.05135575733341,SINAC - Consenso bosque deciduo 2021-2023,2021-2023,1,1,0,0
4686,SINAC_BD_0004686,53320,Bosque deciduo,3.7885591706914687,SINAC - Consenso bosque deciduo 2021-2023,2021-2023,0,0,0,0
4687,SINAC_BD_0004687,53321,Bosque deciduo,3.040711815506183,SINAC - Consenso bosque deciduo 2021-2023,2021-2023,0,0,0,0
4688,SINAC_BD_0004688,53322,Bosque deciduo,5.721356140059385,SINAC - Consenso bosque deciduo 2021-2023,2021-2023,1,0,0,0
4689,SINAC_BD_0004689,53323,Bosque deciduo,2.568740230676944,SINAC - Consenso bosque deciduo 2021-2023,2021-2023,1,0,0,0
4690,SINAC_BD_0004690,53333,Bosque deciduo,1.1421028915382874,SINAC - Consenso bosque deciduo 2021-2023,2021-2023,1,1,0,0
4691,SINAC_BD_0004691,53343,Bosque deciduo,30.438652067541327,SINAC - Consenso bosque deciduo 2021-2023,2021-2023,1,1,1,0
4692,SINAC_BD_0004692,53344,Bosque deciduo,2.2421053890129015,SINAC - Consenso bosque deciduo 2021-2023,2021-2023,0,0,0,0
4693,SINAC_BD_0004693,53352,Bosque deciduo,12.003809890242495,SINAC - Consenso bosque deciduo 2021-2023,2021-2023,1,1,1,0
4694,SINAC_BD_0004694,53353,Bosque deciduo,6.074286372511819,SINAC - Consenso bosque deciduo 2021-2023,2021-2023,1,0,0,0
4695,SINAC_BD_0004695,53361,Bosque deciduo,4.088416014296091,SINAC - Consenso bosque deciduo 2021-2023,2021-2023,0,0,0,0
4696,SINAC_BD_0004696,53460,Bosque deciduo,18.917609361985548,SINAC - Consenso bosque deciduo 2021-2023,2021-2023,0,0,0,0
4697,SINAC_BD_0004697,53495,Bosque deciduo,80.6396756883536,SINAC - Consenso bosque deciduo 2021-2023,2021-2023,1,1,1,1
4698,SINAC_BD_0004698,53507,Bosque deciduo,1.03240337304447,SINAC - Consenso bosque deciduo 2021-2023,2021-2023,1,0,0,0
4699,SINAC_BD_0004699,53531,Bosque deciduo,2.624369688420968,SINAC - Consenso bosque deciduo 2021-2023,2021-2023,1,0,0,0
4700,SINAC_BD_0004700,53550,Bosque deciduo,4.402325328295358,SINAC - Consenso bosque deciduo 2021-2023,2021-2023,1,0,0,0
4701,SINAC_BD_0004701,53563,Bosque deciduo,2.3796963857420743,SINAC - Consenso bosque deciduo 2021-2023,2021-2023,1,1,0,0
4702,SINAC_BD_0004702,53565,Bosque deciduo,1.944578320855523,SINAC - Consenso bosque deciduo 2021-2023,2021-2023,0,0,0,0
4703,SINAC_BD_0004703,53566,Bosque deciduo,11.445250904974406,SINAC - Consenso bosque deciduo 2021-2023,2021-2023,1,1,0,0
4704,SINAC_BD_0004704,53572,Bosque deciduo,6.589553098951135,SINAC - Consenso bosque deciduo 2021-2023,2021-2023,1,1,0,0
4705,SINAC_BD_0004705,53603,Bosque deciduo,1.6282543509986038,SINAC - Consenso bosque deciduo 2021-2023,2021-2023,1,1,0,0
4706,SINAC_BD_0004706,53604,Bosque deciduo,5.398016329553517,SINAC - Consenso bosque deciduo 2021-2023,2021-2023,1,1,1,0
4707,SINAC_BD_0004707,53605,Bosque deciduo,1.276359017358125,SINAC - Consenso bosque deciduo 2021-2023,2021-2023,0,0,0,0
4708,SINAC_BD_0004708,53606,Bosque deciduo,2.656745264061533,SINAC - Consenso bosque deciduo 2021-2023,2021-2023,1,0,0,0
4709,SINAC_BD_0004709,53625,Bosque deciduo,1.05,SINAC - Consenso bosque deciduo 2021-2023,2021-2023,0,0,0,0
4710,SINAC_BD_0004710,53650,Bosque deciduo,2.3037137811936557,SINAC - Consenso bosque deciduo 2021-2023,2021-2023,1,0,0,0
4711,SINAC_BD_0004711,53686,Bosque deciduo,3.62555627333457,SINAC - Consenso bosque deciduo 2021-2023,2021-2023,1,0,0,0
4712,SINAC_BD_0004712,53687,Bosque deciduo,8.572559537041291,SINAC - Consenso bosque deciduo 2021-2023,2021-2023,1,0,0,0
4713,SINAC_BD_0004713,53697,Bosque deciduo,2.008704351702347,SINAC - Consenso bosque deciduo 2021-2023,2021-2023,1,1,0,0
4714,SINAC_BD_0004714,53716,Bosque deciduo,1.722200043132628,SINAC - Consenso bosque deciduo 2021-2023,2021-2023,0,0,0,0
4715,SINAC_BD_0004715,53721,Bosque deciduo,315.00299108852994,SINAC - Consenso bosque deciduo 2021-2023,2021-2023,1,1,1,1
4716,SINAC_BD_0004716,53722,Bosque deciduo,4.856457582156958,SINAC - Consenso bosque deciduo 2021-2023,2021-2023,1,1,1,0
4717,SINAC_BD_0004717,53724,Bosque deciduo,6.285802988303177,SINAC - Consenso bosque deciduo 2021-2023,2021-2023,1,0,0,0
4718,SINAC_BD_0004718,53733,Bosque deciduo,29.60543069165107,SINAC - Consenso bosque deciduo 2021-2023,2021-2023,1,0,0,0
4719,SINAC_BD_0004719,53742,Bosque deciduo,1.9089500378865742,SINAC - Consenso bosque deciduo 2021-2023,2021-2023,1,0,0,0
4720,SINAC_BD_0004720,53744,Bosque deciduo,1.627443537681989,SINAC - Consenso bosque deciduo 2021-2023,2021-2023,1,0,0,0
4721,SINAC_BD_0004721,53763,Bosque deciduo,2.4166532849879228,SINAC - Consenso bosque deciduo 2021-2023,2021-2023,1,0,0,0
4722,SINAC_BD_0004722,53797,Bosque deciduo,1.0280940676029857,SINAC - Consenso bosque deciduo 2021-2023,2021-2023,0,0,0,0
4723,SINAC_BD_0004723,53808,Bosque deciduo,17.79911887374476,SINAC - Consenso bosque deciduo 2021-2023,2021-2023,1,1,0,0
4724,SINAC_BD_0004724,53819,Bosque deciduo,1.0071793254239367,SINAC - Consenso bosque deciduo 2021-2023,2021-2023,0,0,0,0
4725,SINAC_BD_0004725,53838,Bosque deciduo,1.1882077121118084,SINAC - Consenso bosque deciduo 2021-2023,2021-2023,1,0,0,0
4726,SINAC_BD_0004726,53858,Bosque deciduo,1.11,SINAC - Consenso bosque deciduo 2021-2023,2021-2023,0,0,0,0
4727,SINAC_BD_0004727,53870,Bosque deciduo,1.56,SINAC - Consenso bosque deciduo 2021-2023,2021-2023,0,0,0,0
4728,SINAC_BD_0004728,53884,Bosque deciduo,15.840508098748236,SINAC - Consenso bosque deciduo 2021-2023,2021-2023,1,1,0,0
4729,SINAC_BD_0004729,53915,Bosque deciduo,1.13,SINAC - Consenso bosque deciduo 2021-2023,2021-2023,0,0,0,0
4730,SINAC_BD_0004730,53923,Bosque deciduo,33.899530248833564,SINAC - Consenso bosque deciduo 2021-2023,2021-2023,1,1,1,0
4731,SINAC_BD_0004731,53928,Bosque deciduo,1.15,SINAC - Consenso bosque deciduo 2021-2023,2021-2023,0,0,0,0
4732,SINAC_BD_0004732,53964,Bosque deciduo,16.05785167345556,SINAC - Consenso bosque deciduo 2021-2023,2021-2023,1,1,1,0
4733,SINAC_BD_0004733,53967,Bosque deciduo,1.6051972165103445,SINAC - Consenso bosque deciduo 2021-2023,2021-2023,0,0,0,0
4734,SINAC_BD_0004734,53984,Bosque deciduo,3.12371281750846,SINAC - Consenso bosque deciduo 2021-2023,2021-2023,1,0,0,0
4735,SINAC_BD_0004735,54007,Bosque deciduo,21.167305695985,SINAC - Consenso bosque deciduo 2021-2023,2021-2023,1,1,0,0
4736,SINAC_BD_0004736,54008,Bosque deciduo,5.4208447275513665,SINAC - Consenso bosque deciduo 2021-2023,2021-2023,1,0,0,0
4737,SINAC_BD_0004737,54009,Bosque deciduo,1.16,SINAC - Consenso bosque deciduo 2021-2023,2021-2023,0,0,0,0
4738,SINAC_BD_0004738,54013,Bosque deciduo,1.75,SINAC - Consenso bosque deciduo 2021-2023,2021-2023,1,1,0,0
4739,SINAC_BD_0004739,54014,Bosque deciduo,1.2523659419250328,SINAC - Consenso bosque deciduo 2021-2023,2021-2023,1,1,0,0
4740,SINAC_BD_0004740,54027,Bosque deciduo,1.3,SINAC - Consenso bosque deciduo 2021-2023,2021-2023,1,0,0,0
4741,SINAC_BD_0004741,54032,Bosque deciduo,1.19,SINAC - Consenso bosque deciduo 2021-2023,2021-2023,0,0,0,0
4742,SINAC_BD_0004742,54034,Bosque deciduo,8.108346258758562,SINAC - Consenso bosque deciduo 2021-2023,2021-2023,1,1,0,0
4743,SINAC_BD_0004743,54035,Bosque deciduo,2.888925825330403,SINAC - Consenso bosque deciduo 2021-2023,2021-2023,0,0,0,0
4744,SINAC_BD_0004744,54058,Bosque deciduo,12.329890574385791,SINAC - Consenso bosque deciduo 2021-2023,2021-2023,1,1,0,0
4745,SINAC_BD_0004745,54087,Bosque deciduo,1.859198828846149,SINAC - Consenso bosque deciduo 2021-2023,2021-2023,1,0,0,0
4746,SINAC_BD_0004746,54088,Bosque deciduo,1.1410090070254506,SINAC - Consenso bosque deciduo 2021-2023,2021-2023,0,0,0,0
4747,SINAC_BD_0004747,54105,Bosque deciduo,8.204668412656622,SINAC - Consenso bosque deciduo 2021-2023,2021-2023,1,0,0,0
4748,SINAC_BD_0004748,54109,Bosque deciduo,3.765985515641629,SINAC - Consenso bosque deciduo 2021-2023,2021-2023,0,0,0,0
4749,SINAC_BD_0004749,54115,Bosque deciduo,4.098012439117291,SINAC - Consenso bosque deciduo 2021-2023,2021-2023,0,0,0,0
4750,SINAC_BD_0004750,54116,Bosque deciduo,63.95687197296015,SINAC - Consenso bosque deciduo 2021-2023,2021-2023,1,1,1,1
4751,SINAC_BD_0004751,54141,Bosque deciduo,1.4916658648908014,SINAC - Consenso bosque deciduo 2021-2023,2021-2023,0,1,0,0
4752,SINAC_BD_0004752,54166,Bosque deciduo,1.3351895544912025,SINAC - Consenso bosque deciduo 2021-2023,2021-2023,0,0,0,0
4753,SINAC_BD_0004753,54168,Bosque deciduo,7.692422033331808,SINAC - Consenso bosque deciduo 2021-2023,2021-2023,1,0,0,0
4754,SINAC_BD_0004754,54174,Bosque deciduo,3.4099999417930174,SINAC - Consenso bosque deciduo 2021-2023,2021-2023,0,0,0,0
4755,SINAC_BD_0004755,54177,Bosque deciduo,5.897151769062514,SINAC - Consenso bosque deciduo 2021-2023,2021-2023,1,1,1,0
4756,SINAC_BD_0004756,54179,Bosque deciduo,3.3183602082295285,SINAC - Consenso bosque deciduo 2021-2023,2021-2023,1,0,0,0
4757,SINAC_BD_0004757,54182,Bosque deciduo,1.11,SINAC - Consenso bosque deciduo 2021-2023,2021-2023,0,0,0,0
4758,SINAC_BD_0004758,54193,Bosque deciduo,1.065439616758058,SINAC - Consenso bosque deciduo 2021-2023,2021-2023,0,0,0,0
4759,SINAC_BD_0004759,54213,Bosque deciduo,1.0385160747607656,SINAC - Consenso bosque deciduo 2021-2023,2021-2023,0,0,0,0
4760,SINAC_BD_0004760,54214,Bosque deciduo,2.4723244689078867,SINAC - Consenso bosque deciduo 2021-2023,2021-2023,1,0,0,0
4761,SINAC_BD_0004761,54254,Bosque deciduo,8.96003369360331,SINAC - Consenso bosque deciduo 2021-2023,2021-2023,1,1,0,0
4762,SINAC_BD_0004762,54259,Bosque deciduo,1.2349758851977715,SINAC - Consenso bosque deciduo 2021-2023,2021-2023,1,0,0,0
4763,SINAC_BD_0004763,54273,Bosque deciduo,4.386378170034422,SINAC - Consenso bosque deciduo 2021-2023,2021-2023,0,0,0,0
4764,SINAC_BD_0004764,54275,Bosque deciduo,11.8185318263978,SINAC - Consenso bosque deciduo 2021-2023,2021-2023,1,1,0,0
4765,SINAC_BD_0004765,54285,Bosque deciduo,1.4713312523883626,SINAC - Consenso bosque deciduo 2021-2023,2021-2023,1,1,0,0
4766,SINAC_BD_0004766,54338,Bosque deciduo,1.0609623178729892,SINAC - Consenso bosque deciduo 2021-2023,2021-2023,1,1,0,0
4767,SINAC_BD_0004767,54361,Bosque deciduo,1.6,SINAC - Consenso bosque deciduo 2021-2023,2021-2023,1,0,0,0
4768,SINAC_BD_0004768,54372,Bosque deciduo,7.725966330840374,SINAC - Consenso bosque deciduo 2021-2023,2021-2023,1,1,0,0
4769,SINAC_BD_0004769,54375,Bosque deciduo,1.28,SINAC - Consenso bosque deciduo 2021-2023,2021-2023,0,0,0,0
4770,SINAC_BD_0004770,54376,Bosque deciduo,45.993960225447665,SINAC - Consenso bosque deciduo 2021-2023,2021-2023,1,1,0,0
4771,SINAC_BD_0004771,54380,Bosque deciduo,78.33535634074511,SINAC - Consenso bosque deciduo 2021-2023,2021-2023,1,1,0,0
4772,SINAC_BD_0004772,54393,Bosque deciduo,1.442355057744235,SINAC - Consenso bosque deciduo 2021-2023,2021-2023,0,0,0,0
4773,SINAC_BD_0004773,54394,Bosque deciduo,3.8168896698422343,SINAC - Consenso bosque deciduo 2021-2023,2021-2023,1,1,0,0
4774,SINAC_BD_0004774,54413,Bosque deciduo,9.99886466914065,SINAC - Consenso bosque deciduo 2021-2023,2021-2023,1,0,0,0
4775,SINAC_BD_0004775,54451,Bosque deciduo,9.711886771147839,SINAC - Consenso bosque deciduo 2021-2023,2021-2023,1,1,0,0
4776,SINAC_BD_0004776,54454,Bosque deciduo,1.293372568344077,SINAC - Consenso bosque deciduo 2021-2023,2021-2023,1,0,0,0
4777,SINAC_BD_0004777,54461,Bosque deciduo,1.1267978380376555,SINAC - Consenso bosque deciduo 2021-2023,2021-2023,1,0,0,0
4778,SINAC_BD_0004778,54483,Bosque deciduo,1.2637935588703593,SINAC - Consenso bosque deciduo 2021-2023,2021-2023,0,0,0,0
4779,SINAC_BD_0004779,54499,Bosque deciduo,1.7440687678960385,SINAC - Consenso bosque deciduo 2021-2023,2021-2023,1,0,0,0
4780,SINAC_BD_0004780,54509,Bosque deciduo,1.46,SINAC - Consenso bosque deciduo 2021-2023,2021-2023,1,0,0,0
4781,SINAC_BD_0004781,54536,Bosque deciduo,33.19388929745948,SINAC - Consenso bosque deciduo 2021-2023,2021-2023,1,0,0,0
4782,SINAC_BD_0004782,54538,Bosque deciduo,1.1015327490695392,SINAC - Consenso bosque deciduo 2021-2023,2021-2023,0,0,0,0
4783,SINAC_BD_0004783,54539,Bosque deciduo,1.4183068074547482,SINAC - Consenso bosque deciduo 2021-2023,2021-2023,1,0,0,0
4784,SINAC_BD_0004784,54543,Bosque deciduo,11.239960883955423,SINAC - Consenso bosque deciduo 2021-2023,2021-2023,1,1,1,0
4785,SINAC_BD_0004785,54549,Bosque deciduo,1.43,SINAC - Consenso bosque deciduo 2021-2023,2021-2023,1,0,0,0
4786,SINAC_BD_0004786,54551,Bosque deciduo,1.7570274102571024,SINAC - Consenso bosque deciduo 2021-2023,2021-2023,1,1,0,0
4787,SINAC_BD_0004787,54569,Bosque deciduo,1.4006929546939375,SINAC - Consenso bosque deciduo 2021-2023,2021-2023,1,1,0,0
4788,SINAC_BD_0004788,54570,Bosque deciduo,9.462339705641808,SINAC - Consenso bosque deciduo 2021-2023,2021-2023,1,1,0,0
4789,SINAC_BD_0004789,54602,Bosque deciduo,3.2940532899070813,SINAC - Consenso bosque deciduo 2021-2023,2021-2023,1,1,0,0
4790,SINAC_BD_0004790,54640,Bosque deciduo,2.1838234706009576,SINAC - Consenso bosque deciduo 2021-2023,2021-2023,0,0,0,0
4791,SINAC_BD_0004791,54641,Bosque deciduo,8.007759337388041,SINAC - Consenso bosque deciduo 2021-2023,2021-2023,0,0,0,0
4792,SINAC_BD_0004792,54642,Bosque deciduo,34.190696506274584,SINAC - Consenso bosque deciduo 2021-2023,2021-2023,1,1,1,0
4793,SINAC_BD_0004793,54644,Bosque deciduo,3.199971148241093,SINAC - Consenso bosque deciduo 2021-2023,2021-2023,0,0,0,0
4794,SINAC_BD_0004794,54645,Bosque deciduo,3.826948844840753,SINAC - Consenso bosque deciduo 2021-2023,2021-2023,0,0,0,0
4795,SINAC_BD_0004795,54649,Bosque deciduo,14.564590279142227,SINAC - Consenso bosque deciduo 2021-2023,2021-2023,1,1,0,0
4796,SINAC_BD_0004796,54667,Bosque deciduo,1.17,SINAC - Consenso bosque deciduo 2021-2023,2021-2023,0,0,0,0
4797,SINAC_BD_0004797,54669,Bosque deciduo,1.08,SINAC - Consenso bosque deciduo 2021-2023,2021-2023,1,0,0,0
4798,SINAC_BD_0004798,54671,Bosque deciduo,4.154979529821005,SINAC - Consenso bosque deciduo 2021-2023,2021-2023,1,0,0,0
4799,SINAC_BD_0004799,54673,Bosque deciduo,1.6080136812497516,SINAC - Consenso bosque deciduo 2021-2023,2021-2023,1,0,0,0
4800,SINAC_BD_0004800,54699,Bosque deciduo,5.040998332250271,SINAC - Consenso bosque deciduo 2021-2023,2021-2023,1,0,0,0
4801,SINAC_BD_0004801,54713,Bosque deciduo,1.22,SINAC - Consenso bosque deciduo 2021-2023,2021-2023,1,0,0,0
4802,SINAC_BD_0004802,54714,Bosque deciduo,1.3406681012794899,SINAC - Consenso bosque deciduo 2021-2023,2021-2023,1,1,0,0
4803,SINAC_BD_0004803,54723,Bosque deciduo,18.93194980665844,SINAC - Consenso bosque deciduo 2021-2023,2021-2023,1,0,0,0
4804,SINAC_BD_0004804,54725,Bosque deciduo,9.48,SINAC - Consenso bosque deciduo 2021-2023,2021-2023,1,0,0,0
4805,SINAC_BD_0004805,54737,Bosque deciduo,1.1108492339485823,SINAC - Consenso bosque deciduo 2021-2023,2021-2023,0,0,0,0
4806,SINAC_BD_0004806,54774,Bosque deciduo,1.5546075254783343,SINAC - Consenso bosque deciduo 2021-2023,2021-2023,0,0,0,0
4807,SINAC_BD_0004807,54775,Bosque deciduo,216.24872110822307,SINAC - Consenso bosque deciduo 2021-2023,2021-2023,1,1,1,1
4808,SINAC_BD_0004808,54816,Bosque deciduo,4.513374550142632,SINAC - Consenso bosque deciduo 2021-2023,2021-2023,1,0,0,0
4809,SINAC_BD_0004809,54823,Bosque deciduo,1.01,SINAC - Consenso bosque deciduo 2021-2023,2021-2023,0,0,0,0
4810,SINAC_BD_0004810,54827,Bosque deciduo,2.37,SINAC - Consenso bosque deciduo 2021-2023,2021-2023,0,0,0,0
4811,SINAC_BD_0004811,54837,Bosque deciduo,2.65,SINAC - Consenso bosque deciduo 2021-2023,2021-2023,1,0,0,0
4812,SINAC_BD_0004812,54874,Bosque deciduo,29.637426150375447,SINAC - Consenso bosque deciduo 2021-2023,2021-2023,1,1,1,0
4813,SINAC_BD_0004813,54875,Bosque deciduo,1.2811839774131957,SINAC - Consenso bosque deciduo 2021-2023,2021-2023,0,0,0,0
4814,SINAC_BD_0004814,54893,Bosque deciduo,1.26,SINAC - Consenso bosque deciduo 2021-2023,2021-2023,0,0,0,0
4815,SINAC_BD_0004815,54909,Bosque deciduo,1.2958653018918722,SINAC - Consenso bosque deciduo 2021-2023,2021-2023,1,1,0,0
4816,SINAC_BD_0004816,54910,Bosque deciduo,1.6058507972373948,SINAC - Consenso bosque deciduo 2021-2023,2021-2023,1,0,0,0
4817,SINAC_BD_0004817,54917,Bosque deciduo,1.45,SINAC - Consenso bosque deciduo 2021-2023,2021-2023,1,1,0,0
4818,SINAC_BD_0004818,54920,Bosque deciduo,1.9653995088119987,SINAC - Consenso bosque deciduo 2021-2023,2021-2023,1,0,0,0
4819,SINAC_BD_0004819,54943,Bosque deciduo,1.0874990830414728,SINAC - Consenso bosque deciduo 2021-2023,2021-2023,0,0,0,0
4820,SINAC_BD_0004820,54978,Bosque deciduo,20.865190182474784,SINAC - Consenso bosque deciduo 2021-2023,2021-2023,1,0,0,0
4821,SINAC_BD_0004821,54992,Bosque deciduo,1.8987656542471443,SINAC - Consenso bosque deciduo 2021-2023,2021-2023,1,0,0,0
4822,SINAC_BD_0004822,54996,Bosque deciduo,2.67,SINAC - Consenso bosque deciduo 2021-2023,2021-2023,0,0,0,0
4823,SINAC_BD_0004823,54998,Bosque deciduo,3.419961108959552,SINAC - Consenso bosque deciduo 2021-2023,2021-2023,1,0,0,0
4824,SINAC_BD_0004824,54999,Bosque deciduo,1.3,SINAC - Consenso bosque deciduo 2021-2023,2021-2023,0,0,0,0
4825,SINAC_BD_0004825,55024,Bosque deciduo,5.2245333706222,SINAC - Consenso bosque deciduo 2021-2023,2021-2023,1,0,0,0
4826,SINAC_BD_0004826,55084,Bosque deciduo,2.5955340635399566,SINAC - Consenso bosque deciduo 2021-2023,2021-2023,0,0,0,0
4827,SINAC_BD_0004827,55085,Bosque deciduo,1.6696185977653204,SINAC - Consenso bosque deciduo 2021-2023,2021-2023,0,0,0,0
4828,SINAC_BD_0004828,55086,Bosque deciduo,1.1047307422842056,SINAC - Consenso bosque deciduo 2021-2023,2021-2023,0,1,0,0
4829,SINAC_BD_0004829,55089,Bosque deciduo,2.052305798344739,SINAC - Consenso bosque deciduo 2021-2023,2021-2023,1,0,0,0
4830,SINAC_BD_0004830,55090,Bosque deciduo,1.59,SINAC - Consenso bosque deciduo 2021-2023,2021-2023,0,0,0,0
4831,SINAC_BD_0004831,55094,Bosque deciduo,2.227279452623977,SINAC - Consenso bosque deciduo 2021-2023,2021-2023,1,0,0,0
4832,SINAC_BD_0004832,55095,Bosque deciduo,1.9510650056081562,SINAC - Consenso bosque deciduo 2021-2023,2021-2023,0,0,0,0
4833,SINAC_BD_0004833,55096,Bosque deciduo,5.442458979046323,SINAC - Consenso bosque deciduo 2021-2023,2021-2023,1,1,0,0
4834,SINAC_BD_0004834,55097,Bosque deciduo,14.301947197878944,SINAC - Consenso bosque deciduo 2021-2023,2021-2023,1,0,1,0
4835,SINAC_BD_0004835,55098,Bosque deciduo,4.3290491511655285,SINAC - Consenso bosque deciduo 2021-2023,2021-2023,0,0,0,0
4836,SINAC_BD_0004836,55100,Bosque deciduo,15.373489144026715,SINAC - Consenso bosque deciduo 2021-2023,2021-2023,1,1,0,0
4837,SINAC_BD_0004837,55101,Bosque deciduo,1.3806382505174017,SINAC - Consenso bosque deciduo 2021-2023,2021-2023,0,0,0,0
4838,SINAC_BD_0004838,55102,Bosque deciduo,8.401020812846538,SINAC - Consenso bosque deciduo 2021-2023,2021-2023,1,0,0,0
4839,SINAC_BD_0004839,55103,Bosque deciduo,8.163375200460504,SINAC - Consenso bosque deciduo 2021-2023,2021-2023,1,0,0,0
4840,SINAC_BD_0004840,55104,Bosque deciduo,3.281198501674196,SINAC - Consenso bosque deciduo 2021-2023,2021-2023,1,0,0,0
4841,SINAC_BD_0004841,55106,Bosque deciduo,1.9711393730069249,SINAC - Consenso bosque deciduo 2021-2023,2021-2023,1,0,0,0
4842,SINAC_BD_0004842,55107,Bosque deciduo,158.46111323500952,SINAC - Consenso bosque deciduo 2021-2023,2021-2023,1,1,1,1
4843,SINAC_BD_0004843,55108,Bosque deciduo,3.6502563459694852,SINAC - Consenso bosque deciduo 2021-2023,2021-2023,0,0,0,0
4844,SINAC_BD_0004844,55172,Bosque deciduo,4.838325451043193,SINAC - Consenso bosque deciduo 2021-2023,2021-2023,0,0,0,0
4845,SINAC_BD_0004845,55202,Bosque deciduo,1.55,SINAC - Consenso bosque deciduo 2021-2023,2021-2023,0,0,0,0
4846,SINAC_BD_0004846,55205,Bosque deciduo,4.531485617763501,SINAC - Consenso bosque deciduo 2021-2023,2021-2023,1,1,0,0
4847,SINAC_BD_0004847,55208,Bosque deciduo,2.880173072101187,SINAC - Consenso bosque deciduo 2021-2023,2021-2023,1,0,0,0
4848,SINAC_BD_0004848,55209,Bosque deciduo,1.5778415151627816,SINAC - Consenso bosque deciduo 2021-2023,2021-2023,0,1,0,0
4849,SINAC_BD_0004849,55211,Bosque deciduo,96.8739342810078,SINAC - Consenso bosque deciduo 2021-2023,2021-2023,1,1,1,0
4850,SINAC_BD_0004850,55217,Bosque deciduo,2.5897537983611,SINAC - Consenso bosque deciduo 2021-2023,2021-2023,1,1,1,0
4851,SINAC_BD_0004851,55224,Bosque deciduo,1.5372894139901419,SINAC - Consenso bosque deciduo 2021-2023,2021-2023,0,0,0,0
4852,SINAC_BD_0004852,55229,Bosque deciduo,4.43,SINAC - Consenso bosque deciduo 2021-2023,2021-2023,1,1,1,0
4853,SINAC_BD_0004853,55280,Bosque deciduo,2.0815029317011735,SINAC - Consenso bosque deciduo 2021-2023,2021-2023,0,0,0,0
4854,SINAC_BD_0004854,55283,Bosque deciduo,6.74,SINAC - Consenso bosque deciduo 2021-2023,2021-2023,0,0,0,0
4855,SINAC_BD_0004855,55307,Bosque deciduo,20.32301145755006,SINAC - Consenso bosque deciduo 2021-2023,2021-2023,1,1,0,0
4856,SINAC_BD_0004856,55308,Bosque deciduo,2.2770190767593137,SINAC - Consenso bosque deciduo 2021-2023,2021-2023,0,0,0,0
4857,SINAC_BD_0004857,55311,Bosque deciduo,1.22,SINAC - Consenso bosque deciduo 2021-2023,2021-2023,0,0,0,0
4858,SINAC_BD_0004858,55320,Bosque deciduo,1.11,SINAC - Consenso bosque deciduo 2021-2023,2021-2023,0,0,0,0
4859,SINAC_BD_0004859,55348,Bosque deciduo,3.637666772870187,SINAC - Consenso bosque deciduo 2021-2023,2021-2023,1,1,0,0
4860,SINAC_BD_0004860,55349,Bosque deciduo,1.7661371242396704,SINAC - Consenso bosque deciduo 2021-2023,2021-2023,1,0,0,0
4861,SINAC_BD_0004861,55351,Bosque deciduo,4.212136714947789,SINAC - Consenso bosque deciduo 2021-2023,2021-2023,1,0,0,0
4862,SINAC_BD_0004862,55356,Bosque deciduo,20.832484695251445,SINAC - Consenso bosque deciduo 2021-2023,2021-2023,1,0,0,0
4863,SINAC_BD_0004863,55380,Bosque deciduo,2.3925279028279185,SINAC - Consenso bosque deciduo 2021-2023,2021-2023,1,0,0,0
4864,SINAC_BD_0004864,55393,Bosque deciduo,1.749229164692158,SINAC - Consenso bosque deciduo 2021-2023,2021-2023,1,0,0,0
4865,SINAC_BD_0004865,55394,Bosque deciduo,1.5187539915583652,SINAC - Consenso bosque deciduo 2021-2023,2021-2023,0,0,0,0
4866,SINAC_BD_0004866,55397,Bosque deciduo,1.0443415174372082,SINAC - Consenso bosque deciduo 2021-2023,2021-2023,1,1,0,0
4867,SINAC_BD_0004867,55414,Bosque deciduo,2.223209708747017,SINAC - Consenso bosque deciduo 2021-2023,2021-2023,0,0,0,0
4868,SINAC_BD_0004868,55435,Bosque deciduo,1.19,SINAC - Consenso bosque deciduo 2021-2023,2021-2023,0,0,0,0
4869,SINAC_BD_0004869,55447,Bosque deciduo,1.2543758697805254,SINAC - Consenso bosque deciduo 2021-2023,2021-2023,0,0,0,0
4870,SINAC_BD_0004870,55448,Bosque deciduo,22.400469950719074,SINAC - Consenso bosque deciduo 2021-2023,2021-2023,1,1,0,0
4871,SINAC_BD_0004871,55481,Bosque deciduo,1.0715982016651477,SINAC - Consenso bosque deciduo 2021-2023,2021-2023,1,1,0,0
4872,SINAC_BD_0004872,55530,Bosque deciduo,3.0179294603323696,SINAC - Consenso bosque deciduo 2021-2023,2021-2023,1,1,1,0
4873,SINAC_BD_0004873,55555,Bosque deciduo,1.6178756555305915,SINAC - Consenso bosque deciduo 2021-2023,2021-2023,1,0,0,0
4874,SINAC_BD_0004874,55556,Bosque deciduo,22.38641904782995,SINAC - Consenso bosque deciduo 2021-2023,2021-2023,1,1,0,0
4875,SINAC_BD_0004875,55559,Bosque deciduo,1.1218223205674802,SINAC - Consenso bosque deciduo 2021-2023,2021-2023,1,0,0,0
4876,SINAC_BD_0004876,55560,Bosque deciduo,1.34,SINAC - Consenso bosque deciduo 2021-2023,2021-2023,1,0,0,0
4877,SINAC_BD_0004877,55562,Bosque deciduo,1.12,SINAC - Consenso bosque deciduo 2021-2023,2021-2023,0,0,0,0
4878,SINAC_BD_0004878,55563,Bosque deciduo,1.5436522524327585,SINAC - Consenso bosque deciduo 2021-2023,2021-2023,0,0,0,0
4879,SINAC_BD_0004879,55567,Bosque deciduo,3.4295386780085844,SINAC - Consenso bosque deciduo 2021-2023,2021-2023,1,1,0,0
4880,SINAC_BD_0004880,55584,Bosque deciduo,7.260126919418891,SINAC - Consenso bosque deciduo 2021-2023,2021-2023,1,0,0,0
4881,SINAC_BD_0004881,55598,Bosque deciduo,5.76,SINAC - Consenso bosque deciduo 2021-2023,2021-2023,1,0,0,0
4882,SINAC_BD_0004882,55633,Bosque deciduo,8.586421487383472,SINAC - Consenso bosque deciduo 2021-2023,2021-2023,1,1,1,0
4883,SINAC_BD_0004883,55643,Bosque deciduo,2.8037425343536158,SINAC - Consenso bosque deciduo 2021-2023,2021-2023,1,1,0,0
4884,SINAC_BD_0004884,55645,Bosque deciduo,2.9,SINAC - Consenso bosque deciduo 2021-2023,2021-2023,0,0,0,0
4885,SINAC_BD_0004885,55646,Bosque deciduo,1.78,SINAC - Consenso bosque deciduo 2021-2023,2021-2023,0,0,0,0
4886,SINAC_BD_0004886,55647,Bosque deciduo,1.8510440767946712,SINAC - Consenso bosque deciduo 2021-2023,2021-2023,1,0,0,0
4887,SINAC_BD_0004887,55652,Bosque deciduo,1.5617783568099035,SINAC - Consenso bosque deciduo 2021-2023,2021-2023,1,0,0,0
4888,SINAC_BD_0004888,55653,Bosque deciduo,1.526835093047427,SINAC - Consenso bosque deciduo 2021-2023,2021-2023,0,0,0,0
4889,SINAC_BD_0004889,55663,Bosque deciduo,3.902459072231085,SINAC - Consenso bosque deciduo 2021-2023,2021-2023,1,1,0,0
4890,SINAC_BD_0004890,55676,Bosque deciduo,1.8498103586941836,SINAC - Consenso bosque deciduo 2021-2023,2021-2023,1,1,0,0
4891,SINAC_BD_0004891,55678,Bosque deciduo,3.4000416496794124,SINAC - Consenso bosque deciduo 2021-2023,2021-2023,1,0,0,0
4892,SINAC_BD_0004892,55679,Bosque deciduo,1.5339085057800932,SINAC - Consenso bosque deciduo 2021-2023,2021-2023,0,0,0,0
4893,SINAC_BD_0004893,55682,Bosque deciduo,1.6681091654066684,SINAC - Consenso bosque deciduo 2021-2023,2021-2023,0,1,0,0
4894,SINAC_BD_0004894,55684,Bosque deciduo,2.558490905274299,SINAC - Consenso bosque deciduo 2021-2023,2021-2023,1,0,0,0
4895,SINAC_BD_0004895,55701,Bosque deciduo,1.12,SINAC - Consenso bosque deciduo 2021-2023,2021-2023,0,0,0,0
4896,SINAC_BD_0004896,55713,Bosque deciduo,1.1591625918078112,SINAC - Consenso bosque deciduo 2021-2023,2021-2023,0,0,0,0
4897,SINAC_BD_0004897,55718,Bosque deciduo,1.0462208958896768,SINAC - Consenso bosque deciduo 2021-2023,2021-2023,0,0,0,0
4898,SINAC_BD_0004898,55720,Bosque deciduo,2.39,SINAC - Consenso bosque deciduo 2021-2023,2021-2023,0,0,0,0
4899,SINAC_BD_0004899,55729,Bosque deciduo,56.89,SINAC - Consenso bosque deciduo 2021-2023,2021-2023,1,1,1,0
4900,SINAC_BD_0004900,55730,Bosque deciduo,1.364749942615991,SINAC - Consenso bosque deciduo 2021-2023,2021-2023,0,0,0,0
4901,SINAC_BD_0004901,55759,Bosque deciduo,3.735574020577281,SINAC - Consenso bosque deciduo 2021-2023,2021-2023,1,1,1,0
4902,SINAC_BD_0004902,55763,Bosque deciduo,6.441242050262045,SINAC - Consenso bosque deciduo 2021-2023,2021-2023,1,1,1,0
4903,SINAC_BD_0004903,55812,Bosque deciduo,1.401200026050005,SINAC - Consenso bosque deciduo 2021-2023,2021-2023,1,0,0,0
4904,SINAC_BD_0004904,55815,Bosque deciduo,1.411269400240752,SINAC - Consenso bosque deciduo 2021-2023,2021-2023,0,0,0,0
4905,SINAC_BD_0004905,55816,Bosque deciduo,5.534774633520065,SINAC - Consenso bosque deciduo 2021-2023,2021-2023,1,0,0,0
4906,SINAC_BD_0004906,55817,Bosque deciduo,2.420005192609628,SINAC - Consenso bosque deciduo 2021-2023,2021-2023,1,0,0,0
4907,SINAC_BD_0004907,55818,Bosque deciduo,2.3778644752732405,SINAC - Consenso bosque deciduo 2021-2023,2021-2023,0,0,0,0
4908,SINAC_BD_0004908,55819,Bosque deciduo,1.84,SINAC - Consenso bosque deciduo 2021-2023,2021-2023,0,0,0,0
4909,SINAC_BD_0004909,55821,Bosque deciduo,2.1480907875546422,SINAC - Consenso bosque deciduo 2021-2023,2021-2023,1,0,0,0
4910,SINAC_BD_0004910,55827,Bosque deciduo,4.096053627025162,SINAC - Consenso bosque deciduo 2021-2023,2021-2023,1,1,0,0
4911,SINAC_BD_0004911,55828,Bosque deciduo,1.1141050059519093,SINAC - Consenso bosque deciduo 2021-2023,2021-2023,0,0,0,0
4912,SINAC_BD_0004912,55829,Bosque deciduo,1.7885002742454446,SINAC - Consenso bosque deciduo 2021-2023,2021-2023,1,0,0,0
4913,SINAC_BD_0004913,55832,Bosque deciduo,1.0951020996612983,SINAC - Consenso bosque deciduo 2021-2023,2021-2023,0,0,0,0
4914,SINAC_BD_0004914,55833,Bosque deciduo,8.172472836115688,SINAC - Consenso bosque deciduo 2021-2023,2021-2023,1,0,0,0
4915,SINAC_BD_0004915,55835,Bosque deciduo,35.29868357293435,SINAC - Consenso bosque deciduo 2021-2023,2021-2023,1,1,1,0
4916,SINAC_BD_0004916,55836,Bosque deciduo,3.1804242397011704,SINAC - Consenso bosque deciduo 2021-2023,2021-2023,0,0,0,0
4917,SINAC_BD_0004917,55838,Bosque deciduo,748.3931287783955,SINAC - Consenso bosque deciduo 2021-2023,2021-2023,1,1,1,1
4918,SINAC_BD_0004918,55839,Bosque deciduo,4.46466339634231,SINAC - Consenso bosque deciduo 2021-2023,2021-2023,1,1,0,0
4919,SINAC_BD_0004919,55840,Bosque deciduo,30.488291740617406,SINAC - Consenso bosque deciduo 2021-2023,2021-2023,1,0,0,0
4920,SINAC_BD_0004920,55842,Bosque deciduo,2.7615198515442154,SINAC - Consenso bosque deciduo 2021-2023,2021-2023,1,1,1,0
4921,SINAC_BD_0004921,55844,Bosque deciduo,1.4813262150870143,SINAC - Consenso bosque deciduo 2021-2023,2021-2023,1,0,0,0
4922,SINAC_BD_0004922,55846,Bosque deciduo,6.334409044461044,SINAC - Consenso bosque deciduo 2021-2023,2021-2023,1,1,0,0
4923,SINAC_BD_0004923,55847,Bosque deciduo,1.8004816973064117,SINAC - Consenso bosque deciduo 2021-2023,2021-2023,0,0,0,0
4924,SINAC_BD_0004924,55848,Bosque deciduo,2.653851140433485,SINAC - Consenso bosque deciduo 2021-2023,2021-2023,1,1,0,0
4925,SINAC_BD_0004925,55850,Bosque deciduo,2.09520315727103,SINAC - Consenso bosque deciduo 2021-2023,2021-2023,1,0,0,0
4926,SINAC_BD_0004926,55851,Bosque deciduo,1.1896560929103415,SINAC - Consenso bosque deciduo 2021-2023,2021-2023,0,0,0,0
4927,SINAC_BD_0004927,55852,Bosque deciduo,2.3965845292819665,SINAC - Consenso bosque deciduo 2021-2023,2021-2023,0,0,0,0
4928,SINAC_BD_0004928,55853,Bosque deciduo,3.3349172408475924,SINAC - Consenso bosque deciduo 2021-2023,2021-2023,1,1,0,0
4929,SINAC_BD_0004929,55855,Bosque deciduo,2.964809332355558,SINAC - Consenso bosque deciduo 2021-2023,2021-2023,0,0,0,0
4930,SINAC_BD_0004930,55858,Bosque deciduo,4.399226146887198,SINAC - Consenso bosque deciduo 2021-2023,2021-2023,1,0,0,0
4931,SINAC_BD_0004931,55859,Bosque deciduo,60.572052078295336,SINAC - Consenso bosque deciduo 2021-2023,2021-2023,1,1,1,0
4932,SINAC_BD_0004932,55860,Bosque deciduo,5.190591724028013,SINAC - Consenso bosque deciduo 2021-2023,2021-2023,1,0,0,0
4933,SINAC_BD_0004933,55866,Bosque deciduo,4.349031132945735,SINAC - Consenso bosque deciduo 2021-2023,2021-2023,1,0,0,0
4934,SINAC_BD_0004934,55867,Bosque deciduo,4.275910729707642,SINAC - Consenso bosque deciduo 2021-2023,2021-2023,0,0,0,0
4935,SINAC_BD_0004935,55869,Bosque deciduo,5.179899057709942,SINAC - Consenso bosque deciduo 2021-2023,2021-2023,1,0,0,0
4936,SINAC_BD_0004936,55870,Bosque deciduo,14.219418339605967,SINAC - Consenso bosque deciduo 2021-2023,2021-2023,1,1,0,0
4937,SINAC_BD_0004937,55878,Bosque deciduo,337.568622830694,SINAC - Consenso bosque deciduo 2021-2023,2021-2023,1,1,1,0
4938,SINAC_BD_0004938,55879,Bosque deciduo,1.2573660745389292,SINAC - Consenso bosque deciduo 2021-2023,2021-2023,0,0,0,0
4939,SINAC_BD_0004939,55880,Bosque deciduo,13.712825819169998,SINAC - Consenso bosque deciduo 2021-2023,2021-2023,1,1,0,0
4940,SINAC_BD_0004940,55881,Bosque deciduo,3.860293580169539,SINAC - Consenso bosque deciduo 2021-2023,2021-2023,0,0,0,0
4941,SINAC_BD_0004941,55883,Bosque deciduo,1.6476172523213717,SINAC - Consenso bosque deciduo 2021-2023,2021-2023,0,0,0,0
4942,SINAC_BD_0004942,55888,Bosque deciduo,6.828714823487423,SINAC - Consenso bosque deciduo 2021-2023,2021-2023,1,0,1,0
4943,SINAC_BD_0004943,55889,Bosque deciduo,1.2527980049558112,SINAC - Consenso bosque deciduo 2021-2023,2021-2023,0,0,0,0
4944,SINAC_BD_0004944,55890,Bosque deciduo,5.527385390524908,SINAC - Consenso bosque deciduo 2021-2023,2021-2023,0,0,0,0
4945,SINAC_BD_0004945,55891,Bosque deciduo,4.221076098967208,SINAC - Consenso bosque deciduo 2021-2023,2021-2023,1,1,0,0
4946,SINAC_BD_0004946,55914,Bosque deciduo,4.473948399926621,SINAC - Consenso bosque deciduo 2021-2023,2021-2023,0,0,0,0
4947,SINAC_BD_0004947,55915,Bosque deciduo,9.291161690307785,SINAC - Consenso bosque deciduo 2021-2023,2021-2023,1,1,0,0
4948,SINAC_BD_0004948,55919,Bosque deciduo,1.04,SINAC - Consenso bosque deciduo 2021-2023,2021-2023,0,0,0,0
4949,SINAC_BD_0004949,55927,Bosque deciduo,1.557657697834777,SINAC - Consenso bosque deciduo 2021-2023,2021-2023,0,0,0,0
4950,SINAC_BD_0004950,55975,Bosque deciduo,2.2266611924037103,SINAC - Consenso bosque deciduo 2021-2023,2021-2023,0,0,0,0
4951,SINAC_BD_0004951,55976,Bosque deciduo,1.56,SINAC - Consenso bosque deciduo 2021-2023,2021-2023,0,0,0,0
4952,SINAC_BD_0004952,55986,Bosque deciduo,3.09118934170601,SINAC - Consenso bosque deciduo 2021-2023,2021-2023,1,0,0,0
4953,SINAC_BD_0004953,55990,Bosque deciduo,1.36,SINAC - Consenso bosque deciduo 2021-2023,2021-2023,0,0,0,0
4954,SINAC_BD_0004954,55993,Bosque deciduo,3.915364124844948,SINAC - Consenso bosque deciduo 2021-2023,2021-2023,1,1,0,0
4955,SINAC_BD_0004955,55995,Bosque deciduo,1.5247347837440575,SINAC - Consenso bosque deciduo 2021-2023,2021-2023,0,0,0,0
4956,SINAC_BD_0004956,56069,Bosque deciduo,16.97,SINAC - Consenso bosque deciduo 2021-2023,2021-2023,1,1,0,0
4957,SINAC_BD_0004957,56077,Bosque deciduo,23.509680411825126,SINAC - Consenso bosque deciduo 2021-2023,2021-2023,1,1,0,0
4958,SINAC_BD_0004958,56078,Bosque deciduo,1.779263524717937,SINAC - Consenso bosque deciduo 2021-2023,2021-2023,0,0,0,0
4959,SINAC_BD_0004959,56081,Bosque deciduo,2.67,SINAC - Consenso bosque deciduo 2021-2023,2021-2023,1,1,0,0
4960,SINAC_BD_0004960,56082,Bosque deciduo,13.698765609892364,SINAC - Consenso bosque deciduo 2021-2023,2021-2023,1,0,0,0
4961,SINAC_BD_0004961,56083,Bosque deciduo,1.4269843476733792,SINAC - Consenso bosque deciduo 2021-2023,2021-2023,0,0,0,0
4962,SINAC_BD_0004962,56088,Bosque deciduo,1.1694620503390707,SINAC - Consenso bosque deciduo 2021-2023,2021-2023,0,0,0,0
4963,SINAC_BD_0004963,56089,Bosque deciduo,7.6602934375380665,SINAC - Consenso bosque deciduo 2021-2023,2021-2023,1,1,0,0
4964,SINAC_BD_0004964,56095,Bosque deciduo,13.064605303807133,SINAC - Consenso bosque deciduo 2021-2023,2021-2023,0,0,0,0
4965,SINAC_BD_0004965,56096,Bosque deciduo,3.943187699917843,SINAC - Consenso bosque deciduo 2021-2023,2021-2023,1,1,0,0
4966,SINAC_BD_0004966,56137,Bosque deciduo,1.25,SINAC - Consenso bosque deciduo 2021-2023,2021-2023,0,0,0,0
4967,SINAC_BD_0004967,56144,Bosque deciduo,177.29489135797323,SINAC - Consenso bosque deciduo 2021-2023,2021-2023,1,1,1,0
4968,SINAC_BD_0004968,56162,Bosque deciduo,2.301901334191396,SINAC - Consenso bosque deciduo 2021-2023,2021-2023,0,0,0,0
4969,SINAC_BD_0004969,56164,Bosque deciduo,5.67,SINAC - Consenso bosque deciduo 2021-2023,2021-2023,0,0,0,0
4970,SINAC_BD_0004970,56169,Bosque deciduo,2.372573765462558,SINAC - Consenso bosque deciduo 2021-2023,2021-2023,1,0,0,0
4971,SINAC_BD_0004971,56177,Bosque deciduo,1.627805055297532,SINAC - Consenso bosque deciduo 2021-2023,2021-2023,1,0,0,1
4972,SINAC_BD_0004972,56220,Bosque deciduo,122.42815922093021,SINAC - Consenso bosque deciduo 2021-2023,2021-2023,1,1,1,0
4973,SINAC_BD_0004973,56225,Bosque deciduo,1.85,SINAC - Consenso bosque deciduo 2021-2023,2021-2023,0,0,0,0
4974,SINAC_BD_0004974,56226,Bosque deciduo,3.795900282226481,SINAC - Consenso bosque deciduo 2021-2023,2021-2023,0,0,1,0
4975,SINAC_BD_0004975,56234,Bosque deciduo,1.338043573526183,SINAC - Consenso bosque deciduo 2021-2023,2021-2023,1,0,0,0
4976,SINAC_BD_0004976,56243,Bosque deciduo,1.2,SINAC - Consenso bosque deciduo 2021-2023,2021-2023,1,0,0,0
4977,SINAC_BD_0004977,56285,Bosque deciduo,3.0412872811557783,SINAC - Consenso bosque deciduo 2021-2023,2021-2023,1,1,0,0
4978,SINAC_BD_0004978,56301,Bosque deciduo,3.274973437175887,SINAC - Consenso bosque deciduo 2021-2023,2021-2023,1,1,0,0
4979,SINAC_BD_0004979,56302,Bosque deciduo,1.165517904905608,SINAC - Consenso bosque deciduo 2021-2023,2021-2023,0,0,0,0
4980,SINAC_BD_0004980,56303,Bosque deciduo,4.262374278059137,SINAC - Consenso bosque deciduo 2021-2023,2021-2023,1,1,0,0
4981,SINAC_BD_0004981,56307,Bosque deciduo,1.3650571216660636,SINAC - Consenso bosque deciduo 2021-2023,2021-2023,0,0,0,0
4982,SINAC_BD_0004982,56309,Bosque deciduo,9.164111431816925,SINAC - Consenso bosque deciduo 2021-2023,2021-2023,1,0,0,0
4983,SINAC_BD_0004983,56311,Bosque deciduo,6.150565508842905,SINAC - Consenso bosque deciduo 2021-2023,2021-2023,1,1,0,0
4984,SINAC_BD_0004984,56316,Bosque deciduo,1.15,SINAC - Consenso bosque deciduo 2021-2023,2021-2023,1,0,0,0
4985,SINAC_BD_0004985,56318,Bosque deciduo,1.42,SINAC - Consenso bosque deciduo 2021-2023,2021-2023,0,0,0,0
4986,SINAC_BD_0004986,56328,Bosque deciduo,1.1154559665509662,SINAC - Consenso bosque deciduo 2021-2023,2021-2023,1,0,0,0
4987,SINAC_BD_0004987,56366,Bosque deciduo,3.1733460874983574,SINAC - Consenso bosque deciduo 2021-2023,2021-2023,0,0,0,0
4988,SINAC_BD_0004988,56389,Bosque deciduo,1.69,SINAC - Consenso bosque deciduo 2021-2023,2021-2023,0,0,0,0
4989,SINAC_BD_0004989,56391,Bosque deciduo,7.27492745884052,SINAC - Consenso bosque deciduo 2021-2023,2021-2023,1,1,0,0
4990,SINAC_BD_0004990,56393,Bosque deciduo,4.479444044824442,SINAC - Consenso bosque deciduo 2021-2023,2021-2023,1,0,0,0
4991,SINAC_BD_0004991,56394,Bosque deciduo,1.1,SINAC - Consenso bosque deciduo 2021-2023,2021-2023,1,0,0,0
4992,SINAC_BD_0004992,56403,Bosque deciduo,830.5112639627627,SINAC - Consenso bosque deciduo 2021-2023,2021-2023,1,1,1,1
4993,SINAC_BD_0004993,56405,Bosque deciduo,103.7972657713421,SINAC - Consenso bosque deciduo 2021-2023,2021-2023,1,1,1,1
4994,SINAC_BD_0004994,56435,Bosque deciduo,2.8718799721998916,SINAC - Consenso bosque deciduo 2021-2023,2021-2023,0,0,0,0
4995,SINAC_BD_0004995,56479,Bosque deciduo,3.3746963590062036,SINAC - Consenso bosque deciduo 2021-2023,2021-2023,1,1,1,0
4996,SINAC_BD_0004996,56480,Bosque deciduo,90.41159134191577,SINAC - Consenso bosque deciduo 2021-2023,2021-2023,1,1,0,0
4997,SINAC_BD_0004997,56490,Bosque deciduo,2.9827906587497406,SINAC - Consenso bosque deciduo 2021-2023,2021-2023,1,0,0,0
4998,SINAC_BD_0004998,56505,Bosque deciduo,30.94539941824499,SINAC - Consenso bosque deciduo 2021-2023,2021-2023,1,0,0,0
4999,SINAC_BD_0004999,56508,Bosque deciduo,1.0939099014474367,SINAC - Consenso bosque deciduo 2021-2023,2021-2023,0,0,0,0
5000,SINAC_BD_0005000,56522,Bosque deciduo,2.75,SINAC - Consenso bosque deciduo 2021-2023,2021-2023,1,0,0,0
5001,SINAC_BD_0005001,56543,Bosque deciduo,13.408568767464674,SINAC - Consenso bosque deciduo 2021-2023,2021-2023,1,0,1,0
5002,SINAC_BD_0005002,56551,Bosque deciduo,1.3360219878463215,SINAC - Consenso bosque deciduo 2021-2023,2021-2023,0,0,0,0
5003,SINAC_BD_0005003,56563,Bosque deciduo,1.8548962847168335,SINAC - Consenso bosque deciduo 2021-2023,2021-2023,1,1,0,0
5004,SINAC_BD_0005004,56571,Bosque deciduo,2.6357572128578113,SINAC - Consenso bosque deciduo 2021-2023,2021-2023,0,0,0,0
5005,SINAC_BD_0005005,56591,Bosque deciduo,4.097862639662818,SINAC - Consenso bosque deciduo 2021-2023,2021-2023,0,0,0,0
5006,SINAC_BD_0005006,56616,Bosque deciduo,1.6,SINAC - Consenso bosque deciduo 2021-2023,2021-2023,0,0,0,0
5007,SINAC_BD_0005007,56618,Bosque deciduo,1.4871279104709965,SINAC - Consenso bosque deciduo 2021-2023,2021-2023,1,0,0,0
5008,SINAC_BD_0005008,56642,Bosque deciduo,1.2676224525597295,SINAC - Consenso bosque deciduo 2021-2023,2021-2023,0,0,0,0
5009,SINAC_BD_0005009,56643,Bosque deciduo,1.1814681034001808,SINAC - Consenso bosque deciduo 2021-2023,2021-2023,0,0,0,0
5010,SINAC_BD_0005010,56645,Bosque deciduo,4.4509037242649026,SINAC - Consenso bosque deciduo 2021-2023,2021-2023,1,1,0,0
5011,SINAC_BD_0005011,56646,Bosque deciduo,3.8342950434782046,SINAC - Consenso bosque deciduo 2021-2023,2021-2023,1,0,0,0
5012,SINAC_BD_0005012,56648,Bosque deciduo,3.1120573607505997,SINAC - Consenso bosque deciduo 2021-2023,2021-2023,1,0,1,0
5013,SINAC_BD_0005013,56649,Bosque deciduo,2.720444436537526,SINAC - Consenso bosque deciduo 2021-2023,2021-2023,0,0,0,0
5014,SINAC_BD_0005014,56651,Bosque deciduo,4.557350461175148,SINAC - Consenso bosque deciduo 2021-2023,2021-2023,1,0,0,0
5015,SINAC_BD_0005015,56652,Bosque deciduo,38.17129587755763,SINAC - Consenso bosque deciduo 2021-2023,2021-2023,1,1,0,0
5016,SINAC_BD_0005016,56659,Bosque deciduo,2.066924519696291,SINAC - Consenso bosque deciduo 2021-2023,2021-2023,1,1,1,0
5017,SINAC_BD_0005017,56668,Bosque deciduo,1.0859925818182878,SINAC - Consenso bosque deciduo 2021-2023,2021-2023,0,0,0,0
5018,SINAC_BD_0005018,56682,Bosque deciduo,2.07,SINAC - Consenso bosque deciduo 2021-2023,2021-2023,0,0,0,0
5019,SINAC_BD_0005019,56703,Bosque deciduo,2.7457370054762316,SINAC - Consenso bosque deciduo 2021-2023,2021-2023,1,1,0,0
5020,SINAC_BD_0005020,56704,Bosque deciduo,7.604354058559504,SINAC - Consenso bosque deciduo 2021-2023,2021-2023,1,0,0,0
5021,SINAC_BD_0005021,56719,Bosque deciduo,2.2218734906675324,SINAC - Consenso bosque deciduo 2021-2023,2021-2023,0,0,0,0
5022,SINAC_BD_0005022,56724,Bosque deciduo,1.6982269572055086,SINAC - Consenso bosque deciduo 2021-2023,2021-2023,1,0,0,0
5023,SINAC_BD_0005023,56728,Bosque deciduo,2.7695453632701033,SINAC - Consenso bosque deciduo 2021-2023,2021-2023,0,0,0,0
5024,SINAC_BD_0005024,56738,Bosque deciduo,4.964016119470966,SINAC - Consenso bosque deciduo 2021-2023,2021-2023,0,0,0,0
5025,SINAC_BD_0005025,56751,Bosque deciduo,1.1338865138731324,SINAC - Consenso bosque deciduo 2021-2023,2021-2023,1,0,0,0
5026,SINAC_BD_0005026,56775,Bosque deciduo,1.4395120839934117,SINAC - Consenso bosque deciduo 2021-2023,2021-2023,1,0,0,0
5027,SINAC_BD_0005027,56776,Bosque deciduo,3.7287943801789902,SINAC - Consenso bosque deciduo 2021-2023,2021-2023,1,0,0,0
5028,SINAC_BD_0005028,56778,Bosque deciduo,2.0826390010617235,SINAC - Consenso bosque deciduo 2021-2023,2021-2023,1,0,0,0
5029,SINAC_BD_0005029,56801,Bosque deciduo,1.7317366499647677,SINAC - Consenso bosque deciduo 2021-2023,2021-2023,1,0,0,0
5030,SINAC_BD_0005030,56810,Bosque deciduo,2.87338926913933,SINAC - Consenso bosque deciduo 2021-2023,2021-2023,1,1,0,0
5031,SINAC_BD_0005031,56823,Bosque deciduo,5.431205623198795,SINAC - Consenso bosque deciduo 2021-2023,2021-2023,1,1,0,0
5032,SINAC_BD_0005032,56831,Bosque deciduo,16.273889003095974,SINAC - Consenso bosque deciduo 2021-2023,2021-2023,1,1,0,0
5033,SINAC_BD_0005033,56832,Bosque deciduo,1.84,SINAC - Consenso bosque deciduo 2021-2023,2021-2023,1,1,0,0
5034,SINAC_BD_0005034,56833,Bosque deciduo,1.662035260460394,SINAC - Consenso bosque deciduo 2021-2023,2021-2023,1,1,1,0
5035,SINAC_BD_0005035,56839,Bosque deciduo,15.141989189698888,SINAC - Consenso bosque deciduo 2021-2023,2021-2023,1,1,0,0
5036,SINAC_BD_0005036,56856,Bosque deciduo,10.29454326697298,SINAC - Consenso bosque deciduo 2021-2023,2021-2023,1,0,0,0
5037,SINAC_BD_0005037,56869,Bosque deciduo,1.0083625432925236,SINAC - Consenso bosque deciduo 2021-2023,2021-2023,1,0,0,0
5038,SINAC_BD_0005038,56872,Bosque deciduo,2.0187737595184974,SINAC - Consenso bosque deciduo 2021-2023,2021-2023,0,0,0,0
5039,SINAC_BD_0005039,56889,Bosque deciduo,52.46046061701133,SINAC - Consenso bosque deciduo 2021-2023,2021-2023,1,1,0,0
5040,SINAC_BD_0005040,56893,Bosque deciduo,22.623782216738466,SINAC - Consenso bosque deciduo 2021-2023,2021-2023,1,1,1,0
5041,SINAC_BD_0005041,56903,Bosque deciduo,1.1014395195998696,SINAC - Consenso bosque deciduo 2021-2023,2021-2023,0,0,0,0
5042,SINAC_BD_0005042,56906,Bosque deciduo,1.1302776879768766,SINAC - Consenso bosque deciduo 2021-2023,2021-2023,1,0,0,0
5043,SINAC_BD_0005043,56916,Bosque deciduo,5.5,SINAC - Consenso bosque deciduo 2021-2023,2021-2023,1,1,0,0
5044,SINAC_BD_0005044,56942,Bosque deciduo,3.01,SINAC - Consenso bosque deciduo 2021-2023,2021-2023,1,0,0,0
5045,SINAC_BD_0005045,56943,Bosque deciduo,1.04,SINAC - Consenso bosque deciduo 2021-2023,2021-2023,0,0,0,0
5046,SINAC_BD_0005046,56944,Bosque deciduo,5.4049825817542585,SINAC - Consenso bosque deciduo 2021-2023,2021-2023,1,0,0,0
5047,SINAC_BD_0005047,56967,Bosque deciduo,1.14,SINAC - Consenso bosque deciduo 2021-2023,2021-2023,0,0,0,0
5048,SINAC_BD_0005048,56968,Bosque deciduo,1.5,SINAC - Consenso bosque deciduo 2021-2023,2021-2023,0,0,0,0
5049,SINAC_BD_0005049,56985,Bosque deciduo,1.5588368774973231,SINAC - Consenso bosque deciduo 2021-2023,2021-2023,1,0,0,0
5050,SINAC_BD_0005050,57017,Bosque deciduo,2.6380864547212526,SINAC - Consenso bosque deciduo 2021-2023,2021-2023,1,0,0,0
5051,SINAC_BD_0005051,57023,Bosque deciduo,2.7995927837064514,SINAC - Consenso bosque deciduo 2021-2023,2021-2023,1,0,0,0
5052,SINAC_BD_0005052,57025,Bosque deciduo,1.2848786028703079,SINAC - Consenso bosque deciduo 2021-2023,2021-2023,0,0,0,0
5053,SINAC_BD_0005053,57026,Bosque deciduo,3.3139821789317443,SINAC - Consenso bosque deciduo 2021-2023,2021-2023,1,1,0,0
5054,SINAC_BD_0005054,57029,Bosque deciduo,5.41,SINAC - Consenso bosque deciduo 2021-2023,2021-2023,1,0,0,0
5055,SINAC_BD_0005055,57046,Bosque deciduo,1.0362865778340844,SINAC - Consenso bosque deciduo 2021-2023,2021-2023,0,1,0,0
5056,SINAC_BD_0005056,57048,Bosque deciduo,1.2299532076441604,SINAC - Consenso bosque deciduo 2021-2023,2021-2023,0,0,0,0
5057,SINAC_BD_0005057,57087,Bosque deciduo,3.008551908533268,SINAC - Consenso bosque deciduo 2021-2023,2021-2023,0,0,0,0
5058,SINAC_BD_0005058,57089,Bosque deciduo,11.855535998161477,SINAC - Consenso bosque deciduo 2021-2023,2021-2023,1,0,0,0
5059,SINAC_BD_0005059,57091,Bosque deciduo,47.847154361800044,SINAC - Consenso bosque deciduo 2021-2023,2021-2023,1,1,1,1
5060,SINAC_BD_0005060,57097,Bosque deciduo,1.2096307124160284,SINAC - Consenso bosque deciduo 2021-2023,2021-2023,0,0,0,0
5061,SINAC_BD_0005061,57103,Bosque deciduo,3.1419277827347956,SINAC - Consenso bosque deciduo 2021-2023,2021-2023,0,1,0,0
5062,SINAC_BD_0005062,57119,Bosque deciduo,1.4880842981996223,SINAC - Consenso bosque deciduo 2021-2023,2021-2023,1,0,0,0
5063,SINAC_BD_0005063,57130,Bosque deciduo,11.044750298151175,SINAC - Consenso bosque deciduo 2021-2023,2021-2023,0,0,0,0
5064,SINAC_BD_0005064,57132,Bosque deciduo,1.02,SINAC - Consenso bosque deciduo 2021-2023,2021-2023,1,1,0,0
5065,SINAC_BD_0005065,57147,Bosque deciduo,1.6361065289128307,SINAC - Consenso bosque deciduo 2021-2023,2021-2023,1,0,0,0
5066,SINAC_BD_0005066,57148,Bosque deciduo,1.2224850078632838,SINAC - Consenso bosque deciduo 2021-2023,2021-2023,0,0,0,0
5067,SINAC_BD_0005067,57149,Bosque deciduo,1.11,SINAC - Consenso bosque deciduo 2021-2023,2021-2023,0,0,0,0
5068,SINAC_BD_0005068,57151,Bosque deciduo,1.7366969593024175,SINAC - Consenso bosque deciduo 2021-2023,2021-2023,1,0,0,0
5069,SINAC_BD_0005069,57159,Bosque deciduo,24.408248391040445,SINAC - Consenso bosque deciduo 2021-2023,2021-2023,1,1,1,0
5070,SINAC_BD_0005070,57217,Bosque deciduo,2.0049308644486383,SINAC - Consenso bosque deciduo 2021-2023,2021-2023,1,0,0,0
5071,SINAC_BD_0005071,57293,Bosque deciduo,1.2597876051642038,SINAC - Consenso bosque deciduo 2021-2023,2021-2023,0,0,0,0
5072,SINAC_BD_0005072,57337,Bosque deciduo,70.92306397907046,SINAC - Consenso bosque deciduo 2021-2023,2021-2023,1,1,0,0
5073,SINAC_BD_0005073,57345,Bosque deciduo,3.1470990880115606,SINAC - Consenso bosque deciduo 2021-2023,2021-2023,0,0,0,0
5074,SINAC_BD_0005074,57359,Bosque deciduo,64.5039380958709,SINAC - Consenso bosque deciduo 2021-2023,2021-2023,1,1,0,0
5075,SINAC_BD_0005075,57368,Bosque deciduo,44.39157447707847,SINAC - Consenso bosque deciduo 2021-2023,2021-2023,1,1,1,0
5076,SINAC_BD_0005076,57369,Bosque deciduo,2.1421502555116576,SINAC - Consenso bosque deciduo 2021-2023,2021-2023,0,0,0,0
5077,SINAC_BD_0005077,57372,Bosque deciduo,2.208562289819908,SINAC - Consenso bosque deciduo 2021-2023,2021-2023,0,0,0,0
5078,SINAC_BD_0005078,57373,Bosque deciduo,11.692797227500586,SINAC - Consenso bosque deciduo 2021-2023,2021-2023,1,0,0,0
5079,SINAC_BD_0005079,57379,Bosque deciduo,2.0856226368397817,SINAC - Consenso bosque deciduo 2021-2023,2021-2023,0,0,0,0
5080,SINAC_BD_0005080,57380,Bosque deciduo,11.898647736928524,SINAC - Consenso bosque deciduo 2021-2023,2021-2023,1,1,0,0
5081,SINAC_BD_0005081,57456,Bosque deciduo,58.323759751214226,SINAC - Consenso bosque deciduo 2021-2023,2021-2023,1,1,1,1
5082,SINAC_BD_0005082,57457,Bosque deciduo,1.7008274868794673,SINAC - Consenso bosque deciduo 2021-2023,2021-2023,1,1,0,0
5083,SINAC_BD_0005083,57459,Bosque deciduo,75.09848140749754,SINAC - Consenso bosque deciduo 2021-2023,2021-2023,1,1,1,0
5084,SINAC_BD_0005084,57463,Bosque deciduo,2.333579659695937,SINAC - Consenso bosque deciduo 2021-2023,2021-2023,1,1,0,0
5085,SINAC_BD_0005085,57465,Bosque deciduo,1.29,SINAC - Consenso bosque deciduo 2021-2023,2021-2023,0,0,0,0
5086,SINAC_BD_0005086,57496,Bosque deciduo,1.348172380189824,SINAC - Consenso bosque deciduo 2021-2023,2021-2023,1,0,0,0
5087,SINAC_BD_0005087,57532,Bosque deciduo,5.8463101323156925,SINAC - Consenso bosque deciduo 2021-2023,2021-2023,1,0,0,0
5088,SINAC_BD_0005088,57552,Bosque deciduo,1.0167595559144584,SINAC - Consenso bosque deciduo 2021-2023,2021-2023,1,0,0,0
5089,SINAC_BD_0005089,57613,Bosque deciduo,3.34371185630589,SINAC - Consenso bosque deciduo 2021-2023,2021-2023,1,1,0,0
5090,SINAC_BD_0005090,57614,Bosque deciduo,200.72761323343403,SINAC - Consenso bosque deciduo 2021-2023,2021-2023,1,1,1,0
5091,SINAC_BD_0005091,57615,Bosque deciduo,7.638531504809383,SINAC - Consenso bosque deciduo 2021-2023,2021-2023,1,0,0,0
5092,SINAC_BD_0005092,57667,Bosque deciduo,1.8135271194354137,SINAC - Consenso bosque deciduo 2021-2023,2021-2023,0,0,0,0
5093,SINAC_BD_0005093,57680,Bosque deciduo,3.1630301065297712,SINAC - Consenso bosque deciduo 2021-2023,2021-2023,0,0,0,0
5094,SINAC_BD_0005094,57688,Bosque deciduo,1.73,SINAC - Consenso bosque deciduo 2021-2023,2021-2023,1,0,0,0
5095,SINAC_BD_0005095,57689,Bosque deciduo,2.0434473331954646,SINAC - Consenso bosque deciduo 2021-2023,2021-2023,0,0,0,0
5096,SINAC_BD_0005096,57694,Bosque deciduo,3.3191182412042277,SINAC - Consenso bosque deciduo 2021-2023,2021-2023,1,1,1,0
5097,SINAC_BD_0005097,57695,Bosque deciduo,1.27,SINAC - Consenso bosque deciduo 2021-2023,2021-2023,0,0,0,0
5098,SINAC_BD_0005098,57696,Bosque deciduo,1.0017170262952775,SINAC - Consenso bosque deciduo 2021-2023,2021-2023,0,0,0,0
5099,SINAC_BD_0005099,57698,Bosque deciduo,2.3461243483609473,SINAC - Consenso bosque deciduo 2021-2023,2021-2023,1,0,0,0
5100,SINAC_BD_0005100,57725,Bosque deciduo,1.634398706524383,SINAC - Consenso bosque deciduo 2021-2023,2021-2023,1,0,0,0
5101,SINAC_BD_0005101,57747,Bosque deciduo,5.375791196643429,SINAC - Consenso bosque deciduo 2021-2023,2021-2023,1,1,0,0
5102,SINAC_BD_0005102,57749,Bosque deciduo,5.322532746466495,SINAC - Consenso bosque deciduo 2021-2023,2021-2023,1,0,0,0
5103,SINAC_BD_0005103,57751,Bosque deciduo,1.76,SINAC - Consenso bosque deciduo 2021-2023,2021-2023,0,0,0,0
5104,SINAC_BD_0005104,57758,Bosque deciduo,16.929756672204316,SINAC - Consenso bosque deciduo 2021-2023,2021-2023,1,0,0,0
5105,SINAC_BD_0005105,57770,Bosque deciduo,1.6604831352720293,SINAC - Consenso bosque deciduo 2021-2023,2021-2023,1,0,0,0
5106,SINAC_BD_0005106,57807,Bosque deciduo,12.379041393368079,SINAC - Consenso bosque deciduo 2021-2023,2021-2023,1,0,0,0
5107,SINAC_BD_0005107,57870,Bosque deciduo,11.246604308022178,SINAC - Consenso bosque deciduo 2021-2023,2021-2023,1,1,1,0
5108,SINAC_BD_0005108,57871,Bosque deciduo,1.55963076822775,SINAC - Consenso bosque deciduo 2021-2023,2021-2023,1,0,0,0
5109,SINAC_BD_0005109,57872,Bosque deciduo,4.012764783971079,SINAC - Consenso bosque deciduo 2021-2023,2021-2023,1,1,0,0
5110,SINAC_BD_0005110,57874,Bosque deciduo,8.031005760983039,SINAC - Consenso bosque deciduo 2021-2023,2021-2023,0,0,0,0
5111,SINAC_BD_0005111,57877,Bosque deciduo,1.2866755591734305,SINAC - Consenso bosque deciduo 2021-2023,2021-2023,1,0,0,0
5112,SINAC_BD_0005112,57879,Bosque deciduo,2.079309362196195,SINAC - Consenso bosque deciduo 2021-2023,2021-2023,1,0,0,0
5113,SINAC_BD_0005113,57948,Bosque deciduo,18.737199569528514,SINAC - Consenso bosque deciduo 2021-2023,2021-2023,1,1,0,0
5114,SINAC_BD_0005114,57950,Bosque deciduo,1.36,SINAC - Consenso bosque deciduo 2021-2023,2021-2023,1,0,0,0
5115,SINAC_BD_0005115,58009,Bosque deciduo,2.59,SINAC - Consenso bosque deciduo 2021-2023,2021-2023,0,0,0,0
5116,SINAC_BD_0005116,58012,Bosque deciduo,4.335689436950302,SINAC - Consenso bosque deciduo 2021-2023,2021-2023,1,0,0,0
5117,SINAC_BD_0005117,58023,Bosque deciduo,1.9,SINAC - Consenso bosque deciduo 2021-2023,2021-2023,0,0,0,0
5118,SINAC_BD_0005118,58034,Bosque deciduo,1.51,SINAC - Consenso bosque deciduo 2021-2023,2021-2023,0,0,0,0
5119,SINAC_BD_0005119,58041,Bosque deciduo,7.003272536927181,SINAC - Consenso bosque deciduo 2021-2023,2021-2023,0,0,0,0
5120,SINAC_BD_0005120,58074,Bosque deciduo,1.9766654132342756,SINAC - Consenso bosque deciduo 2021-2023,2021-2023,0,0,0,0
5121,SINAC_BD_0005121,58075,Bosque deciduo,2.395187237073551,SINAC - Consenso bosque deciduo 2021-2023,2021-2023,0,0,0,0
5122,SINAC_BD_0005122,58076,Bosque deciduo,1.81,SINAC - Consenso bosque deciduo 2021-2023,2021-2023,1,0,0,0
5123,SINAC_BD_0005123,58078,Bosque deciduo,3.19,SINAC - Consenso bosque deciduo 2021-2023,2021-2023,0,0,0,0
5124,SINAC_BD_0005124,58081,Bosque deciduo,3.642654467579269,SINAC - Consenso bosque deciduo 2021-2023,2021-2023,1,1,0,0
5125,SINAC_BD_0005125,58083,Bosque deciduo,5.726724116175714,SINAC - Consenso bosque deciduo 2021-2023,2021-2023,0,0,0,0
5126,SINAC_BD_0005126,58093,Bosque deciduo,49.57022470302386,SINAC - Consenso bosque deciduo 2021-2023,2021-2023,1,1,0,0
5127,SINAC_BD_0005127,58097,Bosque deciduo,4.65,SINAC - Consenso bosque deciduo 2021-2023,2021-2023,1,0,0,0
5128,SINAC_BD_0005128,58109,Bosque deciduo,1.47,SINAC - Consenso bosque deciduo 2021-2023,2021-2023,1,1,1,0
5129,SINAC_BD_0005129,58205,Bosque deciduo,1.69,SINAC - Consenso bosque deciduo 2021-2023,2021-2023,0,0,0,0
5130,SINAC_BD_0005130,58207,Bosque deciduo,5.219442941492334,SINAC - Consenso bosque deciduo 2021-2023,2021-2023,1,0,0,0
5131,SINAC_BD_0005131,58210,Bosque deciduo,18.425523580447507,SINAC - Consenso bosque deciduo 2021-2023,2021-2023,1,1,1,0
5132,SINAC_BD_0005132,58214,Bosque deciduo,1.95,SINAC - Consenso bosque deciduo 2021-2023,2021-2023,0,0,0,0
5133,SINAC_BD_0005133,58219,Bosque deciduo,32.71496032809198,SINAC - Consenso bosque deciduo 2021-2023,2021-2023,1,1,0,0
5134,SINAC_BD_0005134,58231,Bosque deciduo,1.04,SINAC - Consenso bosque deciduo 2021-2023,2021-2023,0,0,0,0
5135,SINAC_BD_0005135,58277,Bosque deciduo,1.0617128595028715,SINAC - Consenso bosque deciduo 2021-2023,2021-2023,1,0,0,0
5136,SINAC_BD_0005136,58331,Bosque deciduo,2.0693247538627557,SINAC - Consenso bosque deciduo 2021-2023,2021-2023,0,0,0,0
5137,SINAC_BD_0005137,58332,Bosque deciduo,1.1719679987782379,SINAC - Consenso bosque deciduo 2021-2023,2021-2023,0,0,0,0
5138,SINAC_BD_0005138,58400,Bosque deciduo,2.3852318370679115,SINAC - Consenso bosque deciduo 2021-2023,2021-2023,1,0,0,0
5139,SINAC_BD_0005139,58405,Bosque deciduo,5.728268717760225,SINAC - Consenso bosque deciduo 2021-2023,2021-2023,1,0,0,0
5140,SINAC_BD_0005140,58417,Bosque deciduo,2.07207591563877,SINAC - Consenso bosque deciduo 2021-2023,2021-2023,1,0,0,0
5141,SINAC_BD_0005141,58432,Bosque deciduo,21.616702839466566,SINAC - Consenso bosque deciduo 2021-2023,2021-2023,1,1,0,0
5142,SINAC_BD_0005142,58435,Bosque deciduo,2.78,SINAC - Consenso bosque deciduo 2021-2023,2021-2023,1,0,0,0
5143,SINAC_BD_0005143,58469,Bosque deciduo,1.7074244298397876,SINAC - Consenso bosque deciduo 2021-2023,2021-2023,0,0,0,0
5144,SINAC_BD_0005144,58470,Bosque deciduo,13.294823392633901,SINAC - Consenso bosque deciduo 2021-2023,2021-2023,1,0,0,0
5145,SINAC_BD_0005145,58472,Bosque deciduo,8.113668794562804,SINAC - Consenso bosque deciduo 2021-2023,2021-2023,1,0,1,0
5146,SINAC_BD_0005146,58496,Bosque deciduo,1.1291715895817245,SINAC - Consenso bosque deciduo 2021-2023,2021-2023,0,0,0,0
5147,SINAC_BD_0005147,58500,Bosque deciduo,9.494148396977302,SINAC - Consenso bosque deciduo 2021-2023,2021-2023,1,1,0,0
5148,SINAC_BD_0005148,58502,Bosque deciduo,5.671807936076949,SINAC - Consenso bosque deciduo 2021-2023,2021-2023,1,1,0,0
5149,SINAC_BD_0005149,58514,Bosque deciduo,3.13,SINAC - Consenso bosque deciduo 2021-2023,2021-2023,1,0,0,0
5150,SINAC_BD_0005150,58531,Bosque deciduo,1.6857394087811761,SINAC - Consenso bosque deciduo 2021-2023,2021-2023,0,0,0,0
5151,SINAC_BD_0005151,58543,Bosque deciduo,83.4802228074623,SINAC - Consenso bosque deciduo 2021-2023,2021-2023,1,1,1,1
5152,SINAC_BD_0005152,58546,Bosque deciduo,1.7431376879656832,SINAC - Consenso bosque deciduo 2021-2023,2021-2023,0,1,0,0
5153,SINAC_BD_0005153,58557,Bosque deciduo,2.2016527409490236,SINAC - Consenso bosque deciduo 2021-2023,2021-2023,1,0,0,0
5154,SINAC_BD_0005154,58578,Bosque deciduo,4.763515689332882,SINAC - Consenso bosque deciduo 2021-2023,2021-2023,1,1,0,0
5155,SINAC_BD_0005155,58579,Bosque deciduo,1.37,SINAC - Consenso bosque deciduo 2021-2023,2021-2023,0,0,0,0
5156,SINAC_BD_0005156,58583,Bosque deciduo,3.135765618329485,SINAC - Consenso bosque deciduo 2021-2023,2021-2023,1,1,0,0
5157,SINAC_BD_0005157,58590,Bosque deciduo,1.01,SINAC - Consenso bosque deciduo 2021-2023,2021-2023,0,0,0,0
5158,SINAC_BD_0005158,58625,Bosque deciduo,4.39212924821351,SINAC - Consenso bosque deciduo 2021-2023,2021-2023,0,0,0,0
5159,SINAC_BD_0005159,58628,Bosque deciduo,1.0034676865738519,SINAC - Consenso bosque deciduo 2021-2023,2021-2023,0,0,0,0
5160,SINAC_BD_0005160,58629,Bosque deciduo,5.497679551730755,SINAC - Consenso bosque deciduo 2021-2023,2021-2023,1,1,0,0
5161,SINAC_BD_0005161,58653,Bosque deciduo,38.19086190063263,SINAC - Consenso bosque deciduo 2021-2023,2021-2023,1,1,0,0
5162,SINAC_BD_0005162,58700,Bosque deciduo,2.734661593160365,SINAC - Consenso bosque deciduo 2021-2023,2021-2023,1,0,0,0
5163,SINAC_BD_0005163,58712,Bosque deciduo,6.884862252260887,SINAC - Consenso bosque deciduo 2021-2023,2021-2023,1,0,0,0
5164,SINAC_BD_0005164,58724,Bosque deciduo,1.22,SINAC - Consenso bosque deciduo 2021-2023,2021-2023,0,0,0,0
5165,SINAC_BD_0005165,58739,Bosque deciduo,2.61,SINAC - Consenso bosque deciduo 2021-2023,2021-2023,1,0,0,0
5166,SINAC_BD_0005166,58774,Bosque deciduo,1.9377642249223779,SINAC - Consenso bosque deciduo 2021-2023,2021-2023,0,0,0,0
5167,SINAC_BD_0005167,58784,Bosque deciduo,2.38,SINAC - Consenso bosque deciduo 2021-2023,2021-2023,1,0,0,0
5168,SINAC_BD_0005168,58801,Bosque deciduo,2.15,SINAC - Consenso bosque deciduo 2021-2023,2021-2023,1,1,0,0
5169,SINAC_BD_0005169,58819,Bosque deciduo,2.096405411555548,SINAC - Consenso bosque deciduo 2021-2023,2021-2023,0,0,0,0
5170,SINAC_BD_0005170,58832,Bosque deciduo,1.233616939245977,SINAC - Consenso bosque deciduo 2021-2023,2021-2023,0,0,0,0
5171,SINAC_BD_0005171,58833,Bosque deciduo,1.2103178986348664,SINAC - Consenso bosque deciduo 2021-2023,2021-2023,1,0,0,0
5172,SINAC_BD_0005172,58857,Bosque deciduo,22.825043882723172,SINAC - Consenso bosque deciduo 2021-2023,2021-2023,1,1,1,0
5173,SINAC_BD_0005173,58889,Bosque deciduo,1.9339773946102516,SINAC - Consenso bosque deciduo 2021-2023,2021-2023,1,0,0,0
5174,SINAC_BD_0005174,58890,Bosque deciduo,1.2627095796012766,SINAC - Consenso bosque deciduo 2021-2023,2021-2023,1,1,0,0
5175,SINAC_BD_0005175,58892,Bosque deciduo,1.0031197257705389,SINAC - Consenso bosque deciduo 2021-2023,2021-2023,0,0,0,0
5176,SINAC_BD_0005176,58895,Bosque deciduo,35.94796362066756,SINAC - Consenso bosque deciduo 2021-2023,2021-2023,1,1,1,0
5177,SINAC_BD_0005177,58896,Bosque deciduo,3.3591558494267075,SINAC - Consenso bosque deciduo 2021-2023,2021-2023,0,0,0,0
5178,SINAC_BD_0005178,58897,Bosque deciduo,1.0516693847830831,SINAC - Consenso bosque deciduo 2021-2023,2021-2023,0,0,0,0
5179,SINAC_BD_0005179,58898,Bosque deciduo,1.2301529341308821,SINAC - Consenso bosque deciduo 2021-2023,2021-2023,0,0,0,0
5180,SINAC_BD_0005180,58900,Bosque deciduo,1.6783879140509075,SINAC - Consenso bosque deciduo 2021-2023,2021-2023,1,0,0,0
5181,SINAC_BD_0005181,58901,Bosque deciduo,1.0226702069511662,SINAC - Consenso bosque deciduo 2021-2023,2021-2023,0,0,0,0
5182,SINAC_BD_0005182,58902,Bosque deciduo,4.740056351639278,SINAC - Consenso bosque deciduo 2021-2023,2021-2023,1,0,0,0
5183,SINAC_BD_0005183,58903,Bosque deciduo,1.3701234579793986,SINAC - Consenso bosque deciduo 2021-2023,2021-2023,1,0,0,0
5184,SINAC_BD_0005184,58906,Bosque deciduo,1.6475000653628518,SINAC - Consenso bosque deciduo 2021-2023,2021-2023,1,1,0,0
5185,SINAC_BD_0005185,58908,Bosque deciduo,7.586173734583153,SINAC - Consenso bosque deciduo 2021-2023,2021-2023,1,1,0,0
5186,SINAC_BD_0005186,58910,Bosque deciduo,1.8919521567680662,SINAC - Consenso bosque deciduo 2021-2023,2021-2023,1,0,0,0
5187,SINAC_BD_0005187,58912,Bosque deciduo,3.9820879139250884,SINAC - Consenso bosque deciduo 2021-2023,2021-2023,1,1,0,0
5188,SINAC_BD_0005188,58914,Bosque deciduo,1.5012721168971481,SINAC - Consenso bosque deciduo 2021-2023,2021-2023,1,0,0,0
5189,SINAC_BD_0005189,58919,Bosque deciduo,1.21,SINAC - Consenso bosque deciduo 2021-2023,2021-2023,0,0,0,0
5190,SINAC_BD_0005190,58930,Bosque deciduo,4.5088083081982,SINAC - Consenso bosque deciduo 2021-2023,2021-2023,1,0,0,0
5191,SINAC_BD_0005191,58955,Bosque deciduo,1.1190514480065432,SINAC - Consenso bosque deciduo 2021-2023,2021-2023,1,0,0,0
5192,SINAC_BD_0005192,58968,Bosque deciduo,3.8314839946076806,SINAC - Consenso bosque deciduo 2021-2023,2021-2023,1,1,1,0
5193,SINAC_BD_0005193,59017,Bosque deciduo,5.9692847747118165,SINAC - Consenso bosque deciduo 2021-2023,2021-2023,1,1,1,0
5194,SINAC_BD_0005194,59021,Bosque deciduo,1.3011530838902043,SINAC - Consenso bosque deciduo 2021-2023,2021-2023,0,0,0,0
5195,SINAC_BD_0005195,59027,Bosque deciduo,14.791868070106576,SINAC - Consenso bosque deciduo 2021-2023,2021-2023,1,0,0,0
5196,SINAC_BD_0005196,59047,Bosque deciduo,2.451548755827777,SINAC - Consenso bosque deciduo 2021-2023,2021-2023,1,1,1,0
5197,SINAC_BD_0005197,59058,Bosque deciduo,3.1282686077226955,SINAC - Consenso bosque deciduo 2021-2023,2021-2023,0,0,0,0
5198,SINAC_BD_0005198,59067,Bosque deciduo,13.215827864047588,SINAC - Consenso bosque deciduo 2021-2023,2021-2023,1,0,0,0
5199,SINAC_BD_0005199,59071,Bosque deciduo,3.2890717954165005,SINAC - Consenso bosque deciduo 2021-2023,2021-2023,0,0,0,0
5200,SINAC_BD_0005200,59078,Bosque deciduo,1.218669787914591,SINAC - Consenso bosque deciduo 2021-2023,2021-2023,0,0,0,0
5201,SINAC_BD_0005201,59080,Bosque deciduo,1.6430312266350549,SINAC - Consenso bosque deciduo 2021-2023,2021-2023,1,0,0,0
5202,SINAC_BD_0005202,59087,Bosque deciduo,3.5436343006481903,SINAC - Consenso bosque deciduo 2021-2023,2021-2023,1,1,1,1
5203,SINAC_BD_0005203,59098,Bosque deciduo,1.0870276048471872,SINAC - Consenso bosque deciduo 2021-2023,2021-2023,0,0,0,0
5204,SINAC_BD_0005204,59116,Bosque deciduo,2.4454661182896724,SINAC - Consenso bosque deciduo 2021-2023,2021-2023,1,0,0,0
5205,SINAC_BD_0005205,59121,Bosque deciduo,1.3068817262452326,SINAC - Consenso bosque deciduo 2021-2023,2021-2023,1,1,0,0
5206,SINAC_BD_0005206,59146,Bosque deciduo,4.088815052627849,SINAC - Consenso bosque deciduo 2021-2023,2021-2023,1,1,0,0
5207,SINAC_BD_0005207,59181,Bosque deciduo,3.292267694227096,SINAC - Consenso bosque deciduo 2021-2023,2021-2023,1,0,0,0
5208,SINAC_BD_0005208,59237,Bosque deciduo,1.3745601443137236,SINAC - Consenso bosque deciduo 2021-2023,2021-2023,0,0,0,0
5209,SINAC_BD_0005209,59240,Bosque deciduo,3.7448335125972148,SINAC - Consenso bosque deciduo 2021-2023,2021-2023,1,1,0,0
5210,SINAC_BD_0005210,59247,Bosque deciduo,1.01,SINAC - Consenso bosque deciduo 2021-2023,2021-2023,0,0,0,0
5211,SINAC_BD_0005211,59270,Bosque deciduo,1.8151320686180599,SINAC - Consenso bosque deciduo 2021-2023,2021-2023,0,0,0,0
5212,SINAC_BD_0005212,59295,Bosque deciduo,1.0642915414198102,SINAC - Consenso bosque deciduo 2021-2023,2021-2023,1,0,0,0
5213,SINAC_BD_0005213,59297,Bosque deciduo,2.0320205271920875,SINAC - Consenso bosque deciduo 2021-2023,2021-2023,1,0,0,0
5214,SINAC_BD_0005214,59298,Bosque deciduo,4.8143659492077555,SINAC - Consenso bosque deciduo 2021-2023,2021-2023,1,1,0,0
5215,SINAC_BD_0005215,59305,Bosque deciduo,1.2405729363095668,SINAC - Consenso bosque deciduo 2021-2023,2021-2023,1,1,0,0
5216,SINAC_BD_0005216,59306,Bosque deciduo,1.5204579273396333,SINAC - Consenso bosque deciduo 2021-2023,2021-2023,0,0,0,0
5217,SINAC_BD_0005217,59307,Bosque deciduo,286.5226715480994,SINAC - Consenso bosque deciduo 2021-2023,2021-2023,1,1,1,1
5218,SINAC_BD_0005218,59312,Bosque deciduo,2.0801647228622593,SINAC - Consenso bosque deciduo 2021-2023,2021-2023,0,0,0,0
5219,SINAC_BD_0005219,59316,Bosque deciduo,1.5140595160387607,SINAC - Consenso bosque deciduo 2021-2023,2021-2023,0,0,0,0
5220,SINAC_BD_0005220,59324,Bosque deciduo,1.36,SINAC - Consenso bosque deciduo 2021-2023,2021-2023,0,0,0,0
5221,SINAC_BD_0005221,59346,Bosque deciduo,39.24959913652267,SINAC - Consenso bosque deciduo 2021-2023,2021-2023,1,1,0,0
5222,SINAC_BD_0005222,59365,Bosque deciduo,21.736434114612248,SINAC - Consenso bosque deciduo 2021-2023,2021-2023,1,1,0,0
5223,SINAC_BD_0005223,59366,Bosque deciduo,2.854707605221997,SINAC - Consenso bosque deciduo 2021-2023,2021-2023,0,0,0,0
5224,SINAC_BD_0005224,59367,Bosque deciduo,60.56017856775749,SINAC - Consenso bosque deciduo 2021-2023,2021-2023,1,1,1,0
5225,SINAC_BD_0005225,59368,Bosque deciduo,1.7538032924557199,SINAC - Consenso bosque deciduo 2021-2023,2021-2023,0,0,0,0
5226,SINAC_BD_0005226,59381,Bosque deciduo,1.173167351834585,SINAC - Consenso bosque deciduo 2021-2023,2021-2023,1,0,0,0
5227,SINAC_BD_0005227,59384,Bosque deciduo,4.297726678144988,SINAC - Consenso bosque deciduo 2021-2023,2021-2023,1,1,1,0
5228,SINAC_BD_0005228,59415,Bosque deciduo,1.8975728815519661,SINAC - Consenso bosque deciduo 2021-2023,2021-2023,1,0,0,0
5229,SINAC_BD_0005229,59416,Bosque deciduo,2.457899516530215,SINAC - Consenso bosque deciduo 2021-2023,2021-2023,1,0,0,0
5230,SINAC_BD_0005230,59417,Bosque deciduo,8.667059812338486,SINAC - Consenso bosque deciduo 2021-2023,2021-2023,1,0,0,0
5231,SINAC_BD_0005231,59418,Bosque deciduo,2.569237980578317,SINAC - Consenso bosque deciduo 2021-2023,2021-2023,1,0,0,0
5232,SINAC_BD_0005232,59422,Bosque deciduo,1.99,SINAC - Consenso bosque deciduo 2021-2023,2021-2023,1,1,0,0
5233,SINAC_BD_0005233,59425,Bosque deciduo,3.2185348097678848,SINAC - Consenso bosque deciduo 2021-2023,2021-2023,1,0,0,0
5234,SINAC_BD_0005234,59428,Bosque deciduo,2.886767040856396,SINAC - Consenso bosque deciduo 2021-2023,2021-2023,1,0,0,0
5235,SINAC_BD_0005235,59429,Bosque deciduo,1.8792178064702847,SINAC - Consenso bosque deciduo 2021-2023,2021-2023,0,1,0,0
5236,SINAC_BD_0005236,59469,Bosque deciduo,4.29994699683335,SINAC - Consenso bosque deciduo 2021-2023,2021-2023,0,0,0,0
5237,SINAC_BD_0005237,59471,Bosque deciduo,1.758073587732546,SINAC - Consenso bosque deciduo 2021-2023,2021-2023,1,0,0,0
5238,SINAC_BD_0005238,59478,Bosque deciduo,1.0791547106917072,SINAC - Consenso bosque deciduo 2021-2023,2021-2023,0,0,0,0
5239,SINAC_BD_0005239,59487,Bosque deciduo,7.516264891599328,SINAC - Consenso bosque deciduo 2021-2023,2021-2023,1,0,0,0
5240,SINAC_BD_0005240,59496,Bosque deciduo,2.1659318041278444,SINAC - Consenso bosque deciduo 2021-2023,2021-2023,0,0,0,0
5241,SINAC_BD_0005241,59503,Bosque deciduo,6.074022273361435,SINAC - Consenso bosque deciduo 2021-2023,2021-2023,1,0,0,0
5242,SINAC_BD_0005242,59520,Bosque deciduo,1.1793507866860622,SINAC - Consenso bosque deciduo 2021-2023,2021-2023,1,0,0,0
5243,SINAC_BD_0005243,59546,Bosque deciduo,6.427676314317956,SINAC - Consenso bosque deciduo 2021-2023,2021-2023,1,1,0,0
5244,SINAC_BD_0005244,59547,Bosque deciduo,4.087112820430976,SINAC - Consenso bosque deciduo 2021-2023,2021-2023,1,0,0,0
5245,SINAC_BD_0005245,59555,Bosque deciduo,1.3268439297343535,SINAC - Consenso bosque deciduo 2021-2023,2021-2023,0,0,0,0
5246,SINAC_BD_0005246,59577,Bosque deciduo,6.093926940362256,SINAC - Consenso bosque deciduo 2021-2023,2021-2023,1,1,0,0
5247,SINAC_BD_0005247,59580,Bosque deciduo,4.978970992809795,SINAC - Consenso bosque deciduo 2021-2023,2021-2023,1,0,0,0
5248,SINAC_BD_0005248,59593,Bosque deciduo,15.06349135106636,SINAC - Consenso bosque deciduo 2021-2023,2021-2023,1,1,0,0
5249,SINAC_BD_0005249,59597,Bosque deciduo,3.6115320548967764,SINAC - Consenso bosque deciduo 2021-2023,2021-2023,1,0,0,0
5250,SINAC_BD_0005250,59640,Bosque deciduo,56.264594803022256,SINAC - Consenso bosque deciduo 2021-2023,2021-2023,1,1,0,0
5251,SINAC_BD_0005251,59649,Bosque deciduo,1.7094666460735386,SINAC - Consenso bosque deciduo 2021-2023,2021-2023,1,1,0,0
5252,SINAC_BD_0005252,59669,Bosque deciduo,160.87128383627604,SINAC - Consenso bosque deciduo 2021-2023,2021-2023,1,1,1,0
5253,SINAC_BD_0005253,59675,Bosque deciduo,1.0153408367271697,SINAC - Consenso bosque deciduo 2021-2023,2021-2023,1,0,0,0
5254,SINAC_BD_0005254,59685,Bosque deciduo,2.584732261283089,SINAC - Consenso bosque deciduo 2021-2023,2021-2023,1,0,0,0
5255,SINAC_BD_0005255,59709,Bosque deciduo,1.4877807965733343,SINAC - Consenso bosque deciduo 2021-2023,2021-2023,0,0,0,0
5256,SINAC_BD_0005256,59711,Bosque deciduo,2.4626650675418365,SINAC - Consenso bosque deciduo 2021-2023,2021-2023,1,0,0,0
5257,SINAC_BD_0005257,59723,Bosque deciduo,2.9827959551123255,SINAC - Consenso bosque deciduo 2021-2023,2021-2023,1,1,0,0
5258,SINAC_BD_0005258,59725,Bosque deciduo,1.1226371250350307,SINAC - Consenso bosque deciduo 2021-2023,2021-2023,0,0,0,0
5259,SINAC_BD_0005259,59785,Bosque deciduo,1.6766801840159185,SINAC - Consenso bosque deciduo 2021-2023,2021-2023,1,0,0,0
5260,SINAC_BD_0005260,59786,Bosque deciduo,3.9392047386605227,SINAC - Consenso bosque deciduo 2021-2023,2021-2023,1,1,0,0
5261,SINAC_BD_0005261,59792,Bosque deciduo,1.09,SINAC - Consenso bosque deciduo 2021-2023,2021-2023,1,1,0,0
5262,SINAC_BD_0005262,59797,Bosque deciduo,1.7350807589965664,SINAC - Consenso bosque deciduo 2021-2023,2021-2023,0,0,0,0
5263,SINAC_BD_0005263,59799,Bosque deciduo,1.998341919881408,SINAC - Consenso bosque deciduo 2021-2023,2021-2023,0,0,0,0
5264,SINAC_BD_0005264,59804,Bosque deciduo,3.5652296331547157,SINAC - Consenso bosque deciduo 2021-2023,2021-2023,1,0,0,0
5265,SINAC_BD_0005265,59821,Bosque deciduo,4.354713148860593,SINAC - Consenso bosque deciduo 2021-2023,2021-2023,1,1,1,0
5266,SINAC_BD_0005266,59832,Bosque deciduo,1.321817287909629,SINAC - Consenso bosque deciduo 2021-2023,2021-2023,0,0,0,0
5267,SINAC_BD_0005267,59835,Bosque deciduo,1.3227678385978492,SINAC - Consenso bosque deciduo 2021-2023,2021-2023,0,0,0,0
5268,SINAC_BD_0005268,59894,Bosque deciduo,2.562665489273831,SINAC - Consenso bosque deciduo 2021-2023,2021-2023,0,0,0,0
5269,SINAC_BD_0005269,59913,Bosque deciduo,3.782898964011922,SINAC - Consenso bosque deciduo 2021-2023,2021-2023,1,0,0,1
5270,SINAC_BD_0005270,59914,Bosque deciduo,3.3938397092522368,SINAC - Consenso bosque deciduo 2021-2023,2021-2023,1,1,0,0
5271,SINAC_BD_0005271,59918,Bosque deciduo,1.3714905568242655,SINAC - Consenso bosque deciduo 2021-2023,2021-2023,1,1,0,0
5272,SINAC_BD_0005272,59920,Bosque deciduo,4.795137832883718,SINAC - Consenso bosque deciduo 2021-2023,2021-2023,1,0,0,0
5273,SINAC_BD_0005273,59922,Bosque deciduo,1.0125478391768175,SINAC - Consenso bosque deciduo 2021-2023,2021-2023,0,0,0,0
5274,SINAC_BD_0005274,59923,Bosque deciduo,1.4317616836473808,SINAC - Consenso bosque deciduo 2021-2023,2021-2023,0,0,0,0
5275,SINAC_BD_0005275,59924,Bosque deciduo,1.3892329169654307,SINAC - Consenso bosque deciduo 2021-2023,2021-2023,0,0,0,0
5276,SINAC_BD_0005276,59931,Bosque deciduo,3.6211887709056376,SINAC - Consenso bosque deciduo 2021-2023,2021-2023,0,0,0,0
5277,SINAC_BD_0005277,59948,Bosque deciduo,1.4360470978566242,SINAC - Consenso bosque deciduo 2021-2023,2021-2023,1,0,0,0
5278,SINAC_BD_0005278,59949,Bosque deciduo,3.876060165833201,SINAC - Consenso bosque deciduo 2021-2023,2021-2023,1,1,0,0
5279,SINAC_BD_0005279,59951,Bosque deciduo,1.0318490789659496,SINAC - Consenso bosque deciduo 2021-2023,2021-2023,0,0,0,0
5280,SINAC_BD_0005280,59952,Bosque deciduo,5903.899301108605,SINAC - Consenso bosque deciduo 2021-2023,2021-2023,1,1,1,1
5281,SINAC_BD_0005281,59953,Bosque deciduo,1.2684829458976223,SINAC - Consenso bosque deciduo 2021-2023,2021-2023,0,0,0,0
5282,SINAC_BD_0005282,59954,Bosque deciduo,1.7234911046335755,SINAC - Consenso bosque deciduo 2021-2023,2021-2023,1,0,0,0
5283,SINAC_BD_0005283,59955,Bosque deciduo,2.5300898050264395,SINAC - Consenso bosque deciduo 2021-2023,2021-2023,1,1,0,0
5284,SINAC_BD_0005284,59957,Bosque deciduo,3.132146095064328,SINAC - Consenso bosque deciduo 2021-2023,2021-2023,1,0,0,0
5285,SINAC_BD_0005285,59960,Bosque deciduo,3.764489096248547,SINAC - Consenso bosque deciduo 2021-2023,2021-2023,1,0,0,0
5286,SINAC_BD_0005286,59961,Bosque deciduo,1.71543569777562,SINAC - Consenso bosque deciduo 2021-2023,2021-2023,0,0,0,0
5287,SINAC_BD_0005287,59962,Bosque deciduo,8.681142430365984,SINAC - Consenso bosque deciduo 2021-2023,2021-2023,1,0,0,0
5288,SINAC_BD_0005288,59963,Bosque deciduo,2.1293671726571994,SINAC - Consenso bosque deciduo 2021-2023,2021-2023,1,0,0,0
5289,SINAC_BD_0005289,59964,Bosque deciduo,1.4390677226848319,SINAC - Consenso bosque deciduo 2021-2023,2021-2023,0,0,0,0
5290,SINAC_BD_0005290,59965,Bosque deciduo,22.680241532822155,SINAC - Consenso bosque deciduo 2021-2023,2021-2023,1,1,1,1
5291,SINAC_BD_0005291,59970,Bosque deciduo,2.2702621054849152,SINAC - Consenso bosque deciduo 2021-2023,2021-2023,1,1,0,0
5292,SINAC_BD_0005292,59973,Bosque deciduo,5.81967414118359,SINAC - Consenso bosque deciduo 2021-2023,2021-2023,1,1,1,0
5293,SINAC_BD_0005293,59976,Bosque deciduo,44.14691361763138,SINAC - Consenso bosque deciduo 2021-2023,2021-2023,1,1,1,0
5294,SINAC_BD_0005294,59978,Bosque deciduo,1.0156038248117294,SINAC - Consenso bosque deciduo 2021-2023,2021-2023,1,0,0,0
5295,SINAC_BD_0005295,59980,Bosque deciduo,1.7781782672285218,SINAC - Consenso bosque deciduo 2021-2023,2021-2023,1,1,0,0
5296,SINAC_BD_0005296,59981,Bosque deciduo,1.115703805508215,SINAC - Consenso bosque deciduo 2021-2023,2021-2023,1,0,0,0
5297,SINAC_BD_0005297,59985,Bosque deciduo,1.19777614121341,SINAC - Consenso bosque deciduo 2021-2023,2021-2023,1,1,1,0
5298,SINAC_BD_0005298,59988,Bosque deciduo,1.6193638597949074,SINAC - Consenso bosque deciduo 2021-2023,2021-2023,1,0,0,0
5299,SINAC_BD_0005299,59989,Bosque deciduo,2.0595724115358345,SINAC - Consenso bosque deciduo 2021-2023,2021-2023,0,0,0,0
5300,SINAC_BD_0005300,59990,Bosque deciduo,34.15032319565363,SINAC - Consenso bosque deciduo 2021-2023,2021-2023,1,1,0,0
5301,SINAC_BD_0005301,59991,Bosque deciduo,1.2616174474231563,SINAC - Consenso bosque deciduo 2021-2023,2021-2023,0,0,0,0
5302,SINAC_BD_0005302,59992,Bosque deciduo,3.4751654994985235,SINAC - Consenso bosque deciduo 2021-2023,2021-2023,1,1,0,0
5303,SINAC_BD_0005303,59993,Bosque deciduo,571.4491420165982,SINAC - Consenso bosque deciduo 2021-2023,2021-2023,1,1,1,1
5304,SINAC_BD_0005304,59995,Bosque deciduo,1.5135290069430074,SINAC - Consenso bosque deciduo 2021-2023,2021-2023,0,0,0,0
5305,SINAC_BD_0005305,59997,Bosque deciduo,3.723413837638036,SINAC - Consenso bosque deciduo 2021-2023,2021-2023,1,1,1,0
5306,SINAC_BD_0005306,59998,Bosque deciduo,1.5721428456824655,SINAC - Consenso bosque deciduo 2021-2023,2021-2023,0,0,0,0
5307,SINAC_BD_0005307,60019,Bosque deciduo,1.0586641759482889,SINAC - Consenso bosque deciduo 2021-2023,2021-2023,1,0,0,0
5308,SINAC_BD_0005308,60027,Bosque deciduo,101.26969297052251,SINAC - Consenso bosque deciduo 2021-2023,2021-2023,1,1,1,0
5309,SINAC_BD_0005309,60034,Bosque deciduo,7.3,SINAC - Consenso bosque deciduo 2021-2023,2021-2023,1,1,0,0
5310,SINAC_BD_0005310,60048,Bosque deciduo,1.3614758945036642,SINAC - Consenso bosque deciduo 2021-2023,2021-2023,1,0,0,0
5311,SINAC_BD_0005311,60062,Bosque deciduo,4.356232666788613,SINAC - Consenso bosque deciduo 2021-2023,2021-2023,1,1,0,0
5312,SINAC_BD_0005312,60094,Bosque deciduo,16.547116311548685,SINAC - Consenso bosque deciduo 2021-2023,2021-2023,1,1,1,0
5313,SINAC_BD_0005313,60099,Bosque deciduo,1.061264597232493,SINAC - Consenso bosque deciduo 2021-2023,2021-2023,1,0,0,0
5314,SINAC_BD_0005314,60100,Bosque deciduo,4.273606378733338,SINAC - Consenso bosque deciduo 2021-2023,2021-2023,1,0,0,0
5315,SINAC_BD_0005315,60103,Bosque deciduo,1.36,SINAC - Consenso bosque deciduo 2021-2023,2021-2023,0,0,0,0
5316,SINAC_BD_0005316,60106,Bosque deciduo,3.0132577969315015,SINAC - Consenso bosque deciduo 2021-2023,2021-2023,1,1,0,0
5317,SINAC_BD_0005317,60109,Bosque deciduo,1.1549505030611162,SINAC - Consenso bosque deciduo 2021-2023,2021-2023,0,0,0,0
5318,SINAC_BD_0005318,60113,Bosque deciduo,1.45,SINAC - Consenso bosque deciduo 2021-2023,2021-2023,0,0,0,0
5319,SINAC_BD_0005319,60133,Bosque deciduo,7.28,SINAC - Consenso bosque deciduo 2021-2023,2021-2023,1,0,1,0
5320,SINAC_BD_0005320,60181,Bosque deciduo,3.1576579535155798,SINAC - Consenso bosque deciduo 2021-2023,2021-2023,0,1,0,0
5321,SINAC_BD_0005321,60204,Bosque deciduo,1.05,SINAC - Consenso bosque deciduo 2021-2023,2021-2023,0,0,0,0
5322,SINAC_BD_0005322,60213,Bosque deciduo,6.27,SINAC - Consenso bosque deciduo 2021-2023,2021-2023,1,1,0,0
5323,SINAC_BD_0005323,60248,Bosque deciduo,14.470207991423093,SINAC - Consenso bosque deciduo 2021-2023,2021-2023,1,1,0,0
5324,SINAC_BD_0005324,60251,Bosque deciduo,1.0897199425120367,SINAC - Consenso bosque deciduo 2021-2023,2021-2023,0,0,0,0
5325,SINAC_BD_0005325,60264,Bosque deciduo,2.861580168733839,SINAC - Consenso bosque deciduo 2021-2023,2021-2023,1,0,0,0
5326,SINAC_BD_0005326,60268,Bosque deciduo,2.146373938324407,SINAC - Consenso bosque deciduo 2021-2023,2021-2023,1,1,0,0
5327,SINAC_BD_0005327,60274,Bosque deciduo,1.926565938956668,SINAC - Consenso bosque deciduo 2021-2023,2021-2023,1,1,0,0
5328,SINAC_BD_0005328,60294,Bosque deciduo,1.4335082974875206,SINAC - Consenso bosque deciduo 2021-2023,2021-2023,1,0,0,0
5329,SINAC_BD_0005329,60301,Bosque deciduo,4.219006405067002,SINAC - Consenso bosque deciduo 2021-2023,2021-2023,1,0,0,0
5330,SINAC_BD_0005330,60337,Bosque deciduo,6.135222653105787,SINAC - Consenso bosque deciduo 2021-2023,2021-2023,1,0,0,0
5331,SINAC_BD_0005331,60357,Bosque deciduo,1.0474293294760035,SINAC - Consenso bosque deciduo 2021-2023,2021-2023,1,0,0,0
5332,SINAC_BD_0005332,60358,Bosque deciduo,3.9419119988713813,SINAC - Consenso bosque deciduo 2021-2023,2021-2023,1,0,0,0
5333,SINAC_BD_0005333,60359,Bosque deciduo,2.4713644644814767,SINAC - Consenso bosque deciduo 2021-2023,2021-2023,0,0,0,0
5334,SINAC_BD_0005334,60360,Bosque deciduo,2.5265046937751716,SINAC - Consenso bosque deciduo 2021-2023,2021-2023,0,0,0,0
5335,SINAC_BD_0005335,60363,Bosque deciduo,3.1176157728224023,SINAC - Consenso bosque deciduo 2021-2023,2021-2023,1,0,0,0
5336,SINAC_BD_0005336,60364,Bosque deciduo,1.9919152930801731,SINAC - Consenso bosque deciduo 2021-2023,2021-2023,0,0,0,0
5337,SINAC_BD_0005337,60365,Bosque deciduo,1.3797828643255519,SINAC - Consenso bosque deciduo 2021-2023,2021-2023,1,0,0,0
5338,SINAC_BD_0005338,60368,Bosque deciduo,2.6358146385711385,SINAC - Consenso bosque deciduo 2021-2023,2021-2023,1,0,0,0
5339,SINAC_BD_0005339,60369,Bosque deciduo,2.19,SINAC - Consenso bosque deciduo 2021-2023,2021-2023,0,0,0,0
5340,SINAC_BD_0005340,60384,Bosque deciduo,6.628604023354857,SINAC - Consenso bosque deciduo 2021-2023,2021-2023,0,0,0,0
5341,SINAC_BD_0005341,60387,Bosque deciduo,2.269762590138701,SINAC - Consenso bosque deciduo 2021-2023,2021-2023,1,1,0,0
5342,SINAC_BD_0005342,60389,Bosque deciduo,1.1847206494693543,SINAC - Consenso bosque deciduo 2021-2023,2021-2023,1,0,0,0
5343,SINAC_BD_0005343,60443,Bosque deciduo,1.1181714344041132,SINAC - Consenso bosque deciduo 2021-2023,2021-2023,1,0,0,0
5344,SINAC_BD_0005344,60445,Bosque deciduo,1.6592101712425433,SINAC - Consenso bosque deciduo 2021-2023,2021-2023,0,0,0,0
5345,SINAC_BD_0005345,60467,Bosque deciduo,166.9387952400497,SINAC - Consenso bosque deciduo 2021-2023,2021-2023,1,1,1,1
5346,SINAC_BD_0005346,60501,Bosque deciduo,28.95660456063499,SINAC - Consenso bosque deciduo 2021-2023,2021-2023,1,1,1,1
5347,SINAC_BD_0005347,60503,Bosque deciduo,1.1369444288189032,SINAC - Consenso bosque deciduo 2021-2023,2021-2023,1,0,0,0
5348,SINAC_BD_0005348,60504,Bosque deciduo,1.2579845959142941,SINAC - Consenso bosque deciduo 2021-2023,2021-2023,1,1,1,0
5349,SINAC_BD_0005349,60505,Bosque deciduo,1.1096232957287135,SINAC - Consenso bosque deciduo 2021-2023,2021-2023,0,0,0,0
5350,SINAC_BD_0005350,60507,Bosque deciduo,2.1438148796631284,SINAC - Consenso bosque deciduo 2021-2023,2021-2023,0,1,0,0
5351,SINAC_BD_0005351,60523,Bosque deciduo,4.267769886949024,SINAC - Consenso bosque deciduo 2021-2023,2021-2023,1,0,1,0
5352,SINAC_BD_0005352,60574,Bosque deciduo,21.242568308452412,SINAC - Consenso bosque deciduo 2021-2023,2021-2023,1,1,1,0
5353,SINAC_BD_0005353,60582,Bosque deciduo,17.159401660410076,SINAC - Consenso bosque deciduo 2021-2023,2021-2023,1,1,1,0
5354,SINAC_BD_0005354,60589,Bosque deciduo,4.9233060056030515,SINAC - Consenso bosque deciduo 2021-2023,2021-2023,1,0,0,0
5355,SINAC_BD_0005355,60592,Bosque deciduo,4.989588503042615,SINAC - Consenso bosque deciduo 2021-2023,2021-2023,1,0,0,0
5356,SINAC_BD_0005356,60605,Bosque deciduo,1.1376445677080105,SINAC - Consenso bosque deciduo 2021-2023,2021-2023,0,0,0,0
5357,SINAC_BD_0005357,60609,Bosque deciduo,1.8583664769950536,SINAC - Consenso bosque deciduo 2021-2023,2021-2023,0,0,0,0
5358,SINAC_BD_0005358,60613,Bosque deciduo,2.8534830022987565,SINAC - Consenso bosque deciduo 2021-2023,2021-2023,1,0,0,0
5359,SINAC_BD_0005359,60638,Bosque deciduo,3.69,SINAC - Consenso bosque deciduo 2021-2023,2021-2023,1,0,0,0
5360,SINAC_BD_0005360,60647,Bosque deciduo,1.05,SINAC - Consenso bosque deciduo 2021-2023,2021-2023,0,0,0,0
5361,SINAC_BD_0005361,60648,Bosque deciduo,17.946280347681125,SINAC - Consenso bosque deciduo 2021-2023,2021-2023,1,1,1,0
5362,SINAC_BD_0005362,60649,Bosque deciduo,11.034874703594086,SINAC - Consenso bosque deciduo 2021-2023,2021-2023,1,1,0,0
5363,SINAC_BD_0005363,60683,Bosque deciduo,1.07,SINAC - Consenso bosque deciduo 2021-2023,2021-2023,1,0,0,0
5364,SINAC_BD_0005364,60687,Bosque deciduo,1.307086062877848,SINAC - Consenso bosque deciduo 2021-2023,2021-2023,1,0,0,0
5365,SINAC_BD_0005365,60700,Bosque deciduo,20.766808275761043,SINAC - Consenso bosque deciduo 2021-2023,2021-2023,1,1,1,0
5366,SINAC_BD_0005366,60703,Bosque deciduo,1.3362117630863641,SINAC - Consenso bosque deciduo 2021-2023,2021-2023,0,0,0,0
5367,SINAC_BD_0005367,60704,Bosque deciduo,1.5407330996435382,SINAC - Consenso bosque deciduo 2021-2023,2021-2023,0,0,0,0
5368,SINAC_BD_0005368,60706,Bosque deciduo,1.819025031100355,SINAC - Consenso bosque deciduo 2021-2023,2021-2023,0,1,0,0
5369,SINAC_BD_0005369,60707,Bosque deciduo,2.586570002464799,SINAC - Consenso bosque deciduo 2021-2023,2021-2023,1,0,0,0
5370,SINAC_BD_0005370,60710,Bosque deciduo,1.2791931418043934,SINAC - Consenso bosque deciduo 2021-2023,2021-2023,1,0,0,0
5371,SINAC_BD_0005371,60712,Bosque deciduo,1.0151805649300487,SINAC - Consenso bosque deciduo 2021-2023,2021-2023,0,1,0,0
5372,SINAC_BD_0005372,60713,Bosque deciduo,1.8478025344977087,SINAC - Consenso bosque deciduo 2021-2023,2021-2023,1,0,0,0
5373,SINAC_BD_0005373,60714,Bosque deciduo,2.2276465607440032,SINAC - Consenso bosque deciduo 2021-2023,2021-2023,0,0,0,0
5374,SINAC_BD_0005374,60716,Bosque deciduo,3.6081153672151487,SINAC - Consenso bosque deciduo 2021-2023,2021-2023,0,0,0,0
5375,SINAC_BD_0005375,60717,Bosque deciduo,12.823574026884879,SINAC - Consenso bosque deciduo 2021-2023,2021-2023,1,0,0,0
5376,SINAC_BD_0005376,60718,Bosque deciduo,18.363478740509564,SINAC - Consenso bosque deciduo 2021-2023,2021-2023,1,1,0,0
5377,SINAC_BD_0005377,60720,Bosque deciduo,3.6562851296777197,SINAC - Consenso bosque deciduo 2021-2023,2021-2023,1,1,0,0
5378,SINAC_BD_0005378,60723,Bosque deciduo,10.088209073377858,SINAC - Consenso bosque deciduo 2021-2023,2021-2023,1,1,1,0
5379,SINAC_BD_0005379,60724,Bosque deciduo,1.1254829852636778,SINAC - Consenso bosque deciduo 2021-2023,2021-2023,0,0,0,0
5380,SINAC_BD_0005380,60725,Bosque deciduo,2.3524352764617005,SINAC - Consenso bosque deciduo 2021-2023,2021-2023,1,0,0,0
5381,SINAC_BD_0005381,60727,Bosque deciduo,1.404395582113618,SINAC - Consenso bosque deciduo 2021-2023,2021-2023,0,0,0,0
5382,SINAC_BD_0005382,60731,Bosque deciduo,25.852521490452446,SINAC - Consenso bosque deciduo 2021-2023,2021-2023,1,1,0,0
5383,SINAC_BD_0005383,60733,Bosque deciduo,5.074829033022776,SINAC - Consenso bosque deciduo 2021-2023,2021-2023,1,0,0,0
5384,SINAC_BD_0005384,60734,Bosque deciduo,4.936791338432028,SINAC - Consenso bosque deciduo 2021-2023,2021-2023,1,0,0,0
5385,SINAC_BD_0005385,60737,Bosque deciduo,3.133831714919922,SINAC - Consenso bosque deciduo 2021-2023,2021-2023,1,1,0,0
5386,SINAC_BD_0005386,60739,Bosque deciduo,8.032074604296776,SINAC - Consenso bosque deciduo 2021-2023,2021-2023,1,0,0,0
5387,SINAC_BD_0005387,60740,Bosque deciduo,1.6771804095653846,SINAC - Consenso bosque deciduo 2021-2023,2021-2023,0,0,0,0
5388,SINAC_BD_0005388,60741,Bosque deciduo,2.0978187842337714,SINAC - Consenso bosque deciduo 2021-2023,2021-2023,1,0,0,0
5389,SINAC_BD_0005389,60742,Bosque deciduo,2.0130886594219746,SINAC - Consenso bosque deciduo 2021-2023,2021-2023,0,0,0,0
5390,SINAC_BD_0005390,60743,Bosque deciduo,2.8163852793177577,SINAC - Consenso bosque deciduo 2021-2023,2021-2023,1,0,1,0
5391,SINAC_BD_0005391,60748,Bosque deciduo,5.44,SINAC - Consenso bosque deciduo 2021-2023,2021-2023,1,1,1,0
5392,SINAC_BD_0005392,60756,Bosque deciduo,1.1628306484780717,SINAC - Consenso bosque deciduo 2021-2023,2021-2023,0,0,0,0
5393,SINAC_BD_0005393,60758,Bosque deciduo,1.75,SINAC - Consenso bosque deciduo 2021-2023,2021-2023,0,0,0,0
5394,SINAC_BD_0005394,60779,Bosque deciduo,12.408467418437654,SINAC - Consenso bosque deciduo 2021-2023,2021-2023,1,1,0,0
5395,SINAC_BD_0005395,60807,Bosque deciduo,1.985798315285913,SINAC - Consenso bosque deciduo 2021-2023,2021-2023,1,0,0,0
5396,SINAC_BD_0005396,60810,Bosque deciduo,2.3185129634985278,SINAC - Consenso bosque deciduo 2021-2023,2021-2023,1,0,0,0
5397,SINAC_BD_0005397,60819,Bosque deciduo,7.26844347649932,SINAC - Consenso bosque deciduo 2021-2023,2021-2023,1,1,0,0
5398,SINAC_BD_0005398,60837,Bosque deciduo,3.1183495580782217,SINAC - Consenso bosque deciduo 2021-2023,2021-2023,1,0,0,0
5399,SINAC_BD_0005399,60844,Bosque deciduo,5.584431930534878,SINAC - Consenso bosque deciduo 2021-2023,2021-2023,0,0,0,0
5400,SINAC_BD_0005400,60869,Bosque deciduo,1.0016329467097853,SINAC - Consenso bosque deciduo 2021-2023,2021-2023,0,0,0,0
5401,SINAC_BD_0005401,60871,Bosque deciduo,2.161374902539473,SINAC - Consenso bosque deciduo 2021-2023,2021-2023,1,0,0,0
5402,SINAC_BD_0005402,60888,Bosque deciduo,1.96,SINAC - Consenso bosque deciduo 2021-2023,2021-2023,1,0,0,0
5403,SINAC_BD_0005403,60902,Bosque deciduo,2.198991180646597,SINAC - Consenso bosque deciduo 2021-2023,2021-2023,1,0,0,0
5404,SINAC_BD_0005404,60915,Bosque deciduo,3.659319088352094,SINAC - Consenso bosque deciduo 2021-2023,2021-2023,0,0,0,0
5405,SINAC_BD_0005405,60918,Bosque deciduo,1.508395913587255,SINAC - Consenso bosque deciduo 2021-2023,2021-2023,0,0,0,0
5406,SINAC_BD_0005406,60921,Bosque deciduo,9.464921388052637,SINAC - Consenso bosque deciduo 2021-2023,2021-2023,1,0,0,0
5407,SINAC_BD_0005407,60923,Bosque deciduo,1.66,SINAC - Consenso bosque deciduo 2021-2023,2021-2023,0,0,0,0
5408,SINAC_BD_0005408,60924,Bosque deciduo,1.0747624967130693,SINAC - Consenso bosque deciduo 2021-2023,2021-2023,0,0,0,0
5409,SINAC_BD_0005409,60929,Bosque deciduo,2.0210786350298737,SINAC - Consenso bosque deciduo 2021-2023,2021-2023,1,0,0,0
5410,SINAC_BD_0005410,60980,Bosque deciduo,5.776598431892572,SINAC - Consenso bosque deciduo 2021-2023,2021-2023,0,0,0,0
5411,SINAC_BD_0005411,60987,Bosque deciduo,19.322858877364524,SINAC - Consenso bosque deciduo 2021-2023,2021-2023,1,1,1,0
5412,SINAC_BD_0005412,60989,Bosque deciduo,1.409160601994441,SINAC - Consenso bosque deciduo 2021-2023,2021-2023,1,0,0,0
5413,SINAC_BD_0005413,60992,Bosque deciduo,1.6000503238819639,SINAC - Consenso bosque deciduo 2021-2023,2021-2023,1,0,0,0
5414,SINAC_BD_0005414,61031,Bosque deciduo,5.756311164686075,SINAC - Consenso bosque deciduo 2021-2023,2021-2023,1,0,0,0
5415,SINAC_BD_0005415,61047,Bosque deciduo,4.28,SINAC - Consenso bosque deciduo 2021-2023,2021-2023,1,0,0,0
5416,SINAC_BD_0005416,61048,Bosque deciduo,4.549722366614216,SINAC - Consenso bosque deciduo 2021-2023,2021-2023,0,0,0,0
5417,SINAC_BD_0005417,61050,Bosque deciduo,1.1480117156815945,SINAC - Consenso bosque deciduo 2021-2023,2021-2023,0,0,1,0
5418,SINAC_BD_0005418,61072,Bosque deciduo,1.2984014710124592,SINAC - Consenso bosque deciduo 2021-2023,2021-2023,1,0,0,0
5419,SINAC_BD_0005419,61073,Bosque deciduo,3.1650771982786647,SINAC - Consenso bosque deciduo 2021-2023,2021-2023,1,1,1,0
5420,SINAC_BD_0005420,61083,Bosque deciduo,3.6208592591122235,SINAC - Consenso bosque deciduo 2021-2023,2021-2023,0,0,0,0
5421,SINAC_BD_0005421,61093,Bosque deciduo,1.572559256032319,SINAC - Consenso bosque deciduo 2021-2023,2021-2023,1,0,0,0
5422,SINAC_BD_0005422,61095,Bosque deciduo,3.471051445425378,SINAC - Consenso bosque deciduo 2021-2023,2021-2023,1,1,0,0
5423,SINAC_BD_0005423,61132,Bosque deciduo,3.1851098310753385,SINAC - Consenso bosque deciduo 2021-2023,2021-2023,1,1,0,0
5424,SINAC_BD_0005424,61135,Bosque deciduo,1.4646016623725233,SINAC - Consenso bosque deciduo 2021-2023,2021-2023,1,1,0,0
5425,SINAC_BD_0005425,61139,Bosque deciduo,4.700633763953694,SINAC - Consenso bosque deciduo 2021-2023,2021-2023,0,0,0,0
5426,SINAC_BD_0005426,61192,Bosque deciduo,6.18,SINAC - Consenso bosque deciduo 2021-2023,2021-2023,1,0,0,0
5427,SINAC_BD_0005427,61210,Bosque deciduo,1.9208163547662847,SINAC - Consenso bosque deciduo 2021-2023,2021-2023,0,0,0,0
5428,SINAC_BD_0005428,61218,Bosque deciduo,2.6387133510896077,SINAC - Consenso bosque deciduo 2021-2023,2021-2023,1,0,0,0
5429,SINAC_BD_0005429,61246,Bosque deciduo,7.582816696199974,SINAC - Consenso bosque deciduo 2021-2023,2021-2023,0,0,0,0
5430,SINAC_BD_0005430,61266,Bosque deciduo,12.3545470472837,SINAC - Consenso bosque deciduo 2021-2023,2021-2023,1,0,0,0
5431,SINAC_BD_0005431,61278,Bosque deciduo,1.9225813629788198,SINAC - Consenso bosque deciduo 2021-2023,2021-2023,1,0,0,0
5432,SINAC_BD_0005432,61279,Bosque deciduo,1.17,SINAC - Consenso bosque deciduo 2021-2023,2021-2023,0,0,0,0
5433,SINAC_BD_0005433,61280,Bosque deciduo,5.04,SINAC - Consenso bosque deciduo 2021-2023,2021-2023,1,0,0,0
5434,SINAC_BD_0005434,61281,Bosque deciduo,1.55,SINAC - Consenso bosque deciduo 2021-2023,2021-2023,0,0,0,0
5435,SINAC_BD_0005435,61282,Bosque deciduo,44.72958792628175,SINAC - Consenso bosque deciduo 2021-2023,2021-2023,1,1,1,0
5436,SINAC_BD_0005436,61283,Bosque deciduo,1.616356009471261,SINAC - Consenso bosque deciduo 2021-2023,2021-2023,0,0,0,0
5437,SINAC_BD_0005437,61301,Bosque deciduo,1.6333747704058252,SINAC - Consenso bosque deciduo 2021-2023,2021-2023,1,1,0,0
5438,SINAC_BD_0005438,61323,Bosque deciduo,1.3354391036984192,SINAC - Consenso bosque deciduo 2021-2023,2021-2023,1,1,0,0
5439,SINAC_BD_0005439,61324,Bosque deciduo,1.2911113630855073,SINAC - Consenso bosque deciduo 2021-2023,2021-2023,0,0,0,0
5440,SINAC_BD_0005440,61337,Bosque deciduo,1.1127537899625772,SINAC - Consenso bosque deciduo 2021-2023,2021-2023,0,0,0,0
5441,SINAC_BD_0005441,61340,Bosque deciduo,8.012800307535093,SINAC - Consenso bosque deciduo 2021-2023,2021-2023,1,1,0,0
5442,SINAC_BD_0005442,61341,Bosque deciduo,1.22,SINAC - Consenso bosque deciduo 2021-2023,2021-2023,0,0,0,0
5443,SINAC_BD_0005443,61395,Bosque deciduo,1.149471149190041,SINAC - Consenso bosque deciduo 2021-2023,2021-2023,1,1,1,0
5444,SINAC_BD_0005444,61404,Bosque deciduo,1.42,SINAC - Consenso bosque deciduo 2021-2023,2021-2023,1,0,0,0
5445,SINAC_BD_0005445,61405,Bosque deciduo,5.585698853492397,SINAC - Consenso bosque deciduo 2021-2023,2021-2023,1,1,1,0
5446,SINAC_BD_0005446,61407,Bosque deciduo,10.458986412824785,SINAC - Consenso bosque deciduo 2021-2023,2021-2023,1,1,0,0
5447,SINAC_BD_0005447,61409,Bosque deciduo,1.494404999806864,SINAC - Consenso bosque deciduo 2021-2023,2021-2023,1,0,0,0
5448,SINAC_BD_0005448,61420,Bosque deciduo,1.3016239424249474,SINAC - Consenso bosque deciduo 2021-2023,2021-2023,0,0,0,0
5449,SINAC_BD_0005449,61466,Bosque deciduo,1.2733167684003521,SINAC - Consenso bosque deciduo 2021-2023,2021-2023,1,1,0,0
5450,SINAC_BD_0005450,61471,Bosque deciduo,5.271832729745801,SINAC - Consenso bosque deciduo 2021-2023,2021-2023,1,0,0,0
5451,SINAC_BD_0005451,61474,Bosque deciduo,2.6578930957990203,SINAC - Consenso bosque deciduo 2021-2023,2021-2023,0,0,0,0
5452,SINAC_BD_0005452,61503,Bosque deciduo,2.425691478997716,SINAC - Consenso bosque deciduo 2021-2023,2021-2023,0,0,0,0
5453,SINAC_BD_0005453,61541,Bosque deciduo,1.02,SINAC - Consenso bosque deciduo 2021-2023,2021-2023,0,0,0,0
5454,SINAC_BD_0005454,61565,Bosque deciduo,1.21,SINAC - Consenso bosque deciduo 2021-2023,2021-2023,1,0,0,0
5455,SINAC_BD_0005455,61585,Bosque deciduo,1.082923222080587,SINAC - Consenso bosque deciduo 2021-2023,2021-2023,1,1,0,0
5456,SINAC_BD_0005456,61594,Bosque deciduo,3.5,SINAC - Consenso bosque deciduo 2021-2023,2021-2023,0,0,0,0
5457,SINAC_BD_0005457,61600,Bosque deciduo,1.273324626801515,SINAC - Consenso bosque deciduo 2021-2023,2021-2023,0,0,0,0
5458,SINAC_BD_0005458,61624,Bosque deciduo,1.4472225949957511,SINAC - Consenso bosque deciduo 2021-2023,2021-2023,1,0,0,0
5459,SINAC_BD_0005459,61632,Bosque deciduo,3.019540813735417,SINAC - Consenso bosque deciduo 2021-2023,2021-2023,1,1,0,0
5460,SINAC_BD_0005460,61657,Bosque deciduo,1.1952167342573488,SINAC - Consenso bosque deciduo 2021-2023,2021-2023,0,0,0,0
5461,SINAC_BD_0005461,61659,Bosque deciduo,1.0845114550800494,SINAC - Consenso bosque deciduo 2021-2023,2021-2023,0,0,0,0
5462,SINAC_BD_0005462,61660,Bosque deciduo,1.0247121623672193,SINAC - Consenso bosque deciduo 2021-2023,2021-2023,0,0,0,0
5463,SINAC_BD_0005463,61677,Bosque deciduo,1.95,SINAC - Consenso bosque deciduo 2021-2023,2021-2023,0,0,0,0
5464,SINAC_BD_0005464,61687,Bosque deciduo,3.3709399513163736,SINAC - Consenso bosque deciduo 2021-2023,2021-2023,1,1,1,0
5465,SINAC_BD_0005465,61701,Bosque deciduo,1.0259075988996618,SINAC - Consenso bosque deciduo 2021-2023,2021-2023,0,0,0,0
5466,SINAC_BD_0005466,61716,Bosque deciduo,1.6332479025022706,SINAC - Consenso bosque deciduo 2021-2023,2021-2023,1,0,0,0
5467,SINAC_BD_0005467,61719,Bosque deciduo,39.51714324990912,SINAC - Consenso bosque deciduo 2021-2023,2021-2023,1,1,1,0
5468,SINAC_BD_0005468,61754,Bosque deciduo,1.464726952683759,SINAC - Consenso bosque deciduo 2021-2023,2021-2023,0,1,0,0
5469,SINAC_BD_0005469,61780,Bosque deciduo,1.2398791350633522,SINAC - Consenso bosque deciduo 2021-2023,2021-2023,1,1,0,0
5470,SINAC_BD_0005470,61855,Bosque deciduo,1.4741742188305336,SINAC - Consenso bosque deciduo 2021-2023,2021-2023,1,0,0,0
5471,SINAC_BD_0005471,61856,Bosque deciduo,2.8427166162861877,SINAC - Consenso bosque deciduo 2021-2023,2021-2023,1,0,0,0
5472,SINAC_BD_0005472,61860,Bosque deciduo,9.273885929709074,SINAC - Consenso bosque deciduo 2021-2023,2021-2023,1,0,0,0
5473,SINAC_BD_0005473,61865,Bosque deciduo,10.747915084853013,SINAC - Consenso bosque deciduo 2021-2023,2021-2023,1,1,0,0
5474,SINAC_BD_0005474,61884,Bosque deciduo,1.2933964125104072,SINAC - Consenso bosque deciduo 2021-2023,2021-2023,0,0,0,0
5475,SINAC_BD_0005475,61895,Bosque deciduo,1.49,SINAC - Consenso bosque deciduo 2021-2023,2021-2023,0,0,0,0
5476,SINAC_BD_0005476,61928,Bosque deciduo,2.9486038892106987,SINAC - Consenso bosque deciduo 2021-2023,2021-2023,0,0,1,0
5477,SINAC_BD_0005477,61953,Bosque deciduo,2.0690820590090473,SINAC - Consenso bosque deciduo 2021-2023,2021-2023,1,1,0,0
5478,SINAC_BD_0005478,61959,Bosque deciduo,9.082309086336478,SINAC - Consenso bosque deciduo 2021-2023,2021-2023,1,0,0,0
5479,SINAC_BD_0005479,61965,Bosque deciduo,5.9619073913052825,SINAC - Consenso bosque deciduo 2021-2023,2021-2023,1,0,0,0
5480,SINAC_BD_0005480,61966,Bosque deciduo,9.777040740758375,SINAC - Consenso bosque deciduo 2021-2023,2021-2023,1,1,0,0
5481,SINAC_BD_0005481,61969,Bosque deciduo,2.018042928390952,SINAC - Consenso bosque deciduo 2021-2023,2021-2023,0,0,0,0
5482,SINAC_BD_0005482,62007,Bosque deciduo,12.93017246637189,SINAC - Consenso bosque deciduo 2021-2023,2021-2023,1,1,0,0
5483,SINAC_BD_0005483,62011,Bosque deciduo,1.3223032539429143,SINAC - Consenso bosque deciduo 2021-2023,2021-2023,0,0,0,0
5484,SINAC_BD_0005484,62016,Bosque deciduo,60.51820938253307,SINAC - Consenso bosque deciduo 2021-2023,2021-2023,1,1,0,0
5485,SINAC_BD_0005485,62017,Bosque deciduo,2.29,SINAC - Consenso bosque deciduo 2021-2023,2021-2023,1,1,0,0
5486,SINAC_BD_0005486,62037,Bosque deciduo,1.3456125716452862,SINAC - Consenso bosque deciduo 2021-2023,2021-2023,1,1,0,0
5487,SINAC_BD_0005487,62081,Bosque deciduo,8.714646399270782,SINAC - Consenso bosque deciduo 2021-2023,2021-2023,1,1,0,0
5488,SINAC_BD_0005488,62089,Bosque deciduo,1.2261857892590646,SINAC - Consenso bosque deciduo 2021-2023,2021-2023,1,0,0,0
5489,SINAC_BD_0005489,62092,Bosque deciduo,1.62,SINAC - Consenso bosque deciduo 2021-2023,2021-2023,0,0,0,0
5490,SINAC_BD_0005490,62095,Bosque deciduo,21.010891497897763,SINAC - Consenso bosque deciduo 2021-2023,2021-2023,1,1,1,0
5491,SINAC_BD_0005491,62103,Bosque deciduo,1.092121962542392,SINAC - Consenso bosque deciduo 2021-2023,2021-2023,0,0,0,0
5492,SINAC_BD_0005492,62119,Bosque deciduo,1.16,SINAC - Consenso bosque deciduo 2021-2023,2021-2023,0,0,0,0
5493,SINAC_BD_0005493,62123,Bosque deciduo,2.571613973853098,SINAC - Consenso bosque deciduo 2021-2023,2021-2023,1,1,0,0
5494,SINAC_BD_0005494,62130,Bosque deciduo,1.5100743980124078,SINAC - Consenso bosque deciduo 2021-2023,2021-2023,1,0,0,0
5495,SINAC_BD_0005495,62142,Bosque deciduo,5.16,SINAC - Consenso bosque deciduo 2021-2023,2021-2023,1,0,0,0
5496,SINAC_BD_0005496,62161,Bosque deciduo,1.284824825926684,SINAC - Consenso bosque deciduo 2021-2023,2021-2023,0,0,0,0
5497,SINAC_BD_0005497,62165,Bosque deciduo,2.0929117529244405,SINAC - Consenso bosque deciduo 2021-2023,2021-2023,1,1,0,0
5498,SINAC_BD_0005498,62168,Bosque deciduo,1.0603728646796264,SINAC - Consenso bosque deciduo 2021-2023,2021-2023,1,1,0,0
5499,SINAC_BD_0005499,62189,Bosque deciduo,4.824579790463305,SINAC - Consenso bosque deciduo 2021-2023,2021-2023,1,0,0,0
5500,SINAC_BD_0005500,62247,Bosque deciduo,2.8392909619875115,SINAC - Consenso bosque deciduo 2021-2023,2021-2023,0,0,0,0
5501,SINAC_BD_0005501,62248,Bosque deciduo,1.1979536958836343,SINAC - Consenso bosque deciduo 2021-2023,2021-2023,0,0,0,0
5502,SINAC_BD_0005502,62252,Bosque deciduo,3.02,SINAC - Consenso bosque deciduo 2021-2023,2021-2023,0,0,0,0
5503,SINAC_BD_0005503,62253,Bosque deciduo,1.4193719792831931,SINAC - Consenso bosque deciduo 2021-2023,2021-2023,0,0,0,0
5504,SINAC_BD_0005504,62255,Bosque deciduo,4.88504381220407,SINAC - Consenso bosque deciduo 2021-2023,2021-2023,1,1,0,0
5505,SINAC_BD_0005505,62256,Bosque deciduo,1.3537212295629764,SINAC - Consenso bosque deciduo 2021-2023,2021-2023,0,0,0,0
5506,SINAC_BD_0005506,62262,Bosque deciduo,1.811269512954682,SINAC - Consenso bosque deciduo 2021-2023,2021-2023,0,0,0,0
5507,SINAC_BD_0005507,62270,Bosque deciduo,1.06,SINAC - Consenso bosque deciduo 2021-2023,2021-2023,0,1,0,0
5508,SINAC_BD_0005508,62273,Bosque deciduo,1.25,SINAC - Consenso bosque deciduo 2021-2023,2021-2023,0,0,0,0
5509,SINAC_BD_0005509,62287,Bosque deciduo,12.764628445222174,SINAC - Consenso bosque deciduo 2021-2023,2021-2023,1,1,0,0
5510,SINAC_BD_0005510,62288,Bosque deciduo,3.8254486569156243,SINAC - Consenso bosque deciduo 2021-2023,2021-2023,1,1,1,1
5511,SINAC_BD_0005511,62308,Bosque deciduo,16.718606958075974,SINAC - Consenso bosque deciduo 2021-2023,2021-2023,1,0,0,0
5512,SINAC_BD_0005512,62335,Bosque deciduo,3.0368868241263294,SINAC - Consenso bosque deciduo 2021-2023,2021-2023,1,0,0,0
5513,SINAC_BD_0005513,62336,Bosque deciduo,8.00957057409946,SINAC - Consenso bosque deciduo 2021-2023,2021-2023,1,1,1,0
5514,SINAC_BD_0005514,62338,Bosque deciduo,1.2905315055389328,SINAC - Consenso bosque deciduo 2021-2023,2021-2023,0,0,0,0
5515,SINAC_BD_0005515,62339,Bosque deciduo,17.852343677413003,SINAC - Consenso bosque deciduo 2021-2023,2021-2023,1,1,0,0
5516,SINAC_BD_0005516,62342,Bosque deciduo,2.0428080240988753,SINAC - Consenso bosque deciduo 2021-2023,2021-2023,0,0,0,0
5517,SINAC_BD_0005517,62348,Bosque deciduo,1.6407344228172687,SINAC - Consenso bosque deciduo 2021-2023,2021-2023,0,0,0,0
5518,SINAC_BD_0005518,62359,Bosque deciduo,1.1489087518193424,SINAC - Consenso bosque deciduo 2021-2023,2021-2023,0,0,0,0
5519,SINAC_BD_0005519,62364,Bosque deciduo,7.618498360418137,SINAC - Consenso bosque deciduo 2021-2023,2021-2023,1,0,0,0
5520,SINAC_BD_0005520,62383,Bosque deciduo,1.3,SINAC - Consenso bosque deciduo 2021-2023,2021-2023,0,0,0,0
5521,SINAC_BD_0005521,62384,Bosque deciduo,1.1079002524051307,SINAC - Consenso bosque deciduo 2021-2023,2021-2023,1,0,0,0
5522,SINAC_BD_0005522,62387,Bosque deciduo,1.35,SINAC - Consenso bosque deciduo 2021-2023,2021-2023,1,1,0,0
5523,SINAC_BD_0005523,62421,Bosque deciduo,1.2,SINAC - Consenso bosque deciduo 2021-2023,2021-2023,1,0,0,0
5524,SINAC_BD_0005524,62438,Bosque deciduo,1.5992757776148117,SINAC - Consenso bosque deciduo 2021-2023,2021-2023,0,0,0,0
5525,SINAC_BD_0005525,62450,Bosque deciduo,3.374034817436571,SINAC - Consenso bosque deciduo 2021-2023,2021-2023,1,0,0,0
5526,SINAC_BD_0005526,62453,Bosque deciduo,2.2671494598483966,SINAC - Consenso bosque deciduo 2021-2023,2021-2023,0,0,0,0
5527,SINAC_BD_0005527,62454,Bosque deciduo,1.9938825581783015,SINAC - Consenso bosque deciduo 2021-2023,2021-2023,0,0,0,0
5528,SINAC_BD_0005528,62455,Bosque deciduo,2.8870631047106348,SINAC - Consenso bosque deciduo 2021-2023,2021-2023,1,1,0,0
5529,SINAC_BD_0005529,62495,Bosque deciduo,7.302259235224444,SINAC - Consenso bosque deciduo 2021-2023,2021-2023,0,0,0,0
5530,SINAC_BD_0005530,62497,Bosque deciduo,2.11,SINAC - Consenso bosque deciduo 2021-2023,2021-2023,1,0,0,0
5531,SINAC_BD_0005531,62499,Bosque deciduo,1.15,SINAC - Consenso bosque deciduo 2021-2023,2021-2023,0,0,0,0
5532,SINAC_BD_0005532,62506,Bosque deciduo,9.744478819447421,SINAC - Consenso bosque deciduo 2021-2023,2021-2023,0,0,0,0
5533,SINAC_BD_0005533,62509,Bosque deciduo,5.238268439065218,SINAC - Consenso bosque deciduo 2021-2023,2021-2023,1,0,0,0
5534,SINAC_BD_0005534,62522,Bosque deciduo,1.381365024829617,SINAC - Consenso bosque deciduo 2021-2023,2021-2023,1,0,0,0
5535,SINAC_BD_0005535,62561,Bosque deciduo,5.58876354384086,SINAC - Consenso bosque deciduo 2021-2023,2021-2023,0,0,0,0
5536,SINAC_BD_0005536,62566,Bosque deciduo,1.7958370527218794,SINAC - Consenso bosque deciduo 2021-2023,2021-2023,1,0,0,0
5537,SINAC_BD_0005537,62586,Bosque deciduo,1.5546714759561582,SINAC - Consenso bosque deciduo 2021-2023,2021-2023,0,0,0,0
5538,SINAC_BD_0005538,62603,Bosque deciduo,2.5519911945643265,SINAC - Consenso bosque deciduo 2021-2023,2021-2023,0,0,0,0
5539,SINAC_BD_0005539,62604,Bosque deciduo,5.287808156461851,SINAC - Consenso bosque deciduo 2021-2023,2021-2023,1,0,0,0
5540,SINAC_BD_0005540,62609,Bosque deciduo,8.695946437103922,SINAC - Consenso bosque deciduo 2021-2023,2021-2023,1,0,0,0
5541,SINAC_BD_0005541,62611,Bosque deciduo,1.7340318685241338,SINAC - Consenso bosque deciduo 2021-2023,2021-2023,1,0,0,0
5542,SINAC_BD_0005542,62614,Bosque deciduo,1.0567143675564634,SINAC - Consenso bosque deciduo 2021-2023,2021-2023,0,0,0,0
5543,SINAC_BD_0005543,62615,Bosque deciduo,12.94246100546938,SINAC - Consenso bosque deciduo 2021-2023,2021-2023,1,1,0,0
5544,SINAC_BD_0005544,62617,Bosque deciduo,2.3577891051118214,SINAC - Consenso bosque deciduo 2021-2023,2021-2023,0,0,0,0
5545,SINAC_BD_0005545,62619,Bosque deciduo,1.9573464883659515,SINAC - Consenso bosque deciduo 2021-2023,2021-2023,0,0,0,0
5546,SINAC_BD_0005546,62620,Bosque deciduo,5.41074007944377,SINAC - Consenso bosque deciduo 2021-2023,2021-2023,1,0,0,0
5547,SINAC_BD_0005547,62621,Bosque deciduo,2.530151277976896,SINAC - Consenso bosque deciduo 2021-2023,2021-2023,0,0,0,0
5548,SINAC_BD_0005548,62622,Bosque deciduo,66.94366071290851,SINAC - Consenso bosque deciduo 2021-2023,2021-2023,1,1,1,0
5549,SINAC_BD_0005549,62623,Bosque deciduo,28.262854461947146,SINAC - Consenso bosque deciduo 2021-2023,2021-2023,1,0,0,0
5550,SINAC_BD_0005550,62625,Bosque deciduo,10.278250117132625,SINAC - Consenso bosque deciduo 2021-2023,2021-2023,1,1,0,0
5551,SINAC_BD_0005551,62626,Bosque deciduo,1.430129935223376,SINAC - Consenso bosque deciduo 2021-2023,2021-2023,0,0,0,0
5552,SINAC_BD_0005552,62627,Bosque deciduo,2.8549568493951103,SINAC - Consenso bosque deciduo 2021-2023,2021-2023,0,0,0,0
5553,SINAC_BD_0005553,62629,Bosque deciduo,6.374239573543277,SINAC - Consenso bosque deciduo 2021-2023,2021-2023,1,1,0,0
5554,SINAC_BD_0005554,62633,Bosque deciduo,6.266029112693863,SINAC - Consenso bosque deciduo 2021-2023,2021-2023,1,0,0,0
5555,SINAC_BD_0005555,62635,Bosque deciduo,8.591942707781584,SINAC - Consenso bosque deciduo 2021-2023,2021-2023,1,0,0,0
5556,SINAC_BD_0005556,62637,Bosque deciduo,2.9146064141360237,SINAC - Consenso bosque deciduo 2021-2023,2021-2023,0,0,0,0
5557,SINAC_BD_0005557,62638,Bosque deciduo,1.6081818604678053,SINAC - Consenso bosque deciduo 2021-2023,2021-2023,0,0,0,0
5558,SINAC_BD_0005558,62639,Bosque deciduo,2.5500925902902,SINAC - Consenso bosque deciduo 2021-2023,2021-2023,0,0,0,0
5559,SINAC_BD_0005559,62640,Bosque deciduo,9.309028987059396,SINAC - Consenso bosque deciduo 2021-2023,2021-2023,1,1,0,0
5560,SINAC_BD_0005560,62642,Bosque deciduo,52.69811822479384,SINAC - Consenso bosque deciduo 2021-2023,2021-2023,1,1,1,0
5561,SINAC_BD_0005561,62643,Bosque deciduo,1.1196625212833302,SINAC - Consenso bosque deciduo 2021-2023,2021-2023,1,0,0,0
5562,SINAC_BD_0005562,62644,Bosque deciduo,9.27489383177556,SINAC - Consenso bosque deciduo 2021-2023,2021-2023,1,0,0,0
5563,SINAC_BD_0005563,62645,Bosque deciduo,4.01190273773278,SINAC - Consenso bosque deciduo 2021-2023,2021-2023,1,1,0,0
5564,SINAC_BD_0005564,62646,Bosque deciduo,2.266696155544063,SINAC - Consenso bosque deciduo 2021-2023,2021-2023,1,0,0,0
5565,SINAC_BD_0005565,62647,Bosque deciduo,421.30129350871687,SINAC - Consenso bosque deciduo 2021-2023,2021-2023,1,1,1,1
5566,SINAC_BD_0005566,62648,Bosque deciduo,1.4233612073168715,SINAC - Consenso bosque deciduo 2021-2023,2021-2023,0,0,0,0
5567,SINAC_BD_0005567,62649,Bosque deciduo,18.383479170780372,SINAC - Consenso bosque deciduo 2021-2023,2021-2023,1,1,0,0
5568,SINAC_BD_0005568,62651,Bosque deciduo,236.30404975122468,SINAC - Consenso bosque deciduo 2021-2023,2021-2023,1,1,1,0
5569,SINAC_BD_0005569,62654,Bosque deciduo,222.15938154616387,SINAC - Consenso bosque deciduo 2021-2023,2021-2023,1,1,0,0
5570,SINAC_BD_0005570,62655,Bosque deciduo,2.392099115797235,SINAC - Consenso bosque deciduo 2021-2023,2021-2023,1,0,0,0
5571,SINAC_BD_0005571,62675,Bosque deciduo,74.22671881698126,SINAC - Consenso bosque deciduo 2021-2023,2021-2023,1,1,1,1
5572,SINAC_BD_0005572,62676,Bosque deciduo,1.8645584673785296,SINAC - Consenso bosque deciduo 2021-2023,2021-2023,1,0,0,0
5573,SINAC_BD_0005573,62677,Bosque deciduo,1.737321341746593,SINAC - Consenso bosque deciduo 2021-2023,2021-2023,0,0,0,0
5574,SINAC_BD_0005574,62678,Bosque deciduo,1.8499327835854664,SINAC - Consenso bosque deciduo 2021-2023,2021-2023,0,0,0,0
5575,SINAC_BD_0005575,62679,Bosque deciduo,57.790062317385434,SINAC - Consenso bosque deciduo 2021-2023,2021-2023,1,1,0,0
5576,SINAC_BD_0005576,62682,Bosque deciduo,1.3226546567516064,SINAC - Consenso bosque deciduo 2021-2023,2021-2023,1,1,1,0
5577,SINAC_BD_0005577,62684,Bosque deciduo,2.4714360309439223,SINAC - Consenso bosque deciduo 2021-2023,2021-2023,1,1,0,0
5578,SINAC_BD_0005578,62685,Bosque deciduo,3.8184233155875367,SINAC - Consenso bosque deciduo 2021-2023,2021-2023,1,0,0,0
5579,SINAC_BD_0005579,62686,Bosque deciduo,6.436499500979151,SINAC - Consenso bosque deciduo 2021-2023,2021-2023,1,1,1,0
5580,SINAC_BD_0005580,62697,Bosque deciduo,1.8845467607543775,SINAC - Consenso bosque deciduo 2021-2023,2021-2023,1,1,0,0
5581,SINAC_BD_0005581,62701,Bosque deciduo,184.91043205460252,SINAC - Consenso bosque deciduo 2021-2023,2021-2023,1,1,0,0
5582,SINAC_BD_0005582,62717,Bosque deciduo,2.1772766317826866,SINAC - Consenso bosque deciduo 2021-2023,2021-2023,1,0,0,0
5583,SINAC_BD_0005583,62718,Bosque deciduo,2.0241343895740043,SINAC - Consenso bosque deciduo 2021-2023,2021-2023,1,0,0,0
5584,SINAC_BD_0005584,62720,Bosque deciduo,2.9981789378168875,SINAC - Consenso bosque deciduo 2021-2023,2021-2023,1,1,0,0
5585,SINAC_BD_0005585,62721,Bosque deciduo,1.26,SINAC - Consenso bosque deciduo 2021-2023,2021-2023,1,1,0,0
5586,SINAC_BD_0005586,62724,Bosque deciduo,1.05,SINAC - Consenso bosque deciduo 2021-2023,2021-2023,0,0,0,0
5587,SINAC_BD_0005587,62726,Bosque deciduo,9.757505115674627,SINAC - Consenso bosque deciduo 2021-2023,2021-2023,1,1,0,0
5588,SINAC_BD_0005588,62761,Bosque deciduo,2.6720972401146286,SINAC - Consenso bosque deciduo 2021-2023,2021-2023,0,0,0,0
5589,SINAC_BD_0005589,62763,Bosque deciduo,7.517041682598773,SINAC - Consenso bosque deciduo 2021-2023,2021-2023,1,0,0,0
5590,SINAC_BD_0005590,62770,Bosque deciduo,29.43092153910445,SINAC - Consenso bosque deciduo 2021-2023,2021-2023,1,1,1,0
5591,SINAC_BD_0005591,62774,Bosque deciduo,576.1357001075818,SINAC - Consenso bosque deciduo 2021-2023,2021-2023,1,1,1,1
5592,SINAC_BD_0005592,62780,Bosque deciduo,1.7865418104361743,SINAC - Consenso bosque deciduo 2021-2023,2021-2023,1,1,0,0
5593,SINAC_BD_0005593,62783,Bosque deciduo,2.14,SINAC - Consenso bosque deciduo 2021-2023,2021-2023,1,0,0,0
5594,SINAC_BD_0005594,62807,Bosque deciduo,21.505335813459904,SINAC - Consenso bosque deciduo 2021-2023,2021-2023,1,1,0,0
5595,SINAC_BD_0005595,62808,Bosque deciduo,2.03,SINAC - Consenso bosque deciduo 2021-2023,2021-2023,0,0,0,0
5596,SINAC_BD_0005596,62861,Bosque deciduo,6.8835858534016925,SINAC - Consenso bosque deciduo 2021-2023,2021-2023,1,1,0,0
5597,SINAC_BD_0005597,62865,Bosque deciduo,2.2728962119871783,SINAC - Consenso bosque deciduo 2021-2023,2021-2023,1,0,0,0
5598,SINAC_BD_0005598,62866,Bosque deciduo,6.189533999700486,SINAC - Consenso bosque deciduo 2021-2023,2021-2023,1,0,0,0
5599,SINAC_BD_0005599,62867,Bosque deciduo,1.5217514073452079,SINAC - Consenso bosque deciduo 2021-2023,2021-2023,1,1,0,0
5600,SINAC_BD_0005600,62871,Bosque deciduo,1.410594459311425,SINAC - Consenso bosque deciduo 2021-2023,2021-2023,0,0,0,0
5601,SINAC_BD_0005601,62872,Bosque deciduo,1.0671763195024242,SINAC - Consenso bosque deciduo 2021-2023,2021-2023,0,1,0,0
5602,SINAC_BD_0005602,62874,Bosque deciduo,1.563730523261313,SINAC - Consenso bosque deciduo 2021-2023,2021-2023,0,0,0,0
5603,SINAC_BD_0005603,62875,Bosque deciduo,108.19457673031376,SINAC - Consenso bosque deciduo 2021-2023,2021-2023,1,1,1,0
5604,SINAC_BD_0005604,62876,Bosque deciduo,15.026802739747046,SINAC - Consenso bosque deciduo 2021-2023,2021-2023,1,0,0,0
5605,SINAC_BD_0005605,62877,Bosque deciduo,1.3600105312607151,SINAC - Consenso bosque deciduo 2021-2023,2021-2023,0,0,0,0
5606,SINAC_BD_0005606,62878,Bosque deciduo,1.5768933324141219,SINAC - Consenso bosque deciduo 2021-2023,2021-2023,0,0,0,0
5607,SINAC_BD_0005607,62879,Bosque deciduo,1.8965889867758603,SINAC - Consenso bosque deciduo 2021-2023,2021-2023,0,0,0,0
5608,SINAC_BD_0005608,62880,Bosque deciduo,5.065434063332539,SINAC - Consenso bosque deciduo 2021-2023,2021-2023,0,0,0,0
5609,SINAC_BD_0005609,62882,Bosque deciduo,1.0057553711646767,SINAC - Consenso bosque deciduo 2021-2023,2021-2023,1,0,0,0
5610,SINAC_BD_0005610,62884,Bosque deciduo,21.85053506496367,SINAC - Consenso bosque deciduo 2021-2023,2021-2023,1,1,0,0
5611,SINAC_BD_0005611,62885,Bosque deciduo,4.121570402429211,SINAC - Consenso bosque deciduo 2021-2023,2021-2023,0,0,0,0
5612,SINAC_BD_0005612,62886,Bosque deciduo,4.226201813513679,SINAC - Consenso bosque deciduo 2021-2023,2021-2023,1,0,0,0
5613,SINAC_BD_0005613,62895,Bosque deciduo,1.3147122917695861,SINAC - Consenso bosque deciduo 2021-2023,2021-2023,1,0,0,0
5614,SINAC_BD_0005614,62896,Bosque deciduo,17.780289074263578,SINAC - Consenso bosque deciduo 2021-2023,2021-2023,1,0,0,0
5615,SINAC_BD_0005615,62898,Bosque deciduo,1.3211971816197505,SINAC - Consenso bosque deciduo 2021-2023,2021-2023,0,0,0,0
5616,SINAC_BD_0005616,62900,Bosque deciduo,13.976708209631884,SINAC - Consenso bosque deciduo 2021-2023,2021-2023,1,1,1,0
5617,SINAC_BD_0005617,62954,Bosque deciduo,1.0533752332356305,SINAC - Consenso bosque deciduo 2021-2023,2021-2023,1,0,0,0
5618,SINAC_BD_0005618,62974,Bosque deciduo,1.2610063623619847,SINAC - Consenso bosque deciduo 2021-2023,2021-2023,0,0,0,0
5619,SINAC_BD_0005619,62983,Bosque deciduo,12.884146739973803,SINAC - Consenso bosque deciduo 2021-2023,2021-2023,1,0,0,0
5620,SINAC_BD_0005620,62984,Bosque deciduo,2.2863260982698415,SINAC - Consenso bosque deciduo 2021-2023,2021-2023,0,0,0,0
5621,SINAC_BD_0005621,63025,Bosque deciduo,1.0680349015200148,SINAC - Consenso bosque deciduo 2021-2023,2021-2023,0,0,0,0
5622,SINAC_BD_0005622,63028,Bosque deciduo,1.12,SINAC - Consenso bosque deciduo 2021-2023,2021-2023,0,0,0,0
5623,SINAC_BD_0005623,63030,Bosque deciduo,1.4978984763532366,SINAC - Consenso bosque deciduo 2021-2023,2021-2023,1,0,0,0
5624,SINAC_BD_0005624,63032,Bosque deciduo,2.899823710728736,SINAC - Consenso bosque deciduo 2021-2023,2021-2023,1,0,0,0
5625,SINAC_BD_0005625,63038,Bosque deciduo,1.52,SINAC - Consenso bosque deciduo 2021-2023,2021-2023,0,0,0,0
5626,SINAC_BD_0005626,63055,Bosque deciduo,6.450610408333089,SINAC - Consenso bosque deciduo 2021-2023,2021-2023,1,1,1,1
5627,SINAC_BD_0005627,63064,Bosque deciduo,5.7284239483866175,SINAC - Consenso bosque deciduo 2021-2023,2021-2023,1,1,0,0
5628,SINAC_BD_0005628,63088,Bosque deciduo,1.9072365212571534,SINAC - Consenso bosque deciduo 2021-2023,2021-2023,1,0,0,0
5629,SINAC_BD_0005629,63089,Bosque deciduo,1.1817089347111236,SINAC - Consenso bosque deciduo 2021-2023,2021-2023,0,0,0,0
5630,SINAC_BD_0005630,63090,Bosque deciduo,12.831013975005405,SINAC - Consenso bosque deciduo 2021-2023,2021-2023,1,1,1,0
5631,SINAC_BD_0005631,63092,Bosque deciduo,2.129321867966488,SINAC - Consenso bosque deciduo 2021-2023,2021-2023,0,0,0,0
5632,SINAC_BD_0005632,63093,Bosque deciduo,7.1181821495661515,SINAC - Consenso bosque deciduo 2021-2023,2021-2023,1,1,0,0
5633,SINAC_BD_0005633,63094,Bosque deciduo,1.0273930930164423,SINAC - Consenso bosque deciduo 2021-2023,2021-2023,0,0,0,0
5634,SINAC_BD_0005634,63095,Bosque deciduo,1.5313337929674553,SINAC - Consenso bosque deciduo 2021-2023,2021-2023,1,1,0,0
5635,SINAC_BD_0005635,63098,Bosque deciduo,1.2633575970869244,SINAC - Consenso bosque deciduo 2021-2023,2021-2023,1,0,0,0
5636,SINAC_BD_0005636,63099,Bosque deciduo,1.1964186070583667,SINAC - Consenso bosque deciduo 2021-2023,2021-2023,1,1,0,0
5637,SINAC_BD_0005637,63100,Bosque deciduo,1.4549305389383105,SINAC - Consenso bosque deciduo 2021-2023,2021-2023,0,0,0,0
5638,SINAC_BD_0005638,63102,Bosque deciduo,1.5371374658564618,SINAC - Consenso bosque deciduo 2021-2023,2021-2023,1,1,0,0
5639,SINAC_BD_0005639,63104,Bosque deciduo,18.109628609804275,SINAC - Consenso bosque deciduo 2021-2023,2021-2023,1,1,0,0
5640,SINAC_BD_0005640,63111,Bosque deciduo,1.3874383590375554,SINAC - Consenso bosque deciduo 2021-2023,2021-2023,0,0,0,0
5641,SINAC_BD_0005641,63125,Bosque deciduo,6.681037499932395,SINAC - Consenso bosque deciduo 2021-2023,2021-2023,1,1,0,0
5642,SINAC_BD_0005642,63127,Bosque deciduo,1.37,SINAC - Consenso bosque deciduo 2021-2023,2021-2023,1,0,0,1
5643,SINAC_BD_0005643,63140,Bosque deciduo,2.26,SINAC - Consenso bosque deciduo 2021-2023,2021-2023,0,0,0,0
5644,SINAC_BD_0005644,63151,Bosque deciduo,2.063824657071816,SINAC - Consenso bosque deciduo 2021-2023,2021-2023,1,1,0,0
5645,SINAC_BD_0005645,63158,Bosque deciduo,1.5969539845806355,SINAC - Consenso bosque deciduo 2021-2023,2021-2023,1,1,1,0
5646,SINAC_BD_0005646,63195,Bosque deciduo,1.4292230049682093,SINAC - Consenso bosque deciduo 2021-2023,2021-2023,0,0,0,0
5647,SINAC_BD_0005647,63229,Bosque deciduo,1.9830517224718518,SINAC - Consenso bosque deciduo 2021-2023,2021-2023,0,0,0,0
5648,SINAC_BD_0005648,63233,Bosque deciduo,3.301066825810363,SINAC - Consenso bosque deciduo 2021-2023,2021-2023,0,0,0,0
5649,SINAC_BD_0005649,63234,Bosque deciduo,8.325012096824606,SINAC - Consenso bosque deciduo 2021-2023,2021-2023,1,0,0,0
5650,SINAC_BD_0005650,63237,Bosque deciduo,34.58560634529663,SINAC - Consenso bosque deciduo 2021-2023,2021-2023,1,1,1,0
5651,SINAC_BD_0005651,63238,Bosque deciduo,2.9805528656713056,SINAC - Consenso bosque deciduo 2021-2023,2021-2023,0,0,0,0
5652,SINAC_BD_0005652,63308,Bosque deciduo,1.5,SINAC - Consenso bosque deciduo 2021-2023,2021-2023,0,0,0,0
5653,SINAC_BD_0005653,63309,Bosque deciduo,3.158518364267711,SINAC - Consenso bosque deciduo 2021-2023,2021-2023,1,1,0,0
5654,SINAC_BD_0005654,63312,Bosque deciduo,1.0706036901744234,SINAC - Consenso bosque deciduo 2021-2023,2021-2023,1,0,0,0
5655,SINAC_BD_0005655,63316,Bosque deciduo,1.35,SINAC - Consenso bosque deciduo 2021-2023,2021-2023,0,0,0,0
5656,SINAC_BD_0005656,63321,Bosque deciduo,1.1785983675572689,SINAC - Consenso bosque deciduo 2021-2023,2021-2023,0,0,0,0
5657,SINAC_BD_0005657,63360,Bosque deciduo,1.7653202971467075,SINAC - Consenso bosque deciduo 2021-2023,2021-2023,0,0,0,0
5658,SINAC_BD_0005658,63380,Bosque deciduo,1.04,SINAC - Consenso bosque deciduo 2021-2023,2021-2023,0,0,0,0
5659,SINAC_BD_0005659,63386,Bosque deciduo,1.4776232150581199,SINAC - Consenso bosque deciduo 2021-2023,2021-2023,0,0,0,0
5660,SINAC_BD_0005660,63387,Bosque deciduo,1.1534910607022635,SINAC - Consenso bosque deciduo 2021-2023,2021-2023,1,1,0,0
5661,SINAC_BD_0005661,63390,Bosque deciduo,1.9726744822116569,SINAC - Consenso bosque deciduo 2021-2023,2021-2023,0,0,0,0
5662,SINAC_BD_0005662,63393,Bosque deciduo,2.835614860202953,SINAC - Consenso bosque deciduo 2021-2023,2021-2023,0,0,0,0
5663,SINAC_BD_0005663,63453,Bosque deciduo,3.05,SINAC - Consenso bosque deciduo 2021-2023,2021-2023,0,0,0,0
5664,SINAC_BD_0005664,63454,Bosque deciduo,1.2210091504099663,SINAC - Consenso bosque deciduo 2021-2023,2021-2023,0,0,1,0
5665,SINAC_BD_0005665,63459,Bosque deciduo,5.042208817681983,SINAC - Consenso bosque deciduo 2021-2023,2021-2023,1,1,0,0
5666,SINAC_BD_0005666,63479,Bosque deciduo,1.51,SINAC - Consenso bosque deciduo 2021-2023,2021-2023,0,0,0,0
5667,SINAC_BD_0005667,63486,Bosque deciduo,1.7937716753594741,SINAC - Consenso bosque deciduo 2021-2023,2021-2023,0,0,0,0
5668,SINAC_BD_0005668,63488,Bosque deciduo,1.8700828753734873,SINAC - Consenso bosque deciduo 2021-2023,2021-2023,1,1,1,0
5669,SINAC_BD_0005669,63492,Bosque deciduo,2.1398925258595596,SINAC - Consenso bosque deciduo 2021-2023,2021-2023,0,0,0,0
5670,SINAC_BD_0005670,63506,Bosque deciduo,3.9121293526062773,SINAC - Consenso bosque deciduo 2021-2023,2021-2023,1,1,0,0
5671,SINAC_BD_0005671,63510,Bosque deciduo,1.6514052016892944,SINAC - Consenso bosque deciduo 2021-2023,2021-2023,1,0,0,0
5672,SINAC_BD_0005672,63511,Bosque deciduo,1.1641591921557708,SINAC - Consenso bosque deciduo 2021-2023,2021-2023,1,0,0,0
5673,SINAC_BD_0005673,63513,Bosque deciduo,1.3765495924875168,SINAC - Consenso bosque deciduo 2021-2023,2021-2023,1,1,0,0
5674,SINAC_BD_0005674,63544,Bosque deciduo,4.999997285844502,SINAC - Consenso bosque deciduo 2021-2023,2021-2023,1,0,0,0
5675,SINAC_BD_0005675,63562,Bosque deciduo,1.14,SINAC - Consenso bosque deciduo 2021-2023,2021-2023,0,0,0,0
5676,SINAC_BD_0005676,63567,Bosque deciduo,1.14,SINAC - Consenso bosque deciduo 2021-2023,2021-2023,0,0,0,0
5677,SINAC_BD_0005677,63571,Bosque deciduo,2.4486449923124702,SINAC - Consenso bosque deciduo 2021-2023,2021-2023,0,0,0,0
5678,SINAC_BD_0005678,63578,Bosque deciduo,1.508788332668043,SINAC - Consenso bosque deciduo 2021-2023,2021-2023,0,0,0,0
5679,SINAC_BD_0005679,63591,Bosque deciduo,3.889672784344651,SINAC - Consenso bosque deciduo 2021-2023,2021-2023,0,0,0,0
5680,SINAC_BD_0005680,63609,Bosque deciduo,3.8661049057739363,SINAC - Consenso bosque deciduo 2021-2023,2021-2023,1,0,0,0
5681,SINAC_BD_0005681,63611,Bosque deciduo,1.8364761042876354,SINAC - Consenso bosque deciduo 2021-2023,2021-2023,0,0,0,0
5682,SINAC_BD_0005682,63612,Bosque deciduo,3.005142661218684,SINAC - Consenso bosque deciduo 2021-2023,2021-2023,0,0,0,0
5683,SINAC_BD_0005683,63614,Bosque deciduo,6.178846239773216,SINAC - Consenso bosque deciduo 2021-2023,2021-2023,1,0,0,0
5684,SINAC_BD_0005684,63616,Bosque deciduo,19.639544489653392,SINAC - Consenso bosque deciduo 2021-2023,2021-2023,1,1,0,0
5685,SINAC_BD_0005685,63617,Bosque deciduo,1.0379639540745396,SINAC - Consenso bosque deciduo 2021-2023,2021-2023,1,0,0,0
5686,SINAC_BD_0005686,63619,Bosque deciduo,5.314907892778602,SINAC - Consenso bosque deciduo 2021-2023,2021-2023,0,0,0,0
5687,SINAC_BD_0005687,63620,Bosque deciduo,18.554971458442203,SINAC - Consenso bosque deciduo 2021-2023,2021-2023,1,1,0,0
5688,SINAC_BD_0005688,63622,Bosque deciduo,16.33677461748619,SINAC - Consenso bosque deciduo 2021-2023,2021-2023,1,1,0,0
5689,SINAC_BD_0005689,63623,Bosque deciduo,5.170049626957911,SINAC - Consenso bosque deciduo 2021-2023,2021-2023,1,0,0,0
5690,SINAC_BD_0005690,63624,Bosque deciduo,3.931326008931659,SINAC - Consenso bosque deciduo 2021-2023,2021-2023,0,0,0,0
5691,SINAC_BD_0005691,63626,Bosque deciduo,1.0891639507323212,SINAC - Consenso bosque deciduo 2021-2023,2021-2023,0,0,0,0
5692,SINAC_BD_0005692,63627,Bosque deciduo,1.2839502562063347,SINAC - Consenso bosque deciduo 2021-2023,2021-2023,1,1,0,0
5693,SINAC_BD_0005693,63629,Bosque deciduo,2.1088926716731753,SINAC - Consenso bosque deciduo 2021-2023,2021-2023,0,0,0,0
5694,SINAC_BD_0005694,63630,Bosque deciduo,13.752516790955047,SINAC - Consenso bosque deciduo 2021-2023,2021-2023,1,0,0,0
5695,SINAC_BD_0005695,63631,Bosque deciduo,6.793104693473975,SINAC - Consenso bosque deciduo 2021-2023,2021-2023,1,0,0,0
5696,SINAC_BD_0005696,63632,Bosque deciduo,20.537027034208265,SINAC - Consenso bosque deciduo 2021-2023,2021-2023,1,1,1,0
5697,SINAC_BD_0005697,63634,Bosque deciduo,6.681903746107674,SINAC - Consenso bosque deciduo 2021-2023,2021-2023,1,0,0,0
5698,SINAC_BD_0005698,63635,Bosque deciduo,1.4603261107349776,SINAC - Consenso bosque deciduo 2021-2023,2021-2023,0,0,0,0
5699,SINAC_BD_0005699,63638,Bosque deciduo,5.413431994665608,SINAC - Consenso bosque deciduo 2021-2023,2021-2023,1,1,0,0
5700,SINAC_BD_0005700,63639,Bosque deciduo,2.59,SINAC - Consenso bosque deciduo 2021-2023,2021-2023,1,0,0,0
5701,SINAC_BD_0005701,63657,Bosque deciduo,2.5751071384712123,SINAC - Consenso bosque deciduo 2021-2023,2021-2023,0,0,0,0
5702,SINAC_BD_0005702,63673,Bosque deciduo,4.935612030775567,SINAC - Consenso bosque deciduo 2021-2023,2021-2023,1,0,0,0
5703,SINAC_BD_0005703,63695,Bosque deciduo,2.555630609702056,SINAC - Consenso bosque deciduo 2021-2023,2021-2023,1,1,1,0
5704,SINAC_BD_0005704,63711,Bosque deciduo,26.376398639513674,SINAC - Consenso bosque deciduo 2021-2023,2021-2023,1,1,1,0
5705,SINAC_BD_0005705,63743,Bosque deciduo,1.7472983731267098,SINAC - Consenso bosque deciduo 2021-2023,2021-2023,1,0,0,0
5706,SINAC_BD_0005706,63744,Bosque deciduo,1.6803832531965912,SINAC - Consenso bosque deciduo 2021-2023,2021-2023,0,0,0,0
5707,SINAC_BD_0005707,63745,Bosque deciduo,2.784877483994785,SINAC - Consenso bosque deciduo 2021-2023,2021-2023,0,0,0,0
5708,SINAC_BD_0005708,63746,Bosque deciduo,12.08855130300957,SINAC - Consenso bosque deciduo 2021-2023,2021-2023,1,1,1,0
5709,SINAC_BD_0005709,63747,Bosque deciduo,2.6429030914247633,SINAC - Consenso bosque deciduo 2021-2023,2021-2023,0,0,0,0
5710,SINAC_BD_0005710,63748,Bosque deciduo,11.274565168893186,SINAC - Consenso bosque deciduo 2021-2023,2021-2023,1,0,0,0
5711,SINAC_BD_0005711,63750,Bosque deciduo,1.0865441377189309,SINAC - Consenso bosque deciduo 2021-2023,2021-2023,0,0,0,0
5712,SINAC_BD_0005712,63751,Bosque deciduo,9.55313105475787,SINAC - Consenso bosque deciduo 2021-2023,2021-2023,1,1,0,0
5713,SINAC_BD_0005713,63765,Bosque deciduo,3.5215432902053734,SINAC - Consenso bosque deciduo 2021-2023,2021-2023,1,0,0,0
5714,SINAC_BD_0005714,63778,Bosque deciduo,2.7370408410973903,SINAC - Consenso bosque deciduo 2021-2023,2021-2023,0,0,0,0
5715,SINAC_BD_0005715,63800,Bosque deciduo,2.962033030352794,SINAC - Consenso bosque deciduo 2021-2023,2021-2023,0,1,0,0
5716,SINAC_BD_0005716,63809,Bosque deciduo,18.589825987407803,SINAC - Consenso bosque deciduo 2021-2023,2021-2023,1,1,1,0
5717,SINAC_BD_0005717,63825,Bosque deciduo,1.0195699807953063,SINAC - Consenso bosque deciduo 2021-2023,2021-2023,0,0,0,0
5718,SINAC_BD_0005718,63839,Bosque deciduo,2.9157248868326087,SINAC - Consenso bosque deciduo 2021-2023,2021-2023,1,0,0,0
5719,SINAC_BD_0005719,63842,Bosque deciduo,1.2021690091060728,SINAC - Consenso bosque deciduo 2021-2023,2021-2023,0,0,0,0
5720,SINAC_BD_0005720,63851,Bosque deciduo,8.30639192838056,SINAC - Consenso bosque deciduo 2021-2023,2021-2023,1,0,0,0
5721,SINAC_BD_0005721,63857,Bosque deciduo,4.36,SINAC - Consenso bosque deciduo 2021-2023,2021-2023,0,1,0,0
5722,SINAC_BD_0005722,63864,Bosque deciduo,1.6223059565293312,SINAC - Consenso bosque deciduo 2021-2023,2021-2023,0,0,0,0
5723,SINAC_BD_0005723,63871,Bosque deciduo,21.62189259042972,SINAC - Consenso bosque deciduo 2021-2023,2021-2023,1,1,0,0
5724,SINAC_BD_0005724,63923,Bosque deciduo,2.4309722726462515,SINAC - Consenso bosque deciduo 2021-2023,2021-2023,1,0,0,0
5725,SINAC_BD_0005725,63925,Bosque deciduo,2.178388888914671,SINAC - Consenso bosque deciduo 2021-2023,2021-2023,1,0,0,0
5726,SINAC_BD_0005726,63926,Bosque deciduo,1.0551252416622146,SINAC - Consenso bosque deciduo 2021-2023,2021-2023,0,0,0,0
5727,SINAC_BD_0005727,63951,Bosque deciduo,1.43,SINAC - Consenso bosque deciduo 2021-2023,2021-2023,1,0,0,0
5728,SINAC_BD_0005728,63958,Bosque deciduo,3.1205931542168837,SINAC - Consenso bosque deciduo 2021-2023,2021-2023,1,0,1,0
5729,SINAC_BD_0005729,63960,Bosque deciduo,1.4212923575399672,SINAC - Consenso bosque deciduo 2021-2023,2021-2023,1,0,1,0
5730,SINAC_BD_0005730,63977,Bosque deciduo,1.5857501158164347,SINAC - Consenso bosque deciduo 2021-2023,2021-2023,1,0,0,0
5731,SINAC_BD_0005731,63981,Bosque deciduo,1.36,SINAC - Consenso bosque deciduo 2021-2023,2021-2023,0,0,0,0
5732,SINAC_BD_0005732,64014,Bosque deciduo,3.52,SINAC - Consenso bosque deciduo 2021-2023,2021-2023,0,0,0,0
5733,SINAC_BD_0005733,64029,Bosque deciduo,1.1645462079639288,SINAC - Consenso bosque deciduo 2021-2023,2021-2023,1,1,0,0
5734,SINAC_BD_0005734,64030,Bosque deciduo,2.4589915630462458,SINAC - Consenso bosque deciduo 2021-2023,2021-2023,1,0,0,0
5735,SINAC_BD_0005735,64031,Bosque deciduo,2.176490132772899,SINAC - Consenso bosque deciduo 2021-2023,2021-2023,1,1,0,0
5736,SINAC_BD_0005736,64033,Bosque deciduo,1.6391167075389734,SINAC - Consenso bosque deciduo 2021-2023,2021-2023,0,0,0,0
5737,SINAC_BD_0005737,64040,Bosque deciduo,4.699836589641898,SINAC - Consenso bosque deciduo 2021-2023,2021-2023,1,0,0,0
5738,SINAC_BD_0005738,64058,Bosque deciduo,1.1197940604578425,SINAC - Consenso bosque deciduo 2021-2023,2021-2023,0,0,0,0
5739,SINAC_BD_0005739,64076,Bosque deciduo,9.045318317354303,SINAC - Consenso bosque deciduo 2021-2023,2021-2023,1,1,1,1
5740,SINAC_BD_0005740,64093,Bosque deciduo,1.0222154419049314,SINAC - Consenso bosque deciduo 2021-2023,2021-2023,0,0,0,0
5741,SINAC_BD_0005741,64096,Bosque deciduo,3.074514154273411,SINAC - Consenso bosque deciduo 2021-2023,2021-2023,1,0,0,0
5742,SINAC_BD_0005742,64097,Bosque deciduo,7.6291040993984875,SINAC - Consenso bosque deciduo 2021-2023,2021-2023,1,0,1,0
5743,SINAC_BD_0005743,64111,Bosque deciduo,1.2592866232341948,SINAC - Consenso bosque deciduo 2021-2023,2021-2023,0,0,0,0
5744,SINAC_BD_0005744,64117,Bosque deciduo,82.39294046792091,SINAC - Consenso bosque deciduo 2021-2023,2021-2023,1,1,1,0
5745,SINAC_BD_0005745,64132,Bosque deciduo,1.08,SINAC - Consenso bosque deciduo 2021-2023,2021-2023,1,0,0,0
5746,SINAC_BD_0005746,64135,Bosque deciduo,7.830469660328858,SINAC - Consenso bosque deciduo 2021-2023,2021-2023,1,1,0,0
5747,SINAC_BD_0005747,64138,Bosque deciduo,1.7266969998245163,SINAC - Consenso bosque deciduo 2021-2023,2021-2023,0,0,0,0
5748,SINAC_BD_0005748,64139,Bosque deciduo,3.2198530940268344,SINAC - Consenso bosque deciduo 2021-2023,2021-2023,1,1,1,0
5749,SINAC_BD_0005749,64144,Bosque deciduo,6.791283094323504,SINAC - Consenso bosque deciduo 2021-2023,2021-2023,1,0,0,0
5750,SINAC_BD_0005750,64150,Bosque deciduo,313.18641755374745,SINAC - Consenso bosque deciduo 2021-2023,2021-2023,1,1,1,0
5751,SINAC_BD_0005751,64151,Bosque deciduo,2.4953047228242817,SINAC - Consenso bosque deciduo 2021-2023,2021-2023,0,0,0,0
5752,SINAC_BD_0005752,64152,Bosque deciduo,3.8268207372645295,SINAC - Consenso bosque deciduo 2021-2023,2021-2023,1,1,0,0
5753,SINAC_BD_0005753,64153,Bosque deciduo,1.4436989471414785,SINAC - Consenso bosque deciduo 2021-2023,2021-2023,0,0,0,0
5754,SINAC_BD_0005754,64154,Bosque deciduo,3.743359488227743,SINAC - Consenso bosque deciduo 2021-2023,2021-2023,1,1,1,0
5755,SINAC_BD_0005755,64156,Bosque deciduo,99.62304596785015,SINAC - Consenso bosque deciduo 2021-2023,2021-2023,1,1,1,0
5756,SINAC_BD_0005756,64162,Bosque deciduo,14.53014755549205,SINAC - Consenso bosque deciduo 2021-2023,2021-2023,1,1,0,0
5757,SINAC_BD_0005757,64188,Bosque deciduo,1.3008427037343133,SINAC - Consenso bosque deciduo 2021-2023,2021-2023,1,0,0,0
5758,SINAC_BD_0005758,64191,Bosque deciduo,5.299131650420887,SINAC - Consenso bosque deciduo 2021-2023,2021-2023,1,1,0,0
5759,SINAC_BD_0005759,64242,Bosque deciduo,2.162272727831721,SINAC - Consenso bosque deciduo 2021-2023,2021-2023,0,1,0,0
5760,SINAC_BD_0005760,64243,Bosque deciduo,1.0325787068705863,SINAC - Consenso bosque deciduo 2021-2023,2021-2023,0,0,0,0
5761,SINAC_BD_0005761,64248,Bosque deciduo,30.10853138261283,SINAC - Consenso bosque deciduo 2021-2023,2021-2023,1,1,1,1
5762,SINAC_BD_0005762,64253,Bosque deciduo,3.0190337624892405,SINAC - Consenso bosque deciduo 2021-2023,2021-2023,1,1,0,0
5763,SINAC_BD_0005763,64259,Bosque deciduo,1.040594728162815,SINAC - Consenso bosque deciduo 2021-2023,2021-2023,0,0,0,0
5764,SINAC_BD_0005764,64273,Bosque deciduo,1.7429594451858914,SINAC - Consenso bosque deciduo 2021-2023,2021-2023,1,0,1,0
5765,SINAC_BD_0005765,64310,Bosque deciduo,1.671243613802972,SINAC - Consenso bosque deciduo 2021-2023,2021-2023,0,0,0,0
5766,SINAC_BD_0005766,64312,Bosque deciduo,1.4776807275231316,SINAC - Consenso bosque deciduo 2021-2023,2021-2023,1,0,0,0
5767,SINAC_BD_0005767,64313,Bosque deciduo,3.030118037177084,SINAC - Consenso bosque deciduo 2021-2023,2021-2023,0,0,0,0
5768,SINAC_BD_0005768,64316,Bosque deciduo,1.5733647562226634,SINAC - Consenso bosque deciduo 2021-2023,2021-2023,0,1,0,0
5769,SINAC_BD_0005769,64318,Bosque deciduo,1.5336240054984134,SINAC - Consenso bosque deciduo 2021-2023,2021-2023,0,0,0,0
5770,SINAC_BD_0005770,64338,Bosque deciduo,1.407452297607773,SINAC - Consenso bosque deciduo 2021-2023,2021-2023,0,0,0,0
5771,SINAC_BD_0005771,64347,Bosque deciduo,4.900946550047968,SINAC - Consenso bosque deciduo 2021-2023,2021-2023,1,1,0,0
5772,SINAC_BD_0005772,64358,Bosque deciduo,5.574222794738225,SINAC - Consenso bosque deciduo 2021-2023,2021-2023,1,1,0,0
5773,SINAC_BD_0005773,64387,Bosque deciduo,2.165719385150855,SINAC - Consenso bosque deciduo 2021-2023,2021-2023,0,0,0,0
5774,SINAC_BD_0005774,64394,Bosque deciduo,2.403512097376344,SINAC - Consenso bosque deciduo 2021-2023,2021-2023,1,0,0,0
5775,SINAC_BD_0005775,64423,Bosque deciduo,1.8175251223029034,SINAC - Consenso bosque deciduo 2021-2023,2021-2023,0,0,0,0
5776,SINAC_BD_0005776,64427,Bosque deciduo,3.3784701672530266,SINAC - Consenso bosque deciduo 2021-2023,2021-2023,1,0,0,0
5777,SINAC_BD_0005777,64436,Bosque deciduo,1.1930741311207123,SINAC - Consenso bosque deciduo 2021-2023,2021-2023,1,0,0,0
5778,SINAC_BD_0005778,64438,Bosque deciduo,4.182683804753767,SINAC - Consenso bosque deciduo 2021-2023,2021-2023,1,0,0,1
5779,SINAC_BD_0005779,64441,Bosque deciduo,1.0635514476836385,SINAC - Consenso bosque deciduo 2021-2023,2021-2023,0,0,0,0
5780,SINAC_BD_0005780,64459,Bosque deciduo,1.487628406617322,SINAC - Consenso bosque deciduo 2021-2023,2021-2023,1,0,0,0
5781,SINAC_BD_0005781,64487,Bosque deciduo,2.5755090731625403,SINAC - Consenso bosque deciduo 2021-2023,2021-2023,1,0,0,0
5782,SINAC_BD_0005782,64502,Bosque deciduo,1.6439096127349087,SINAC - Consenso bosque deciduo 2021-2023,2021-2023,0,0,0,0
5783,SINAC_BD_0005783,64503,Bosque deciduo,1.3025622613481243,SINAC - Consenso bosque deciduo 2021-2023,2021-2023,0,0,0,0
5784,SINAC_BD_0005784,64504,Bosque deciduo,11.380624116328653,SINAC - Consenso bosque deciduo 2021-2023,2021-2023,1,1,0,0
5785,SINAC_BD_0005785,64508,Bosque deciduo,2.6322142509444975,SINAC - Consenso bosque deciduo 2021-2023,2021-2023,1,0,0,0
5786,SINAC_BD_0005786,64532,Bosque deciduo,1.0012559128047667,SINAC - Consenso bosque deciduo 2021-2023,2021-2023,0,0,0,0
5787,SINAC_BD_0005787,64536,Bosque deciduo,2.7670698225174206,SINAC - Consenso bosque deciduo 2021-2023,2021-2023,1,1,0,0
5788,SINAC_BD_0005788,64544,Bosque deciduo,5.104711751956644,SINAC - Consenso bosque deciduo 2021-2023,2021-2023,0,0,0,0
5789,SINAC_BD_0005789,64548,Bosque deciduo,1.6231489351015855,SINAC - Consenso bosque deciduo 2021-2023,2021-2023,1,1,0,0
5790,SINAC_BD_0005790,64552,Bosque deciduo,1.7856119229366436,SINAC - Consenso bosque deciduo 2021-2023,2021-2023,1,0,0,0
5791,SINAC_BD_0005791,64561,Bosque deciduo,1.1050373442704928,SINAC - Consenso bosque deciduo 2021-2023,2021-2023,1,0,0,0
5792,SINAC_BD_0005792,64568,Bosque deciduo,1.5762128074839195,SINAC - Consenso bosque deciduo 2021-2023,2021-2023,0,0,0,0
5793,SINAC_BD_0005793,64570,Bosque deciduo,3.5992792938911022,SINAC - Consenso bosque deciduo 2021-2023,2021-2023,1,1,0,0
5794,SINAC_BD_0005794,64577,Bosque deciduo,3.4787002284549895,SINAC - Consenso bosque deciduo 2021-2023,2021-2023,1,1,0,1
5795,SINAC_BD_0005795,64578,Bosque deciduo,1.2980583952505078,SINAC - Consenso bosque deciduo 2021-2023,2021-2023,0,0,0,0
5796,SINAC_BD_0005796,64580,Bosque deciduo,1.997273073687913,SINAC - Consenso bosque deciduo 2021-2023,2021-2023,1,1,1,0
5797,SINAC_BD_0005797,64582,Bosque deciduo,5.442843114802091,SINAC - Consenso bosque deciduo 2021-2023,2021-2023,1,1,0,0
5798,SINAC_BD_0005798,64591,Bosque deciduo,1.6118941557954891,SINAC - Consenso bosque deciduo 2021-2023,2021-2023,1,1,1,0
5799,SINAC_BD_0005799,64595,Bosque deciduo,1.2235496031818487,SINAC - Consenso bosque deciduo 2021-2023,2021-2023,1,0,0,0
5800,SINAC_BD_0005800,64598,Bosque deciduo,45.10967088178144,SINAC - Consenso bosque deciduo 2021-2023,2021-2023,1,1,1,1
5801,SINAC_BD_0005801,64614,Bosque deciduo,1.1061449008362323,SINAC - Consenso bosque deciduo 2021-2023,2021-2023,0,0,0,0
5802,SINAC_BD_0005802,64617,Bosque deciduo,1.3930110322585942,SINAC - Consenso bosque deciduo 2021-2023,2021-2023,1,0,0,0
5803,SINAC_BD_0005803,64623,Bosque deciduo,18.954151403290563,SINAC - Consenso bosque deciduo 2021-2023,2021-2023,1,0,0,0
5804,SINAC_BD_0005804,64653,Bosque deciduo,5.3572375475058704,SINAC - Consenso bosque deciduo 2021-2023,2021-2023,0,0,0,0
5805,SINAC_BD_0005805,64660,Bosque deciduo,2.916872398914178,SINAC - Consenso bosque deciduo 2021-2023,2021-2023,1,1,0,0
5806,SINAC_BD_0005806,64661,Bosque deciduo,2.7767425823134118,SINAC - Consenso bosque deciduo 2021-2023,2021-2023,1,0,1,0
5807,SINAC_BD_0005807,64669,Bosque deciduo,1.6020182237287517,SINAC - Consenso bosque deciduo 2021-2023,2021-2023,1,0,0,0
5808,SINAC_BD_0005808,64671,Bosque deciduo,2.147513619569373,SINAC - Consenso bosque deciduo 2021-2023,2021-2023,0,1,0,0
5809,SINAC_BD_0005809,64704,Bosque deciduo,1.2392999769129172,SINAC - Consenso bosque deciduo 2021-2023,2021-2023,0,0,0,0
5810,SINAC_BD_0005810,64707,Bosque deciduo,1.2288134165013216,SINAC - Consenso bosque deciduo 2021-2023,2021-2023,1,1,0,0
5811,SINAC_BD_0005811,64708,Bosque deciduo,1.096410171010302,SINAC - Consenso bosque deciduo 2021-2023,2021-2023,0,0,0,0
5812,SINAC_BD_0005812,64709,Bosque deciduo,2.716961831092206,SINAC - Consenso bosque deciduo 2021-2023,2021-2023,1,0,0,0
5813,SINAC_BD_0005813,64710,Bosque deciduo,1.2418975946126003,SINAC - Consenso bosque deciduo 2021-2023,2021-2023,0,0,0,0
5814,SINAC_BD_0005814,64713,Bosque deciduo,11.900742848441558,SINAC - Consenso bosque deciduo 2021-2023,2021-2023,1,1,0,0
5815,SINAC_BD_0005815,64714,Bosque deciduo,12.801836860049649,SINAC - Consenso bosque deciduo 2021-2023,2021-2023,1,1,1,0
5816,SINAC_BD_0005816,64723,Bosque deciduo,1.1193536349503768,SINAC - Consenso bosque deciduo 2021-2023,2021-2023,0,0,0,0
5817,SINAC_BD_0005817,64724,Bosque deciduo,1.5573497501606761,SINAC - Consenso bosque deciduo 2021-2023,2021-2023,1,0,0,0
5818,SINAC_BD_0005818,64728,Bosque deciduo,1.5763918284843208,SINAC - Consenso bosque deciduo 2021-2023,2021-2023,0,0,0,0
5819,SINAC_BD_0005819,64737,Bosque deciduo,1.887690953768922,SINAC - Consenso bosque deciduo 2021-2023,2021-2023,0,0,0,0
5820,SINAC_BD_0005820,64738,Bosque deciduo,1.3012570340403857,SINAC - Consenso bosque deciduo 2021-2023,2021-2023,1,0,0,0
5821,SINAC_BD_0005821,64758,Bosque deciduo,1.1888290062134794,SINAC - Consenso bosque deciduo 2021-2023,2021-2023,1,1,0,0
5822,SINAC_BD_0005822,64782,Bosque deciduo,2.0504326492475076,SINAC - Consenso bosque deciduo 2021-2023,2021-2023,0,0,0,0
5823,SINAC_BD_0005823,64789,Bosque deciduo,2.5349632157233892,SINAC - Consenso bosque deciduo 2021-2023,2021-2023,1,0,0,0
5824,SINAC_BD_0005824,64796,Bosque deciduo,38.91028875433281,SINAC - Consenso bosque deciduo 2021-2023,2021-2023,1,1,1,0
5825,SINAC_BD_0005825,64802,Bosque deciduo,1.829310153718098,SINAC - Consenso bosque deciduo 2021-2023,2021-2023,1,0,1,0
5826,SINAC_BD_0005826,64807,Bosque deciduo,1.209718991564418,SINAC - Consenso bosque deciduo 2021-2023,2021-2023,0,0,0,0
5827,SINAC_BD_0005827,64810,Bosque deciduo,130.28610822744972,SINAC - Consenso bosque deciduo 2021-2023,2021-2023,1,1,1,1
5828,SINAC_BD_0005828,64821,Bosque deciduo,1.0392487654753813,SINAC - Consenso bosque deciduo 2021-2023,2021-2023,0,0,0,0
5829,SINAC_BD_0005829,64847,Bosque deciduo,1.4579246931601193,SINAC - Consenso bosque deciduo 2021-2023,2021-2023,0,0,0,0
5830,SINAC_BD_0005830,64851,Bosque deciduo,3.993610629690078,SINAC - Consenso bosque deciduo 2021-2023,2021-2023,1,1,0,0
5831,SINAC_BD_0005831,64853,Bosque deciduo,2.3055438032550386,SINAC - Consenso bosque deciduo 2021-2023,2021-2023,1,0,0,0
5832,SINAC_BD_0005832,64854,Bosque deciduo,1.6058004645339372,SINAC - Consenso bosque deciduo 2021-2023,2021-2023,0,0,0,0
5833,SINAC_BD_0005833,64862,Bosque deciduo,2.51692033855601,SINAC - Consenso bosque deciduo 2021-2023,2021-2023,0,0,0,0
5834,SINAC_BD_0005834,64878,Bosque deciduo,1.7264093668685374,SINAC - Consenso bosque deciduo 2021-2023,2021-2023,1,0,0,0
5835,SINAC_BD_0005835,64896,Bosque deciduo,3.255786925455723,SINAC - Consenso bosque deciduo 2021-2023,2021-2023,1,1,1,0
5836,SINAC_BD_0005836,64912,Bosque deciduo,4.256773283177582,SINAC - Consenso bosque deciduo 2021-2023,2021-2023,1,0,0,0
5837,SINAC_BD_0005837,64922,Bosque deciduo,1.1318311762733075,SINAC - Consenso bosque deciduo 2021-2023,2021-2023,1,0,0,0
5838,SINAC_BD_0005838,64930,Bosque deciduo,8.109884233098475,SINAC - Consenso bosque deciduo 2021-2023,2021-2023,1,1,1,0
5839,SINAC_BD_0005839,64965,Bosque deciduo,24.991508693693653,SINAC - Consenso bosque deciduo 2021-2023,2021-2023,1,1,1,0
5840,SINAC_BD_0005840,64967,Bosque deciduo,4.029456728095635,SINAC - Consenso bosque deciduo 2021-2023,2021-2023,1,0,0,0
5841,SINAC_BD_0005841,64968,Bosque deciduo,1.522380255258571,SINAC - Consenso bosque deciduo 2021-2023,2021-2023,0,0,0,0
5842,SINAC_BD_0005842,64969,Bosque deciduo,15.23132043281321,SINAC - Consenso bosque deciduo 2021-2023,2021-2023,1,1,1,0
5843,SINAC_BD_0005843,64974,Bosque deciduo,32.53775065957266,SINAC - Consenso bosque deciduo 2021-2023,2021-2023,1,1,0,0
5844,SINAC_BD_0005844,64981,Bosque deciduo,1.6207281617190827,SINAC - Consenso bosque deciduo 2021-2023,2021-2023,1,0,0,0
5845,SINAC_BD_0005845,64989,Bosque deciduo,2.072617219475067,SINAC - Consenso bosque deciduo 2021-2023,2021-2023,1,1,0,0
5846,SINAC_BD_0005846,65008,Bosque deciduo,1.2318834961935876,SINAC - Consenso bosque deciduo 2021-2023,2021-2023,1,1,1,0
5847,SINAC_BD_0005847,65011,Bosque deciduo,3.928010892948154,SINAC - Consenso bosque deciduo 2021-2023,2021-2023,1,1,0,0
5848,SINAC_BD_0005848,65012,Bosque deciduo,1.4274430988979614,SINAC - Consenso bosque deciduo 2021-2023,2021-2023,0,0,0,0
5849,SINAC_BD_0005849,65013,Bosque deciduo,1.789669321151029,SINAC - Consenso bosque deciduo 2021-2023,2021-2023,0,0,0,0
5850,SINAC_BD_0005850,65014,Bosque deciduo,2.3332382867875023,SINAC - Consenso bosque deciduo 2021-2023,2021-2023,1,0,0,0
5851,SINAC_BD_0005851,65025,Bosque deciduo,1.6219922044468793,SINAC - Consenso bosque deciduo 2021-2023,2021-2023,1,1,0,0
5852,SINAC_BD_0005852,65039,Bosque deciduo,3.0103442809478205,SINAC - Consenso bosque deciduo 2021-2023,2021-2023,0,0,1,0
5853,SINAC_BD_0005853,65074,Bosque deciduo,1.1901195899923793,SINAC - Consenso bosque deciduo 2021-2023,2021-2023,1,0,0,0
5854,SINAC_BD_0005854,65079,Bosque deciduo,1.0689133947065097,SINAC - Consenso bosque deciduo 2021-2023,2021-2023,0,0,0,0
5855,SINAC_BD_0005855,65080,Bosque deciduo,22.928999234501195,SINAC - Consenso bosque deciduo 2021-2023,2021-2023,1,1,1,0
5856,SINAC_BD_0005856,65083,Bosque deciduo,1.2107089251500454,SINAC - Consenso bosque deciduo 2021-2023,2021-2023,0,0,0,0
5857,SINAC_BD_0005857,65084,Bosque deciduo,1.211757996434449,SINAC - Consenso bosque deciduo 2021-2023,2021-2023,1,1,0,0
5858,SINAC_BD_0005858,65103,Bosque deciduo,4.8224561429967245,SINAC - Consenso bosque deciduo 2021-2023,2021-2023,0,0,0,0
5859,SINAC_BD_0005859,65154,Bosque deciduo,1.2712310817016,SINAC - Consenso bosque deciduo 2021-2023,2021-2023,0,0,0,0
5860,SINAC_BD_0005860,65176,Bosque deciduo,7.477386510214087,SINAC - Consenso bosque deciduo 2021-2023,2021-2023,1,0,0,0
5861,SINAC_BD_0005861,65178,Bosque deciduo,1.0878516549185449,SINAC - Consenso bosque deciduo 2021-2023,2021-2023,0,0,0,0
5862,SINAC_BD_0005862,65179,Bosque deciduo,2.608791955487784,SINAC - Consenso bosque deciduo 2021-2023,2021-2023,1,1,0,0
5863,SINAC_BD_0005863,65180,Bosque deciduo,1.9475476953777284,SINAC - Consenso bosque deciduo 2021-2023,2021-2023,0,0,0,0
5864,SINAC_BD_0005864,65181,Bosque deciduo,3.5019730708314523,SINAC - Consenso bosque deciduo 2021-2023,2021-2023,1,1,0,0
5865,SINAC_BD_0005865,65182,Bosque deciduo,1.3103451106132504,SINAC - Consenso bosque deciduo 2021-2023,2021-2023,0,0,0,0
5866,SINAC_BD_0005866,65184,Bosque deciduo,1.0224388594753975,SINAC - Consenso bosque deciduo 2021-2023,2021-2023,0,0,0,0
5867,SINAC_BD_0005867,65187,Bosque deciduo,5.343100258182561,SINAC - Consenso bosque deciduo 2021-2023,2021-2023,1,0,0,0
5868,SINAC_BD_0005868,65188,Bosque deciduo,6.252275132979304,SINAC - Consenso bosque deciduo 2021-2023,2021-2023,1,1,1,0
5869,SINAC_BD_0005869,65190,Bosque deciduo,3.329517123278318,SINAC - Consenso bosque deciduo 2021-2023,2021-2023,1,1,0,0
5870,SINAC_BD_0005870,65192,Bosque deciduo,15.259044611887834,SINAC - Consenso bosque deciduo 2021-2023,2021-2023,1,1,0,0
5871,SINAC_BD_0005871,65193,Bosque deciduo,13.829990413206982,SINAC - Consenso bosque deciduo 2021-2023,2021-2023,1,0,0,1
5872,SINAC_BD_0005872,65207,Bosque deciduo,2.335064875747987,SINAC - Consenso bosque deciduo 2021-2023,2021-2023,0,0,0,0
5873,SINAC_BD_0005873,65208,Bosque deciduo,1.6150036065941418,SINAC - Consenso bosque deciduo 2021-2023,2021-2023,1,0,0,0
5874,SINAC_BD_0005874,65225,Bosque deciduo,1.01651171781683,SINAC - Consenso bosque deciduo 2021-2023,2021-2023,1,0,0,0
5875,SINAC_BD_0005875,65226,Bosque deciduo,2.74,SINAC - Consenso bosque deciduo 2021-2023,2021-2023,0,0,0,0
5876,SINAC_BD_0005876,65233,Bosque deciduo,2.0383162725070463,SINAC - Consenso bosque deciduo 2021-2023,2021-2023,0,0,0,0
5877,SINAC_BD_0005877,65237,Bosque deciduo,2.558946958628328,SINAC - Consenso bosque deciduo 2021-2023,2021-2023,1,0,0,0
5878,SINAC_BD_0005878,65256,Bosque deciduo,3.091300916074886,SINAC - Consenso bosque deciduo 2021-2023,2021-2023,1,0,0,0
5879,SINAC_BD_0005879,65257,Bosque deciduo,1.3832229379971208,SINAC - Consenso bosque deciduo 2021-2023,2021-2023,0,0,0,0
5880,SINAC_BD_0005880,65261,Bosque deciduo,3.2255827078906165,SINAC - Consenso bosque deciduo 2021-2023,2021-2023,1,1,0,0
5881,SINAC_BD_0005881,65275,Bosque deciduo,1.164138727959133,SINAC - Consenso bosque deciduo 2021-2023,2021-2023,1,1,0,0
5882,SINAC_BD_0005882,65276,Bosque deciduo,4.323594583190661,SINAC - Consenso bosque deciduo 2021-2023,2021-2023,1,1,0,0
5883,SINAC_BD_0005883,65284,Bosque deciduo,4.4146270057729105,SINAC - Consenso bosque deciduo 2021-2023,2021-2023,0,0,0,0
5884,SINAC_BD_0005884,65301,Bosque deciduo,30.096927325194713,SINAC - Consenso bosque deciduo 2021-2023,2021-2023,1,1,1,1
5885,SINAC_BD_0005885,65317,Bosque deciduo,1.121999246606959,SINAC - Consenso bosque deciduo 2021-2023,2021-2023,1,1,1,0
5886,SINAC_BD_0005886,65320,Bosque deciduo,1.8573460034143583,SINAC - Consenso bosque deciduo 2021-2023,2021-2023,1,0,0,0
5887,SINAC_BD_0005887,65337,Bosque deciduo,1.44017843198189,SINAC - Consenso bosque deciduo 2021-2023,2021-2023,1,1,0,0
5888,SINAC_BD_0005888,65338,Bosque deciduo,1.4035159331697935,SINAC - Consenso bosque deciduo 2021-2023,2021-2023,0,0,0,0
5889,SINAC_BD_0005889,65342,Bosque deciduo,4.501298626648006,SINAC - Consenso bosque deciduo 2021-2023,2021-2023,1,1,0,0
5890,SINAC_BD_0005890,65345,Bosque deciduo,1.6057709940530591,SINAC - Consenso bosque deciduo 2021-2023,2021-2023,0,0,0,0
5891,SINAC_BD_0005891,65347,Bosque deciduo,3.1478721343936193,SINAC - Consenso bosque deciduo 2021-2023,2021-2023,1,1,1,0
5892,SINAC_BD_0005892,65352,Bosque deciduo,1.0984408459751749,SINAC - Consenso bosque deciduo 2021-2023,2021-2023,0,0,0,0
5893,SINAC_BD_0005893,65377,Bosque deciduo,6.293893635496752,SINAC - Consenso bosque deciduo 2021-2023,2021-2023,1,0,0,0
5894,SINAC_BD_0005894,65378,Bosque deciduo,4.236694773864422,SINAC - Consenso bosque deciduo 2021-2023,2021-2023,1,1,1,0
5895,SINAC_BD_0005895,65381,Bosque deciduo,2.570673329940257,SINAC - Consenso bosque deciduo 2021-2023,2021-2023,1,1,0,0
5896,SINAC_BD_0005896,65383,Bosque deciduo,1.117804082183261,SINAC - Consenso bosque deciduo 2021-2023,2021-2023,0,0,0,0
5897,SINAC_BD_0005897,65395,Bosque deciduo,2.653280929588818,SINAC - Consenso bosque deciduo 2021-2023,2021-2023,0,0,0,0
5898,SINAC_BD_0005898,65396,Bosque deciduo,2.2952628249677507,SINAC - Consenso bosque deciduo 2021-2023,2021-2023,1,1,0,0
5899,SINAC_BD_0005899,65401,Bosque deciduo,1.2079453452435402,SINAC - Consenso bosque deciduo 2021-2023,2021-2023,0,0,0,0
5900,SINAC_BD_0005900,65403,Bosque deciduo,2.692588343545838,SINAC - Consenso bosque deciduo 2021-2023,2021-2023,0,0,0,0
5901,SINAC_BD_0005901,65418,Bosque deciduo,1.43,SINAC - Consenso bosque deciduo 2021-2023,2021-2023,0,0,0,0
5902,SINAC_BD_0005902,65426,Bosque deciduo,1.21,SINAC - Consenso bosque deciduo 2021-2023,2021-2023,0,0,0,0
5903,SINAC_BD_0005903,65432,Bosque deciduo,6.97,SINAC - Consenso bosque deciduo 2021-2023,2021-2023,1,1,0,0
5904,SINAC_BD_0005904,65436,Bosque deciduo,1.0567829327035914,SINAC - Consenso bosque deciduo 2021-2023,2021-2023,0,0,0,0
5905,SINAC_BD_0005905,65438,Bosque deciduo,1.188355297038239,SINAC - Consenso bosque deciduo 2021-2023,2021-2023,1,1,0,0
5906,SINAC_BD_0005906,65446,Bosque deciduo,1.6742856594942546,SINAC - Consenso bosque deciduo 2021-2023,2021-2023,1,1,0,0
5907,SINAC_BD_0005907,65452,Bosque deciduo,3.6858774207586396,SINAC - Consenso bosque deciduo 2021-2023,2021-2023,1,0,0,0
5908,SINAC_BD_0005908,65454,Bosque deciduo,2.07,SINAC - Consenso bosque deciduo 2021-2023,2021-2023,0,0,0,0
5909,SINAC_BD_0005909,65471,Bosque deciduo,1.1717390015007028,SINAC - Consenso bosque deciduo 2021-2023,2021-2023,0,0,0,0
5910,SINAC_BD_0005910,65487,Bosque deciduo,2.830459763895839,SINAC - Consenso bosque deciduo 2021-2023,2021-2023,1,0,0,0
5911,SINAC_BD_0005911,65495,Bosque deciduo,17.903373004488763,SINAC - Consenso bosque deciduo 2021-2023,2021-2023,1,1,1,1
5912,SINAC_BD_0005912,65498,Bosque deciduo,1.0292739332707408,SINAC - Consenso bosque deciduo 2021-2023,2021-2023,0,0,0,0
5913,SINAC_BD_0005913,65502,Bosque deciduo,1.9111295105321748,SINAC - Consenso bosque deciduo 2021-2023,2021-2023,0,0,0,0
5914,SINAC_BD_0005914,65503,Bosque deciduo,3.311323790799427,SINAC - Consenso bosque deciduo 2021-2023,2021-2023,0,0,1,0
5915,SINAC_BD_0005915,65504,Bosque deciduo,8.281656041387874,SINAC - Consenso bosque deciduo 2021-2023,2021-2023,1,1,0,0
5916,SINAC_BD_0005916,65515,Bosque deciduo,93.13691979701383,SINAC - Consenso bosque deciduo 2021-2023,2021-2023,1,1,1,0
5917,SINAC_BD_0005917,65518,Bosque deciduo,1.3967116695310025,SINAC - Consenso bosque deciduo 2021-2023,2021-2023,0,0,0,0
5918,SINAC_BD_0005918,65524,Bosque deciduo,1.167491357527461,SINAC - Consenso bosque deciduo 2021-2023,2021-2023,1,0,0,0
5919,SINAC_BD_0005919,65527,Bosque deciduo,1.0483238966551827,SINAC - Consenso bosque deciduo 2021-2023,2021-2023,1,1,0,0
5920,SINAC_BD_0005920,65533,Bosque deciduo,1.4995035476339358,SINAC - Consenso bosque deciduo 2021-2023,2021-2023,1,0,0,0
5921,SINAC_BD_0005921,65537,Bosque deciduo,1.331330046861038,SINAC - Consenso bosque deciduo 2021-2023,2021-2023,0,1,0,0
5922,SINAC_BD_0005922,65538,Bosque deciduo,1.1299419337036256,SINAC - Consenso bosque deciduo 2021-2023,2021-2023,1,0,0,0
5923,SINAC_BD_0005923,65543,Bosque deciduo,2.0736398176975945,SINAC - Consenso bosque deciduo 2021-2023,2021-2023,0,0,0,0
5924,SINAC_BD_0005924,65545,Bosque deciduo,1.8060518366153828,SINAC - Consenso bosque deciduo 2021-2023,2021-2023,1,1,0,0
5925,SINAC_BD_0005925,65559,Bosque deciduo,1.3410067370442365,SINAC - Consenso bosque deciduo 2021-2023,2021-2023,0,0,0,0
5926,SINAC_BD_0005926,65560,Bosque deciduo,1.8123329782568576,SINAC - Consenso bosque deciduo 2021-2023,2021-2023,0,0,0,0
5927,SINAC_BD_0005927,65567,Bosque deciduo,1.145685138946722,SINAC - Consenso bosque deciduo 2021-2023,2021-2023,1,0,0,0
5928,SINAC_BD_0005928,65576,Bosque deciduo,11.02893575374548,SINAC - Consenso bosque deciduo 2021-2023,2021-2023,0,0,0,0
5929,SINAC_BD_0005929,65581,Bosque deciduo,1.2220891685427049,SINAC - Consenso bosque deciduo 2021-2023,2021-2023,1,1,0,0
5930,SINAC_BD_0005930,65582,Bosque deciduo,26.718160055404134,SINAC - Consenso bosque deciduo 2021-2023,2021-2023,1,1,1,0
5931,SINAC_BD_0005931,65591,Bosque deciduo,3.618411407546632,SINAC - Consenso bosque deciduo 2021-2023,2021-2023,1,1,0,0
5932,SINAC_BD_0005932,65597,Bosque deciduo,1.3836055990331804,SINAC - Consenso bosque deciduo 2021-2023,2021-2023,0,0,0,0
5933,SINAC_BD_0005933,65598,Bosque deciduo,2.6192869708201365,SINAC - Consenso bosque deciduo 2021-2023,2021-2023,1,0,0,0
5934,SINAC_BD_0005934,65599,Bosque deciduo,1.475629689381229,SINAC - Consenso bosque deciduo 2021-2023,2021-2023,0,1,0,0
5935,SINAC_BD_0005935,65601,Bosque deciduo,1.31,SINAC - Consenso bosque deciduo 2021-2023,2021-2023,0,0,0,0
5936,SINAC_BD_0005936,65610,Bosque deciduo,1.2603583695879248,SINAC - Consenso bosque deciduo 2021-2023,2021-2023,1,1,0,0
5937,SINAC_BD_0005937,65626,Bosque deciduo,2.19,SINAC - Consenso bosque deciduo 2021-2023,2021-2023,0,0,0,0
5938,SINAC_BD_0005938,65627,Bosque deciduo,2.5498703211135982,SINAC - Consenso bosque deciduo 2021-2023,2021-2023,1,0,0,0
5939,SINAC_BD_0005939,65628,Bosque deciduo,2.6556685164377387,SINAC - Consenso bosque deciduo 2021-2023,2021-2023,1,0,0,0
5940,SINAC_BD_0005940,65629,Bosque deciduo,1.2636337759235385,SINAC - Consenso bosque deciduo 2021-2023,2021-2023,0,1,0,0
5941,SINAC_BD_0005941,65631,Bosque deciduo,1.5935787142396616,SINAC - Consenso bosque deciduo 2021-2023,2021-2023,1,0,0,0
5942,SINAC_BD_0005942,65642,Bosque deciduo,3.909355920420768,SINAC - Consenso bosque deciduo 2021-2023,2021-2023,1,0,0,0
5943,SINAC_BD_0005943,65660,Bosque deciduo,1.105997128568869,SINAC - Consenso bosque deciduo 2021-2023,2021-2023,1,0,0,0
5944,SINAC_BD_0005944,65677,Bosque deciduo,1.139989513477013,SINAC - Consenso bosque deciduo 2021-2023,2021-2023,0,0,0,0
5945,SINAC_BD_0005945,65692,Bosque deciduo,2.778927661968412,SINAC - Consenso bosque deciduo 2021-2023,2021-2023,1,1,1,1
5946,SINAC_BD_0005946,65695,Bosque deciduo,17.73343279331294,SINAC - Consenso bosque deciduo 2021-2023,2021-2023,1,1,1,0
5947,SINAC_BD_0005947,65698,Bosque deciduo,1.2585491614340125,SINAC - Consenso bosque deciduo 2021-2023,2021-2023,0,0,0,0
5948,SINAC_BD_0005948,65726,Bosque deciduo,12.171250766027395,SINAC - Consenso bosque deciduo 2021-2023,2021-2023,1,1,1,0
5949,SINAC_BD_0005949,65727,Bosque deciduo,1.893919185264625,SINAC - Consenso bosque deciduo 2021-2023,2021-2023,1,0,0,0
5950,SINAC_BD_0005950,65738,Bosque deciduo,1.4832901549499944,SINAC - Consenso bosque deciduo 2021-2023,2021-2023,0,0,0,0
5951,SINAC_BD_0005951,65746,Bosque deciduo,2.9775612775915983,SINAC - Consenso bosque deciduo 2021-2023,2021-2023,1,1,0,0
5952,SINAC_BD_0005952,65748,Bosque deciduo,2.1011604010448353,SINAC - Consenso bosque deciduo 2021-2023,2021-2023,1,0,0,0
5953,SINAC_BD_0005953,65754,Bosque deciduo,1.109642019205032,SINAC - Consenso bosque deciduo 2021-2023,2021-2023,1,0,0,0
5954,SINAC_BD_0005954,65758,Bosque deciduo,3.487844540248389,SINAC - Consenso bosque deciduo 2021-2023,2021-2023,1,0,0,0
5955,SINAC_BD_0005955,65771,Bosque deciduo,3.6562397742605097,SINAC - Consenso bosque deciduo 2021-2023,2021-2023,1,0,0,0
5956,SINAC_BD_0005956,65779,Bosque deciduo,3.034664702461551,SINAC - Consenso bosque deciduo 2021-2023,2021-2023,1,1,1,0
5957,SINAC_BD_0005957,65792,Bosque deciduo,1.777079497748355,SINAC - Consenso bosque deciduo 2021-2023,2021-2023,1,0,0,0
5958,SINAC_BD_0005958,65795,Bosque deciduo,3.397573690987132,SINAC - Consenso bosque deciduo 2021-2023,2021-2023,1,1,1,0
5959,SINAC_BD_0005959,65797,Bosque deciduo,2.863071949856537,SINAC - Consenso bosque deciduo 2021-2023,2021-2023,1,1,1,0
5960,SINAC_BD_0005960,65803,Bosque deciduo,1.059977664121204,SINAC - Consenso bosque deciduo 2021-2023,2021-2023,1,0,0,0
5961,SINAC_BD_0005961,65808,Bosque deciduo,1.0077863356020191,SINAC - Consenso bosque deciduo 2021-2023,2021-2023,0,0,0,0
5962,SINAC_BD_0005962,65809,Bosque deciduo,1.1953743679702762,SINAC - Consenso bosque deciduo 2021-2023,2021-2023,0,0,0,0
5963,SINAC_BD_0005963,65810,Bosque deciduo,1.3130932349376316,SINAC - Consenso bosque deciduo 2021-2023,2021-2023,0,0,0,0
5964,SINAC_BD_0005964,65812,Bosque deciduo,14.420616375615046,SINAC - Consenso bosque deciduo 2021-2023,2021-2023,1,1,1,0
5965,SINAC_BD_0005965,65813,Bosque deciduo,1.6834187672263383,SINAC - Consenso bosque deciduo 2021-2023,2021-2023,1,0,0,0
5966,SINAC_BD_0005966,65818,Bosque deciduo,5.722414620230076,SINAC - Consenso bosque deciduo 2021-2023,2021-2023,1,0,0,0
5967,SINAC_BD_0005967,65821,Bosque deciduo,1.04,SINAC - Consenso bosque deciduo 2021-2023,2021-2023,0,0,0,0
5968,SINAC_BD_0005968,65822,Bosque deciduo,1.3012076800991528,SINAC - Consenso bosque deciduo 2021-2023,2021-2023,0,1,0,0
5969,SINAC_BD_0005969,65837,Bosque deciduo,1.343294147609279,SINAC - Consenso bosque deciduo 2021-2023,2021-2023,1,0,0,0
5970,SINAC_BD_0005970,65839,Bosque deciduo,3.195483478052359,SINAC - Consenso bosque deciduo 2021-2023,2021-2023,1,0,0,0
5971,SINAC_BD_0005971,65846,Bosque deciduo,2.349857038004617,SINAC - Consenso bosque deciduo 2021-2023,2021-2023,1,0,1,0
5972,SINAC_BD_0005972,65847,Bosque deciduo,6.2874299427957805,SINAC - Consenso bosque deciduo 2021-2023,2021-2023,1,0,0,0
5973,SINAC_BD_0005973,65848,Bosque deciduo,1.4301710486058463,SINAC - Consenso bosque deciduo 2021-2023,2021-2023,1,0,0,0
5974,SINAC_BD_0005974,65857,Bosque deciduo,1.479037091121108,SINAC - Consenso bosque deciduo 2021-2023,2021-2023,1,0,0,0
5975,SINAC_BD_0005975,65869,Bosque deciduo,8.721676746421457,SINAC - Consenso bosque deciduo 2021-2023,2021-2023,1,0,0,1
5976,SINAC_BD_0005976,65889,Bosque deciduo,2.11150700632358,SINAC - Consenso bosque deciduo 2021-2023,2021-2023,1,1,0,0
5977,SINAC_BD_0005977,65890,Bosque deciduo,1.0597814478302199,SINAC - Consenso bosque deciduo 2021-2023,2021-2023,0,0,0,0
5978,SINAC_BD_0005978,65891,Bosque deciduo,1.2158355689966143,SINAC - Consenso bosque deciduo 2021-2023,2021-2023,0,0,0,0
5979,SINAC_BD_0005979,65892,Bosque deciduo,2.64309060417706,SINAC - Consenso bosque deciduo 2021-2023,2021-2023,1,1,1,0
5980,SINAC_BD_0005980,65894,Bosque deciduo,2.0129858204841757,SINAC - Consenso bosque deciduo 2021-2023,2021-2023,1,0,0,0
5981,SINAC_BD_0005981,65917,Bosque deciduo,3.1285005390592246,SINAC - Consenso bosque deciduo 2021-2023,2021-2023,1,1,0,0
5982,SINAC_BD_0005982,65918,Bosque deciduo,1.4558841299781438,SINAC - Consenso bosque deciduo 2021-2023,2021-2023,0,1,0,0
5983,SINAC_BD_0005983,65919,Bosque deciduo,13.49723534309018,SINAC - Consenso bosque deciduo 2021-2023,2021-2023,1,0,1,0
5984,SINAC_BD_0005984,65921,Bosque deciduo,1.6337615646663852,SINAC - Consenso bosque deciduo 2021-2023,2021-2023,0,0,0,0
5985,SINAC_BD_0005985,65922,Bosque deciduo,4.762430342204873,SINAC - Consenso bosque deciduo 2021-2023,2021-2023,0,0,0,0
5986,SINAC_BD_0005986,65925,Bosque deciduo,22.856054153372252,SINAC - Consenso bosque deciduo 2021-2023,2021-2023,1,1,0,0
5987,SINAC_BD_0005987,65926,Bosque deciduo,8.136999720984308,SINAC - Consenso bosque deciduo 2021-2023,2021-2023,1,1,0,0
5988,SINAC_BD_0005988,65928,Bosque deciduo,2.58793415426353,SINAC - Consenso bosque deciduo 2021-2023,2021-2023,0,0,0,0
5989,SINAC_BD_0005989,65929,Bosque deciduo,11.558989408320851,SINAC - Consenso bosque deciduo 2021-2023,2021-2023,1,0,0,0
5990,SINAC_BD_0005990,65930,Bosque deciduo,2.0202520090409926,SINAC - Consenso bosque deciduo 2021-2023,2021-2023,0,0,0,0
5991,SINAC_BD_0005991,65931,Bosque deciduo,4.711809843386028,SINAC - Consenso bosque deciduo 2021-2023,2021-2023,1,1,0,0
5992,SINAC_BD_0005992,65934,Bosque deciduo,88.92549913570925,SINAC - Consenso bosque deciduo 2021-2023,2021-2023,1,1,1,1
5993,SINAC_BD_0005993,65935,Bosque deciduo,1.0816739647534768,SINAC - Consenso bosque deciduo 2021-2023,2021-2023,1,0,0,0
5994,SINAC_BD_0005994,65936,Bosque deciduo,1.806847125868093,SINAC - Consenso bosque deciduo 2021-2023,2021-2023,1,0,0,0
5995,SINAC_BD_0005995,65940,Bosque deciduo,7.881840313413925,SINAC - Consenso bosque deciduo 2021-2023,2021-2023,1,1,0,0
5996,SINAC_BD_0005996,65943,Bosque deciduo,2.7130596883813203,SINAC - Consenso bosque deciduo 2021-2023,2021-2023,1,1,0,0
5997,SINAC_BD_0005997,65946,Bosque deciduo,3.613647231220812,SINAC - Consenso bosque deciduo 2021-2023,2021-2023,1,0,0,0
5998,SINAC_BD_0005998,65954,Bosque deciduo,147.80439572121193,SINAC - Consenso bosque deciduo 2021-2023,2021-2023,1,1,0,0
5999,SINAC_BD_0005999,65955,Bosque deciduo,1768.2584272080048,SINAC - Consenso bosque deciduo 2021-2023,2021-2023,1,1,1,1
6000,SINAC_BD_0006000,65956,Bosque deciduo,2.90337287404531,SINAC - Consenso bosque deciduo 2021-2023,2021-2023,1,1,0,0
6001,SINAC_BD_0006001,65957,Bosque deciduo,1.7226961542113521,SINAC - Consenso bosque deciduo 2021-2023,2021-2023,0,0,0,0
6002,SINAC_BD_0006002,65958,Bosque deciduo,1.5491553305417916,SINAC - Consenso bosque deciduo 2021-2023,2021-2023,1,0,0,0
6003,SINAC_BD_0006003,65959,Bosque deciduo,1.1008269906227026,SINAC - Consenso bosque deciduo 2021-2023,2021-2023,0,0,0,0
6004,SINAC_BD_0006004,65969,Bosque deciduo,1.4714382753645114,SINAC - Consenso bosque deciduo 2021-2023,2021-2023,0,0,0,0
6005,SINAC_BD_0006005,65970,Bosque deciduo,210.8609599380672,SINAC - Consenso bosque deciduo 2021-2023,2021-2023,1,1,1,0
6006,SINAC_BD_0006006,65974,Bosque deciduo,2.8296500473891757,SINAC - Consenso bosque deciduo 2021-2023,2021-2023,1,1,0,0
6007,SINAC_BD_0006007,65985,Bosque deciduo,5.0540727089998185,SINAC - Consenso bosque deciduo 2021-2023,2021-2023,1,0,0,0
6008,SINAC_BD_0006008,65987,Bosque deciduo,13.689914076903646,SINAC - Consenso bosque deciduo 2021-2023,2021-2023,1,1,1,0
6009,SINAC_BD_0006009,65989,Bosque deciduo,3.287628319248093,SINAC - Consenso bosque deciduo 2021-2023,2021-2023,0,0,0,0
6010,SINAC_BD_0006010,66005,Bosque deciduo,7.3986163783631245,SINAC - Consenso bosque deciduo 2021-2023,2021-2023,1,1,0,0
6011,SINAC_BD_0006011,66015,Bosque deciduo,1.663101281587899,SINAC - Consenso bosque deciduo 2021-2023,2021-2023,1,0,0,0
6012,SINAC_BD_0006012,66017,Bosque deciduo,2.7018951341552038,SINAC - Consenso bosque deciduo 2021-2023,2021-2023,1,1,0,0
6013,SINAC_BD_0006013,66025,Bosque deciduo,6.812930771041009,SINAC - Consenso bosque deciduo 2021-2023,2021-2023,1,1,0,0
6014,SINAC_BD_0006014,66045,Bosque deciduo,2.1209216549341483,SINAC - Consenso bosque deciduo 2021-2023,2021-2023,1,0,0,0
6015,SINAC_BD_0006015,66051,Bosque deciduo,1.9133742761606591,SINAC - Consenso bosque deciduo 2021-2023,2021-2023,1,1,0,0
6016,SINAC_BD_0006016,66054,Bosque deciduo,1.2327496579195654,SINAC - Consenso bosque deciduo 2021-2023,2021-2023,0,0,0,0
6017,SINAC_BD_0006017,66060,Bosque deciduo,2.1126484358682576,SINAC - Consenso bosque deciduo 2021-2023,2021-2023,0,0,0,0
6018,SINAC_BD_0006018,66067,Bosque deciduo,1.3482565534161588,SINAC - Consenso bosque deciduo 2021-2023,2021-2023,0,0,0,0
6019,SINAC_BD_0006019,66082,Bosque deciduo,1.1071278853234885,SINAC - Consenso bosque deciduo 2021-2023,2021-2023,1,1,0,0
6020,SINAC_BD_0006020,66095,Bosque deciduo,2.678890493349577,SINAC - Consenso bosque deciduo 2021-2023,2021-2023,0,0,0,0
6021,SINAC_BD_0006021,66097,Bosque deciduo,28.92899454307657,SINAC - Consenso bosque deciduo 2021-2023,2021-2023,1,1,0,1
6022,SINAC_BD_0006022,66105,Bosque deciduo,1.445098175706872,SINAC - Consenso bosque deciduo 2021-2023,2021-2023,0,0,0,0
6023,SINAC_BD_0006023,66111,Bosque deciduo,1.4713095816781878,SINAC - Consenso bosque deciduo 2021-2023,2021-2023,0,0,0,0
6024,SINAC_BD_0006024,66115,Bosque deciduo,1.8954667236012746,SINAC - Consenso bosque deciduo 2021-2023,2021-2023,1,1,0,0
6025,SINAC_BD_0006025,66116,Bosque deciduo,1.7166916960844836,SINAC - Consenso bosque deciduo 2021-2023,2021-2023,1,0,0,0
6026,SINAC_BD_0006026,66129,Bosque deciduo,6.784384910387182,SINAC - Consenso bosque deciduo 2021-2023,2021-2023,0,0,0,0
6027,SINAC_BD_0006027,66142,Bosque deciduo,2.12068436127749,SINAC - Consenso bosque deciduo 2021-2023,2021-2023,1,0,0,0
6028,SINAC_BD_0006028,66152,Bosque deciduo,1.0716768977485105,SINAC - Consenso bosque deciduo 2021-2023,2021-2023,0,0,0,0
6029,SINAC_BD_0006029,66153,Bosque deciduo,8.289135226219244,SINAC - Consenso bosque deciduo 2021-2023,2021-2023,1,0,0,0
6030,SINAC_BD_0006030,66157,Bosque deciduo,2.856044943382122,SINAC - Consenso bosque deciduo 2021-2023,2021-2023,1,1,0,0
6031,SINAC_BD_0006031,66185,Bosque deciduo,4.07381169790421,SINAC - Consenso bosque deciduo 2021-2023,2021-2023,1,1,0,0
6032,SINAC_BD_0006032,66195,Bosque deciduo,57.185901850933725,SINAC - Consenso bosque deciduo 2021-2023,2021-2023,1,1,1,1
6033,SINAC_BD_0006033,66207,Bosque deciduo,1.603553275834875,SINAC - Consenso bosque deciduo 2021-2023,2021-2023,1,0,0,0
6034,SINAC_BD_0006034,66209,Bosque deciduo,1.0674364841593773,SINAC - Consenso bosque deciduo 2021-2023,2021-2023,0,1,0,0
6035,SINAC_BD_0006035,66222,Bosque deciduo,3.36,SINAC - Consenso bosque deciduo 2021-2023,2021-2023,0,0,0,0
6036,SINAC_BD_0006036,66239,Bosque deciduo,6.788448427256529,SINAC - Consenso bosque deciduo 2021-2023,2021-2023,1,1,0,0
6037,SINAC_BD_0006037,66241,Bosque deciduo,1.283558145519698,SINAC - Consenso bosque deciduo 2021-2023,2021-2023,1,0,0,0
6038,SINAC_BD_0006038,66245,Bosque deciduo,1.1768263084718855,SINAC - Consenso bosque deciduo 2021-2023,2021-2023,1,1,0,0
6039,SINAC_BD_0006039,66265,Bosque deciduo,1.592279107131908,SINAC - Consenso bosque deciduo 2021-2023,2021-2023,0,0,0,0
6040,SINAC_BD_0006040,66271,Bosque deciduo,1.1121233961894104,SINAC - Consenso bosque deciduo 2021-2023,2021-2023,0,0,0,0
6041,SINAC_BD_0006041,66279,Bosque deciduo,7.5692459373079375,SINAC - Consenso bosque deciduo 2021-2023,2021-2023,1,1,1,0
6042,SINAC_BD_0006042,66280,Bosque deciduo,10.502332571827909,SINAC - Consenso bosque deciduo 2021-2023,2021-2023,1,1,0,0
6043,SINAC_BD_0006043,66283,Bosque deciduo,3.7494574108242746,SINAC - Consenso bosque deciduo 2021-2023,2021-2023,1,0,0,0
6044,SINAC_BD_0006044,66323,Bosque deciduo,2.7174208275110083,SINAC - Consenso bosque deciduo 2021-2023,2021-2023,1,1,0,0
6045,SINAC_BD_0006045,66332,Bosque deciduo,1.8987882200458306,SINAC - Consenso bosque deciduo 2021-2023,2021-2023,1,0,0,0
6046,SINAC_BD_0006046,66333,Bosque deciduo,14.734286657751905,SINAC - Consenso bosque deciduo 2021-2023,2021-2023,1,1,1,0
6047,SINAC_BD_0006047,66334,Bosque deciduo,1.4100312954667058,SINAC - Consenso bosque deciduo 2021-2023,2021-2023,0,0,0,0
6048,SINAC_BD_0006048,66343,Bosque deciduo,1.0093949100387354,SINAC - Consenso bosque deciduo 2021-2023,2021-2023,0,0,0,0
6049,SINAC_BD_0006049,66357,Bosque deciduo,76.23317345541403,SINAC - Consenso bosque deciduo 2021-2023,2021-2023,1,1,0,0
6050,SINAC_BD_0006050,66365,Bosque deciduo,40.1095032208126,SINAC - Consenso bosque deciduo 2021-2023,2021-2023,1,1,1,0
6051,SINAC_BD_0006051,66380,Bosque deciduo,3.313084892661131,SINAC - Consenso bosque deciduo 2021-2023,2021-2023,1,1,0,0
6052,SINAC_BD_0006052,66389,Bosque deciduo,2.1857126417264174,SINAC - Consenso bosque deciduo 2021-2023,2021-2023,1,1,0,0
6053,SINAC_BD_0006053,66390,Bosque deciduo,7.280961093394068,SINAC - Consenso bosque deciduo 2021-2023,2021-2023,1,0,0,0
6054,SINAC_BD_0006054,66399,Bosque deciduo,1.4008091105995657,SINAC - Consenso bosque deciduo 2021-2023,2021-2023,1,0,0,0
6055,SINAC_BD_0006055,66410,Bosque deciduo,2.0481522482280115,SINAC - Consenso bosque deciduo 2021-2023,2021-2023,1,0,0,0
6056,SINAC_BD_0006056,66443,Bosque deciduo,4.543988527291962,SINAC - Consenso bosque deciduo 2021-2023,2021-2023,1,1,0,0
6057,SINAC_BD_0006057,66444,Bosque deciduo,1.0010165365746173,SINAC - Consenso bosque deciduo 2021-2023,2021-2023,1,1,1,0
6058,SINAC_BD_0006058,66447,Bosque deciduo,1.3426661636504627,SINAC - Consenso bosque deciduo 2021-2023,2021-2023,1,1,0,0
6059,SINAC_BD_0006059,66449,Bosque deciduo,30.404745714019658,SINAC - Consenso bosque deciduo 2021-2023,2021-2023,1,1,1,0
6060,SINAC_BD_0006060,66450,Bosque deciduo,2.8868808460130624,SINAC - Consenso bosque deciduo 2021-2023,2021-2023,1,1,0,0
6061,SINAC_BD_0006061,66451,Bosque deciduo,1.0656634577935695,SINAC - Consenso bosque deciduo 2021-2023,2021-2023,0,0,0,0
6062,SINAC_BD_0006062,66452,Bosque deciduo,2.068945109641834,SINAC - Consenso bosque deciduo 2021-2023,2021-2023,1,0,0,0
6063,SINAC_BD_0006063,66477,Bosque deciduo,1.768772682123252,SINAC - Consenso bosque deciduo 2021-2023,2021-2023,1,0,0,0
6064,SINAC_BD_0006064,66479,Bosque deciduo,3.4858013348158465,SINAC - Consenso bosque deciduo 2021-2023,2021-2023,0,0,0,0
6065,SINAC_BD_0006065,66501,Bosque deciduo,3.3330562011025635,SINAC - Consenso bosque deciduo 2021-2023,2021-2023,1,1,1,0
6066,SINAC_BD_0006066,66502,Bosque deciduo,1.9983038361129448,SINAC - Consenso bosque deciduo 2021-2023,2021-2023,1,0,0,0
6067,SINAC_BD_0006067,66503,Bosque deciduo,2.124844404722853,SINAC - Consenso bosque deciduo 2021-2023,2021-2023,0,0,0,0
6068,SINAC_BD_0006068,66505,Bosque deciduo,1.4740921501480189,SINAC - Consenso bosque deciduo 2021-2023,2021-2023,0,0,0,0
6069,SINAC_BD_0006069,66506,Bosque deciduo,9.672654782169472,SINAC - Consenso bosque deciduo 2021-2023,2021-2023,1,1,0,0
6070,SINAC_BD_0006070,66512,Bosque deciduo,1.6870055029212496,SINAC - Consenso bosque deciduo 2021-2023,2021-2023,0,0,0,0
6071,SINAC_BD_0006071,66513,Bosque deciduo,10.90466484892981,SINAC - Consenso bosque deciduo 2021-2023,2021-2023,1,1,0,0
6072,SINAC_BD_0006072,66516,Bosque deciduo,1.6001872965250405,SINAC - Consenso bosque deciduo 2021-2023,2021-2023,1,0,0,0
6073,SINAC_BD_0006073,66525,Bosque deciduo,2.3231084182440527,SINAC - Consenso bosque deciduo 2021-2023,2021-2023,1,0,0,0
6074,SINAC_BD_0006074,66536,Bosque deciduo,2.073358058957876,SINAC - Consenso bosque deciduo 2021-2023,2021-2023,0,0,0,0
6075,SINAC_BD_0006075,66547,Bosque deciduo,1.0669345941196322,SINAC - Consenso bosque deciduo 2021-2023,2021-2023,1,0,0,0
6076,SINAC_BD_0006076,66549,Bosque deciduo,2.1636939345273416,SINAC - Consenso bosque deciduo 2021-2023,2021-2023,0,0,0,0
6077,SINAC_BD_0006077,66550,Bosque deciduo,5.409648732501492,SINAC - Consenso bosque deciduo 2021-2023,2021-2023,1,0,0,0
6078,SINAC_BD_0006078,66551,Bosque deciduo,1.5253285989698488,SINAC - Consenso bosque deciduo 2021-2023,2021-2023,0,0,0,0
6079,SINAC_BD_0006079,66558,Bosque deciduo,1.3311828570344326,SINAC - Consenso bosque deciduo 2021-2023,2021-2023,0,0,0,0
6080,SINAC_BD_0006080,66565,Bosque deciduo,4.04894693969067,SINAC - Consenso bosque deciduo 2021-2023,2021-2023,0,0,0,0
6081,SINAC_BD_0006081,66568,Bosque deciduo,2.266871351499555,SINAC - Consenso bosque deciduo 2021-2023,2021-2023,1,1,1,0
6082,SINAC_BD_0006082,66571,Bosque deciduo,15.871860726774793,SINAC - Consenso bosque deciduo 2021-2023,2021-2023,1,0,0,0
6083,SINAC_BD_0006083,66572,Bosque deciduo,2.5155744761976444,SINAC - Consenso bosque deciduo 2021-2023,2021-2023,1,0,0,0
6084,SINAC_BD_0006084,66576,Bosque deciduo,1.5250468854365458,SINAC - Consenso bosque deciduo 2021-2023,2021-2023,1,1,0,0
6085,SINAC_BD_0006085,66581,Bosque deciduo,2.4792424724502773,SINAC - Consenso bosque deciduo 2021-2023,2021-2023,1,1,0,0
6086,SINAC_BD_0006086,66582,Bosque deciduo,1.21,SINAC - Consenso bosque deciduo 2021-2023,2021-2023,1,0,0,0
6087,SINAC_BD_0006087,66591,Bosque deciduo,1.6163270098092175,SINAC - Consenso bosque deciduo 2021-2023,2021-2023,0,0,0,0
6088,SINAC_BD_0006088,66592,Bosque deciduo,3.3257910847892562,SINAC - Consenso bosque deciduo 2021-2023,2021-2023,1,1,0,0
6089,SINAC_BD_0006089,66609,Bosque deciduo,1.3172305053764515,SINAC - Consenso bosque deciduo 2021-2023,2021-2023,1,1,0,0
6090,SINAC_BD_0006090,66625,Bosque deciduo,1.3385053684133725,SINAC - Consenso bosque deciduo 2021-2023,2021-2023,1,0,0,0
6091,SINAC_BD_0006091,66638,Bosque deciduo,7.481579921196318,SINAC - Consenso bosque deciduo 2021-2023,2021-2023,1,1,0,0
6092,SINAC_BD_0006092,66639,Bosque deciduo,2.518528142570205,SINAC - Consenso bosque deciduo 2021-2023,2021-2023,0,0,0,0
6093,SINAC_BD_0006093,66645,Bosque deciduo,1.0254004532399943,SINAC - Consenso bosque deciduo 2021-2023,2021-2023,1,1,0,0
6094,SINAC_BD_0006094,66653,Bosque deciduo,3.6505505374496985,SINAC - Consenso bosque deciduo 2021-2023,2021-2023,0,0,0,0
6095,SINAC_BD_0006095,66665,Bosque deciduo,3.9121724589433806,SINAC - Consenso bosque deciduo 2021-2023,2021-2023,1,1,0,0
6096,SINAC_BD_0006096,66668,Bosque deciduo,1.1570699222791543,SINAC - Consenso bosque deciduo 2021-2023,2021-2023,0,0,0,0
6097,SINAC_BD_0006097,66670,Bosque deciduo,2.7346097874293975,SINAC - Consenso bosque deciduo 2021-2023,2021-2023,1,1,0,0
6098,SINAC_BD_0006098,66671,Bosque deciduo,2.298370245572048,SINAC - Consenso bosque deciduo 2021-2023,2021-2023,1,0,0,0
6099,SINAC_BD_0006099,66674,Bosque deciduo,1.1789381069247542,SINAC - Consenso bosque deciduo 2021-2023,2021-2023,0,0,0,0
6100,SINAC_BD_0006100,66681,Bosque deciduo,2.9106185480754205,SINAC - Consenso bosque deciduo 2021-2023,2021-2023,1,1,0,0
6101,SINAC_BD_0006101,66703,Bosque deciduo,19.144104675301133,SINAC - Consenso bosque deciduo 2021-2023,2021-2023,1,1,1,0
6102,SINAC_BD_0006102,66733,Bosque deciduo,9.303791490045542,SINAC - Consenso bosque deciduo 2021-2023,2021-2023,1,0,0,0
6103,SINAC_BD_0006103,66734,Bosque deciduo,1.45,SINAC - Consenso bosque deciduo 2021-2023,2021-2023,0,0,0,0
6104,SINAC_BD_0006104,66737,Bosque deciduo,3.292849284897709,SINAC - Consenso bosque deciduo 2021-2023,2021-2023,1,0,0,0
6105,SINAC_BD_0006105,66742,Bosque deciduo,1.2642803632429818,SINAC - Consenso bosque deciduo 2021-2023,2021-2023,0,0,0,0
6106,SINAC_BD_0006106,66771,Bosque deciduo,1.1119748271657641,SINAC - Consenso bosque deciduo 2021-2023,2021-2023,1,0,0,0
6107,SINAC_BD_0006107,66775,Bosque deciduo,2.351373195984471,SINAC - Consenso bosque deciduo 2021-2023,2021-2023,1,0,0,0
6108,SINAC_BD_0006108,66789,Bosque deciduo,1.2807997849759933,SINAC - Consenso bosque deciduo 2021-2023,2021-2023,0,0,0,0
6109,SINAC_BD_0006109,66819,Bosque deciduo,1.6376596539042938,SINAC - Consenso bosque deciduo 2021-2023,2021-2023,1,0,0,0
6110,SINAC_BD_0006110,66823,Bosque deciduo,6.266477304566016,SINAC - Consenso bosque deciduo 2021-2023,2021-2023,1,1,1,0
6111,SINAC_BD_0006111,66835,Bosque deciduo,1.8319080137427084,SINAC - Consenso bosque deciduo 2021-2023,2021-2023,1,0,0,0
6112,SINAC_BD_0006112,66839,Bosque deciduo,1.6582978909604267,SINAC - Consenso bosque deciduo 2021-2023,2021-2023,0,0,0,0
6113,SINAC_BD_0006113,66843,Bosque deciduo,1.2459345714711143,SINAC - Consenso bosque deciduo 2021-2023,2021-2023,1,0,0,0
6114,SINAC_BD_0006114,66860,Bosque deciduo,1.218693318204702,SINAC - Consenso bosque deciduo 2021-2023,2021-2023,1,0,0,0
6115,SINAC_BD_0006115,66888,Bosque deciduo,45.79751115630269,SINAC - Consenso bosque deciduo 2021-2023,2021-2023,1,1,0,0
6116,SINAC_BD_0006116,66927,Bosque deciduo,2.545602718232887,SINAC - Consenso bosque deciduo 2021-2023,2021-2023,1,1,0,0
6117,SINAC_BD_0006117,66952,Bosque deciduo,1.4651117114617487,SINAC - Consenso bosque deciduo 2021-2023,2021-2023,1,1,0,0
6118,SINAC_BD_0006118,66954,Bosque deciduo,1.1229962163699212,SINAC - Consenso bosque deciduo 2021-2023,2021-2023,1,0,0,0
6119,SINAC_BD_0006119,66959,Bosque deciduo,8.059190646570347,SINAC - Consenso bosque deciduo 2021-2023,2021-2023,1,1,0,0
6120,SINAC_BD_0006120,66970,Bosque deciduo,1.5989828552865104,SINAC - Consenso bosque deciduo 2021-2023,2021-2023,1,0,0,0
6121,SINAC_BD_0006121,66976,Bosque deciduo,1.7662822873012458,SINAC - Consenso bosque deciduo 2021-2023,2021-2023,0,0,0,0
6122,SINAC_BD_0006122,67019,Bosque deciduo,3.949901147447328,SINAC - Consenso bosque deciduo 2021-2023,2021-2023,1,1,1,0
6123,SINAC_BD_0006123,67031,Bosque deciduo,2.9975340003122763,SINAC - Consenso bosque deciduo 2021-2023,2021-2023,1,0,0,0
6124,SINAC_BD_0006124,67036,Bosque deciduo,1.0456556804527415,SINAC - Consenso bosque deciduo 2021-2023,2021-2023,1,0,0,0
6125,SINAC_BD_0006125,67043,Bosque deciduo,1.4085206137017159,SINAC - Consenso bosque deciduo 2021-2023,2021-2023,0,0,0,0
6126,SINAC_BD_0006126,67049,Bosque deciduo,4.493048775835906,SINAC - Consenso bosque deciduo 2021-2023,2021-2023,1,0,0,0
6127,SINAC_BD_0006127,67061,Bosque deciduo,1.572087870191717,SINAC - Consenso bosque deciduo 2021-2023,2021-2023,1,1,0,0
6128,SINAC_BD_0006128,67063,Bosque deciduo,5.8702058936874,SINAC - Consenso bosque deciduo 2021-2023,2021-2023,1,0,0,0
6129,SINAC_BD_0006129,67064,Bosque deciduo,1.4492252371267913,SINAC - Consenso bosque deciduo 2021-2023,2021-2023,1,1,0,0
6130,SINAC_BD_0006130,67068,Bosque deciduo,1.02,SINAC - Consenso bosque deciduo 2021-2023,2021-2023,0,0,0,0
6131,SINAC_BD_0006131,67069,Bosque deciduo,2.458022790641206,SINAC - Consenso bosque deciduo 2021-2023,2021-2023,1,0,0,0
6132,SINAC_BD_0006132,67071,Bosque deciduo,3.1789965885140123,SINAC - Consenso bosque deciduo 2021-2023,2021-2023,0,0,0,0
6133,SINAC_BD_0006133,67088,Bosque deciduo,2.216370247483911,SINAC - Consenso bosque deciduo 2021-2023,2021-2023,1,1,0,0
6134,SINAC_BD_0006134,67092,Bosque deciduo,12.42238425912245,SINAC - Consenso bosque deciduo 2021-2023,2021-2023,1,1,1,1
6135,SINAC_BD_0006135,67127,Bosque deciduo,2.396538872779408,SINAC - Consenso bosque deciduo 2021-2023,2021-2023,0,0,0,0
6136,SINAC_BD_0006136,67132,Bosque deciduo,1.8,SINAC - Consenso bosque deciduo 2021-2023,2021-2023,1,1,0,0
6137,SINAC_BD_0006137,67136,Bosque deciduo,1.745781556433077,SINAC - Consenso bosque deciduo 2021-2023,2021-2023,1,1,0,0
6138,SINAC_BD_0006138,67149,Bosque deciduo,4.333073924959869,SINAC - Consenso bosque deciduo 2021-2023,2021-2023,1,1,0,0
6139,SINAC_BD_0006139,67168,Bosque deciduo,2.9872909460059187,SINAC - Consenso bosque deciduo 2021-2023,2021-2023,1,1,1,0
6140,SINAC_BD_0006140,67169,Bosque deciduo,3.500850429811793,SINAC - Consenso bosque deciduo 2021-2023,2021-2023,1,0,0,0
6141,SINAC_BD_0006141,67170,Bosque deciduo,4.011719644218982,SINAC - Consenso bosque deciduo 2021-2023,2021-2023,1,1,0,0
6142,SINAC_BD_0006142,67172,Bosque deciduo,1.6692329314034735,SINAC - Consenso bosque deciduo 2021-2023,2021-2023,1,1,1,0
6143,SINAC_BD_0006143,67194,Bosque deciduo,5.356842647123803,SINAC - Consenso bosque deciduo 2021-2023,2021-2023,1,1,0,0
6144,SINAC_BD_0006144,67222,Bosque deciduo,2.254870677306958,SINAC - Consenso bosque deciduo 2021-2023,2021-2023,1,0,0,0
6145,SINAC_BD_0006145,67236,Bosque deciduo,6.130275457423422,SINAC - Consenso bosque deciduo 2021-2023,2021-2023,1,1,0,0
6146,SINAC_BD_0006146,67238,Bosque deciduo,2.6381828730514814,SINAC - Consenso bosque deciduo 2021-2023,2021-2023,0,0,1,0
6147,SINAC_BD_0006147,67239,Bosque deciduo,2.1915745547906322,SINAC - Consenso bosque deciduo 2021-2023,2021-2023,1,0,0,0
6148,SINAC_BD_0006148,67240,Bosque deciduo,2.4370117923185064,SINAC - Consenso bosque deciduo 2021-2023,2021-2023,0,0,0,0
6149,SINAC_BD_0006149,67242,Bosque deciduo,3.8543081584699337,SINAC - Consenso bosque deciduo 2021-2023,2021-2023,1,0,0,0
6150,SINAC_BD_0006150,67245,Bosque deciduo,5.02434145569658,SINAC - Consenso bosque deciduo 2021-2023,2021-2023,1,0,0,0
6151,SINAC_BD_0006151,67246,Bosque deciduo,10.87352764648876,SINAC - Consenso bosque deciduo 2021-2023,2021-2023,1,1,0,0
6152,SINAC_BD_0006152,67250,Bosque deciduo,1.624914157557211,SINAC - Consenso bosque deciduo 2021-2023,2021-2023,0,0,0,0
6153,SINAC_BD_0006153,67251,Bosque deciduo,1.6885465214288502,SINAC - Consenso bosque deciduo 2021-2023,2021-2023,0,0,0,0
6154,SINAC_BD_0006154,67259,Bosque deciduo,5.071308240184733,SINAC - Consenso bosque deciduo 2021-2023,2021-2023,1,0,0,0
6155,SINAC_BD_0006155,67261,Bosque deciduo,5.642636549191604,SINAC - Consenso bosque deciduo 2021-2023,2021-2023,1,1,0,0
6156,SINAC_BD_0006156,67285,Bosque deciduo,1.4227350586303513,SINAC - Consenso bosque deciduo 2021-2023,2021-2023,1,0,0,0
6157,SINAC_BD_0006157,67290,Bosque deciduo,1.2258345471340353,SINAC - Consenso bosque deciduo 2021-2023,2021-2023,0,0,0,0
6158,SINAC_BD_0006158,67292,Bosque deciduo,1.2421756026527835,SINAC - Consenso bosque deciduo 2021-2023,2021-2023,1,0,0,0
6159,SINAC_BD_0006159,67313,Bosque deciduo,1.0586078089918962,SINAC - Consenso bosque deciduo 2021-2023,2021-2023,0,0,0,0
6160,SINAC_BD_0006160,67345,Bosque deciduo,2.0708853338714106,SINAC - Consenso bosque deciduo 2021-2023,2021-2023,0,0,0,0
6161,SINAC_BD_0006161,67347,Bosque deciduo,2.8252483004297506,SINAC - Consenso bosque deciduo 2021-2023,2021-2023,1,0,0,0
6162,SINAC_BD_0006162,67351,Bosque deciduo,3.953866645901057,SINAC - Consenso bosque deciduo 2021-2023,2021-2023,1,1,0,0
6163,SINAC_BD_0006163,67358,Bosque deciduo,418.17934326708706,SINAC - Consenso bosque deciduo 2021-2023,2021-2023,1,1,1,1
6164,SINAC_BD_0006164,67360,Bosque deciduo,2.4581496925881408,SINAC - Consenso bosque deciduo 2021-2023,2021-2023,1,1,1,0
6165,SINAC_BD_0006165,67363,Bosque deciduo,1.0757789718397186,SINAC - Consenso bosque deciduo 2021-2023,2021-2023,1,0,0,0
6166,SINAC_BD_0006166,67372,Bosque deciduo,3.864132227928535,SINAC - Consenso bosque deciduo 2021-2023,2021-2023,0,0,0,0
6167,SINAC_BD_0006167,67374,Bosque deciduo,2.9616543372253608,SINAC - Consenso bosque deciduo 2021-2023,2021-2023,1,0,0,0
6168,SINAC_BD_0006168,67389,Bosque deciduo,1.937757439037117,SINAC - Consenso bosque deciduo 2021-2023,2021-2023,1,0,0,0
6169,SINAC_BD_0006169,67394,Bosque deciduo,1.7228039913115822,SINAC - Consenso bosque deciduo 2021-2023,2021-2023,1,0,0,0
6170,SINAC_BD_0006170,67408,Bosque deciduo,2.149778903052916,SINAC - Consenso bosque deciduo 2021-2023,2021-2023,1,0,0,0
6171,SINAC_BD_0006171,67414,Bosque deciduo,1.3882885072345343,SINAC - Consenso bosque deciduo 2021-2023,2021-2023,1,0,1,0
6172,SINAC_BD_0006172,67430,Bosque deciduo,1.4768732603699504,SINAC - Consenso bosque deciduo 2021-2023,2021-2023,1,0,1,0
6173,SINAC_BD_0006173,67450,Bosque deciduo,1.8770027043416493,SINAC - Consenso bosque deciduo 2021-2023,2021-2023,0,0,0,0
6174,SINAC_BD_0006174,67452,Bosque deciduo,2.7887550345630636,SINAC - Consenso bosque deciduo 2021-2023,2021-2023,1,0,0,0
6175,SINAC_BD_0006175,67453,Bosque deciduo,1.1803352921508612,SINAC - Consenso bosque deciduo 2021-2023,2021-2023,0,0,0,0
6176,SINAC_BD_0006176,67480,Bosque deciduo,3.5009671096984754,SINAC - Consenso bosque deciduo 2021-2023,2021-2023,1,0,0,0
6177,SINAC_BD_0006177,67495,Bosque deciduo,1.2989209788882023,SINAC - Consenso bosque deciduo 2021-2023,2021-2023,0,0,0,0
6178,SINAC_BD_0006178,67515,Bosque deciduo,2.351312884677232,SINAC - Consenso bosque deciduo 2021-2023,2021-2023,1,0,0,0
6179,SINAC_BD_0006179,67520,Bosque deciduo,1.2398744026949535,SINAC - Consenso bosque deciduo 2021-2023,2021-2023,1,0,0,0
6180,SINAC_BD_0006180,67533,Bosque deciduo,1.1322310407444798,SINAC - Consenso bosque deciduo 2021-2023,2021-2023,1,1,0,0
6181,SINAC_BD_0006181,67542,Bosque deciduo,2.6359159347304026,SINAC - Consenso bosque deciduo 2021-2023,2021-2023,1,1,0,0
6182,SINAC_BD_0006182,67543,Bosque deciduo,18.59716672122861,SINAC - Consenso bosque deciduo 2021-2023,2021-2023,1,1,0,0
6183,SINAC_BD_0006183,67550,Bosque deciduo,1.7731466830526303,SINAC - Consenso bosque deciduo 2021-2023,2021-2023,0,0,0,0
6184,SINAC_BD_0006184,67552,Bosque deciduo,1.04625971294839,SINAC - Consenso bosque deciduo 2021-2023,2021-2023,1,0,0,0
6185,SINAC_BD_0006185,67558,Bosque deciduo,1.539815822133721,SINAC - Consenso bosque deciduo 2021-2023,2021-2023,1,1,0,0
6186,SINAC_BD_0006186,67559,Bosque deciduo,1.01,SINAC - Consenso bosque deciduo 2021-2023,2021-2023,0,0,0,0
6187,SINAC_BD_0006187,67578,Bosque deciduo,1.247235597329078,SINAC - Consenso bosque deciduo 2021-2023,2021-2023,1,1,0,0
6188,SINAC_BD_0006188,67588,Bosque deciduo,1.063628635371602,SINAC - Consenso bosque deciduo 2021-2023,2021-2023,1,1,0,0
6189,SINAC_BD_0006189,67612,Bosque deciduo,2.8848000021129705,SINAC - Consenso bosque deciduo 2021-2023,2021-2023,1,1,0,0
6190,SINAC_BD_0006190,67621,Bosque deciduo,2.3991572168161874,SINAC - Consenso bosque deciduo 2021-2023,2021-2023,1,1,0,0
6191,SINAC_BD_0006191,67626,Bosque deciduo,1.098534735767789,SINAC - Consenso bosque deciduo 2021-2023,2021-2023,1,1,0,0
6192,SINAC_BD_0006192,67634,Bosque deciduo,10.726291031092577,SINAC - Consenso bosque deciduo 2021-2023,2021-2023,1,1,0,0
6193,SINAC_BD_0006193,67637,Bosque deciduo,47.44154770755446,SINAC - Consenso bosque deciduo 2021-2023,2021-2023,1,1,1,1
6194,SINAC_BD_0006194,67638,Bosque deciduo,1.7471273524780473,SINAC - Consenso bosque deciduo 2021-2023,2021-2023,1,0,0,0
6195,SINAC_BD_0006195,67646,Bosque deciduo,2.2006651917719546,SINAC - Consenso bosque deciduo 2021-2023,2021-2023,1,0,0,0
6196,SINAC_BD_0006196,67650,Bosque deciduo,6.8032848774996575,SINAC - Consenso bosque deciduo 2021-2023,2021-2023,1,0,0,0
6197,SINAC_BD_0006197,67658,Bosque deciduo,1.2195203965395713,SINAC - Consenso bosque deciduo 2021-2023,2021-2023,0,0,0,0
6198,SINAC_BD_0006198,67659,Bosque deciduo,1.0923119586932186,SINAC - Consenso bosque deciduo 2021-2023,2021-2023,0,0,0,0
6199,SINAC_BD_0006199,67668,Bosque deciduo,2.9675360907644133,SINAC - Consenso bosque deciduo 2021-2023,2021-2023,0,0,0,0
6200,SINAC_BD_0006200,67678,Bosque deciduo,3.4228039532268295,SINAC - Consenso bosque deciduo 2021-2023,2021-2023,1,1,1,0
6201,SINAC_BD_0006201,67683,Bosque deciduo,1.3311220276163447,SINAC - Consenso bosque deciduo 2021-2023,2021-2023,0,0,0,0
6202,SINAC_BD_0006202,67701,Bosque deciduo,10.998608551621295,SINAC - Consenso bosque deciduo 2021-2023,2021-2023,1,1,1,0
6203,SINAC_BD_0006203,67714,Bosque deciduo,21.279597368749666,SINAC - Consenso bosque deciduo 2021-2023,2021-2023,1,1,1,0
6204,SINAC_BD_0006204,67715,Bosque deciduo,1.3894918625386425,SINAC - Consenso bosque deciduo 2021-2023,2021-2023,1,0,0,0
6205,SINAC_BD_0006205,67718,Bosque deciduo,6.232811390707572,SINAC - Consenso bosque deciduo 2021-2023,2021-2023,1,0,0,0
6206,SINAC_BD_0006206,67721,Bosque deciduo,2.2238817878469184,SINAC - Consenso bosque deciduo 2021-2023,2021-2023,1,0,0,0
6207,SINAC_BD_0006207,67726,Bosque deciduo,2.353162220613796,SINAC - Consenso bosque deciduo 2021-2023,2021-2023,1,1,0,0
6208,SINAC_BD_0006208,67769,Bosque deciduo,3.4109796310429266,SINAC - Consenso bosque deciduo 2021-2023,2021-2023,1,1,0,0
6209,SINAC_BD_0006209,67787,Bosque deciduo,5.46722655616557,SINAC - Consenso bosque deciduo 2021-2023,2021-2023,1,1,1,0
6210,SINAC_BD_0006210,67789,Bosque deciduo,1.032727475420075,SINAC - Consenso bosque deciduo 2021-2023,2021-2023,0,0,0,0
6211,SINAC_BD_0006211,67794,Bosque deciduo,1.4147649255044559,SINAC - Consenso bosque deciduo 2021-2023,2021-2023,0,0,0,0
6212,SINAC_BD_0006212,67795,Bosque deciduo,1.8381491385173074,SINAC - Consenso bosque deciduo 2021-2023,2021-2023,1,0,0,0
6213,SINAC_BD_0006213,67804,Bosque deciduo,3.1206125158485802,SINAC - Consenso bosque deciduo 2021-2023,2021-2023,0,0,0,0
6214,SINAC_BD_0006214,67816,Bosque deciduo,1.1034251606353038,SINAC - Consenso bosque deciduo 2021-2023,2021-2023,0,0,0,0
6215,SINAC_BD_0006215,67825,Bosque deciduo,5.473540121239762,SINAC - Consenso bosque deciduo 2021-2023,2021-2023,1,0,0,0
6216,SINAC_BD_0006216,67862,Bosque deciduo,2.045689254217596,SINAC - Consenso bosque deciduo 2021-2023,2021-2023,1,0,0,0
6217,SINAC_BD_0006217,67863,Bosque deciduo,6.0520511621477695,SINAC - Consenso bosque deciduo 2021-2023,2021-2023,0,0,0,0
6218,SINAC_BD_0006218,67882,Bosque deciduo,2.3380751854393336,SINAC - Consenso bosque deciduo 2021-2023,2021-2023,1,0,0,0
6219,SINAC_BD_0006219,67883,Bosque deciduo,1.4012402093980716,SINAC - Consenso bosque deciduo 2021-2023,2021-2023,1,0,0,0
6220,SINAC_BD_0006220,67894,Bosque deciduo,3.2415263119083435,SINAC - Consenso bosque deciduo 2021-2023,2021-2023,1,1,0,0
6221,SINAC_BD_0006221,67897,Bosque deciduo,2.4177087977744853,SINAC - Consenso bosque deciduo 2021-2023,2021-2023,1,0,0,0
6222,SINAC_BD_0006222,67898,Bosque deciduo,2.243267783450893,SINAC - Consenso bosque deciduo 2021-2023,2021-2023,0,0,0,0
6223,SINAC_BD_0006223,67899,Bosque deciduo,1.8676408599948253,SINAC - Consenso bosque deciduo 2021-2023,2021-2023,0,0,0,0
6224,SINAC_BD_0006224,67900,Bosque deciduo,17.339204628839486,SINAC - Consenso bosque deciduo 2021-2023,2021-2023,1,1,0,0
6225,SINAC_BD_0006225,67909,Bosque deciduo,1.353528079810487,SINAC - Consenso bosque deciduo 2021-2023,2021-2023,1,0,1,0
6226,SINAC_BD_0006226,67929,Bosque deciduo,2.789599993869535,SINAC - Consenso bosque deciduo 2021-2023,2021-2023,0,0,0,0
6227,SINAC_BD_0006227,67942,Bosque deciduo,2.2526867824754317,SINAC - Consenso bosque deciduo 2021-2023,2021-2023,1,0,0,0
6228,SINAC_BD_0006228,67956,Bosque deciduo,7.981719526644642,SINAC - Consenso bosque deciduo 2021-2023,2021-2023,0,0,0,0
6229,SINAC_BD_0006229,67991,Bosque deciduo,1.0560738735657689,SINAC - Consenso bosque deciduo 2021-2023,2021-2023,0,0,0,0
6230,SINAC_BD_0006230,67992,Bosque deciduo,2.385421171293191,SINAC - Consenso bosque deciduo 2021-2023,2021-2023,1,0,0,0
6231,SINAC_BD_0006231,67995,Bosque deciduo,7.699476130349608,SINAC - Consenso bosque deciduo 2021-2023,2021-2023,1,1,1,0
6232,SINAC_BD_0006232,67997,Bosque deciduo,1.8213256373146527,SINAC - Consenso bosque deciduo 2021-2023,2021-2023,1,1,0,0
6233,SINAC_BD_0006233,67999,Bosque deciduo,10.857403021207642,SINAC - Consenso bosque deciduo 2021-2023,2021-2023,1,1,0,0
6234,SINAC_BD_0006234,68000,Bosque deciduo,1.441382232746837,SINAC - Consenso bosque deciduo 2021-2023,2021-2023,0,0,0,0
6235,SINAC_BD_0006235,68001,Bosque deciduo,5.116453405399841,SINAC - Consenso bosque deciduo 2021-2023,2021-2023,1,0,0,0
6236,SINAC_BD_0006236,68002,Bosque deciduo,1.9564041136730932,SINAC - Consenso bosque deciduo 2021-2023,2021-2023,0,0,0,0
6237,SINAC_BD_0006237,68003,Bosque deciduo,1.2581984052634534,SINAC - Consenso bosque deciduo 2021-2023,2021-2023,0,0,0,0
6238,SINAC_BD_0006238,68005,Bosque deciduo,66.84004888532591,SINAC - Consenso bosque deciduo 2021-2023,2021-2023,1,1,1,1
6239,SINAC_BD_0006239,68006,Bosque deciduo,8.346565254259458,SINAC - Consenso bosque deciduo 2021-2023,2021-2023,1,1,0,0
6240,SINAC_BD_0006240,68007,Bosque deciduo,2.45401594817773,SINAC - Consenso bosque deciduo 2021-2023,2021-2023,1,0,0,0
6241,SINAC_BD_0006241,68008,Bosque deciduo,1.8258652097541115,SINAC - Consenso bosque deciduo 2021-2023,2021-2023,0,0,0,0
6242,SINAC_BD_0006242,68009,Bosque deciduo,1.7134682618147494,SINAC - Consenso bosque deciduo 2021-2023,2021-2023,0,0,0,0
6243,SINAC_BD_0006243,68010,Bosque deciduo,7.945531653389836,SINAC - Consenso bosque deciduo 2021-2023,2021-2023,1,0,1,0
6244,SINAC_BD_0006244,68014,Bosque deciduo,6.959810455043682,SINAC - Consenso bosque deciduo 2021-2023,2021-2023,1,1,0,0
6245,SINAC_BD_0006245,68020,Bosque deciduo,1.1211094007143276,SINAC - Consenso bosque deciduo 2021-2023,2021-2023,1,0,0,0
6246,SINAC_BD_0006246,68021,Bosque deciduo,1.4867853294207707,SINAC - Consenso bosque deciduo 2021-2023,2021-2023,0,0,0,0
6247,SINAC_BD_0006247,68024,Bosque deciduo,2.578454084067964,SINAC - Consenso bosque deciduo 2021-2023,2021-2023,1,1,0,0
6248,SINAC_BD_0006248,68030,Bosque deciduo,3.7255155350868416,SINAC - Consenso bosque deciduo 2021-2023,2021-2023,1,1,1,0
6249,SINAC_BD_0006249,68033,Bosque deciduo,2.5359839041157617,SINAC - Consenso bosque deciduo 2021-2023,2021-2023,0,0,0,0
6250,SINAC_BD_0006250,68034,Bosque deciduo,2.1981682717157844,SINAC - Consenso bosque deciduo 2021-2023,2021-2023,1,0,1,0
6251,SINAC_BD_0006251,68038,Bosque deciduo,2.0033824970851644,SINAC - Consenso bosque deciduo 2021-2023,2021-2023,1,1,0,0
6252,SINAC_BD_0006252,68046,Bosque deciduo,1.2233880624588818,SINAC - Consenso bosque deciduo 2021-2023,2021-2023,0,0,0,0
6253,SINAC_BD_0006253,68047,Bosque deciduo,1.2744796804007317,SINAC - Consenso bosque deciduo 2021-2023,2021-2023,1,0,0,0
6254,SINAC_BD_0006254,68062,Bosque deciduo,2.800660441713791,SINAC - Consenso bosque deciduo 2021-2023,2021-2023,1,0,0,0
6255,SINAC_BD_0006255,68085,Bosque deciduo,1.7882115135630356,SINAC - Consenso bosque deciduo 2021-2023,2021-2023,0,0,0,0
6256,SINAC_BD_0006256,68111,Bosque deciduo,2.9544001445818098,SINAC - Consenso bosque deciduo 2021-2023,2021-2023,1,0,0,0
6257,SINAC_BD_0006257,68112,Bosque deciduo,2.005096316281627,SINAC - Consenso bosque deciduo 2021-2023,2021-2023,0,0,0,0
6258,SINAC_BD_0006258,68113,Bosque deciduo,1.9370728818094634,SINAC - Consenso bosque deciduo 2021-2023,2021-2023,1,1,1,0
6259,SINAC_BD_0006259,68116,Bosque deciduo,9.959766061008633,SINAC - Consenso bosque deciduo 2021-2023,2021-2023,1,0,0,0
6260,SINAC_BD_0006260,68125,Bosque deciduo,2.6504949580706074,SINAC - Consenso bosque deciduo 2021-2023,2021-2023,0,0,0,0
6261,SINAC_BD_0006261,68167,Bosque deciduo,1.8146500164007147,SINAC - Consenso bosque deciduo 2021-2023,2021-2023,1,0,0,0
6262,SINAC_BD_0006262,68175,Bosque deciduo,2.6317095092202925,SINAC - Consenso bosque deciduo 2021-2023,2021-2023,1,1,0,0
6263,SINAC_BD_0006263,68183,Bosque deciduo,4.233775175358588,SINAC - Consenso bosque deciduo 2021-2023,2021-2023,1,0,0,0
6264,SINAC_BD_0006264,68184,Bosque deciduo,2.285973760900032,SINAC - Consenso bosque deciduo 2021-2023,2021-2023,1,1,1,0
6265,SINAC_BD_0006265,68216,Bosque deciduo,2.4627707088047393,SINAC - Consenso bosque deciduo 2021-2023,2021-2023,1,1,0,0
6266,SINAC_BD_0006266,68219,Bosque deciduo,1.1602980405972572,SINAC - Consenso bosque deciduo 2021-2023,2021-2023,0,0,0,0
6267,SINAC_BD_0006267,68220,Bosque deciduo,109.63807155290768,SINAC - Consenso bosque deciduo 2021-2023,2021-2023,1,1,0,0
6268,SINAC_BD_0006268,68222,Bosque deciduo,1.0162236121249668,SINAC - Consenso bosque deciduo 2021-2023,2021-2023,1,0,0,0
6269,SINAC_BD_0006269,68223,Bosque deciduo,3.376915526159152,SINAC - Consenso bosque deciduo 2021-2023,2021-2023,1,1,0,0
6270,SINAC_BD_0006270,68224,Bosque deciduo,9.892960240621944,SINAC - Consenso bosque deciduo 2021-2023,2021-2023,1,1,1,0
6271,SINAC_BD_0006271,68229,Bosque deciduo,3.8892080301129988,SINAC - Consenso bosque deciduo 2021-2023,2021-2023,1,1,1,0
6272,SINAC_BD_0006272,68230,Bosque deciduo,2.8653887746091153,SINAC - Consenso bosque deciduo 2021-2023,2021-2023,0,0,0,0
6273,SINAC_BD_0006273,68233,Bosque deciduo,1.0413987106174931,SINAC - Consenso bosque deciduo 2021-2023,2021-2023,1,0,0,0
6274,SINAC_BD_0006274,68234,Bosque deciduo,10.637438025305949,SINAC - Consenso bosque deciduo 2021-2023,2021-2023,1,1,1,1
6275,SINAC_BD_0006275,68236,Bosque deciduo,2.0859750855888035,SINAC - Consenso bosque deciduo 2021-2023,2021-2023,1,1,0,0
6276,SINAC_BD_0006276,68239,Bosque deciduo,1.1064392461636758,SINAC - Consenso bosque deciduo 2021-2023,2021-2023,1,0,0,0
6277,SINAC_BD_0006277,68243,Bosque deciduo,1.09171732153668,SINAC - Consenso bosque deciduo 2021-2023,2021-2023,1,1,0,0
6278,SINAC_BD_0006278,68244,Bosque deciduo,1.0199345790042862,SINAC - Consenso bosque deciduo 2021-2023,2021-2023,0,0,0,0
6279,SINAC_BD_0006279,68248,Bosque deciduo,1.6455165813441894,SINAC - Consenso bosque deciduo 2021-2023,2021-2023,1,1,0,0
6280,SINAC_BD_0006280,68254,Bosque deciduo,4.168099615685354,SINAC - Consenso bosque deciduo 2021-2023,2021-2023,1,0,0,0
6281,SINAC_BD_0006281,68256,Bosque deciduo,5.913823455817926,SINAC - Consenso bosque deciduo 2021-2023,2021-2023,1,1,1,0
6282,SINAC_BD_0006282,68259,Bosque deciduo,4.2301630511885,SINAC - Consenso bosque deciduo 2021-2023,2021-2023,1,1,0,0
6283,SINAC_BD_0006283,68263,Bosque deciduo,2.008833500431362,SINAC - Consenso bosque deciduo 2021-2023,2021-2023,0,0,0,0
6284,SINAC_BD_0006284,68264,Bosque deciduo,12.356590271340114,SINAC - Consenso bosque deciduo 2021-2023,2021-2023,1,1,1,0
6285,SINAC_BD_0006285,68273,Bosque deciduo,1.4182617476021397,SINAC - Consenso bosque deciduo 2021-2023,2021-2023,0,0,0,0
6286,SINAC_BD_0006286,68275,Bosque deciduo,10.485533835710362,SINAC - Consenso bosque deciduo 2021-2023,2021-2023,1,1,0,0
6287,SINAC_BD_0006287,68276,Bosque deciduo,5.946520306850036,SINAC - Consenso bosque deciduo 2021-2023,2021-2023,1,0,0,0
6288,SINAC_BD_0006288,68277,Bosque deciduo,2.11546654293324,SINAC - Consenso bosque deciduo 2021-2023,2021-2023,0,0,0,0
6289,SINAC_BD_0006289,68278,Bosque deciduo,1.287697906931312,SINAC - Consenso bosque deciduo 2021-2023,2021-2023,0,0,0,0
6290,SINAC_BD_0006290,68281,Bosque deciduo,8.562318824817595,SINAC - Consenso bosque deciduo 2021-2023,2021-2023,1,1,0,0
6291,SINAC_BD_0006291,68282,Bosque deciduo,18.168342586266125,SINAC - Consenso bosque deciduo 2021-2023,2021-2023,1,1,1,1
6292,SINAC_BD_0006292,68283,Bosque deciduo,2.0582164649443024,SINAC - Consenso bosque deciduo 2021-2023,2021-2023,1,0,0,0
6293,SINAC_BD_0006293,68286,Bosque deciduo,4.295810265887997,SINAC - Consenso bosque deciduo 2021-2023,2021-2023,1,1,0,0
6294,SINAC_BD_0006294,68287,Bosque deciduo,7.818427997265461,SINAC - Consenso bosque deciduo 2021-2023,2021-2023,1,0,0,0
6295,SINAC_BD_0006295,68289,Bosque deciduo,2.2788229490674956,SINAC - Consenso bosque deciduo 2021-2023,2021-2023,1,0,0,0
6296,SINAC_BD_0006296,68290,Bosque deciduo,1.5289515993978258,SINAC - Consenso bosque deciduo 2021-2023,2021-2023,0,0,0,0
6297,SINAC_BD_0006297,68293,Bosque deciduo,14.062453993108393,SINAC - Consenso bosque deciduo 2021-2023,2021-2023,1,1,0,0
6298,SINAC_BD_0006298,68294,Bosque deciduo,1.088521157569108,SINAC - Consenso bosque deciduo 2021-2023,2021-2023,0,0,0,0
6299,SINAC_BD_0006299,68297,Bosque deciduo,9.354171781276714,SINAC - Consenso bosque deciduo 2021-2023,2021-2023,1,0,1,0
6300,SINAC_BD_0006300,68299,Bosque deciduo,1.6561907449419737,SINAC - Consenso bosque deciduo 2021-2023,2021-2023,1,0,0,0
6301,SINAC_BD_0006301,68300,Bosque deciduo,6.737273757620843,SINAC - Consenso bosque deciduo 2021-2023,2021-2023,1,0,0,0
6302,SINAC_BD_0006302,68301,Bosque deciduo,6.775442878807637,SINAC - Consenso bosque deciduo 2021-2023,2021-2023,1,0,0,0
6303,SINAC_BD_0006303,68328,Bosque deciduo,1.0301262135222848,SINAC - Consenso bosque deciduo 2021-2023,2021-2023,1,1,0,0
6304,SINAC_BD_0006304,68329,Bosque deciduo,1.551639668304976,SINAC - Consenso bosque deciduo 2021-2023,2021-2023,1,0,0,0
6305,SINAC_BD_0006305,68331,Bosque deciduo,4.480084283774592,SINAC - Consenso bosque deciduo 2021-2023,2021-2023,0,0,1,0
6306,SINAC_BD_0006306,68357,Bosque deciduo,1.7941822919978863,SINAC - Consenso bosque deciduo 2021-2023,2021-2023,0,0,0,0
6307,SINAC_BD_0006307,68385,Bosque deciduo,1.276568180776152,SINAC - Consenso bosque deciduo 2021-2023,2021-2023,1,0,0,0
6308,SINAC_BD_0006308,68387,Bosque deciduo,3.6253318648573027,SINAC - Consenso bosque deciduo 2021-2023,2021-2023,1,1,0,0
6309,SINAC_BD_0006309,68388,Bosque deciduo,1.8827733583582102,SINAC - Consenso bosque deciduo 2021-2023,2021-2023,0,0,0,0
6310,SINAC_BD_0006310,68389,Bosque deciduo,13.946541393949763,SINAC - Consenso bosque deciduo 2021-2023,2021-2023,1,1,1,0
6311,SINAC_BD_0006311,68392,Bosque deciduo,2.894237407536899,SINAC - Consenso bosque deciduo 2021-2023,2021-2023,1,0,0,0
6312,SINAC_BD_0006312,68400,Bosque deciduo,2.2578848833587397,SINAC - Consenso bosque deciduo 2021-2023,2021-2023,1,1,0,0
6313,SINAC_BD_0006313,68414,Bosque deciduo,3.0739129719021725,SINAC - Consenso bosque deciduo 2021-2023,2021-2023,1,1,0,0
6314,SINAC_BD_0006314,68418,Bosque deciduo,4.702341146157936,SINAC - Consenso bosque deciduo 2021-2023,2021-2023,1,1,0,0
6315,SINAC_BD_0006315,68419,Bosque deciduo,2.06240904835233,SINAC - Consenso bosque deciduo 2021-2023,2021-2023,0,0,0,0
6316,SINAC_BD_0006316,68445,Bosque deciduo,3.136350918014648,SINAC - Consenso bosque deciduo 2021-2023,2021-2023,1,0,0,0
6317,SINAC_BD_0006317,68449,Bosque deciduo,9.1260091322862,SINAC - Consenso bosque deciduo 2021-2023,2021-2023,1,1,0,0
6318,SINAC_BD_0006318,68450,Bosque deciduo,1.2596659820782012,SINAC - Consenso bosque deciduo 2021-2023,2021-2023,0,0,0,0
6319,SINAC_BD_0006319,68456,Bosque deciduo,3.743436025566282,SINAC - Consenso bosque deciduo 2021-2023,2021-2023,0,0,0,0
6320,SINAC_BD_0006320,68460,Bosque deciduo,4.547926878086692,SINAC - Consenso bosque deciduo 2021-2023,2021-2023,1,0,0,0
6321,SINAC_BD_0006321,68462,Bosque deciduo,81.62308287397549,SINAC - Consenso bosque deciduo 2021-2023,2021-2023,1,1,1,1
6322,SINAC_BD_0006322,68473,Bosque deciduo,2.049224587363288,SINAC - Consenso bosque deciduo 2021-2023,2021-2023,1,1,0,0
6323,SINAC_BD_0006323,68478,Bosque deciduo,5.2592373368287335,SINAC - Consenso bosque deciduo 2021-2023,2021-2023,1,1,0,0
6324,SINAC_BD_0006324,68488,Bosque deciduo,1.1424098298706384,SINAC - Consenso bosque deciduo 2021-2023,2021-2023,0,0,0,0
6325,SINAC_BD_0006325,68497,Bosque deciduo,2.369857300684825,SINAC - Consenso bosque deciduo 2021-2023,2021-2023,1,0,0,0
6326,SINAC_BD_0006326,68512,Bosque deciduo,4.771434734393258,SINAC - Consenso bosque deciduo 2021-2023,2021-2023,1,0,0,0
6327,SINAC_BD_0006327,68514,Bosque deciduo,1.9016603818841538,SINAC - Consenso bosque deciduo 2021-2023,2021-2023,0,0,0,0
6328,SINAC_BD_0006328,68515,Bosque deciduo,6.401021141045643,SINAC - Consenso bosque deciduo 2021-2023,2021-2023,1,1,0,0
6329,SINAC_BD_0006329,68537,Bosque deciduo,1.0599459254085977,SINAC - Consenso bosque deciduo 2021-2023,2021-2023,1,1,1,0
6330,SINAC_BD_0006330,68539,Bosque deciduo,1.0946627211220576,SINAC - Consenso bosque deciduo 2021-2023,2021-2023,0,0,0,0
6331,SINAC_BD_0006331,68552,Bosque deciduo,1.5163177722298111,SINAC - Consenso bosque deciduo 2021-2023,2021-2023,0,0,0,0
6332,SINAC_BD_0006332,68555,Bosque deciduo,2.883363087340375,SINAC - Consenso bosque deciduo 2021-2023,2021-2023,0,0,0,0
6333,SINAC_BD_0006333,68566,Bosque deciduo,3.307551409055738,SINAC - Consenso bosque deciduo 2021-2023,2021-2023,1,0,0,0
6334,SINAC_BD_0006334,68567,Bosque deciduo,7.218156236032913,SINAC - Consenso bosque deciduo 2021-2023,2021-2023,1,1,0,0
6335,SINAC_BD_0006335,68568,Bosque deciduo,1.5345756627126026,SINAC - Consenso bosque deciduo 2021-2023,2021-2023,1,0,0,0
6336,SINAC_BD_0006336,68583,Bosque deciduo,1.4273326686736825,SINAC - Consenso bosque deciduo 2021-2023,2021-2023,1,0,1,0
6337,SINAC_BD_0006337,68604,Bosque deciduo,11.819792755716916,SINAC - Consenso bosque deciduo 2021-2023,2021-2023,1,1,0,0
6338,SINAC_BD_0006338,68605,Bosque deciduo,262.61038557381266,SINAC - Consenso bosque deciduo 2021-2023,2021-2023,1,1,1,1
6339,SINAC_BD_0006339,68608,Bosque deciduo,1.0939007363453372,SINAC - Consenso bosque deciduo 2021-2023,2021-2023,0,0,0,0
6340,SINAC_BD_0006340,68611,Bosque deciduo,2.311979661309073,SINAC - Consenso bosque deciduo 2021-2023,2021-2023,1,0,0,0
6341,SINAC_BD_0006341,68627,Bosque deciduo,43.415931727661274,SINAC - Consenso bosque deciduo 2021-2023,2021-2023,1,1,1,0
6342,SINAC_BD_0006342,68637,Bosque deciduo,3.5365816741755065,SINAC - Consenso bosque deciduo 2021-2023,2021-2023,0,0,0,0
6343,SINAC_BD_0006343,68639,Bosque deciduo,2.0927877281983798,SINAC - Consenso bosque deciduo 2021-2023,2021-2023,0,0,0,0
6344,SINAC_BD_0006344,68643,Bosque deciduo,3.8786669521436066,SINAC - Consenso bosque deciduo 2021-2023,2021-2023,1,0,0,0
6345,SINAC_BD_0006345,68664,Bosque deciduo,1.862574154853239,SINAC - Consenso bosque deciduo 2021-2023,2021-2023,1,0,0,0
6346,SINAC_BD_0006346,68666,Bosque deciduo,1.3741995555234006,SINAC - Consenso bosque deciduo 2021-2023,2021-2023,0,1,0,0
6347,SINAC_BD_0006347,68668,Bosque deciduo,6.8049319504116665,SINAC - Consenso bosque deciduo 2021-2023,2021-2023,1,1,0,0
6348,SINAC_BD_0006348,68678,Bosque deciduo,1.2150389234239614,SINAC - Consenso bosque deciduo 2021-2023,2021-2023,0,0,0,0
6349,SINAC_BD_0006349,68686,Bosque deciduo,1.0202106426531634,SINAC - Consenso bosque deciduo 2021-2023,2021-2023,0,0,0,0
6350,SINAC_BD_0006350,68687,Bosque deciduo,9.072616823982228,SINAC - Consenso bosque deciduo 2021-2023,2021-2023,1,1,1,0
6351,SINAC_BD_0006351,68688,Bosque deciduo,5.578012008495953,SINAC - Consenso bosque deciduo 2021-2023,2021-2023,0,0,0,0
6352,SINAC_BD_0006352,68706,Bosque deciduo,3.536024362089138,SINAC - Consenso bosque deciduo 2021-2023,2021-2023,1,0,0,0
6353,SINAC_BD_0006353,68729,Bosque deciduo,2.8066584411366997,SINAC - Consenso bosque deciduo 2021-2023,2021-2023,1,0,0,0
6354,SINAC_BD_0006354,68750,Bosque deciduo,1.3300391875716657,SINAC - Consenso bosque deciduo 2021-2023,2021-2023,0,0,0,0
6355,SINAC_BD_0006355,68762,Bosque deciduo,1.3891303411450322,SINAC - Consenso bosque deciduo 2021-2023,2021-2023,0,0,0,0
6356,SINAC_BD_0006356,68763,Bosque deciduo,1.6355053786745002,SINAC - Consenso bosque deciduo 2021-2023,2021-2023,0,0,0,0
6357,SINAC_BD_0006357,68767,Bosque deciduo,2.5638793610951973,SINAC - Consenso bosque deciduo 2021-2023,2021-2023,1,0,0,0
6358,SINAC_BD_0006358,68770,Bosque deciduo,6.727674085040341,SINAC - Consenso bosque deciduo 2021-2023,2021-2023,1,1,0,0
6359,SINAC_BD_0006359,68777,Bosque deciduo,3.264207284826462,SINAC - Consenso bosque deciduo 2021-2023,2021-2023,0,0,0,0
6360,SINAC_BD_0006360,68829,Bosque deciduo,7.996308118995135,SINAC - Consenso bosque deciduo 2021-2023,2021-2023,1,1,0,0
6361,SINAC_BD_0006361,68863,Bosque deciduo,1.7759923400153181,SINAC - Consenso bosque deciduo 2021-2023,2021-2023,1,0,0,0
6362,SINAC_BD_0006362,68864,Bosque deciduo,1.3717114589467785,SINAC - Consenso bosque deciduo 2021-2023,2021-2023,0,0,0,0
6363,SINAC_BD_0006363,68884,Bosque deciduo,2.3771430157709945,SINAC - Consenso bosque deciduo 2021-2023,2021-2023,1,0,0,0
6364,SINAC_BD_0006364,68890,Bosque deciduo,68.97879249489004,SINAC - Consenso bosque deciduo 2021-2023,2021-2023,1,1,0,0
6365,SINAC_BD_0006365,68899,Bosque deciduo,2.4024246804581764,SINAC - Consenso bosque deciduo 2021-2023,2021-2023,1,1,0,0
6366,SINAC_BD_0006366,68900,Bosque deciduo,2.32072640795799,SINAC - Consenso bosque deciduo 2021-2023,2021-2023,0,0,0,0
6367,SINAC_BD_0006367,68901,Bosque deciduo,1.795191893309688,SINAC - Consenso bosque deciduo 2021-2023,2021-2023,0,0,0,0
6368,SINAC_BD_0006368,68906,Bosque deciduo,6.228283238251879,SINAC - Consenso bosque deciduo 2021-2023,2021-2023,1,1,0,0
6369,SINAC_BD_0006369,68909,Bosque deciduo,1.1266612690858429,SINAC - Consenso bosque deciduo 2021-2023,2021-2023,1,0,0,0
6370,SINAC_BD_0006370,68912,Bosque deciduo,11.752205545469733,SINAC - Consenso bosque deciduo 2021-2023,2021-2023,1,0,0,0
6371,SINAC_BD_0006371,68919,Bosque deciduo,1.28,SINAC - Consenso bosque deciduo 2021-2023,2021-2023,0,1,0,0
6372,SINAC_BD_0006372,68924,Bosque deciduo,1.6914008871832096,SINAC - Consenso bosque deciduo 2021-2023,2021-2023,0,0,0,0
6373,SINAC_BD_0006373,68925,Bosque deciduo,18.000618973927693,SINAC - Consenso bosque deciduo 2021-2023,2021-2023,1,1,1,0
6374,SINAC_BD_0006374,68927,Bosque deciduo,1.7344174553703358,SINAC - Consenso bosque deciduo 2021-2023,2021-2023,1,0,0,0
6375,SINAC_BD_0006375,68928,Bosque deciduo,1.1542479301264574,SINAC - Consenso bosque deciduo 2021-2023,2021-2023,0,0,0,0
6376,SINAC_BD_0006376,68936,Bosque deciduo,3.2614283282543344,SINAC - Consenso bosque deciduo 2021-2023,2021-2023,1,1,1,1
6377,SINAC_BD_0006377,68952,Bosque deciduo,6.1714084203152355,SINAC - Consenso bosque deciduo 2021-2023,2021-2023,1,1,0,0
6378,SINAC_BD_0006378,68953,Bosque deciduo,6.033027258088488,SINAC - Consenso bosque deciduo 2021-2023,2021-2023,0,0,0,0
6379,SINAC_BD_0006379,68956,Bosque deciduo,1.2735440373363722,SINAC - Consenso bosque deciduo 2021-2023,2021-2023,1,0,0,0
6380,SINAC_BD_0006380,68974,Bosque deciduo,1.701450729837704,SINAC - Consenso bosque deciduo 2021-2023,2021-2023,0,0,0,0
6381,SINAC_BD_0006381,68976,Bosque deciduo,1.062063096985202,SINAC - Consenso bosque deciduo 2021-2023,2021-2023,1,0,0,0
6382,SINAC_BD_0006382,68979,Bosque deciduo,2.706980760531718,SINAC - Consenso bosque deciduo 2021-2023,2021-2023,1,0,0,0
6383,SINAC_BD_0006383,68986,Bosque deciduo,1.113568529630978,SINAC - Consenso bosque deciduo 2021-2023,2021-2023,0,0,0,0
6384,SINAC_BD_0006384,68988,Bosque deciduo,113.80710794375402,SINAC - Consenso bosque deciduo 2021-2023,2021-2023,1,1,1,0
6385,SINAC_BD_0006385,68992,Bosque deciduo,1.8546475401816853,SINAC - Consenso bosque deciduo 2021-2023,2021-2023,1,0,0,0
6386,SINAC_BD_0006386,68995,Bosque deciduo,2.2513931647280936,SINAC - Consenso bosque deciduo 2021-2023,2021-2023,0,0,0,0
6387,SINAC_BD_0006387,69006,Bosque deciduo,1.1382120509715379,SINAC - Consenso bosque deciduo 2021-2023,2021-2023,1,0,0,0
6388,SINAC_BD_0006388,69010,Bosque deciduo,4.177468025238011,SINAC - Consenso bosque deciduo 2021-2023,2021-2023,0,0,0,0
6389,SINAC_BD_0006389,69016,Bosque deciduo,6.258067149937691,SINAC - Consenso bosque deciduo 2021-2023,2021-2023,1,1,1,0
6390,SINAC_BD_0006390,69017,Bosque deciduo,3.701484052727846,SINAC - Consenso bosque deciduo 2021-2023,2021-2023,0,0,0,0
6391,SINAC_BD_0006391,69031,Bosque deciduo,3.4553361787751884,SINAC - Consenso bosque deciduo 2021-2023,2021-2023,0,0,0,0
6392,SINAC_BD_0006392,69032,Bosque deciduo,7.161116324328319,SINAC - Consenso bosque deciduo 2021-2023,2021-2023,1,1,1,0
6393,SINAC_BD_0006393,69036,Bosque deciduo,2.0495113641830573,SINAC - Consenso bosque deciduo 2021-2023,2021-2023,1,0,0,0
6394,SINAC_BD_0006394,69056,Bosque deciduo,1.0222663740588922,SINAC - Consenso bosque deciduo 2021-2023,2021-2023,0,0,0,0
6395,SINAC_BD_0006395,69058,Bosque deciduo,1.6705077657234126,SINAC - Consenso bosque deciduo 2021-2023,2021-2023,0,0,0,0
6396,SINAC_BD_0006396,69067,Bosque deciduo,2.916124695065862,SINAC - Consenso bosque deciduo 2021-2023,2021-2023,1,1,1,0
6397,SINAC_BD_0006397,69073,Bosque deciduo,5.556998494240206,SINAC - Consenso bosque deciduo 2021-2023,2021-2023,0,0,0,0
6398,SINAC_BD_0006398,69090,Bosque deciduo,8.564969836588094,SINAC - Consenso bosque deciduo 2021-2023,2021-2023,1,1,0,0
6399,SINAC_BD_0006399,69098,Bosque deciduo,14.255000625217546,SINAC - Consenso bosque deciduo 2021-2023,2021-2023,1,0,0,0
6400,SINAC_BD_0006400,69103,Bosque deciduo,6.387302791814458,SINAC - Consenso bosque deciduo 2021-2023,2021-2023,1,0,0,0
6401,SINAC_BD_0006401,69105,Bosque deciduo,18.56914934919512,SINAC - Consenso bosque deciduo 2021-2023,2021-2023,1,1,0,0
6402,SINAC_BD_0006402,69110,Bosque deciduo,1.6568518073149197,SINAC - Consenso bosque deciduo 2021-2023,2021-2023,0,0,0,0
6403,SINAC_BD_0006403,69121,Bosque deciduo,1.6529396666096954,SINAC - Consenso bosque deciduo 2021-2023,2021-2023,1,1,1,0
6404,SINAC_BD_0006404,69136,Bosque deciduo,1.399352417015135,SINAC - Consenso bosque deciduo 2021-2023,2021-2023,0,0,0,0
6405,SINAC_BD_0006405,69160,Bosque deciduo,1.2352730979710869,SINAC - Consenso bosque deciduo 2021-2023,2021-2023,0,0,0,0
6406,SINAC_BD_0006406,69182,Bosque deciduo,2.6126514413435666,SINAC - Consenso bosque deciduo 2021-2023,2021-2023,0,1,0,0
6407,SINAC_BD_0006407,69200,Bosque deciduo,1.6538047739598865,SINAC - Consenso bosque deciduo 2021-2023,2021-2023,1,0,0,0
6408,SINAC_BD_0006408,69203,Bosque deciduo,3.77131747602252,SINAC - Consenso bosque deciduo 2021-2023,2021-2023,1,1,0,0
6409,SINAC_BD_0006409,69208,Bosque deciduo,2.596831115903611,SINAC - Consenso bosque deciduo 2021-2023,2021-2023,1,0,0,0
6410,SINAC_BD_0006410,69212,Bosque deciduo,1.76,SINAC - Consenso bosque deciduo 2021-2023,2021-2023,0,0,0,0
6411,SINAC_BD_0006411,69223,Bosque deciduo,1.93,SINAC - Consenso bosque deciduo 2021-2023,2021-2023,1,0,0,0
6412,SINAC_BD_0006412,69256,Bosque deciduo,32.70579770951409,SINAC - Consenso bosque deciduo 2021-2023,2021-2023,1,1,1,0
6413,SINAC_BD_0006413,69257,Bosque deciduo,2.2330628546246256,SINAC - Consenso bosque deciduo 2021-2023,2021-2023,0,0,0,0
6414,SINAC_BD_0006414,69258,Bosque deciduo,4.300815611529434,SINAC - Consenso bosque deciduo 2021-2023,2021-2023,0,0,0,0
6415,SINAC_BD_0006415,69260,Bosque deciduo,10.327253206130798,SINAC - Consenso bosque deciduo 2021-2023,2021-2023,1,0,0,0
6416,SINAC_BD_0006416,69285,Bosque deciduo,1.0810097817619213,SINAC - Consenso bosque deciduo 2021-2023,2021-2023,0,0,0,0
6417,SINAC_BD_0006417,69314,Bosque deciduo,34.645010362241884,SINAC - Consenso bosque deciduo 2021-2023,2021-2023,1,1,1,0
6418,SINAC_BD_0006418,69338,Bosque deciduo,1.2278603980053415,SINAC - Consenso bosque deciduo 2021-2023,2021-2023,1,0,0,0
6419,SINAC_BD_0006419,69339,Bosque deciduo,3.0393884158282365,SINAC - Consenso bosque deciduo 2021-2023,2021-2023,0,0,0,0
6420,SINAC_BD_0006420,69340,Bosque deciduo,9.976502435453408,SINAC - Consenso bosque deciduo 2021-2023,2021-2023,1,1,1,0
6421,SINAC_BD_0006421,69341,Bosque deciduo,1.4994793033198568,SINAC - Consenso bosque deciduo 2021-2023,2021-2023,0,0,0,0
6422,SINAC_BD_0006422,69343,Bosque deciduo,2.6127893470142163,SINAC - Consenso bosque deciduo 2021-2023,2021-2023,1,0,1,0
6423,SINAC_BD_0006423,69362,Bosque deciduo,1.5949060060244558,SINAC - Consenso bosque deciduo 2021-2023,2021-2023,0,0,0,0
6424,SINAC_BD_0006424,69378,Bosque deciduo,18.28620071057999,SINAC - Consenso bosque deciduo 2021-2023,2021-2023,1,1,0,0
6425,SINAC_BD_0006425,69379,Bosque deciduo,1.926796197550165,SINAC - Consenso bosque deciduo 2021-2023,2021-2023,0,0,0,0
6426,SINAC_BD_0006426,69384,Bosque deciduo,2.361349791101361,SINAC - Consenso bosque deciduo 2021-2023,2021-2023,0,0,0,0
6427,SINAC_BD_0006427,69385,Bosque deciduo,1.13,SINAC - Consenso bosque deciduo 2021-2023,2021-2023,0,0,0,0
6428,SINAC_BD_0006428,69386,Bosque deciduo,16.39599590612314,SINAC - Consenso bosque deciduo 2021-2023,2021-2023,1,0,0,0
6429,SINAC_BD_0006429,69416,Bosque deciduo,2.00997843312078,SINAC - Consenso bosque deciduo 2021-2023,2021-2023,0,0,0,0
6430,SINAC_BD_0006430,69420,Bosque deciduo,2.7829407319589863,SINAC - Consenso bosque deciduo 2021-2023,2021-2023,1,0,0,0
6431,SINAC_BD_0006431,69438,Bosque deciduo,1.9385829257988323,SINAC - Consenso bosque deciduo 2021-2023,2021-2023,0,0,0,0
6432,SINAC_BD_0006432,69439,Bosque deciduo,2.21696932314603,SINAC - Consenso bosque deciduo 2021-2023,2021-2023,1,0,0,0
6433,SINAC_BD_0006433,69448,Bosque deciduo,2.2554725922132945,SINAC - Consenso bosque deciduo 2021-2023,2021-2023,1,1,1,0
6434,SINAC_BD_0006434,69449,Bosque deciduo,1.230205789012936,SINAC - Consenso bosque deciduo 2021-2023,2021-2023,1,0,0,0
6435,SINAC_BD_0006435,69450,Bosque deciduo,15.850656493457869,SINAC - Consenso bosque deciduo 2021-2023,2021-2023,1,1,0,0
6436,SINAC_BD_0006436,69455,Bosque deciduo,3.5823059109633344,SINAC - Consenso bosque deciduo 2021-2023,2021-2023,1,0,0,0
6437,SINAC_BD_0006437,69464,Bosque deciduo,1.3553942794020366,SINAC - Consenso bosque deciduo 2021-2023,2021-2023,1,1,0,0
6438,SINAC_BD_0006438,69473,Bosque deciduo,1.3741283750221704,SINAC - Consenso bosque deciduo 2021-2023,2021-2023,0,0,0,0
6439,SINAC_BD_0006439,69476,Bosque deciduo,2.59,SINAC - Consenso bosque deciduo 2021-2023,2021-2023,1,1,0,0
6440,SINAC_BD_0006440,69477,Bosque deciduo,1.9014773924206998,SINAC - Consenso bosque deciduo 2021-2023,2021-2023,1,0,0,0
6441,SINAC_BD_0006441,69480,Bosque deciduo,1.9909521855308587,SINAC - Consenso bosque deciduo 2021-2023,2021-2023,0,0,0,0
6442,SINAC_BD_0006442,69481,Bosque deciduo,1.9025252937254558,SINAC - Consenso bosque deciduo 2021-2023,2021-2023,0,0,0,0
6443,SINAC_BD_0006443,69482,Bosque deciduo,19.60117998056837,SINAC - Consenso bosque deciduo 2021-2023,2021-2023,1,1,0,0
6444,SINAC_BD_0006444,69485,Bosque deciduo,11.66549474486323,SINAC - Consenso bosque deciduo 2021-2023,2021-2023,1,1,0,0
6445,SINAC_BD_0006445,69502,Bosque deciduo,1.2305618873121555,SINAC - Consenso bosque deciduo 2021-2023,2021-2023,0,0,0,0
6446,SINAC_BD_0006446,69503,Bosque deciduo,5.705851448786234,SINAC - Consenso bosque deciduo 2021-2023,2021-2023,1,1,1,0
6447,SINAC_BD_0006447,69505,Bosque deciduo,4.924613712156529,SINAC - Consenso bosque deciduo 2021-2023,2021-2023,1,0,0,0
6448,SINAC_BD_0006448,69511,Bosque deciduo,7.6290725809610445,SINAC - Consenso bosque deciduo 2021-2023,2021-2023,1,0,0,0
6449,SINAC_BD_0006449,69526,Bosque deciduo,4.04944577791767,SINAC - Consenso bosque deciduo 2021-2023,2021-2023,0,0,0,0
6450,SINAC_BD_0006450,69549,Bosque deciduo,1.9566500219723002,SINAC - Consenso bosque deciduo 2021-2023,2021-2023,1,0,0,0
6451,SINAC_BD_0006451,69550,Bosque deciduo,1.2158004071408324,SINAC - Consenso bosque deciduo 2021-2023,2021-2023,0,0,0,0
6452,SINAC_BD_0006452,69557,Bosque deciduo,2.081448155608179,SINAC - Consenso bosque deciduo 2021-2023,2021-2023,0,0,0,0
6453,SINAC_BD_0006453,69560,Bosque deciduo,10.31813860227951,SINAC - Consenso bosque deciduo 2021-2023,2021-2023,1,1,0,0
6454,SINAC_BD_0006454,69563,Bosque deciduo,1.5925431834418473,SINAC - Consenso bosque deciduo 2021-2023,2021-2023,0,0,0,0
6455,SINAC_BD_0006455,69564,Bosque deciduo,4.9831661295291925,SINAC - Consenso bosque deciduo 2021-2023,2021-2023,0,1,0,0
6456,SINAC_BD_0006456,69576,Bosque deciduo,1.6028687418468555,SINAC - Consenso bosque deciduo 2021-2023,2021-2023,1,1,0,0
6457,SINAC_BD_0006457,69601,Bosque deciduo,2.2744567217832548,SINAC - Consenso bosque deciduo 2021-2023,2021-2023,1,0,0,0
6458,SINAC_BD_0006458,69605,Bosque deciduo,1.8829618767930079,SINAC - Consenso bosque deciduo 2021-2023,2021-2023,0,0,0,0
6459,SINAC_BD_0006459,69614,Bosque deciduo,2.1900473040866366,SINAC - Consenso bosque deciduo 2021-2023,2021-2023,0,0,0,0
6460,SINAC_BD_0006460,69619,Bosque deciduo,24.610032298142876,SINAC - Consenso bosque deciduo 2021-2023,2021-2023,1,1,1,1
6461,SINAC_BD_0006461,69620,Bosque deciduo,23.69102699280507,SINAC - Consenso bosque deciduo 2021-2023,2021-2023,1,0,0,0
6462,SINAC_BD_0006462,69627,Bosque deciduo,1.7434018350673537,SINAC - Consenso bosque deciduo 2021-2023,2021-2023,1,0,0,0
6463,SINAC_BD_0006463,69634,Bosque deciduo,9.974154582935801,SINAC - Consenso bosque deciduo 2021-2023,2021-2023,1,0,0,0
6464,SINAC_BD_0006464,69663,Bosque deciduo,1.9413914776149188,SINAC - Consenso bosque deciduo 2021-2023,2021-2023,0,0,0,0
6465,SINAC_BD_0006465,69665,Bosque deciduo,9.925475416092247,SINAC - Consenso bosque deciduo 2021-2023,2021-2023,1,1,0,0
6466,SINAC_BD_0006466,69666,Bosque deciduo,2.0762775031445995,SINAC - Consenso bosque deciduo 2021-2023,2021-2023,0,0,0,0
6467,SINAC_BD_0006467,69684,Bosque deciduo,1.2976892912506217,SINAC - Consenso bosque deciduo 2021-2023,2021-2023,0,0,0,0
6468,SINAC_BD_0006468,69695,Bosque deciduo,2.460755756891509,SINAC - Consenso bosque deciduo 2021-2023,2021-2023,0,0,0,0
6469,SINAC_BD_0006469,69696,Bosque deciduo,5.552127282952869,SINAC - Consenso bosque deciduo 2021-2023,2021-2023,1,1,0,0
6470,SINAC_BD_0006470,69706,Bosque deciduo,68.52966145493589,SINAC - Consenso bosque deciduo 2021-2023,2021-2023,1,1,1,0
6471,SINAC_BD_0006471,69722,Bosque deciduo,4.5879907733277765,SINAC - Consenso bosque deciduo 2021-2023,2021-2023,1,0,0,0
6472,SINAC_BD_0006472,69735,Bosque deciduo,3.1450026093658705,SINAC - Consenso bosque deciduo 2021-2023,2021-2023,0,0,0,0
6473,SINAC_BD_0006473,69740,Bosque deciduo,1.1235579918390768,SINAC - Consenso bosque deciduo 2021-2023,2021-2023,1,0,0,0
6474,SINAC_BD_0006474,69745,Bosque deciduo,7.400592880526306,SINAC - Consenso bosque deciduo 2021-2023,2021-2023,1,0,0,0
6475,SINAC_BD_0006475,69749,Bosque deciduo,4.819811756780738,SINAC - Consenso bosque deciduo 2021-2023,2021-2023,1,1,1,0
6476,SINAC_BD_0006476,69765,Bosque deciduo,1.2602655435753658,SINAC - Consenso bosque deciduo 2021-2023,2021-2023,0,0,0,0
6477,SINAC_BD_0006477,69767,Bosque deciduo,1.7456748554345694,SINAC - Consenso bosque deciduo 2021-2023,2021-2023,1,1,0,0
6478,SINAC_BD_0006478,69781,Bosque deciduo,5.086773989195831,SINAC - Consenso bosque deciduo 2021-2023,2021-2023,1,1,0,0
6479,SINAC_BD_0006479,69787,Bosque deciduo,3.729347247117283,SINAC - Consenso bosque deciduo 2021-2023,2021-2023,1,0,0,0
6480,SINAC_BD_0006480,69793,Bosque deciduo,2.0415576204411496,SINAC - Consenso bosque deciduo 2021-2023,2021-2023,1,0,0,0
6481,SINAC_BD_0006481,69801,Bosque deciduo,1.3313976901519282,SINAC - Consenso bosque deciduo 2021-2023,2021-2023,0,0,0,0
6482,SINAC_BD_0006482,69804,Bosque deciduo,1.152519420767942,SINAC - Consenso bosque deciduo 2021-2023,2021-2023,0,0,0,0
6483,SINAC_BD_0006483,69805,Bosque deciduo,2.635554712351604,SINAC - Consenso bosque deciduo 2021-2023,2021-2023,0,0,0,0
6484,SINAC_BD_0006484,69841,Bosque deciduo,2.6604180042523247,SINAC - Consenso bosque deciduo 2021-2023,2021-2023,1,0,0,0
6485,SINAC_BD_0006485,69843,Bosque deciduo,1.434710684755681,SINAC - Consenso bosque deciduo 2021-2023,2021-2023,1,1,1,0
6486,SINAC_BD_0006486,69845,Bosque deciduo,1.3696268101530382,SINAC - Consenso bosque deciduo 2021-2023,2021-2023,0,0,0,0
6487,SINAC_BD_0006487,69847,Bosque deciduo,2.061067489222331,SINAC - Consenso bosque deciduo 2021-2023,2021-2023,1,0,0,0
6488,SINAC_BD_0006488,69849,Bosque deciduo,1.6526279615928936,SINAC - Consenso bosque deciduo 2021-2023,2021-2023,0,0,0,0
6489,SINAC_BD_0006489,69860,Bosque deciduo,6.353214995532113,SINAC - Consenso bosque deciduo 2021-2023,2021-2023,1,0,0,0
6490,SINAC_BD_0006490,69896,Bosque deciduo,4.34484145571843,SINAC - Consenso bosque deciduo 2021-2023,2021-2023,1,1,0,0
6491,SINAC_BD_0006491,69900,Bosque deciduo,6.303082985095393,SINAC - Consenso bosque deciduo 2021-2023,2021-2023,1,0,0,0
6492,SINAC_BD_0006492,69902,Bosque deciduo,1.2799434313674443,SINAC - Consenso bosque deciduo 2021-2023,2021-2023,1,0,0,0
6493,SINAC_BD_0006493,69903,Bosque deciduo,1.971515742022412,SINAC - Consenso bosque deciduo 2021-2023,2021-2023,1,1,0,0
6494,SINAC_BD_0006494,69941,Bosque deciduo,3.604051433381222,SINAC - Consenso bosque deciduo 2021-2023,2021-2023,1,1,1,0
6495,SINAC_BD_0006495,69942,Bosque deciduo,1.0029631833981032,SINAC - Consenso bosque deciduo 2021-2023,2021-2023,0,0,0,0
6496,SINAC_BD_0006496,69974,Bosque deciduo,3.6002644380923208,SINAC - Consenso bosque deciduo 2021-2023,2021-2023,1,1,0,0
6497,SINAC_BD_0006497,69976,Bosque deciduo,18.210337673275177,SINAC - Consenso bosque deciduo 2021-2023,2021-2023,1,1,0,1
6498,SINAC_BD_0006498,69997,Bosque deciduo,2.01,SINAC - Consenso bosque deciduo 2021-2023,2021-2023,0,0,0,0
6499,SINAC_BD_0006499,69998,Bosque deciduo,1.7586883781591691,SINAC - Consenso bosque deciduo 2021-2023,2021-2023,0,0,0,0
6500,SINAC_BD_0006500,70017,Bosque deciduo,2.6280561685605814,SINAC - Consenso bosque deciduo 2021-2023,2021-2023,0,0,0,0
6501,SINAC_BD_0006501,70018,Bosque deciduo,1.335765377656235,SINAC - Consenso bosque deciduo 2021-2023,2021-2023,0,0,0,0
6502,SINAC_BD_0006502,70030,Bosque deciduo,1.1117885434153918,SINAC - Consenso bosque deciduo 2021-2023,2021-2023,0,0,0,0
6503,SINAC_BD_0006503,70036,Bosque deciduo,2.571400530934523,SINAC - Consenso bosque deciduo 2021-2023,2021-2023,1,0,0,0
6504,SINAC_BD_0006504,70046,Bosque deciduo,4.435700693929843,SINAC - Consenso bosque deciduo 2021-2023,2021-2023,1,1,0,0
6505,SINAC_BD_0006505,70056,Bosque deciduo,3.5381192499589678,SINAC - Consenso bosque deciduo 2021-2023,2021-2023,0,0,0,0
6506,SINAC_BD_0006506,70063,Bosque deciduo,1.341817579012935,SINAC - Consenso bosque deciduo 2021-2023,2021-2023,0,0,0,0
6507,SINAC_BD_0006507,70087,Bosque deciduo,2.3508959227302473,SINAC - Consenso bosque deciduo 2021-2023,2021-2023,1,0,0,0
6508,SINAC_BD_0006508,70101,Bosque deciduo,104.25590163628682,SINAC - Consenso bosque deciduo 2021-2023,2021-2023,1,1,1,1
6509,SINAC_BD_0006509,70118,Bosque deciduo,19.09608208406328,SINAC - Consenso bosque deciduo 2021-2023,2021-2023,1,1,1,0
6510,SINAC_BD_0006510,70119,Bosque deciduo,2.249568301173497,SINAC - Consenso bosque deciduo 2021-2023,2021-2023,1,1,1,0
6511,SINAC_BD_0006511,70120,Bosque deciduo,2.857158982567838,SINAC - Consenso bosque deciduo 2021-2023,2021-2023,1,0,0,0
6512,SINAC_BD_0006512,70123,Bosque deciduo,1.0009065165467073,SINAC - Consenso bosque deciduo 2021-2023,2021-2023,0,0,0,0
6513,SINAC_BD_0006513,70174,Bosque deciduo,3.7557656799312515,SINAC - Consenso bosque deciduo 2021-2023,2021-2023,0,0,0,0
6514,SINAC_BD_0006514,70179,Bosque deciduo,3.345199378973098,SINAC - Consenso bosque deciduo 2021-2023,2021-2023,1,1,0,0
6515,SINAC_BD_0006515,70181,Bosque deciduo,1.4300762838886654,SINAC - Consenso bosque deciduo 2021-2023,2021-2023,1,1,1,0
6516,SINAC_BD_0006516,70193,Bosque deciduo,1.0032553911089985,SINAC - Consenso bosque deciduo 2021-2023,2021-2023,0,0,0,0
6517,SINAC_BD_0006517,70205,Bosque deciduo,1.346649437511823,SINAC - Consenso bosque deciduo 2021-2023,2021-2023,0,0,0,0
6518,SINAC_BD_0006518,70206,Bosque deciduo,1.186539031683241,SINAC - Consenso bosque deciduo 2021-2023,2021-2023,0,0,0,0
6519,SINAC_BD_0006519,70233,Bosque deciduo,1.9141846003771181,SINAC - Consenso bosque deciduo 2021-2023,2021-2023,0,0,0,0
6520,SINAC_BD_0006520,70248,Bosque deciduo,1.3140974125162037,SINAC - Consenso bosque deciduo 2021-2023,2021-2023,1,1,0,0
6521,SINAC_BD_0006521,70287,Bosque deciduo,1.2590441480120171,SINAC - Consenso bosque deciduo 2021-2023,2021-2023,1,0,0,0
6522,SINAC_BD_0006522,70303,Bosque deciduo,1.0563088162514784,SINAC - Consenso bosque deciduo 2021-2023,2021-2023,0,0,0,0
6523,SINAC_BD_0006523,70304,Bosque deciduo,123.81863630321557,SINAC - Consenso bosque deciduo 2021-2023,2021-2023,1,1,1,0
6524,SINAC_BD_0006524,70307,Bosque deciduo,1.2106015493989566,SINAC - Consenso bosque deciduo 2021-2023,2021-2023,0,0,0,0
6525,SINAC_BD_0006525,70367,Bosque deciduo,2.0544491593398018,SINAC - Consenso bosque deciduo 2021-2023,2021-2023,1,1,0,0
6526,SINAC_BD_0006526,70372,Bosque deciduo,4.317872875935046,SINAC - Consenso bosque deciduo 2021-2023,2021-2023,1,0,0,0
6527,SINAC_BD_0006527,70379,Bosque deciduo,2.2348524521499034,SINAC - Consenso bosque deciduo 2021-2023,2021-2023,1,1,0,0
6528,SINAC_BD_0006528,70381,Bosque deciduo,1.3417084852595966,SINAC - Consenso bosque deciduo 2021-2023,2021-2023,0,0,0,0
6529,SINAC_BD_0006529,70384,Bosque deciduo,1.629904878195001,SINAC - Consenso bosque deciduo 2021-2023,2021-2023,1,0,0,0
6530,SINAC_BD_0006530,70388,Bosque deciduo,5.849570853764111,SINAC - Consenso bosque deciduo 2021-2023,2021-2023,1,1,1,1
6531,SINAC_BD_0006531,70399,Bosque deciduo,3.763799291683684,SINAC - Consenso bosque deciduo 2021-2023,2021-2023,1,0,0,0
6532,SINAC_BD_0006532,70413,Bosque deciduo,25.597066256368144,SINAC - Consenso bosque deciduo 2021-2023,2021-2023,1,1,1,0
6533,SINAC_BD_0006533,70442,Bosque deciduo,1.826968482272353,SINAC - Consenso bosque deciduo 2021-2023,2021-2023,0,0,0,0
6534,SINAC_BD_0006534,70452,Bosque deciduo,2.58,SINAC - Consenso bosque deciduo 2021-2023,2021-2023,0,0,0,0
6535,SINAC_BD_0006535,70453,Bosque deciduo,1.453348240813087,SINAC - Consenso bosque deciduo 2021-2023,2021-2023,0,0,0,0
6536,SINAC_BD_0006536,70454,Bosque deciduo,2.348054847606225,SINAC - Consenso bosque deciduo 2021-2023,2021-2023,1,1,1,0
6537,SINAC_BD_0006537,70455,Bosque deciduo,2.1225217433772117,SINAC - Consenso bosque deciduo 2021-2023,2021-2023,0,0,0,0
6538,SINAC_BD_0006538,70456,Bosque deciduo,23.815228632189207,SINAC - Consenso bosque deciduo 2021-2023,2021-2023,1,1,0,0
6539,SINAC_BD_0006539,70468,Bosque deciduo,12.671535783559694,SINAC - Consenso bosque deciduo 2021-2023,2021-2023,1,1,0,0
6540,SINAC_BD_0006540,70484,Bosque deciduo,1.2963851821884187,SINAC - Consenso bosque deciduo 2021-2023,2021-2023,0,0,0,0
6541,SINAC_BD_0006541,70485,Bosque deciduo,28.240242948753416,SINAC - Consenso bosque deciduo 2021-2023,2021-2023,1,1,0,0
6542,SINAC_BD_0006542,70486,Bosque deciduo,18.850343445938798,SINAC - Consenso bosque deciduo 2021-2023,2021-2023,1,0,0,0
6543,SINAC_BD_0006543,70487,Bosque deciduo,21.505650898636855,SINAC - Consenso bosque deciduo 2021-2023,2021-2023,1,0,0,0
6544,SINAC_BD_0006544,70518,Bosque deciduo,1.4724815922874925,SINAC - Consenso bosque deciduo 2021-2023,2021-2023,0,0,0,0
6545,SINAC_BD_0006545,70519,Bosque deciduo,26.504562896410135,SINAC - Consenso bosque deciduo 2021-2023,2021-2023,1,1,0,0
6546,SINAC_BD_0006546,70535,Bosque deciduo,2.057937988234876,SINAC - Consenso bosque deciduo 2021-2023,2021-2023,1,1,0,0
6547,SINAC_BD_0006547,70555,Bosque deciduo,1.826785426411729,SINAC - Consenso bosque deciduo 2021-2023,2021-2023,1,0,0,0
6548,SINAC_BD_0006548,70556,Bosque deciduo,1.16,SINAC - Consenso bosque deciduo 2021-2023,2021-2023,0,0,0,0
6549,SINAC_BD_0006549,70558,Bosque deciduo,2.911422092022408,SINAC - Consenso bosque deciduo 2021-2023,2021-2023,0,0,0,0
6550,SINAC_BD_0006550,70575,Bosque deciduo,1.1889591528671268,SINAC - Consenso bosque deciduo 2021-2023,2021-2023,1,0,1,0
6551,SINAC_BD_0006551,70577,Bosque deciduo,6.119688500901353,SINAC - Consenso bosque deciduo 2021-2023,2021-2023,1,0,0,0
6552,SINAC_BD_0006552,70588,Bosque deciduo,2.12199984981026,SINAC - Consenso bosque deciduo 2021-2023,2021-2023,1,0,0,0
6553,SINAC_BD_0006553,70591,Bosque deciduo,8.67114735145623,SINAC - Consenso bosque deciduo 2021-2023,2021-2023,1,1,1,0
6554,SINAC_BD_0006554,70617,Bosque deciduo,10.937385325980056,SINAC - Consenso bosque deciduo 2021-2023,2021-2023,1,0,0,0
6555,SINAC_BD_0006555,70621,Bosque deciduo,2.2934373997510504,SINAC - Consenso bosque deciduo 2021-2023,2021-2023,1,0,0,0
6556,SINAC_BD_0006556,70623,Bosque deciduo,1.0686894273686887,SINAC - Consenso bosque deciduo 2021-2023,2021-2023,0,0,0,0
6557,SINAC_BD_0006557,70624,Bosque deciduo,1.091960387004367,SINAC - Consenso bosque deciduo 2021-2023,2021-2023,1,0,0,0
6558,SINAC_BD_0006558,70627,Bosque deciduo,3.646295324487231,SINAC - Consenso bosque deciduo 2021-2023,2021-2023,1,0,0,0
6559,SINAC_BD_0006559,70629,Bosque deciduo,61.434858353568835,SINAC - Consenso bosque deciduo 2021-2023,2021-2023,1,1,1,0
6560,SINAC_BD_0006560,70649,Bosque deciduo,6.084047847360543,SINAC - Consenso bosque deciduo 2021-2023,2021-2023,1,1,1,0
6561,SINAC_BD_0006561,70675,Bosque deciduo,1.1279213209174996,SINAC - Consenso bosque deciduo 2021-2023,2021-2023,1,0,0,0
6562,SINAC_BD_0006562,70708,Bosque deciduo,1.1566614530700023,SINAC - Consenso bosque deciduo 2021-2023,2021-2023,0,0,0,0
6563,SINAC_BD_0006563,70709,Bosque deciduo,1.2130746822963492,SINAC - Consenso bosque deciduo 2021-2023,2021-2023,1,0,0,0
6564,SINAC_BD_0006564,70710,Bosque deciduo,2.327289820476157,SINAC - Consenso bosque deciduo 2021-2023,2021-2023,1,0,0,0
6565,SINAC_BD_0006565,70714,Bosque deciduo,1.719020201651167,SINAC - Consenso bosque deciduo 2021-2023,2021-2023,1,0,0,0
6566,SINAC_BD_0006566,70716,Bosque deciduo,2.4733768306605444,SINAC - Consenso bosque deciduo 2021-2023,2021-2023,1,1,0,0
6567,SINAC_BD_0006567,70728,Bosque deciduo,1.0527493848399945,SINAC - Consenso bosque deciduo 2021-2023,2021-2023,1,0,0,0
6568,SINAC_BD_0006568,70729,Bosque deciduo,1.2327846481493367,SINAC - Consenso bosque deciduo 2021-2023,2021-2023,0,0,0,0
6569,SINAC_BD_0006569,70734,Bosque deciduo,2.319059631288702,SINAC - Consenso bosque deciduo 2021-2023,2021-2023,0,0,0,0
6570,SINAC_BD_0006570,70777,Bosque deciduo,1.1803351960642714,SINAC - Consenso bosque deciduo 2021-2023,2021-2023,1,0,0,0
6571,SINAC_BD_0006571,70779,Bosque deciduo,5.219104447994638,SINAC - Consenso bosque deciduo 2021-2023,2021-2023,0,0,0,0
6572,SINAC_BD_0006572,70792,Bosque deciduo,1.13793821300543,SINAC - Consenso bosque deciduo 2021-2023,2021-2023,0,0,0,0
6573,SINAC_BD_0006573,70800,Bosque deciduo,2.4202001979018934,SINAC - Consenso bosque deciduo 2021-2023,2021-2023,1,0,0,0
6574,SINAC_BD_0006574,70816,Bosque deciduo,2.0240514845798736,SINAC - Consenso bosque deciduo 2021-2023,2021-2023,0,0,0,0
6575,SINAC_BD_0006575,70830,Bosque deciduo,2.3880580335055432,SINAC - Consenso bosque deciduo 2021-2023,2021-2023,1,0,0,0
6576,SINAC_BD_0006576,70843,Bosque deciduo,4.47217703291801,SINAC - Consenso bosque deciduo 2021-2023,2021-2023,1,0,0,0
6577,SINAC_BD_0006577,70847,Bosque deciduo,3.082850887806036,SINAC - Consenso bosque deciduo 2021-2023,2021-2023,1,0,0,0
6578,SINAC_BD_0006578,70855,Bosque deciduo,75.18540551080515,SINAC - Consenso bosque deciduo 2021-2023,2021-2023,1,1,1,1
6579,SINAC_BD_0006579,70858,Bosque deciduo,1.7117676830743322,SINAC - Consenso bosque deciduo 2021-2023,2021-2023,0,0,0,0
6580,SINAC_BD_0006580,70859,Bosque deciduo,3.1370655246863453,SINAC - Consenso bosque deciduo 2021-2023,2021-2023,1,0,0,0
6581,SINAC_BD_0006581,70860,Bosque deciduo,3.4361695472457905,SINAC - Consenso bosque deciduo 2021-2023,2021-2023,0,0,0,0
6582,SINAC_BD_0006582,70902,Bosque deciduo,1.9909582735366067,SINAC - Consenso bosque deciduo 2021-2023,2021-2023,0,0,0,0
6583,SINAC_BD_0006583,70903,Bosque deciduo,19.131648974193258,SINAC - Consenso bosque deciduo 2021-2023,2021-2023,1,0,0,0
6584,SINAC_BD_0006584,70932,Bosque deciduo,7.551909649708451,SINAC - Consenso bosque deciduo 2021-2023,2021-2023,1,1,1,0
6585,SINAC_BD_0006585,70934,Bosque deciduo,1.1279892041057786,SINAC - Consenso bosque deciduo 2021-2023,2021-2023,1,1,0,0
6586,SINAC_BD_0006586,70937,Bosque deciduo,1.635856094177201,SINAC - Consenso bosque deciduo 2021-2023,2021-2023,0,0,0,0
6587,SINAC_BD_0006587,70944,Bosque deciduo,1.6843346715325374,SINAC - Consenso bosque deciduo 2021-2023,2021-2023,1,1,0,0
6588,SINAC_BD_0006588,70948,Bosque deciduo,327.5688068333075,SINAC - Consenso bosque deciduo 2021-2023,2021-2023,1,1,1,1
6589,SINAC_BD_0006589,70949,Bosque deciduo,8.693324125058682,SINAC - Consenso bosque deciduo 2021-2023,2021-2023,1,1,0,0
6590,SINAC_BD_0006590,70950,Bosque deciduo,8.741684361093391,SINAC - Consenso bosque deciduo 2021-2023,2021-2023,1,0,0,0
6591,SINAC_BD_0006591,70952,Bosque deciduo,1.476399615499384,SINAC - Consenso bosque deciduo 2021-2023,2021-2023,1,0,0,0
6592,SINAC_BD_0006592,70953,Bosque deciduo,7.952680163174204,SINAC - Consenso bosque deciduo 2021-2023,2021-2023,1,0,0,0
6593,SINAC_BD_0006593,70962,Bosque deciduo,2.9420568303321866,SINAC - Consenso bosque deciduo 2021-2023,2021-2023,1,0,0,0
6594,SINAC_BD_0006594,70976,Bosque deciduo,5.211422230027061,SINAC - Consenso bosque deciduo 2021-2023,2021-2023,1,0,0,0
6595,SINAC_BD_0006595,70978,Bosque deciduo,1.3033173904611617,SINAC - Consenso bosque deciduo 2021-2023,2021-2023,0,0,0,0
6596,SINAC_BD_0006596,70988,Bosque deciduo,4.286564287824173,SINAC - Consenso bosque deciduo 2021-2023,2021-2023,1,1,1,0
6597,SINAC_BD_0006597,70999,Bosque deciduo,1.092078522241152,SINAC - Consenso bosque deciduo 2021-2023,2021-2023,0,0,0,0
6598,SINAC_BD_0006598,71015,Bosque deciduo,1.7575565387274976,SINAC - Consenso bosque deciduo 2021-2023,2021-2023,0,0,0,0
6599,SINAC_BD_0006599,71017,Bosque deciduo,12.593050766162484,SINAC - Consenso bosque deciduo 2021-2023,2021-2023,1,1,1,0
6600,SINAC_BD_0006600,71018,Bosque deciduo,5.581174789576567,SINAC - Consenso bosque deciduo 2021-2023,2021-2023,0,0,0,0
6601,SINAC_BD_0006601,71020,Bosque deciduo,6.08994419751623,SINAC - Consenso bosque deciduo 2021-2023,2021-2023,1,0,0,0
6602,SINAC_BD_0006602,71024,Bosque deciduo,1.3907986844174203,SINAC - Consenso bosque deciduo 2021-2023,2021-2023,1,0,0,0
6603,SINAC_BD_0006603,71025,Bosque deciduo,1.3211466059902692,SINAC - Consenso bosque deciduo 2021-2023,2021-2023,1,0,0,0
6604,SINAC_BD_0006604,71028,Bosque deciduo,2.48,SINAC - Consenso bosque deciduo 2021-2023,2021-2023,0,0,0,0
6605,SINAC_BD_0006605,71036,Bosque deciduo,1.518701465009015,SINAC - Consenso bosque deciduo 2021-2023,2021-2023,0,0,0,0
6606,SINAC_BD_0006606,71051,Bosque deciduo,2.99,SINAC - Consenso bosque deciduo 2021-2023,2021-2023,1,0,0,0
6607,SINAC_BD_0006607,71099,Bosque deciduo,7.320772250924469,SINAC - Consenso bosque deciduo 2021-2023,2021-2023,1,1,0,0
6608,SINAC_BD_0006608,71111,Bosque deciduo,6.077628433385885,SINAC - Consenso bosque deciduo 2021-2023,2021-2023,1,0,0,0
6609,SINAC_BD_0006609,71122,Bosque deciduo,3.852973747276565,SINAC - Consenso bosque deciduo 2021-2023,2021-2023,1,1,0,0
6610,SINAC_BD_0006610,71132,Bosque deciduo,14.169821503084986,SINAC - Consenso bosque deciduo 2021-2023,2021-2023,1,1,0,0
6611,SINAC_BD_0006611,71138,Bosque deciduo,2.860493819125388,SINAC - Consenso bosque deciduo 2021-2023,2021-2023,1,1,0,0
6612,SINAC_BD_0006612,71140,Bosque deciduo,1.5852454126397715,SINAC - Consenso bosque deciduo 2021-2023,2021-2023,1,0,0,0
6613,SINAC_BD_0006613,71141,Bosque deciduo,1.548757055908969,SINAC - Consenso bosque deciduo 2021-2023,2021-2023,1,0,0,0
6614,SINAC_BD_0006614,71143,Bosque deciduo,1.6365487841872,SINAC - Consenso bosque deciduo 2021-2023,2021-2023,1,1,0,0
6615,SINAC_BD_0006615,71156,Bosque deciduo,1.2960194214811378,SINAC - Consenso bosque deciduo 2021-2023,2021-2023,0,0,0,0
6616,SINAC_BD_0006616,71172,Bosque deciduo,2.308260557737905,SINAC - Consenso bosque deciduo 2021-2023,2021-2023,1,0,0,0
6617,SINAC_BD_0006617,71205,Bosque deciduo,1.1131763328267776,SINAC - Consenso bosque deciduo 2021-2023,2021-2023,0,0,0,0
6618,SINAC_BD_0006618,71213,Bosque deciduo,3.017716791386332,SINAC - Consenso bosque deciduo 2021-2023,2021-2023,0,0,0,0
6619,SINAC_BD_0006619,71215,Bosque deciduo,1.1711124459406375,SINAC - Consenso bosque deciduo 2021-2023,2021-2023,1,0,0,0
6620,SINAC_BD_0006620,71221,Bosque deciduo,4.172533957420296,SINAC - Consenso bosque deciduo 2021-2023,2021-2023,0,1,0,0
6621,SINAC_BD_0006621,71223,Bosque deciduo,1.9795348296665087,SINAC - Consenso bosque deciduo 2021-2023,2021-2023,0,0,0,0
6622,SINAC_BD_0006622,71234,Bosque deciduo,6.383890473296394,SINAC - Consenso bosque deciduo 2021-2023,2021-2023,0,0,0,0
6623,SINAC_BD_0006623,71239,Bosque deciduo,2.888187037436895,SINAC - Consenso bosque deciduo 2021-2023,2021-2023,0,1,0,0
6624,SINAC_BD_0006624,71275,Bosque deciduo,3.0088634329222463,SINAC - Consenso bosque deciduo 2021-2023,2021-2023,1,0,0,0
6625,SINAC_BD_0006625,71291,Bosque deciduo,1.8538524371108958,SINAC - Consenso bosque deciduo 2021-2023,2021-2023,0,0,0,0
6626,SINAC_BD_0006626,71307,Bosque deciduo,1.36534769710457,SINAC - Consenso bosque deciduo 2021-2023,2021-2023,0,0,0,0
6627,SINAC_BD_0006627,71314,Bosque deciduo,2.988923169116312,SINAC - Consenso bosque deciduo 2021-2023,2021-2023,1,0,0,0
6628,SINAC_BD_0006628,71322,Bosque deciduo,5.8785882879151705,SINAC - Consenso bosque deciduo 2021-2023,2021-2023,0,0,0,0
6629,SINAC_BD_0006629,71323,Bosque deciduo,10.49163298835402,SINAC - Consenso bosque deciduo 2021-2023,2021-2023,1,1,0,0
6630,SINAC_BD_0006630,71326,Bosque deciduo,2.1853297212903504,SINAC - Consenso bosque deciduo 2021-2023,2021-2023,0,0,0,0
6631,SINAC_BD_0006631,71330,Bosque deciduo,4.218675739651216,SINAC - Consenso bosque deciduo 2021-2023,2021-2023,1,1,0,0
6632,SINAC_BD_0006632,71379,Bosque deciduo,5.5378090004430085,SINAC - Consenso bosque deciduo 2021-2023,2021-2023,1,1,0,0
6633,SINAC_BD_0006633,71381,Bosque deciduo,1.803676216131536,SINAC - Consenso bosque deciduo 2021-2023,2021-2023,1,0,0,0
6634,SINAC_BD_0006634,71382,Bosque deciduo,17.17092553073514,SINAC - Consenso bosque deciduo 2021-2023,2021-2023,1,0,0,0
6635,SINAC_BD_0006635,71383,Bosque deciduo,1.9590969206889448,SINAC - Consenso bosque deciduo 2021-2023,2021-2023,0,0,0,0
6636,SINAC_BD_0006636,71384,Bosque deciduo,1.4772885675132923,SINAC - Consenso bosque deciduo 2021-2023,2021-2023,0,0,0,0
6637,SINAC_BD_0006637,71385,Bosque deciduo,19.40173360029564,SINAC - Consenso bosque deciduo 2021-2023,2021-2023,1,1,1,0
6638,SINAC_BD_0006638,71386,Bosque deciduo,1.3841308259651093,SINAC - Consenso bosque deciduo 2021-2023,2021-2023,0,0,0,0
6639,SINAC_BD_0006639,71387,Bosque deciduo,5.8938009008682535,SINAC - Consenso bosque deciduo 2021-2023,2021-2023,1,0,0,0
6640,SINAC_BD_0006640,71425,Bosque deciduo,1.4479745693453332,SINAC - Consenso bosque deciduo 2021-2023,2021-2023,0,0,0,0
6641,SINAC_BD_0006641,71429,Bosque deciduo,1.1076846311582846,SINAC - Consenso bosque deciduo 2021-2023,2021-2023,0,0,0,0
6642,SINAC_BD_0006642,71438,Bosque deciduo,3.176955067566634,SINAC - Consenso bosque deciduo 2021-2023,2021-2023,1,1,0,0
6643,SINAC_BD_0006643,71440,Bosque deciduo,14.572859388102929,SINAC - Consenso bosque deciduo 2021-2023,2021-2023,1,0,0,0
6644,SINAC_BD_0006644,71442,Bosque deciduo,98.2663026644385,SINAC - Consenso bosque deciduo 2021-2023,2021-2023,1,1,1,1
6645,SINAC_BD_0006645,71454,Bosque deciduo,1.5720017020073234,SINAC - Consenso bosque deciduo 2021-2023,2021-2023,1,0,0,0
6646,SINAC_BD_0006646,71473,Bosque deciduo,4.101698129759878,SINAC - Consenso bosque deciduo 2021-2023,2021-2023,1,1,0,0
6647,SINAC_BD_0006647,71474,Bosque deciduo,1.0058250293123006,SINAC - Consenso bosque deciduo 2021-2023,2021-2023,1,0,0,0
6648,SINAC_BD_0006648,71482,Bosque deciduo,1.261911838891739,SINAC - Consenso bosque deciduo 2021-2023,2021-2023,1,0,0,0
6649,SINAC_BD_0006649,71495,Bosque deciduo,1.0213720129640969,SINAC - Consenso bosque deciduo 2021-2023,2021-2023,0,0,0,0
6650,SINAC_BD_0006650,71506,Bosque deciduo,7.2623163692508275,SINAC - Consenso bosque deciduo 2021-2023,2021-2023,1,1,0,0
6651,SINAC_BD_0006651,71507,Bosque deciduo,1.483893062851565,SINAC - Consenso bosque deciduo 2021-2023,2021-2023,0,0,0,0
6652,SINAC_BD_0006652,71509,Bosque deciduo,1.4328688287302669,SINAC - Consenso bosque deciduo 2021-2023,2021-2023,0,0,0,0
6653,SINAC_BD_0006653,71511,Bosque deciduo,1.2784533327284144,SINAC - Consenso bosque deciduo 2021-2023,2021-2023,0,0,0,0
6654,SINAC_BD_0006654,71515,Bosque deciduo,1.7025971651464933,SINAC - Consenso bosque deciduo 2021-2023,2021-2023,1,0,0,0
6655,SINAC_BD_0006655,71517,Bosque deciduo,6.244381093648717,SINAC - Consenso bosque deciduo 2021-2023,2021-2023,1,1,0,0
6656,SINAC_BD_0006656,71529,Bosque deciduo,1.4048784006014765,SINAC - Consenso bosque deciduo 2021-2023,2021-2023,1,1,0,0
6657,SINAC_BD_0006657,71543,Bosque deciduo,1.1955213769141968,SINAC - Consenso bosque deciduo 2021-2023,2021-2023,0,0,0,0
6658,SINAC_BD_0006658,71576,Bosque deciduo,1.6181714727160275,SINAC - Consenso bosque deciduo 2021-2023,2021-2023,0,0,0,0
6659,SINAC_BD_0006659,71583,Bosque deciduo,15.51923245252068,SINAC - Consenso bosque deciduo 2021-2023,2021-2023,1,1,1,1
6660,SINAC_BD_0006660,71586,Bosque deciduo,6.839345112965928,SINAC - Consenso bosque deciduo 2021-2023,2021-2023,1,0,0,0
6661,SINAC_BD_0006661,71588,Bosque deciduo,1.3509197062857283,SINAC - Consenso bosque deciduo 2021-2023,2021-2023,1,1,0,0
6662,SINAC_BD_0006662,71590,Bosque deciduo,4.384477471137421,SINAC - Consenso bosque deciduo 2021-2023,2021-2023,1,1,0,0
6663,SINAC_BD_0006663,71593,Bosque deciduo,1.6158631358173885,SINAC - Consenso bosque deciduo 2021-2023,2021-2023,1,1,0,1
6664,SINAC_BD_0006664,71618,Bosque deciduo,1.528694621976893,SINAC - Consenso bosque deciduo 2021-2023,2021-2023,1,0,0,0
6665,SINAC_BD_0006665,71623,Bosque deciduo,1.0283211656273938,SINAC - Consenso bosque deciduo 2021-2023,2021-2023,0,0,0,0
6666,SINAC_BD_0006666,71642,Bosque deciduo,14.158722721846841,SINAC - Consenso bosque deciduo 2021-2023,2021-2023,1,1,0,0
6667,SINAC_BD_0006667,71684,Bosque deciduo,3.2432575806615693,SINAC - Consenso bosque deciduo 2021-2023,2021-2023,1,1,0,0
6668,SINAC_BD_0006668,71685,Bosque deciduo,2.6919889956398872,SINAC - Consenso bosque deciduo 2021-2023,2021-2023,1,0,0,0
6669,SINAC_BD_0006669,71686,Bosque deciduo,1.0475329398865287,SINAC - Consenso bosque deciduo 2021-2023,2021-2023,1,0,0,0
6670,SINAC_BD_0006670,71705,Bosque deciduo,4.018687303202726,SINAC - Consenso bosque deciduo 2021-2023,2021-2023,1,1,1,0
6671,SINAC_BD_0006671,71706,Bosque deciduo,1.749706687063405,SINAC - Consenso bosque deciduo 2021-2023,2021-2023,0,0,0,0
6672,SINAC_BD_0006672,71711,Bosque deciduo,2.123844506774976,SINAC - Consenso bosque deciduo 2021-2023,2021-2023,0,0,0,0
6673,SINAC_BD_0006673,71729,Bosque deciduo,1.16,SINAC - Consenso bosque deciduo 2021-2023,2021-2023,1,0,0,0
6674,SINAC_BD_0006674,71731,Bosque deciduo,1.27900302896915,SINAC - Consenso bosque deciduo 2021-2023,2021-2023,1,0,0,0
6675,SINAC_BD_0006675,71770,Bosque deciduo,1.6616099536470488,SINAC - Consenso bosque deciduo 2021-2023,2021-2023,1,0,0,0
6676,SINAC_BD_0006676,71772,Bosque deciduo,3.862361902395039,SINAC - Consenso bosque deciduo 2021-2023,2021-2023,0,0,1,0
6677,SINAC_BD_0006677,71773,Bosque deciduo,7.0985115729461485,SINAC - Consenso bosque deciduo 2021-2023,2021-2023,1,0,0,0
6678,SINAC_BD_0006678,71778,Bosque deciduo,1.5085770389955195,SINAC - Consenso bosque deciduo 2021-2023,2021-2023,0,0,0,0
6679,SINAC_BD_0006679,71781,Bosque deciduo,1.3561186113745651,SINAC - Consenso bosque deciduo 2021-2023,2021-2023,0,0,0,0
6680,SINAC_BD_0006680,71782,Bosque deciduo,3.660915218979604,SINAC - Consenso bosque deciduo 2021-2023,2021-2023,1,0,0,0
6681,SINAC_BD_0006681,71784,Bosque deciduo,1.6225906847098004,SINAC - Consenso bosque deciduo 2021-2023,2021-2023,1,0,0,0
6682,SINAC_BD_0006682,71787,Bosque deciduo,1.493785472623401,SINAC - Consenso bosque deciduo 2021-2023,2021-2023,0,0,0,0
6683,SINAC_BD_0006683,71808,Bosque deciduo,1.3731770560676766,SINAC - Consenso bosque deciduo 2021-2023,2021-2023,1,0,0,0
6684,SINAC_BD_0006684,71809,Bosque deciduo,18.710711441911645,SINAC - Consenso bosque deciduo 2021-2023,2021-2023,1,1,0,0
6685,SINAC_BD_0006685,71813,Bosque deciduo,3.449001244145766,SINAC - Consenso bosque deciduo 2021-2023,2021-2023,1,0,0,0
6686,SINAC_BD_0006686,71828,Bosque deciduo,1.742142820869978,SINAC - Consenso bosque deciduo 2021-2023,2021-2023,0,0,0,0
6687,SINAC_BD_0006687,71836,Bosque deciduo,1.1870906443158549,SINAC - Consenso bosque deciduo 2021-2023,2021-2023,0,0,0,0
6688,SINAC_BD_0006688,71841,Bosque deciduo,1.2307126147555152,SINAC - Consenso bosque deciduo 2021-2023,2021-2023,0,0,0,0
6689,SINAC_BD_0006689,71847,Bosque deciduo,1.1985380261535097,SINAC - Consenso bosque deciduo 2021-2023,2021-2023,1,0,0,0
6690,SINAC_BD_0006690,71848,Bosque deciduo,1.8326808462801498,SINAC - Consenso bosque deciduo 2021-2023,2021-2023,0,0,0,0
6691,SINAC_BD_0006691,71849,Bosque deciduo,1.3153356023556606,SINAC - Consenso bosque deciduo 2021-2023,2021-2023,1,0,0,0
6692,SINAC_BD_0006692,71851,Bosque deciduo,1.129853000301851,SINAC - Consenso bosque deciduo 2021-2023,2021-2023,0,0,0,0
6693,SINAC_BD_0006693,71852,Bosque deciduo,5.596938594117619,SINAC - Consenso bosque deciduo 2021-2023,2021-2023,0,0,0,0
6694,SINAC_BD_0006694,71865,Bosque deciduo,2.95939700367753,SINAC - Consenso bosque deciduo 2021-2023,2021-2023,1,0,0,0
6695,SINAC_BD_0006695,71868,Bosque deciduo,1.4569820842466177,SINAC - Consenso bosque deciduo 2021-2023,2021-2023,1,1,0,0
6696,SINAC_BD_0006696,71882,Bosque deciduo,1.7068434698107957,SINAC - Consenso bosque deciduo 2021-2023,2021-2023,0,0,0,0
6697,SINAC_BD_0006697,71883,Bosque deciduo,16.80737954084449,SINAC - Consenso bosque deciduo 2021-2023,2021-2023,1,1,0,0
6698,SINAC_BD_0006698,71884,Bosque deciduo,1.3494200518429393,SINAC - Consenso bosque deciduo 2021-2023,2021-2023,1,0,0,0
6699,SINAC_BD_0006699,71933,Bosque deciduo,1.9372012644829748,SINAC - Consenso bosque deciduo 2021-2023,2021-2023,0,0,0,0
6700,SINAC_BD_0006700,71934,Bosque deciduo,1.4472795165499834,SINAC - Consenso bosque deciduo 2021-2023,2021-2023,0,0,0,0
6701,SINAC_BD_0006701,71942,Bosque deciduo,1.8756869608361173,SINAC - Consenso bosque deciduo 2021-2023,2021-2023,1,0,0,0
6702,SINAC_BD_0006702,71946,Bosque deciduo,1.3949138414489117,SINAC - Consenso bosque deciduo 2021-2023,2021-2023,0,0,0,0
6703,SINAC_BD_0006703,71948,Bosque deciduo,1.5090392520816038,SINAC - Consenso bosque deciduo 2021-2023,2021-2023,1,0,0,0
6704,SINAC_BD_0006704,71949,Bosque deciduo,1.6097586240988513,SINAC - Consenso bosque deciduo 2021-2023,2021-2023,0,0,0,0
6705,SINAC_BD_0006705,71978,Bosque deciduo,3.747009405837555,SINAC - Consenso bosque deciduo 2021-2023,2021-2023,1,0,0,0
6706,SINAC_BD_0006706,72000,Bosque deciduo,1.5906534609854575,SINAC - Consenso bosque deciduo 2021-2023,2021-2023,0,0,0,0
6707,SINAC_BD_0006707,72011,Bosque deciduo,2.6295263809618334,SINAC - Consenso bosque deciduo 2021-2023,2021-2023,1,0,0,0
6708,SINAC_BD_0006708,72015,Bosque deciduo,1.4565176199101473,SINAC - Consenso bosque deciduo 2021-2023,2021-2023,1,1,0,0
6709,SINAC_BD_0006709,72050,Bosque deciduo,1.905701097810299,SINAC - Consenso bosque deciduo 2021-2023,2021-2023,1,0,0,0
6710,SINAC_BD_0006710,72097,Bosque deciduo,1.3971517680205583,SINAC - Consenso bosque deciduo 2021-2023,2021-2023,1,0,0,0
6711,SINAC_BD_0006711,72101,Bosque deciduo,1.0344601289039903,SINAC - Consenso bosque deciduo 2021-2023,2021-2023,0,0,0,0
6712,SINAC_BD_0006712,72123,Bosque deciduo,1.550557391747848,SINAC - Consenso bosque deciduo 2021-2023,2021-2023,1,0,0,0
6713,SINAC_BD_0006713,72129,Bosque deciduo,3.527420440261203,SINAC - Consenso bosque deciduo 2021-2023,2021-2023,1,1,0,0
6714,SINAC_BD_0006714,72130,Bosque deciduo,1.230880888460967,SINAC - Consenso bosque deciduo 2021-2023,2021-2023,0,0,0,0
6715,SINAC_BD_0006715,72136,Bosque deciduo,1.021754601155004,SINAC - Consenso bosque deciduo 2021-2023,2021-2023,0,0,0,0
6716,SINAC_BD_0006716,72166,Bosque deciduo,1.4200450768932558,SINAC - Consenso bosque deciduo 2021-2023,2021-2023,1,1,0,0
6717,SINAC_BD_0006717,72168,Bosque deciduo,1.1624913511157373,SINAC - Consenso bosque deciduo 2021-2023,2021-2023,1,1,0,0
6718,SINAC_BD_0006718,72237,Bosque deciduo,8.086083348713107,SINAC - Consenso bosque deciduo 2021-2023,2021-2023,1,1,0,0
6719,SINAC_BD_0006719,72238,Bosque deciduo,1.1542843787681412,SINAC - Consenso bosque deciduo 2021-2023,2021-2023,0,0,0,0
6720,SINAC_BD_0006720,72242,Bosque deciduo,2.7600036041349245,SINAC - Consenso bosque deciduo 2021-2023,2021-2023,1,1,0,0
6721,SINAC_BD_0006721,72243,Bosque deciduo,2.1777117993533484,SINAC - Consenso bosque deciduo 2021-2023,2021-2023,0,0,0,0
6722,SINAC_BD_0006722,72244,Bosque deciduo,2.1070875108581344,SINAC - Consenso bosque deciduo 2021-2023,2021-2023,0,0,0,0
6723,SINAC_BD_0006723,72261,Bosque deciduo,1.1503704425621042,SINAC - Consenso bosque deciduo 2021-2023,2021-2023,1,0,0,0
6724,SINAC_BD_0006724,72277,Bosque deciduo,1.8849365049881635,SINAC - Consenso bosque deciduo 2021-2023,2021-2023,1,1,1,0
6725,SINAC_BD_0006725,72280,Bosque deciduo,2.1495579690004587,SINAC - Consenso bosque deciduo 2021-2023,2021-2023,0,0,0,0
6726,SINAC_BD_0006726,72294,Bosque deciduo,6.918015610293907,SINAC - Consenso bosque deciduo 2021-2023,2021-2023,1,0,1,0
6727,SINAC_BD_0006727,72295,Bosque deciduo,14.40811047679705,SINAC - Consenso bosque deciduo 2021-2023,2021-2023,1,1,0,0
6728,SINAC_BD_0006728,72334,Bosque deciduo,4.237274717725502,SINAC - Consenso bosque deciduo 2021-2023,2021-2023,1,1,0,0
6729,SINAC_BD_0006729,72347,Bosque deciduo,1.1205011649051093,SINAC - Consenso bosque deciduo 2021-2023,2021-2023,0,0,0,0
6730,SINAC_BD_0006730,72364,Bosque deciduo,1.894013102274418,SINAC - Consenso bosque deciduo 2021-2023,2021-2023,1,1,0,0
6731,SINAC_BD_0006731,72393,Bosque deciduo,4.199924103081514,SINAC - Consenso bosque deciduo 2021-2023,2021-2023,1,1,1,0
6732,SINAC_BD_0006732,72401,Bosque deciduo,16.85472372940105,SINAC - Consenso bosque deciduo 2021-2023,2021-2023,1,1,1,0
6733,SINAC_BD_0006733,72414,Bosque deciduo,1.7443298302390828,SINAC - Consenso bosque deciduo 2021-2023,2021-2023,1,1,0,0
6734,SINAC_BD_0006734,72415,Bosque deciduo,2.2001303821877736,SINAC - Consenso bosque deciduo 2021-2023,2021-2023,1,0,0,0
6735,SINAC_BD_0006735,72416,Bosque deciduo,99.9194738047007,SINAC - Consenso bosque deciduo 2021-2023,2021-2023,1,1,1,0
6736,SINAC_BD_0006736,72418,Bosque deciduo,1.790864141896303,SINAC - Consenso bosque deciduo 2021-2023,2021-2023,1,0,0,0
6737,SINAC_BD_0006737,72419,Bosque deciduo,1.6735268621002903,SINAC - Consenso bosque deciduo 2021-2023,2021-2023,0,1,0,0
6738,SINAC_BD_0006738,72420,Bosque deciduo,1.1444153714915244,SINAC - Consenso bosque deciduo 2021-2023,2021-2023,1,1,1,0
6739,SINAC_BD_0006739,72421,Bosque deciduo,38.86910511246228,SINAC - Consenso bosque deciduo 2021-2023,2021-2023,1,1,0,1
6740,SINAC_BD_0006740,72426,Bosque deciduo,4.962045182140054,SINAC - Consenso bosque deciduo 2021-2023,2021-2023,1,0,0,0
6741,SINAC_BD_0006741,72430,Bosque deciduo,4.904251903306288,SINAC - Consenso bosque deciduo 2021-2023,2021-2023,1,0,0,0
6742,SINAC_BD_0006742,72444,Bosque deciduo,5.413311250831211,SINAC - Consenso bosque deciduo 2021-2023,2021-2023,1,0,1,0
6743,SINAC_BD_0006743,72475,Bosque deciduo,3.5812740755390577,SINAC - Consenso bosque deciduo 2021-2023,2021-2023,1,1,0,0
6744,SINAC_BD_0006744,72495,Bosque deciduo,19.019125120022267,SINAC - Consenso bosque deciduo 2021-2023,2021-2023,1,1,1,0
6745,SINAC_BD_0006745,72513,Bosque deciduo,1.2102903332420798,SINAC - Consenso bosque deciduo 2021-2023,2021-2023,0,0,0,0
6746,SINAC_BD_0006746,72519,Bosque deciduo,1.8687548252439417,SINAC - Consenso bosque deciduo 2021-2023,2021-2023,0,0,0,0
6747,SINAC_BD_0006747,72524,Bosque deciduo,2.407478962581672,SINAC - Consenso bosque deciduo 2021-2023,2021-2023,0,0,0,0
6748,SINAC_BD_0006748,72540,Bosque deciduo,4.468121990384168,SINAC - Consenso bosque deciduo 2021-2023,2021-2023,1,0,1,0
6749,SINAC_BD_0006749,72550,Bosque deciduo,1.6209000692614377,SINAC - Consenso bosque deciduo 2021-2023,2021-2023,0,0,0,0
6750,SINAC_BD_0006750,72560,Bosque deciduo,6.812016896393238,SINAC - Consenso bosque deciduo 2021-2023,2021-2023,1,1,0,0
6751,SINAC_BD_0006751,72574,Bosque deciduo,2.4393363534570582,SINAC - Consenso bosque deciduo 2021-2023,2021-2023,0,0,0,0
6752,SINAC_BD_0006752,72581,Bosque deciduo,12.138751079128712,SINAC - Consenso bosque deciduo 2021-2023,2021-2023,1,1,1,0
6753,SINAC_BD_0006753,72591,Bosque deciduo,3.463338161066001,SINAC - Consenso bosque deciduo 2021-2023,2021-2023,1,1,0,0
6754,SINAC_BD_0006754,72602,Bosque deciduo,1.526021551692256,SINAC - Consenso bosque deciduo 2021-2023,2021-2023,0,0,0,0
6755,SINAC_BD_0006755,72622,Bosque deciduo,2.0353176951812513,SINAC - Consenso bosque deciduo 2021-2023,2021-2023,1,1,0,0
6756,SINAC_BD_0006756,72625,Bosque deciduo,1.091286562140084,SINAC - Consenso bosque deciduo 2021-2023,2021-2023,0,0,0,0
6757,SINAC_BD_0006757,72634,Bosque deciduo,2.4418371869271063,SINAC - Consenso bosque deciduo 2021-2023,2021-2023,0,0,0,0
6758,SINAC_BD_0006758,72657,Bosque deciduo,1.1706447763407297,SINAC - Consenso bosque deciduo 2021-2023,2021-2023,1,0,0,0
6759,SINAC_BD_0006759,72674,Bosque deciduo,2.516262634711392,SINAC - Consenso bosque deciduo 2021-2023,2021-2023,1,0,0,0
6760,SINAC_BD_0006760,72676,Bosque deciduo,2.87,SINAC - Consenso bosque deciduo 2021-2023,2021-2023,0,0,0,0
6761,SINAC_BD_0006761,72677,Bosque deciduo,1.53118065552235,SINAC - Consenso bosque deciduo 2021-2023,2021-2023,1,1,0,0
6762,SINAC_BD_0006762,72683,Bosque deciduo,6.364496569538152,SINAC - Consenso bosque deciduo 2021-2023,2021-2023,1,1,0,0
6763,SINAC_BD_0006763,72698,Bosque deciduo,1.187832136042987,SINAC - Consenso bosque deciduo 2021-2023,2021-2023,0,0,0,0
6764,SINAC_BD_0006764,72705,Bosque deciduo,1.0367325536457455,SINAC - Consenso bosque deciduo 2021-2023,2021-2023,1,0,0,0
6765,SINAC_BD_0006765,72710,Bosque deciduo,3.20032536261222,SINAC - Consenso bosque deciduo 2021-2023,2021-2023,0,0,0,0
6766,SINAC_BD_0006766,72713,Bosque deciduo,1.501928349923019,SINAC - Consenso bosque deciduo 2021-2023,2021-2023,1,0,0,0
6767,SINAC_BD_0006767,72716,Bosque deciduo,3.636391599870575,SINAC - Consenso bosque deciduo 2021-2023,2021-2023,0,0,0,0
6768,SINAC_BD_0006768,72728,Bosque deciduo,1.3062432147045169,SINAC - Consenso bosque deciduo 2021-2023,2021-2023,0,0,0,0
6769,SINAC_BD_0006769,72742,Bosque deciduo,2.22,SINAC - Consenso bosque deciduo 2021-2023,2021-2023,1,0,0,0
6770,SINAC_BD_0006770,72743,Bosque deciduo,1.5128254049811314,SINAC - Consenso bosque deciduo 2021-2023,2021-2023,0,0,0,0
6771,SINAC_BD_0006771,72751,Bosque deciduo,2.128888766395541,SINAC - Consenso bosque deciduo 2021-2023,2021-2023,1,1,0,0
6772,SINAC_BD_0006772,72752,Bosque deciduo,16.41287685918431,SINAC - Consenso bosque deciduo 2021-2023,2021-2023,0,0,0,0
6773,SINAC_BD_0006773,72755,Bosque deciduo,15.03221951285513,SINAC - Consenso bosque deciduo 2021-2023,2021-2023,1,0,1,0
6774,SINAC_BD_0006774,72756,Bosque deciduo,1.6519524519176259,SINAC - Consenso bosque deciduo 2021-2023,2021-2023,1,0,0,0
6775,SINAC_BD_0006775,72762,Bosque deciduo,1.500940813204591,SINAC - Consenso bosque deciduo 2021-2023,2021-2023,0,0,0,0
6776,SINAC_BD_0006776,72770,Bosque deciduo,1.0514999334499049,SINAC - Consenso bosque deciduo 2021-2023,2021-2023,0,0,0,0
6777,SINAC_BD_0006777,72784,Bosque deciduo,3.35,SINAC - Consenso bosque deciduo 2021-2023,2021-2023,1,0,1,0
6778,SINAC_BD_0006778,72825,Bosque deciduo,1.8550346262738504,SINAC - Consenso bosque deciduo 2021-2023,2021-2023,0,0,0,0
6779,SINAC_BD_0006779,72847,Bosque deciduo,1.789210859655418,SINAC - Consenso bosque deciduo 2021-2023,2021-2023,1,0,0,0
6780,SINAC_BD_0006780,72908,Bosque deciduo,2.1851123090930566,SINAC - Consenso bosque deciduo 2021-2023,2021-2023,0,0,0,0
6781,SINAC_BD_0006781,72911,Bosque deciduo,1.8323268188904993,SINAC - Consenso bosque deciduo 2021-2023,2021-2023,1,0,0,0
6782,SINAC_BD_0006782,72917,Bosque deciduo,2.665024425668321,SINAC - Consenso bosque deciduo 2021-2023,2021-2023,1,1,0,0
6783,SINAC_BD_0006783,72926,Bosque deciduo,2.3227724962744456,SINAC - Consenso bosque deciduo 2021-2023,2021-2023,1,0,0,0
6784,SINAC_BD_0006784,72937,Bosque deciduo,5.5669152639702855,SINAC - Consenso bosque deciduo 2021-2023,2021-2023,1,1,0,0
6785,SINAC_BD_0006785,72955,Bosque deciduo,1.673945607812914,SINAC - Consenso bosque deciduo 2021-2023,2021-2023,0,0,0,0
6786,SINAC_BD_0006786,73002,Bosque deciduo,1.0704599121878278,SINAC - Consenso bosque deciduo 2021-2023,2021-2023,0,0,0,0
6787,SINAC_BD_0006787,73011,Bosque deciduo,3.547708017792519,SINAC - Consenso bosque deciduo 2021-2023,2021-2023,1,0,0,0
6788,SINAC_BD_0006788,73015,Bosque deciduo,1.0315454650321483,SINAC - Consenso bosque deciduo 2021-2023,2021-2023,0,0,0,0
6789,SINAC_BD_0006789,73018,Bosque deciduo,1.2218066029871766,SINAC - Consenso bosque deciduo 2021-2023,2021-2023,0,0,0,0
6790,SINAC_BD_0006790,73021,Bosque deciduo,3.4579629108266343,SINAC - Consenso bosque deciduo 2021-2023,2021-2023,1,1,1,0
6791,SINAC_BD_0006791,73023,Bosque deciduo,2.1515570132577415,SINAC - Consenso bosque deciduo 2021-2023,2021-2023,1,0,0,0
6792,SINAC_BD_0006792,73043,Bosque deciduo,2.76,SINAC - Consenso bosque deciduo 2021-2023,2021-2023,1,0,1,0
6793,SINAC_BD_0006793,73066,Bosque deciduo,3.12029296812943,SINAC - Consenso bosque deciduo 2021-2023,2021-2023,0,0,0,0
6794,SINAC_BD_0006794,73067,Bosque deciduo,4.5241538912226575,SINAC - Consenso bosque deciduo 2021-2023,2021-2023,1,1,0,0
6795,SINAC_BD_0006795,73073,Bosque deciduo,2.700983205840833,SINAC - Consenso bosque deciduo 2021-2023,2021-2023,1,0,0,0
6796,SINAC_BD_0006796,73077,Bosque deciduo,2.8050302956900732,SINAC - Consenso bosque deciduo 2021-2023,2021-2023,1,1,0,1
6797,SINAC_BD_0006797,73084,Bosque deciduo,1.796975437368835,SINAC - Consenso bosque deciduo 2021-2023,2021-2023,1,0,0,0
6798,SINAC_BD_0006798,73087,Bosque deciduo,4.839355401476226,SINAC - Consenso bosque deciduo 2021-2023,2021-2023,1,1,0,0
6799,SINAC_BD_0006799,73088,Bosque deciduo,2.608783272742437,SINAC - Consenso bosque deciduo 2021-2023,2021-2023,0,0,0,0
6800,SINAC_BD_0006800,73090,Bosque deciduo,1.1419892262992213,SINAC - Consenso bosque deciduo 2021-2023,2021-2023,0,0,0,0
6801,SINAC_BD_0006801,73100,Bosque deciduo,2.5928857214291265,SINAC - Consenso bosque deciduo 2021-2023,2021-2023,0,0,0,0
6802,SINAC_BD_0006802,73101,Bosque deciduo,1.075766819809685,SINAC - Consenso bosque deciduo 2021-2023,2021-2023,1,0,0,0
6803,SINAC_BD_0006803,73122,Bosque deciduo,15.625526204615694,SINAC - Consenso bosque deciduo 2021-2023,2021-2023,1,1,1,1
6804,SINAC_BD_0006804,73126,Bosque deciduo,3.7946659378487166,SINAC - Consenso bosque deciduo 2021-2023,2021-2023,1,1,0,0
6805,SINAC_BD_0006805,73127,Bosque deciduo,1.915397899384881,SINAC - Consenso bosque deciduo 2021-2023,2021-2023,0,0,0,0
6806,SINAC_BD_0006806,73150,Bosque deciduo,1.2271998055668734,SINAC - Consenso bosque deciduo 2021-2023,2021-2023,1,0,0,0
6807,SINAC_BD_0006807,73154,Bosque deciduo,1.6649041629268047,SINAC - Consenso bosque deciduo 2021-2023,2021-2023,0,0,0,0
6808,SINAC_BD_0006808,73159,Bosque deciduo,1.3729976278245548,SINAC - Consenso bosque deciduo 2021-2023,2021-2023,0,0,0,0
6809,SINAC_BD_0006809,73161,Bosque deciduo,1.1762538054002813,SINAC - Consenso bosque deciduo 2021-2023,2021-2023,1,0,0,0
6810,SINAC_BD_0006810,73165,Bosque deciduo,1.0235674125377467,SINAC - Consenso bosque deciduo 2021-2023,2021-2023,1,0,0,0
6811,SINAC_BD_0006811,73178,Bosque deciduo,1.442510150013228,SINAC - Consenso bosque deciduo 2021-2023,2021-2023,0,0,0,0
6812,SINAC_BD_0006812,73183,Bosque deciduo,4.035954453935033,SINAC - Consenso bosque deciduo 2021-2023,2021-2023,1,0,0,0
6813,SINAC_BD_0006813,73188,Bosque deciduo,2.5481862447617596,SINAC - Consenso bosque deciduo 2021-2023,2021-2023,0,0,0,0
6814,SINAC_BD_0006814,73193,Bosque deciduo,1.9686328135961653,SINAC - Consenso bosque deciduo 2021-2023,2021-2023,0,0,0,0
6815,SINAC_BD_0006815,73197,Bosque deciduo,9.193928546944019,SINAC - Consenso bosque deciduo 2021-2023,2021-2023,1,1,0,0
6816,SINAC_BD_0006816,73198,Bosque deciduo,1.1794305277246766,SINAC - Consenso bosque deciduo 2021-2023,2021-2023,0,1,0,0
6817,SINAC_BD_0006817,73199,Bosque deciduo,1.742739203682122,SINAC - Consenso bosque deciduo 2021-2023,2021-2023,0,0,0,0
6818,SINAC_BD_0006818,73200,Bosque deciduo,2.9642872781644924,SINAC - Consenso bosque deciduo 2021-2023,2021-2023,1,0,0,0
6819,SINAC_BD_0006819,73201,Bosque deciduo,2.5941060513803706,SINAC - Consenso bosque deciduo 2021-2023,2021-2023,0,0,0,0
6820,SINAC_BD_0006820,73202,Bosque deciduo,1.5608258178643424,SINAC - Consenso bosque deciduo 2021-2023,2021-2023,0,0,0,0
6821,SINAC_BD_0006821,73213,Bosque deciduo,1.102388320940966,SINAC - Consenso bosque deciduo 2021-2023,2021-2023,1,0,0,0
6822,SINAC_BD_0006822,73221,Bosque deciduo,2.0358799595031636,SINAC - Consenso bosque deciduo 2021-2023,2021-2023,1,0,0,0
6823,SINAC_BD_0006823,73222,Bosque deciduo,10.247091786050364,SINAC - Consenso bosque deciduo 2021-2023,2021-2023,1,1,1,0
6824,SINAC_BD_0006824,73226,Bosque deciduo,1.7352086733275984,SINAC - Consenso bosque deciduo 2021-2023,2021-2023,1,1,0,0
6825,SINAC_BD_0006825,73234,Bosque deciduo,3.6116890081492072,SINAC - Consenso bosque deciduo 2021-2023,2021-2023,1,1,0,0
6826,SINAC_BD_0006826,73265,Bosque deciduo,1.0961661156794256,SINAC - Consenso bosque deciduo 2021-2023,2021-2023,1,0,0,0
6827,SINAC_BD_0006827,73300,Bosque deciduo,1.224128259339395,SINAC - Consenso bosque deciduo 2021-2023,2021-2023,1,0,0,0
6828,SINAC_BD_0006828,73301,Bosque deciduo,1.0526614329733393,SINAC - Consenso bosque deciduo 2021-2023,2021-2023,0,0,0,0
6829,SINAC_BD_0006829,73303,Bosque deciduo,1.643340992321456,SINAC - Consenso bosque deciduo 2021-2023,2021-2023,0,0,0,0
6830,SINAC_BD_0006830,73312,Bosque deciduo,1.1916158155890382,SINAC - Consenso bosque deciduo 2021-2023,2021-2023,1,0,0,0
6831,SINAC_BD_0006831,73316,Bosque deciduo,6.665294643833481,SINAC - Consenso bosque deciduo 2021-2023,2021-2023,1,1,0,0
6832,SINAC_BD_0006832,73328,Bosque deciduo,1.2901165849136826,SINAC - Consenso bosque deciduo 2021-2023,2021-2023,0,0,0,0
6833,SINAC_BD_0006833,73363,Bosque deciduo,5.2088615309642305,SINAC - Consenso bosque deciduo 2021-2023,2021-2023,1,1,1,0
6834,SINAC_BD_0006834,73364,Bosque deciduo,5.216905248257906,SINAC - Consenso bosque deciduo 2021-2023,2021-2023,1,1,0,0
6835,SINAC_BD_0006835,73365,Bosque deciduo,1.308878991338167,SINAC - Consenso bosque deciduo 2021-2023,2021-2023,1,0,0,0
6836,SINAC_BD_0006836,73390,Bosque deciduo,1.213460221720562,SINAC - Consenso bosque deciduo 2021-2023,2021-2023,1,0,0,0
6837,SINAC_BD_0006837,73397,Bosque deciduo,2.2689318389647286,SINAC - Consenso bosque deciduo 2021-2023,2021-2023,1,0,0,0
6838,SINAC_BD_0006838,73400,Bosque deciduo,1.3681078614123692,SINAC - Consenso bosque deciduo 2021-2023,2021-2023,0,0,0,0
6839,SINAC_BD_0006839,73432,Bosque deciduo,2.6358180577717305,SINAC - Consenso bosque deciduo 2021-2023,2021-2023,1,0,0,0
6840,SINAC_BD_0006840,73462,Bosque deciduo,3.725503811757147,SINAC - Consenso bosque deciduo 2021-2023,2021-2023,1,0,0,0
6841,SINAC_BD_0006841,73467,Bosque deciduo,2.8690647641097495,SINAC - Consenso bosque deciduo 2021-2023,2021-2023,1,1,0,0
6842,SINAC_BD_0006842,73471,Bosque deciduo,1.433923040614226,SINAC - Consenso bosque deciduo 2021-2023,2021-2023,0,0,0,0
6843,SINAC_BD_0006843,73495,Bosque deciduo,1.432184879634409,SINAC - Consenso bosque deciduo 2021-2023,2021-2023,0,0,0,0
6844,SINAC_BD_0006844,73497,Bosque deciduo,7.587797258091989,SINAC - Consenso bosque deciduo 2021-2023,2021-2023,1,1,0,0
6845,SINAC_BD_0006845,73506,Bosque deciduo,2.874563735442236,SINAC - Consenso bosque deciduo 2021-2023,2021-2023,1,1,0,0
6846,SINAC_BD_0006846,73538,Bosque deciduo,2.110298792376803,SINAC - Consenso bosque deciduo 2021-2023,2021-2023,0,0,0,0
6847,SINAC_BD_0006847,73539,Bosque deciduo,1.086628683596735,SINAC - Consenso bosque deciduo 2021-2023,2021-2023,0,0,1,0
6848,SINAC_BD_0006848,73542,Bosque deciduo,2.2762765673896954,SINAC - Consenso bosque deciduo 2021-2023,2021-2023,1,1,1,0
6849,SINAC_BD_0006849,73547,Bosque deciduo,1.7551565808963165,SINAC - Consenso bosque deciduo 2021-2023,2021-2023,1,0,0,0
6850,SINAC_BD_0006850,73548,Bosque deciduo,5.692968631710608,SINAC - Consenso bosque deciduo 2021-2023,2021-2023,1,1,0,0
6851,SINAC_BD_0006851,73559,Bosque deciduo,7.9642769507399,SINAC - Consenso bosque deciduo 2021-2023,2021-2023,1,1,0,0
6852,SINAC_BD_0006852,73591,Bosque deciduo,8.248010726863823,SINAC - Consenso bosque deciduo 2021-2023,2021-2023,0,0,0,0
6853,SINAC_BD_0006853,73597,Bosque deciduo,2.6047804947998325,SINAC - Consenso bosque deciduo 2021-2023,2021-2023,1,0,0,1
6854,SINAC_BD_0006854,73619,Bosque deciduo,2.369298368568392,SINAC - Consenso bosque deciduo 2021-2023,2021-2023,1,1,0,0
6855,SINAC_BD_0006855,73620,Bosque deciduo,1.5931484396170712,SINAC - Consenso bosque deciduo 2021-2023,2021-2023,1,0,0,0
6856,SINAC_BD_0006856,73621,Bosque deciduo,18.497439113903017,SINAC - Consenso bosque deciduo 2021-2023,2021-2023,1,1,0,0
6857,SINAC_BD_0006857,73622,Bosque deciduo,1.0914260780086922,SINAC - Consenso bosque deciduo 2021-2023,2021-2023,1,0,0,0
6858,SINAC_BD_0006858,73623,Bosque deciduo,1.1710773363861018,SINAC - Consenso bosque deciduo 2021-2023,2021-2023,0,0,0,0
6859,SINAC_BD_0006859,73625,Bosque deciduo,2.6090427856430827,SINAC - Consenso bosque deciduo 2021-2023,2021-2023,0,0,0,0
6860,SINAC_BD_0006860,73626,Bosque deciduo,1.1610909288366251,SINAC - Consenso bosque deciduo 2021-2023,2021-2023,0,0,0,0
6861,SINAC_BD_0006861,73629,Bosque deciduo,1.0863312484696384,SINAC - Consenso bosque deciduo 2021-2023,2021-2023,0,0,0,0
6862,SINAC_BD_0006862,73639,Bosque deciduo,3.0409082686178275,SINAC - Consenso bosque deciduo 2021-2023,2021-2023,1,0,0,0
6863,SINAC_BD_0006863,73642,Bosque deciduo,4.810851859718753,SINAC - Consenso bosque deciduo 2021-2023,2021-2023,1,0,0,0
6864,SINAC_BD_0006864,73643,Bosque deciduo,4.422885513197835,SINAC - Consenso bosque deciduo 2021-2023,2021-2023,0,0,0,0
6865,SINAC_BD_0006865,73644,Bosque deciduo,1.8348743341496974,SINAC - Consenso bosque deciduo 2021-2023,2021-2023,0,0,0,0
6866,SINAC_BD_0006866,73645,Bosque deciduo,2.3540920244577803,SINAC - Consenso bosque deciduo 2021-2023,2021-2023,0,0,0,0
6867,SINAC_BD_0006867,73655,Bosque deciduo,2.7152272029074913,SINAC - Consenso bosque deciduo 2021-2023,2021-2023,1,0,0,0
6868,SINAC_BD_0006868,73659,Bosque deciduo,1.1403265509588751,SINAC - Consenso bosque deciduo 2021-2023,2021-2023,0,0,0,0
6869,SINAC_BD_0006869,73692,Bosque deciduo,2.0467449361426273,SINAC - Consenso bosque deciduo 2021-2023,2021-2023,1,1,0,0
6870,SINAC_BD_0006870,73702,Bosque deciduo,3.54291196111169,SINAC - Consenso bosque deciduo 2021-2023,2021-2023,1,1,0,0
6871,SINAC_BD_0006871,73719,Bosque deciduo,3.808349422791305,SINAC - Consenso bosque deciduo 2021-2023,2021-2023,1,0,0,0
6872,SINAC_BD_0006872,73755,Bosque deciduo,5.49644070541253,SINAC - Consenso bosque deciduo 2021-2023,2021-2023,1,1,0,0
6873,SINAC_BD_0006873,73769,Bosque deciduo,1.783326680825929,SINAC - Consenso bosque deciduo 2021-2023,2021-2023,0,0,0,0
6874,SINAC_BD_0006874,73770,Bosque deciduo,1.8293531858753613,SINAC - Consenso bosque deciduo 2021-2023,2021-2023,1,1,0,0
6875,SINAC_BD_0006875,73776,Bosque deciduo,1.9241417808999668,SINAC - Consenso bosque deciduo 2021-2023,2021-2023,1,0,0,0
6876,SINAC_BD_0006876,73817,Bosque deciduo,8.181903968329753,SINAC - Consenso bosque deciduo 2021-2023,2021-2023,1,1,1,0
6877,SINAC_BD_0006877,73826,Bosque deciduo,4.876653777392446,SINAC - Consenso bosque deciduo 2021-2023,2021-2023,1,0,0,0
6878,SINAC_BD_0006878,73845,Bosque deciduo,1.305313379483909,SINAC - Consenso bosque deciduo 2021-2023,2021-2023,1,0,0,0
6879,SINAC_BD_0006879,73848,Bosque deciduo,3.7219977294908335,SINAC - Consenso bosque deciduo 2021-2023,2021-2023,0,0,0,0
6880,SINAC_BD_0006880,73849,Bosque deciduo,1.0216722171195294,SINAC - Consenso bosque deciduo 2021-2023,2021-2023,0,0,0,0
6881,SINAC_BD_0006881,73850,Bosque deciduo,1.0337798971968883,SINAC - Consenso bosque deciduo 2021-2023,2021-2023,0,0,0,0
6882,SINAC_BD_0006882,73853,Bosque deciduo,1.0415071785300751,SINAC - Consenso bosque deciduo 2021-2023,2021-2023,1,0,0,0
6883,SINAC_BD_0006883,73865,Bosque deciduo,2.7138437337081585,SINAC - Consenso bosque deciduo 2021-2023,2021-2023,1,1,0,0
6884,SINAC_BD_0006884,73894,Bosque deciduo,1.783383268010242,SINAC - Consenso bosque deciduo 2021-2023,2021-2023,1,1,0,0
6885,SINAC_BD_0006885,73925,Bosque deciduo,1.435100434947645,SINAC - Consenso bosque deciduo 2021-2023,2021-2023,1,0,0,0
6886,SINAC_BD_0006886,73934,Bosque deciduo,16.08450347210941,SINAC - Consenso bosque deciduo 2021-2023,2021-2023,1,1,0,0
6887,SINAC_BD_0006887,73937,Bosque deciduo,1.481461566023371,SINAC - Consenso bosque deciduo 2021-2023,2021-2023,1,0,0,0
6888,SINAC_BD_0006888,73939,Bosque deciduo,5.114541605738699,SINAC - Consenso bosque deciduo 2021-2023,2021-2023,1,1,0,0
6889,SINAC_BD_0006889,73955,Bosque deciduo,1.2920044424288026,SINAC - Consenso bosque deciduo 2021-2023,2021-2023,0,0,0,0
6890,SINAC_BD_0006890,74016,Bosque deciduo,6.781569558360854,SINAC - Consenso bosque deciduo 2021-2023,2021-2023,1,1,1,0
6891,SINAC_BD_0006891,74036,Bosque deciduo,9.275164764145233,SINAC - Consenso bosque deciduo 2021-2023,2021-2023,1,1,1,0
6892,SINAC_BD_0006892,74056,Bosque deciduo,1.4305033494711823,SINAC - Consenso bosque deciduo 2021-2023,2021-2023,1,0,0,0
6893,SINAC_BD_0006893,74058,Bosque deciduo,4.103117458064424,SINAC - Consenso bosque deciduo 2021-2023,2021-2023,1,1,1,0
6894,SINAC_BD_0006894,74105,Bosque deciduo,1.2187786704985188,SINAC - Consenso bosque deciduo 2021-2023,2021-2023,0,0,0,0
6895,SINAC_BD_0006895,74109,Bosque deciduo,16.89392920169976,SINAC - Consenso bosque deciduo 2021-2023,2021-2023,1,1,1,0
6896,SINAC_BD_0006896,74114,Bosque deciduo,2.6200021965338993,SINAC - Consenso bosque deciduo 2021-2023,2021-2023,1,1,0,0
6897,SINAC_BD_0006897,74160,Bosque deciduo,1.0586570496803667,SINAC - Consenso bosque deciduo 2021-2023,2021-2023,0,0,0,0
6898,SINAC_BD_0006898,74163,Bosque deciduo,2.8556657206849234,SINAC - Consenso bosque deciduo 2021-2023,2021-2023,1,1,1,0
6899,SINAC_BD_0006899,74170,Bosque deciduo,1.370469854181622,SINAC - Consenso bosque deciduo 2021-2023,2021-2023,1,0,0,0
6900,SINAC_BD_0006900,74173,Bosque deciduo,1.4098278093602576,SINAC - Consenso bosque deciduo 2021-2023,2021-2023,1,1,0,0
6901,SINAC_BD_0006901,74176,Bosque deciduo,3.4776720709098563,SINAC - Consenso bosque deciduo 2021-2023,2021-2023,1,0,0,0
6902,SINAC_BD_0006902,74177,Bosque deciduo,3.092904305480045,SINAC - Consenso bosque deciduo 2021-2023,2021-2023,0,0,0,0
6903,SINAC_BD_0006903,74178,Bosque deciduo,3.2893506339856975,SINAC - Consenso bosque deciduo 2021-2023,2021-2023,0,0,0,0
6904,SINAC_BD_0006904,74181,Bosque deciduo,30.401986136282304,SINAC - Consenso bosque deciduo 2021-2023,2021-2023,1,1,1,0
6905,SINAC_BD_0006905,74182,Bosque deciduo,5.9797624845060975,SINAC - Consenso bosque deciduo 2021-2023,2021-2023,1,0,0,0
6906,SINAC_BD_0006906,74183,Bosque deciduo,3.519532377209342,SINAC - Consenso bosque deciduo 2021-2023,2021-2023,1,0,0,0
6907,SINAC_BD_0006907,74184,Bosque deciduo,2.102792381151103,SINAC - Consenso bosque deciduo 2021-2023,2021-2023,0,0,0,0
6908,SINAC_BD_0006908,74185,Bosque deciduo,2.4863264572459283,SINAC - Consenso bosque deciduo 2021-2023,2021-2023,1,0,0,0
6909,SINAC_BD_0006909,74197,Bosque deciduo,2.40099270074884,SINAC - Consenso bosque deciduo 2021-2023,2021-2023,1,1,0,0
6910,SINAC_BD_0006910,74210,Bosque deciduo,1.3627826997476233,SINAC - Consenso bosque deciduo 2021-2023,2021-2023,1,1,0,0
6911,SINAC_BD_0006911,74226,Bosque deciduo,1.2890155948402562,SINAC - Consenso bosque deciduo 2021-2023,2021-2023,1,0,0,0
6912,SINAC_BD_0006912,74228,Bosque deciduo,1.11,SINAC - Consenso bosque deciduo 2021-2023,2021-2023,0,0,0,0
6913,SINAC_BD_0006913,74242,Bosque deciduo,1.800258218780291,SINAC - Consenso bosque deciduo 2021-2023,2021-2023,0,0,0,0
6914,SINAC_BD_0006914,74251,Bosque deciduo,4.629258142591069,SINAC - Consenso bosque deciduo 2021-2023,2021-2023,1,1,0,0
6915,SINAC_BD_0006915,74282,Bosque deciduo,1.054644922505723,SINAC - Consenso bosque deciduo 2021-2023,2021-2023,0,0,0,0
6916,SINAC_BD_0006916,74287,Bosque deciduo,1.2357992014274215,SINAC - Consenso bosque deciduo 2021-2023,2021-2023,1,0,0,0
6917,SINAC_BD_0006917,74288,Bosque deciduo,5.690583306231355,SINAC - Consenso bosque deciduo 2021-2023,2021-2023,1,1,1,0
6918,SINAC_BD_0006918,74289,Bosque deciduo,1.5383333616053976,SINAC - Consenso bosque deciduo 2021-2023,2021-2023,1,0,0,0
6919,SINAC_BD_0006919,74290,Bosque deciduo,1.1927236541629058,SINAC - Consenso bosque deciduo 2021-2023,2021-2023,0,0,0,0
6920,SINAC_BD_0006920,74293,Bosque deciduo,1.0487898827118467,SINAC - Consenso bosque deciduo 2021-2023,2021-2023,0,0,0,0
6921,SINAC_BD_0006921,74302,Bosque deciduo,2.2437855807367035,SINAC - Consenso bosque deciduo 2021-2023,2021-2023,1,0,0,0
6922,SINAC_BD_0006922,74305,Bosque deciduo,4.123997844492801,SINAC - Consenso bosque deciduo 2021-2023,2021-2023,1,0,0,0
6923,SINAC_BD_0006923,74308,Bosque deciduo,1.43678463058081,SINAC - Consenso bosque deciduo 2021-2023,2021-2023,1,0,0,0
6924,SINAC_BD_0006924,74310,Bosque deciduo,2.3566503508422096,SINAC - Consenso bosque deciduo 2021-2023,2021-2023,1,1,1,0
6925,SINAC_BD_0006925,74316,Bosque deciduo,2.5693468299216455,SINAC - Consenso bosque deciduo 2021-2023,2021-2023,1,1,0,0
6926,SINAC_BD_0006926,74319,Bosque deciduo,1.7482308747284552,SINAC - Consenso bosque deciduo 2021-2023,2021-2023,1,0,0,0
6927,SINAC_BD_0006927,74320,Bosque deciduo,2.217321590636526,SINAC - Consenso bosque deciduo 2021-2023,2021-2023,1,0,0,0
6928,SINAC_BD_0006928,74325,Bosque deciduo,1.1176136418555611,SINAC - Consenso bosque deciduo 2021-2023,2021-2023,1,0,0,0
6929,SINAC_BD_0006929,74326,Bosque deciduo,1.0392457093100655,SINAC - Consenso bosque deciduo 2021-2023,2021-2023,0,0,0,0
6930,SINAC_BD_0006930,74339,Bosque deciduo,2.9730936132189223,SINAC - Consenso bosque deciduo 2021-2023,2021-2023,1,0,0,0
6931,SINAC_BD_0006931,74341,Bosque deciduo,1.0901585068154924,SINAC - Consenso bosque deciduo 2021-2023,2021-2023,1,0,0,0
6932,SINAC_BD_0006932,74344,Bosque deciduo,1.1906884803799127,SINAC - Consenso bosque deciduo 2021-2023,2021-2023,0,0,0,0
6933,SINAC_BD_0006933,74376,Bosque deciduo,2.8312704423423556,SINAC - Consenso bosque deciduo 2021-2023,2021-2023,0,1,1,0
6934,SINAC_BD_0006934,74392,Bosque deciduo,1.3393309917364642,SINAC - Consenso bosque deciduo 2021-2023,2021-2023,1,0,0,0
6935,SINAC_BD_0006935,74394,Bosque deciduo,2.0142145693167164,SINAC - Consenso bosque deciduo 2021-2023,2021-2023,0,0,0,0
6936,SINAC_BD_0006936,74411,Bosque deciduo,1.2209801522736141,SINAC - Consenso bosque deciduo 2021-2023,2021-2023,1,0,0,0
6937,SINAC_BD_0006937,74424,Bosque deciduo,2.4581412002349645,SINAC - Consenso bosque deciduo 2021-2023,2021-2023,1,0,0,0
6938,SINAC_BD_0006938,74426,Bosque deciduo,4.799861800087247,SINAC - Consenso bosque deciduo 2021-2023,2021-2023,1,0,0,0
6939,SINAC_BD_0006939,74427,Bosque deciduo,6.982945156481748,SINAC - Consenso bosque deciduo 2021-2023,2021-2023,1,1,1,0
6940,SINAC_BD_0006940,74446,Bosque deciduo,1.4123076628946132,SINAC - Consenso bosque deciduo 2021-2023,2021-2023,1,1,0,0
6941,SINAC_BD_0006941,74453,Bosque deciduo,1.017023100568426,SINAC - Consenso bosque deciduo 2021-2023,2021-2023,1,0,0,0
6942,SINAC_BD_0006942,74460,Bosque deciduo,1.1499973906366734,SINAC - Consenso bosque deciduo 2021-2023,2021-2023,0,0,0,0
6943,SINAC_BD_0006943,74466,Bosque deciduo,4.5,SINAC - Consenso bosque deciduo 2021-2023,2021-2023,1,1,0,0
6944,SINAC_BD_0006944,74470,Bosque deciduo,1.9249765924692943,SINAC - Consenso bosque deciduo 2021-2023,2021-2023,0,0,0,0
6945,SINAC_BD_0006945,74476,Bosque deciduo,2.397925940460771,SINAC - Consenso bosque deciduo 2021-2023,2021-2023,1,0,0,0
6946,SINAC_BD_0006946,74479,Bosque deciduo,2.2084155631415174,SINAC - Consenso bosque deciduo 2021-2023,2021-2023,0,0,0,0
6947,SINAC_BD_0006947,74480,Bosque deciduo,1.0903196300401803,SINAC - Consenso bosque deciduo 2021-2023,2021-2023,0,0,0,0
6948,SINAC_BD_0006948,74485,Bosque deciduo,1.8352287182875855,SINAC - Consenso bosque deciduo 2021-2023,2021-2023,0,0,0,0
6949,SINAC_BD_0006949,74534,Bosque deciduo,4.5972225821357195,SINAC - Consenso bosque deciduo 2021-2023,2021-2023,1,1,0,0
6950,SINAC_BD_0006950,74550,Bosque deciduo,3.292069994995321,SINAC - Consenso bosque deciduo 2021-2023,2021-2023,0,0,0,0
6951,SINAC_BD_0006951,74599,Bosque deciduo,5.598505540512234,SINAC - Consenso bosque deciduo 2021-2023,2021-2023,1,0,0,0
6952,SINAC_BD_0006952,74626,Bosque deciduo,1.563647654241217,SINAC - Consenso bosque deciduo 2021-2023,2021-2023,1,1,0,0
6953,SINAC_BD_0006953,74630,Bosque deciduo,1.0124252689758508,SINAC - Consenso bosque deciduo 2021-2023,2021-2023,1,0,0,0
6954,SINAC_BD_0006954,74635,Bosque deciduo,1.717484991823683,SINAC - Consenso bosque deciduo 2021-2023,2021-2023,1,1,0,0
6955,SINAC_BD_0006955,74639,Bosque deciduo,1.542467766553033,SINAC - Consenso bosque deciduo 2021-2023,2021-2023,0,0,0,0
6956,SINAC_BD_0006956,74644,Bosque deciduo,6.2396648388389035,SINAC - Consenso bosque deciduo 2021-2023,2021-2023,1,1,0,0
6957,SINAC_BD_0006957,74650,Bosque deciduo,7.348780453208929,SINAC - Consenso bosque deciduo 2021-2023,2021-2023,1,0,0,0
6958,SINAC_BD_0006958,74651,Bosque deciduo,14.911137231100955,SINAC - Consenso bosque deciduo 2021-2023,2021-2023,1,1,0,0
6959,SINAC_BD_0006959,74652,Bosque deciduo,1.15378457914597,SINAC - Consenso bosque deciduo 2021-2023,2021-2023,0,0,0,0
6960,SINAC_BD_0006960,74653,Bosque deciduo,1.7820743991584285,SINAC - Consenso bosque deciduo 2021-2023,2021-2023,0,0,0,0
6961,SINAC_BD_0006961,74654,Bosque deciduo,1.214294589453363,SINAC - Consenso bosque deciduo 2021-2023,2021-2023,0,0,0,0
6962,SINAC_BD_0006962,74656,Bosque deciduo,1.7102123447231443,SINAC - Consenso bosque deciduo 2021-2023,2021-2023,0,0,0,0
6963,SINAC_BD_0006963,74657,Bosque deciduo,27.214228802434157,SINAC - Consenso bosque deciduo 2021-2023,2021-2023,1,1,1,0
6964,SINAC_BD_0006964,74661,Bosque deciduo,18.005332185432387,SINAC - Consenso bosque deciduo 2021-2023,2021-2023,1,1,1,0
6965,SINAC_BD_0006965,74664,Bosque deciduo,3.0714222371694935,SINAC - Consenso bosque deciduo 2021-2023,2021-2023,0,0,0,0
6966,SINAC_BD_0006966,74666,Bosque deciduo,2.271256169688505,SINAC - Consenso bosque deciduo 2021-2023,2021-2023,1,1,0,0
6967,SINAC_BD_0006967,74668,Bosque deciduo,1.261607200359071,SINAC - Consenso bosque deciduo 2021-2023,2021-2023,1,0,1,0
6968,SINAC_BD_0006968,74731,Bosque deciduo,1.036613771806824,SINAC - Consenso bosque deciduo 2021-2023,2021-2023,1,0,0,0
6969,SINAC_BD_0006969,74732,Bosque deciduo,1.257553148922545,SINAC - Consenso bosque deciduo 2021-2023,2021-2023,0,0,0,0
6970,SINAC_BD_0006970,74740,Bosque deciduo,2.8952587516698474,SINAC - Consenso bosque deciduo 2021-2023,2021-2023,1,0,1,0
6971,SINAC_BD_0006971,74742,Bosque deciduo,2.19,SINAC - Consenso bosque deciduo 2021-2023,2021-2023,0,0,0,0
6972,SINAC_BD_0006972,74796,Bosque deciduo,5.475628976596013,SINAC - Consenso bosque deciduo 2021-2023,2021-2023,1,1,1,0
6973,SINAC_BD_0006973,74803,Bosque deciduo,1.28,SINAC - Consenso bosque deciduo 2021-2023,2021-2023,0,0,0,0
6974,SINAC_BD_0006974,74817,Bosque deciduo,3.3051931778983694,SINAC - Consenso bosque deciduo 2021-2023,2021-2023,1,0,0,0
6975,SINAC_BD_0006975,74822,Bosque deciduo,5.058003262742259,SINAC - Consenso bosque deciduo 2021-2023,2021-2023,1,0,0,0
6976,SINAC_BD_0006976,74841,Bosque deciduo,1.1307074300249442,SINAC - Consenso bosque deciduo 2021-2023,2021-2023,1,0,0,0
6977,SINAC_BD_0006977,74842,Bosque deciduo,4.785372545779995,SINAC - Consenso bosque deciduo 2021-2023,2021-2023,1,1,0,0
6978,SINAC_BD_0006978,74847,Bosque deciduo,1.845232526789836,SINAC - Consenso bosque deciduo 2021-2023,2021-2023,0,0,0,0
6979,SINAC_BD_0006979,74848,Bosque deciduo,4.779119222763278,SINAC - Consenso bosque deciduo 2021-2023,2021-2023,1,0,0,0
6980,SINAC_BD_0006980,74888,Bosque deciduo,1.1142428775992599,SINAC - Consenso bosque deciduo 2021-2023,2021-2023,1,0,0,0
6981,SINAC_BD_0006981,74895,Bosque deciduo,1.924855865987149,SINAC - Consenso bosque deciduo 2021-2023,2021-2023,1,1,0,0
6982,SINAC_BD_0006982,74905,Bosque deciduo,1.4804435253322221,SINAC - Consenso bosque deciduo 2021-2023,2021-2023,0,0,0,0
6983,SINAC_BD_0006983,74940,Bosque deciduo,3.8758261704367336,SINAC - Consenso bosque deciduo 2021-2023,2021-2023,1,0,0,0
6984,SINAC_BD_0006984,74968,Bosque deciduo,1.1986282838838611,SINAC - Consenso bosque deciduo 2021-2023,2021-2023,0,0,0,0
6985,SINAC_BD_0006985,74970,Bosque deciduo,1.139358453458749,SINAC - Consenso bosque deciduo 2021-2023,2021-2023,0,0,0,0
6986,SINAC_BD_0006986,74971,Bosque deciduo,1.2085675060227246,SINAC - Consenso bosque deciduo 2021-2023,2021-2023,0,0,0,0
6987,SINAC_BD_0006987,74973,Bosque deciduo,1.9875631773599722,SINAC - Consenso bosque deciduo 2021-2023,2021-2023,1,0,0,0
6988,SINAC_BD_0006988,74977,Bosque deciduo,3.544275751367216,SINAC - Consenso bosque deciduo 2021-2023,2021-2023,0,0,0,0
6989,SINAC_BD_0006989,74983,Bosque deciduo,1.8665452219808216,SINAC - Consenso bosque deciduo 2021-2023,2021-2023,1,0,0,0
6990,SINAC_BD_0006990,74995,Bosque deciduo,2.347642110917494,SINAC - Consenso bosque deciduo 2021-2023,2021-2023,1,1,0,0
6991,SINAC_BD_0006991,75006,Bosque deciduo,1.3544245679473297,SINAC - Consenso bosque deciduo 2021-2023,2021-2023,0,1,1,0
6992,SINAC_BD_0006992,75007,Bosque deciduo,3.0325328629987665,SINAC - Consenso bosque deciduo 2021-2023,2021-2023,1,0,0,0
6993,SINAC_BD_0006993,75027,Bosque deciduo,2.1000579283504632,SINAC - Consenso bosque deciduo 2021-2023,2021-2023,1,1,1,0
6994,SINAC_BD_0006994,75032,Bosque deciduo,2.039137930381076,SINAC - Consenso bosque deciduo 2021-2023,2021-2023,1,0,0,0
6995,SINAC_BD_0006995,75040,Bosque deciduo,2.0491659104279,SINAC - Consenso bosque deciduo 2021-2023,2021-2023,1,1,0,0
6996,SINAC_BD_0006996,75045,Bosque deciduo,18.463467653907557,SINAC - Consenso bosque deciduo 2021-2023,2021-2023,1,1,1,1
6997,SINAC_BD_0006997,75046,Bosque deciduo,5.828873071378062,SINAC - Consenso bosque deciduo 2021-2023,2021-2023,1,0,0,0
6998,SINAC_BD_0006998,75047,Bosque deciduo,1.678411079511786,SINAC - Consenso bosque deciduo 2021-2023,2021-2023,1,1,0,0
6999,SINAC_BD_0006999,75050,Bosque deciduo,1.1127356407865852,SINAC - Consenso bosque deciduo 2021-2023,2021-2023,1,0,0,0
7000,SINAC_BD_0007000,75056,Bosque deciduo,4.963225698262032,SINAC - Consenso bosque deciduo 2021-2023,2021-2023,1,1,0,0
7001,SINAC_BD_0007001,75075,Bosque deciduo,1.136773747175132,SINAC - Consenso bosque deciduo 2021-2023,2021-2023,1,0,0,0
7002,SINAC_BD_0007002,75076,Bosque deciduo,2.016773697240202,SINAC - Consenso bosque deciduo 2021-2023,2021-2023,0,1,0,0
7003,SINAC_BD_0007003,75080,Bosque deciduo,1.9866921327875393,SINAC - Consenso bosque deciduo 2021-2023,2021-2023,0,0,0,0
7004,SINAC_BD_0007004,75081,Bosque deciduo,5.1255478720991,SINAC - Consenso bosque deciduo 2021-2023,2021-2023,0,0,0,0
7005,SINAC_BD_0007005,75082,Bosque deciduo,1.0276830617493842,SINAC - Consenso bosque deciduo 2021-2023,2021-2023,1,0,0,0
7006,SINAC_BD_0007006,75083,Bosque deciduo,5.325064780450677,SINAC - Consenso bosque deciduo 2021-2023,2021-2023,1,1,0,0
7007,SINAC_BD_0007007,75119,Bosque deciduo,2.559095997645256,SINAC - Consenso bosque deciduo 2021-2023,2021-2023,0,0,0,0
7008,SINAC_BD_0007008,75126,Bosque deciduo,1.28833836659305,SINAC - Consenso bosque deciduo 2021-2023,2021-2023,1,0,0,0
7009,SINAC_BD_0007009,75128,Bosque deciduo,7.578788810829977,SINAC - Consenso bosque deciduo 2021-2023,2021-2023,1,0,0,0
7010,SINAC_BD_0007010,75164,Bosque deciduo,1.1663369593279493,SINAC - Consenso bosque deciduo 2021-2023,2021-2023,0,0,0,0
7011,SINAC_BD_0007011,75187,Bosque deciduo,3.1401433677723,SINAC - Consenso bosque deciduo 2021-2023,2021-2023,0,0,0,0
7012,SINAC_BD_0007012,75197,Bosque deciduo,2.0847227495323737,SINAC - Consenso bosque deciduo 2021-2023,2021-2023,1,1,0,0
7013,SINAC_BD_0007013,75201,Bosque deciduo,1.3825979378900215,SINAC - Consenso bosque deciduo 2021-2023,2021-2023,1,1,0,0
7014,SINAC_BD_0007014,75209,Bosque deciduo,1.4015251644652131,SINAC - Consenso bosque deciduo 2021-2023,2021-2023,0,0,0,0
7015,SINAC_BD_0007015,75222,Bosque deciduo,6.351935844841802,SINAC - Consenso bosque deciduo 2021-2023,2021-2023,1,1,0,0
7016,SINAC_BD_0007016,75226,Bosque deciduo,1.2518547361672714,SINAC - Consenso bosque deciduo 2021-2023,2021-2023,1,1,0,0
7017,SINAC_BD_0007017,75227,Bosque deciduo,13.604857340250135,SINAC - Consenso bosque deciduo 2021-2023,2021-2023,1,0,0,0
7018,SINAC_BD_0007018,75228,Bosque deciduo,6.844337349005756,SINAC - Consenso bosque deciduo 2021-2023,2021-2023,1,1,1,1
7019,SINAC_BD_0007019,75230,Bosque deciduo,4.396787140547126,SINAC - Consenso bosque deciduo 2021-2023,2021-2023,1,1,0,0
7020,SINAC_BD_0007020,75247,Bosque deciduo,5.82931304293842,SINAC - Consenso bosque deciduo 2021-2023,2021-2023,1,0,0,0
7021,SINAC_BD_0007021,75259,Bosque deciduo,1.174627444759525,SINAC - Consenso bosque deciduo 2021-2023,2021-2023,1,0,0,0
7022,SINAC_BD_0007022,75260,Bosque deciduo,1.6253971354813033,SINAC - Consenso bosque deciduo 2021-2023,2021-2023,0,0,0,0
7023,SINAC_BD_0007023,75261,Bosque deciduo,17.27738542332513,SINAC - Consenso bosque deciduo 2021-2023,2021-2023,1,1,1,1
7024,SINAC_BD_0007024,75263,Bosque deciduo,2.509705710413368,SINAC - Consenso bosque deciduo 2021-2023,2021-2023,0,0,0,0
7025,SINAC_BD_0007025,75264,Bosque deciduo,5.406017293091191,SINAC - Consenso bosque deciduo 2021-2023,2021-2023,0,0,0,0
7026,SINAC_BD_0007026,75265,Bosque deciduo,8.402348989401156,SINAC - Consenso bosque deciduo 2021-2023,2021-2023,1,0,0,0
7027,SINAC_BD_0007027,75267,Bosque deciduo,1.4282318161078253,SINAC - Consenso bosque deciduo 2021-2023,2021-2023,1,0,0,0
7028,SINAC_BD_0007028,75268,Bosque deciduo,17.123066380864138,SINAC - Consenso bosque deciduo 2021-2023,2021-2023,1,0,0,0
7029,SINAC_BD_0007029,75271,Bosque deciduo,1.6829519625051108,SINAC - Consenso bosque deciduo 2021-2023,2021-2023,0,0,0,0
7030,SINAC_BD_0007030,75272,Bosque deciduo,2.876928526905472,SINAC - Consenso bosque deciduo 2021-2023,2021-2023,1,0,0,0
7031,SINAC_BD_0007031,75273,Bosque deciduo,2.609737257146986,SINAC - Consenso bosque deciduo 2021-2023,2021-2023,1,1,0,0
7032,SINAC_BD_0007032,75275,Bosque deciduo,1.7230435380675773,SINAC - Consenso bosque deciduo 2021-2023,2021-2023,0,0,0,0
7033,SINAC_BD_0007033,75278,Bosque deciduo,2.5489875052867865,SINAC - Consenso bosque deciduo 2021-2023,2021-2023,1,1,0,0
7034,SINAC_BD_0007034,75279,Bosque deciduo,10.551840569010935,SINAC - Consenso bosque deciduo 2021-2023,2021-2023,1,1,1,0
7035,SINAC_BD_0007035,75280,Bosque deciduo,1.9014614953324254,SINAC - Consenso bosque deciduo 2021-2023,2021-2023,0,0,0,0
7036,SINAC_BD_0007036,75322,Bosque deciduo,2.280711792745303,SINAC - Consenso bosque deciduo 2021-2023,2021-2023,1,1,1,0
7037,SINAC_BD_0007037,75326,Bosque deciduo,1.8461160895117723,SINAC - Consenso bosque deciduo 2021-2023,2021-2023,1,0,0,0
7038,SINAC_BD_0007038,75337,Bosque deciduo,8.12463406326061,SINAC - Consenso bosque deciduo 2021-2023,2021-2023,1,1,1,1
7039,SINAC_BD_0007039,75345,Bosque deciduo,1.0991522328759598,SINAC - Consenso bosque deciduo 2021-2023,2021-2023,0,0,0,0
7040,SINAC_BD_0007040,75347,Bosque deciduo,3.0576627626385213,SINAC - Consenso bosque deciduo 2021-2023,2021-2023,0,0,0,0
7041,SINAC_BD_0007041,75364,Bosque deciduo,4.095401243889679,SINAC - Consenso bosque deciduo 2021-2023,2021-2023,0,0,0,0
7042,SINAC_BD_0007042,75372,Bosque deciduo,1.8237986699694175,SINAC - Consenso bosque deciduo 2021-2023,2021-2023,1,1,0,0
7043,SINAC_BD_0007043,75386,Bosque deciduo,1.7536806613656073,SINAC - Consenso bosque deciduo 2021-2023,2021-2023,1,0,0,0
7044,SINAC_BD_0007044,75387,Bosque deciduo,1.011754866313788,SINAC - Consenso bosque deciduo 2021-2023,2021-2023,1,1,0,0
7045,SINAC_BD_0007045,75389,Bosque deciduo,2.5360586498590396,SINAC - Consenso bosque deciduo 2021-2023,2021-2023,1,0,0,0
7046,SINAC_BD_0007046,75393,Bosque deciduo,1.664362685178609,SINAC - Consenso bosque deciduo 2021-2023,2021-2023,1,0,0,0
7047,SINAC_BD_0007047,75399,Bosque deciduo,2.8339900102431437,SINAC - Consenso bosque deciduo 2021-2023,2021-2023,1,0,0,1
7048,SINAC_BD_0007048,75415,Bosque deciduo,3.3197788516202307,SINAC - Consenso bosque deciduo 2021-2023,2021-2023,1,0,0,0
7049,SINAC_BD_0007049,75418,Bosque deciduo,1.2878506479014458,SINAC - Consenso bosque deciduo 2021-2023,2021-2023,0,0,0,0
7050,SINAC_BD_0007050,75447,Bosque deciduo,1.1364838812852427,SINAC - Consenso bosque deciduo 2021-2023,2021-2023,1,0,0,0
7051,SINAC_BD_0007051,75448,Bosque deciduo,1.0828277797312231,SINAC - Consenso bosque deciduo 2021-2023,2021-2023,0,0,0,0
7052,SINAC_BD_0007052,75450,Bosque deciduo,3.833889033799761,SINAC - Consenso bosque deciduo 2021-2023,2021-2023,1,1,0,0
7053,SINAC_BD_0007053,75452,Bosque deciduo,1.3982338982503184,SINAC - Consenso bosque deciduo 2021-2023,2021-2023,1,0,0,0
7054,SINAC_BD_0007054,75465,Bosque deciduo,2.5395871621581767,SINAC - Consenso bosque deciduo 2021-2023,2021-2023,0,0,0,0
7055,SINAC_BD_0007055,75466,Bosque deciduo,2.2832085025333204,SINAC - Consenso bosque deciduo 2021-2023,2021-2023,1,0,0,0
7056,SINAC_BD_0007056,75495,Bosque deciduo,2.6533749797625643,SINAC - Consenso bosque deciduo 2021-2023,2021-2023,0,0,0,0
7057,SINAC_BD_0007057,75497,Bosque deciduo,1.5782802160658043,SINAC - Consenso bosque deciduo 2021-2023,2021-2023,0,0,0,0
7058,SINAC_BD_0007058,75500,Bosque deciduo,1.4082100118497127,SINAC - Consenso bosque deciduo 2021-2023,2021-2023,0,0,0,0
7059,SINAC_BD_0007059,75507,Bosque deciduo,1.470904451360983,SINAC - Consenso bosque deciduo 2021-2023,2021-2023,0,0,0,0
7060,SINAC_BD_0007060,75533,Bosque deciduo,1.2184928400947506,SINAC - Consenso bosque deciduo 2021-2023,2021-2023,0,0,0,0
7061,SINAC_BD_0007061,75535,Bosque deciduo,1.1888072347085687,SINAC - Consenso bosque deciduo 2021-2023,2021-2023,0,0,0,0
7062,SINAC_BD_0007062,75537,Bosque deciduo,1.29,SINAC - Consenso bosque deciduo 2021-2023,2021-2023,1,0,0,0
7063,SINAC_BD_0007063,75543,Bosque deciduo,4.46,SINAC - Consenso bosque deciduo 2021-2023,2021-2023,1,1,0,0
7064,SINAC_BD_0007064,75547,Bosque deciduo,4.400526425211268,SINAC - Consenso bosque deciduo 2021-2023,2021-2023,1,1,1,0
7065,SINAC_BD_0007065,75548,Bosque deciduo,2.3736293496774006,SINAC - Consenso bosque deciduo 2021-2023,2021-2023,1,0,0,0
7066,SINAC_BD_0007066,75552,Bosque deciduo,2.581302180158985,SINAC - Consenso bosque deciduo 2021-2023,2021-2023,1,1,1,0
7067,SINAC_BD_0007067,75562,Bosque deciduo,3.6600097598193417,SINAC - Consenso bosque deciduo 2021-2023,2021-2023,1,0,0,0
7068,SINAC_BD_0007068,75577,Bosque deciduo,9.072151876053992,SINAC - Consenso bosque deciduo 2021-2023,2021-2023,1,1,0,0
7069,SINAC_BD_0007069,75581,Bosque deciduo,5.79538404243032,SINAC - Consenso bosque deciduo 2021-2023,2021-2023,1,1,0,0
7070,SINAC_BD_0007070,75592,Bosque deciduo,1.3848360699523334,SINAC - Consenso bosque deciduo 2021-2023,2021-2023,1,0,0,0
7071,SINAC_BD_0007071,75597,Bosque deciduo,1.5443848132122342,SINAC - Consenso bosque deciduo 2021-2023,2021-2023,1,0,0,0
7072,SINAC_BD_0007072,75612,Bosque deciduo,3.880735143332773,SINAC - Consenso bosque deciduo 2021-2023,2021-2023,1,1,0,0
7073,SINAC_BD_0007073,75618,Bosque deciduo,6.712831897935401,SINAC - Consenso bosque deciduo 2021-2023,2021-2023,1,1,0,0
7074,SINAC_BD_0007074,75620,Bosque deciduo,73.02665147129126,SINAC - Consenso bosque deciduo 2021-2023,2021-2023,1,1,0,0
7075,SINAC_BD_0007075,75621,Bosque deciduo,3.0117130330805657,SINAC - Consenso bosque deciduo 2021-2023,2021-2023,1,0,0,0
7076,SINAC_BD_0007076,75622,Bosque deciduo,2.3568969765066448,SINAC - Consenso bosque deciduo 2021-2023,2021-2023,1,0,0,0
7077,SINAC_BD_0007077,75623,Bosque deciduo,1.1355500505054086,SINAC - Consenso bosque deciduo 2021-2023,2021-2023,0,0,0,0
7078,SINAC_BD_0007078,75624,Bosque deciduo,1.0474411467855553,SINAC - Consenso bosque deciduo 2021-2023,2021-2023,0,0,0,0
7079,SINAC_BD_0007079,75625,Bosque deciduo,1.648904428670146,SINAC - Consenso bosque deciduo 2021-2023,2021-2023,0,0,0,0
7080,SINAC_BD_0007080,75626,Bosque deciduo,4.569498952295944,SINAC - Consenso bosque deciduo 2021-2023,2021-2023,1,0,0,0
7081,SINAC_BD_0007081,75627,Bosque deciduo,1.4047189820187442,SINAC - Consenso bosque deciduo 2021-2023,2021-2023,0,0,0,0
7082,SINAC_BD_0007082,75628,Bosque deciduo,14.663117767881515,SINAC - Consenso bosque deciduo 2021-2023,2021-2023,1,1,0,0
7083,SINAC_BD_0007083,75629,Bosque deciduo,1.9684360399195815,SINAC - Consenso bosque deciduo 2021-2023,2021-2023,1,0,0,0
7084,SINAC_BD_0007084,75630,Bosque deciduo,2.0891524442181346,SINAC - Consenso bosque deciduo 2021-2023,2021-2023,0,0,0,0
7085,SINAC_BD_0007085,75631,Bosque deciduo,1.6920056991985462,SINAC - Consenso bosque deciduo 2021-2023,2021-2023,1,0,1,0
7086,SINAC_BD_0007086,75634,Bosque deciduo,1.7815759535023343,SINAC - Consenso bosque deciduo 2021-2023,2021-2023,1,0,0,0
7087,SINAC_BD_0007087,75636,Bosque deciduo,2.0149041786787247,SINAC - Consenso bosque deciduo 2021-2023,2021-2023,1,1,0,0
7088,SINAC_BD_0007088,75637,Bosque deciduo,2.1499412637593434,SINAC - Consenso bosque deciduo 2021-2023,2021-2023,0,0,0,0
7089,SINAC_BD_0007089,75638,Bosque deciduo,7.0891580132261485,SINAC - Consenso bosque deciduo 2021-2023,2021-2023,1,1,0,0
7090,SINAC_BD_0007090,75639,Bosque deciduo,123.4380375059706,SINAC - Consenso bosque deciduo 2021-2023,2021-2023,1,1,1,1
7091,SINAC_BD_0007091,75641,Bosque deciduo,2.397182694005395,SINAC - Consenso bosque deciduo 2021-2023,2021-2023,0,0,0,0
7092,SINAC_BD_0007092,75642,Bosque deciduo,1.9239751776118301,SINAC - Consenso bosque deciduo 2021-2023,2021-2023,1,0,0,0
7093,SINAC_BD_0007093,75643,Bosque deciduo,1.0562394994858115,SINAC - Consenso bosque deciduo 2021-2023,2021-2023,0,0,0,0
7094,SINAC_BD_0007094,75644,Bosque deciduo,42.55335355954531,SINAC - Consenso bosque deciduo 2021-2023,2021-2023,1,1,0,0
7095,SINAC_BD_0007095,75645,Bosque deciduo,2.7880946142765737,SINAC - Consenso bosque deciduo 2021-2023,2021-2023,1,0,0,0
7096,SINAC_BD_0007096,75646,Bosque deciduo,2.546456256656358,SINAC - Consenso bosque deciduo 2021-2023,2021-2023,0,0,0,0
7097,SINAC_BD_0007097,75647,Bosque deciduo,2.0897694471438384,SINAC - Consenso bosque deciduo 2021-2023,2021-2023,1,0,0,0
7098,SINAC_BD_0007098,75658,Bosque deciduo,1.9472153686317233,SINAC - Consenso bosque deciduo 2021-2023,2021-2023,1,0,1,0
7099,SINAC_BD_0007099,75680,Bosque deciduo,1.261691714603875,SINAC - Consenso bosque deciduo 2021-2023,2021-2023,1,0,0,0
7100,SINAC_BD_0007100,75690,Bosque deciduo,3.9062510188862922,SINAC - Consenso bosque deciduo 2021-2023,2021-2023,0,0,0,0
7101,SINAC_BD_0007101,75719,Bosque deciduo,1.919486321455213,SINAC - Consenso bosque deciduo 2021-2023,2021-2023,1,1,0,0
7102,SINAC_BD_0007102,75727,Bosque deciduo,1.396468667189995,SINAC - Consenso bosque deciduo 2021-2023,2021-2023,1,0,0,0
7103,SINAC_BD_0007103,75728,Bosque deciduo,11.835340539213233,SINAC - Consenso bosque deciduo 2021-2023,2021-2023,1,1,1,0
7104,SINAC_BD_0007104,75729,Bosque deciduo,9.924622245250786,SINAC - Consenso bosque deciduo 2021-2023,2021-2023,1,0,0,0
7105,SINAC_BD_0007105,75730,Bosque deciduo,2.0173934286317174,SINAC - Consenso bosque deciduo 2021-2023,2021-2023,0,0,0,0
7106,SINAC_BD_0007106,75744,Bosque deciduo,2.6981355735666277,SINAC - Consenso bosque deciduo 2021-2023,2021-2023,1,1,1,0
7107,SINAC_BD_0007107,75758,Bosque deciduo,1.010666740914099,SINAC - Consenso bosque deciduo 2021-2023,2021-2023,1,0,0,0
7108,SINAC_BD_0007108,75769,Bosque deciduo,1.1285203967955184,SINAC - Consenso bosque deciduo 2021-2023,2021-2023,0,0,0,0
7109,SINAC_BD_0007109,75773,Bosque deciduo,1.060003071873953,SINAC - Consenso bosque deciduo 2021-2023,2021-2023,0,0,0,0
7110,SINAC_BD_0007110,75776,Bosque deciduo,1.5415814365551899,SINAC - Consenso bosque deciduo 2021-2023,2021-2023,1,0,0,0
7111,SINAC_BD_0007111,75785,Bosque deciduo,5.0115153272288335,SINAC - Consenso bosque deciduo 2021-2023,2021-2023,1,1,1,0
7112,SINAC_BD_0007112,75793,Bosque deciduo,1.0502368036888399,SINAC - Consenso bosque deciduo 2021-2023,2021-2023,1,0,0,0
7113,SINAC_BD_0007113,75796,Bosque deciduo,2.017354448377201,SINAC - Consenso bosque deciduo 2021-2023,2021-2023,1,1,0,0
7114,SINAC_BD_0007114,75824,Bosque deciduo,2.822811322104383,SINAC - Consenso bosque deciduo 2021-2023,2021-2023,1,1,0,0
7115,SINAC_BD_0007115,75826,Bosque deciduo,1.6495681107253175,SINAC - Consenso bosque deciduo 2021-2023,2021-2023,1,1,1,0
7116,SINAC_BD_0007116,75836,Bosque deciduo,1.8756529606724452,SINAC - Consenso bosque deciduo 2021-2023,2021-2023,1,0,0,0
7117,SINAC_BD_0007117,75844,Bosque deciduo,1.7008134898567022,SINAC - Consenso bosque deciduo 2021-2023,2021-2023,1,0,1,0
7118,SINAC_BD_0007118,75849,Bosque deciduo,3.2729479089428986,SINAC - Consenso bosque deciduo 2021-2023,2021-2023,1,1,0,0
7119,SINAC_BD_0007119,75855,Bosque deciduo,3.1628786368854565,SINAC - Consenso bosque deciduo 2021-2023,2021-2023,1,0,0,0
7120,SINAC_BD_0007120,75856,Bosque deciduo,1.0116187860068984,SINAC - Consenso bosque deciduo 2021-2023,2021-2023,0,0,0,0
7121,SINAC_BD_0007121,75863,Bosque deciduo,2.9105775282228814,SINAC - Consenso bosque deciduo 2021-2023,2021-2023,1,1,0,0
7122,SINAC_BD_0007122,75873,Bosque deciduo,3.640738610219418,SINAC - Consenso bosque deciduo 2021-2023,2021-2023,1,1,0,1
7123,SINAC_BD_0007123,75879,Bosque deciduo,1.42796779351262,SINAC - Consenso bosque deciduo 2021-2023,2021-2023,1,1,0,0
7124,SINAC_BD_0007124,75881,Bosque deciduo,1.8948686779585362,SINAC - Consenso bosque deciduo 2021-2023,2021-2023,1,0,0,0
7125,SINAC_BD_0007125,75888,Bosque deciduo,1.5502879548060116,SINAC - Consenso bosque deciduo 2021-2023,2021-2023,0,0,0,0
7126,SINAC_BD_0007126,75932,Bosque deciduo,2.2914619020358686,SINAC - Consenso bosque deciduo 2021-2023,2021-2023,1,0,0,0
7127,SINAC_BD_0007127,75944,Bosque deciduo,1.14519312236426,SINAC - Consenso bosque deciduo 2021-2023,2021-2023,0,0,0,0
7128,SINAC_BD_0007128,75946,Bosque deciduo,1.9142184049045128,SINAC - Consenso bosque deciduo 2021-2023,2021-2023,1,1,1,0
7129,SINAC_BD_0007129,75958,Bosque deciduo,1.1230158432303363,SINAC - Consenso bosque deciduo 2021-2023,2021-2023,1,1,0,0
7130,SINAC_BD_0007130,75974,Bosque deciduo,1.0705922273007917,SINAC - Consenso bosque deciduo 2021-2023,2021-2023,1,1,0,0
7131,SINAC_BD_0007131,75975,Bosque deciduo,1.2894319770222056,SINAC - Consenso bosque deciduo 2021-2023,2021-2023,1,0,0,0
7132,SINAC_BD_0007132,75976,Bosque deciduo,3.7130472269707955,SINAC - Consenso bosque deciduo 2021-2023,2021-2023,1,0,0,0
7133,SINAC_BD_0007133,75977,Bosque deciduo,14.246833827224412,SINAC - Consenso bosque deciduo 2021-2023,2021-2023,1,1,1,1
7134,SINAC_BD_0007134,75978,Bosque deciduo,1.1342736983557986,SINAC - Consenso bosque deciduo 2021-2023,2021-2023,0,0,0,0
7135,SINAC_BD_0007135,75979,Bosque deciduo,3.9457902917171914,SINAC - Consenso bosque deciduo 2021-2023,2021-2023,1,0,0,0
7136,SINAC_BD_0007136,75980,Bosque deciduo,1.782330096206255,SINAC - Consenso bosque deciduo 2021-2023,2021-2023,0,0,0,0
7137,SINAC_BD_0007137,75985,Bosque deciduo,1.4828870601596593,SINAC - Consenso bosque deciduo 2021-2023,2021-2023,1,1,0,0
7138,SINAC_BD_0007138,75986,Bosque deciduo,1.9972813410991068,SINAC - Consenso bosque deciduo 2021-2023,2021-2023,1,0,0,0
7139,SINAC_BD_0007139,75987,Bosque deciduo,3.0474089766727666,SINAC - Consenso bosque deciduo 2021-2023,2021-2023,0,0,0,0
7140,SINAC_BD_0007140,76005,Bosque deciduo,1.0660440098011135,SINAC - Consenso bosque deciduo 2021-2023,2021-2023,1,0,0,0
7141,SINAC_BD_0007141,76006,Bosque deciduo,1.1638246060597066,SINAC - Consenso bosque deciduo 2021-2023,2021-2023,0,0,0,0
7142,SINAC_BD_0007142,76008,Bosque deciduo,9.170930749677572,SINAC - Consenso bosque deciduo 2021-2023,2021-2023,1,1,1,0
7143,SINAC_BD_0007143,76009,Bosque deciduo,3.40946589539018,SINAC - Consenso bosque deciduo 2021-2023,2021-2023,1,0,0,0
7144,SINAC_BD_0007144,76013,Bosque deciduo,2.271244680592144,SINAC - Consenso bosque deciduo 2021-2023,2021-2023,1,0,0,0
7145,SINAC_BD_0007145,76014,Bosque deciduo,1.1540912821930278,SINAC - Consenso bosque deciduo 2021-2023,2021-2023,1,1,0,0
7146,SINAC_BD_0007146,76019,Bosque deciduo,2.2352360389590116,SINAC - Consenso bosque deciduo 2021-2023,2021-2023,0,0,0,0
7147,SINAC_BD_0007147,76031,Bosque deciduo,2.1606983093928473,SINAC - Consenso bosque deciduo 2021-2023,2021-2023,1,0,0,0
7148,SINAC_BD_0007148,76036,Bosque deciduo,2.5761746105145003,SINAC - Consenso bosque deciduo 2021-2023,2021-2023,1,0,0,0
7149,SINAC_BD_0007149,76048,Bosque deciduo,1.6683938640487286,SINAC - Consenso bosque deciduo 2021-2023,2021-2023,0,0,0,0
7150,SINAC_BD_0007150,76056,Bosque deciduo,2.38717119251735,SINAC - Consenso bosque deciduo 2021-2023,2021-2023,1,0,0,0
7151,SINAC_BD_0007151,76060,Bosque deciduo,8.029454259611402,SINAC - Consenso bosque deciduo 2021-2023,2021-2023,1,1,1,0
7152,SINAC_BD_0007152,76063,Bosque deciduo,2.001414281691223,SINAC - Consenso bosque deciduo 2021-2023,2021-2023,0,0,0,0
7153,SINAC_BD_0007153,76064,Bosque deciduo,1.2301842102837153,SINAC - Consenso bosque deciduo 2021-2023,2021-2023,1,1,0,0
7154,SINAC_BD_0007154,76066,Bosque deciduo,20.718767482437777,SINAC - Consenso bosque deciduo 2021-2023,2021-2023,1,1,1,1
7155,SINAC_BD_0007155,76068,Bosque deciduo,3.147636805894334,SINAC - Consenso bosque deciduo 2021-2023,2021-2023,1,1,1,0
7156,SINAC_BD_0007156,76082,Bosque deciduo,1.8101327669479854,SINAC - Consenso bosque deciduo 2021-2023,2021-2023,0,0,0,0
7157,SINAC_BD_0007157,76089,Bosque deciduo,1.4361376412892344,SINAC - Consenso bosque deciduo 2021-2023,2021-2023,1,1,0,0
7158,SINAC_BD_0007158,76140,Bosque deciduo,2.388308992975502,SINAC - Consenso bosque deciduo 2021-2023,2021-2023,0,0,0,0
7159,SINAC_BD_0007159,76141,Bosque deciduo,1.527288635305944,SINAC - Consenso bosque deciduo 2021-2023,2021-2023,1,1,0,0
7160,SINAC_BD_0007160,76143,Bosque deciduo,1.8206724958967297,SINAC - Consenso bosque deciduo 2021-2023,2021-2023,0,0,0,0
7161,SINAC_BD_0007161,76151,Bosque deciduo,1.3250103653625178,SINAC - Consenso bosque deciduo 2021-2023,2021-2023,1,0,0,0
7162,SINAC_BD_0007162,76165,Bosque deciduo,1.766985658358471,SINAC - Consenso bosque deciduo 2021-2023,2021-2023,1,0,0,0
7163,SINAC_BD_0007163,76173,Bosque deciduo,1.9140473596636163,SINAC - Consenso bosque deciduo 2021-2023,2021-2023,1,1,0,0
7164,SINAC_BD_0007164,76178,Bosque deciduo,3.2270219032485836,SINAC - Consenso bosque deciduo 2021-2023,2021-2023,1,1,0,0
7165,SINAC_BD_0007165,76181,Bosque deciduo,6.058190176888759,SINAC - Consenso bosque deciduo 2021-2023,2021-2023,0,0,0,0
7166,SINAC_BD_0007166,76183,Bosque deciduo,2.651466770619451,SINAC - Consenso bosque deciduo 2021-2023,2021-2023,1,0,0,0
7167,SINAC_BD_0007167,76184,Bosque deciduo,2.036012382696756,SINAC - Consenso bosque deciduo 2021-2023,2021-2023,0,0,0,0
7168,SINAC_BD_0007168,76185,Bosque deciduo,8.311430291113172,SINAC - Consenso bosque deciduo 2021-2023,2021-2023,1,1,0,0
7169,SINAC_BD_0007169,76186,Bosque deciduo,1.1478900965666972,SINAC - Consenso bosque deciduo 2021-2023,2021-2023,1,0,0,0
7170,SINAC_BD_0007170,76187,Bosque deciduo,1.730941740886585,SINAC - Consenso bosque deciduo 2021-2023,2021-2023,0,0,0,0
7171,SINAC_BD_0007171,76189,Bosque deciduo,12.169499495485475,SINAC - Consenso bosque deciduo 2021-2023,2021-2023,1,1,1,0
7172,SINAC_BD_0007172,76191,Bosque deciduo,2.1201296969493755,SINAC - Consenso bosque deciduo 2021-2023,2021-2023,1,0,0,0
7173,SINAC_BD_0007173,76193,Bosque deciduo,2.348472031510209,SINAC - Consenso bosque deciduo 2021-2023,2021-2023,0,0,0,0
7174,SINAC_BD_0007174,76195,Bosque deciduo,2.697689970058425,SINAC - Consenso bosque deciduo 2021-2023,2021-2023,1,0,0,0
7175,SINAC_BD_0007175,76207,Bosque deciduo,1.4052711842786145,SINAC - Consenso bosque deciduo 2021-2023,2021-2023,1,1,0,0
7176,SINAC_BD_0007176,76212,Bosque deciduo,1.4733801028683917,SINAC - Consenso bosque deciduo 2021-2023,2021-2023,1,0,0,0
7177,SINAC_BD_0007177,76230,Bosque deciduo,1.8154830534122903,SINAC - Consenso bosque deciduo 2021-2023,2021-2023,1,1,0,0
7178,SINAC_BD_0007178,76238,Bosque deciduo,1.2585631120816603,SINAC - Consenso bosque deciduo 2021-2023,2021-2023,1,1,1,1
7179,SINAC_BD_0007179,76246,Bosque deciduo,1.2189742831347419,SINAC - Consenso bosque deciduo 2021-2023,2021-2023,1,1,0,0
7180,SINAC_BD_0007180,76289,Bosque deciduo,1.1272560443445028,SINAC - Consenso bosque deciduo 2021-2023,2021-2023,1,0,0,0
7181,SINAC_BD_0007181,76310,Bosque deciduo,3.15077411611688,SINAC - Consenso bosque deciduo 2021-2023,2021-2023,1,0,0,0
7182,SINAC_BD_0007182,76323,Bosque deciduo,3.060339533658052,SINAC - Consenso bosque deciduo 2021-2023,2021-2023,1,1,0,0
7183,SINAC_BD_0007183,76341,Bosque deciduo,1.162308471197858,SINAC - Consenso bosque deciduo 2021-2023,2021-2023,0,0,0,0
7184,SINAC_BD_0007184,76343,Bosque deciduo,1.3156822513440614,SINAC - Consenso bosque deciduo 2021-2023,2021-2023,1,1,0,0
7185,SINAC_BD_0007185,76360,Bosque deciduo,4.284101007533543,SINAC - Consenso bosque deciduo 2021-2023,2021-2023,1,1,0,0
7186,SINAC_BD_0007186,76375,Bosque deciduo,8.300194116048827,SINAC - Consenso bosque deciduo 2021-2023,2021-2023,1,1,1,1
7187,SINAC_BD_0007187,76378,Bosque deciduo,2.3578479826950627,SINAC - Consenso bosque deciduo 2021-2023,2021-2023,1,1,0,0
7188,SINAC_BD_0007188,76382,Bosque deciduo,1.7398192880558516,SINAC - Consenso bosque deciduo 2021-2023,2021-2023,0,0,0,0
7189,SINAC_BD_0007189,76384,Bosque deciduo,5.323207044790027,SINAC - Consenso bosque deciduo 2021-2023,2021-2023,1,1,1,0
7190,SINAC_BD_0007190,76385,Bosque deciduo,1.1997138296977303,SINAC - Consenso bosque deciduo 2021-2023,2021-2023,0,0,0,0
7191,SINAC_BD_0007191,76386,Bosque deciduo,2.144228323547102,SINAC - Consenso bosque deciduo 2021-2023,2021-2023,1,1,1,0
7192,SINAC_BD_0007192,76387,Bosque deciduo,3.19302896118239,SINAC - Consenso bosque deciduo 2021-2023,2021-2023,1,1,0,0
7193,SINAC_BD_0007193,76411,Bosque deciduo,1.4578541291692655,SINAC - Consenso bosque deciduo 2021-2023,2021-2023,0,0,0,0
7194,SINAC_BD_0007194,76420,Bosque deciduo,1.7453129260835183,SINAC - Consenso bosque deciduo 2021-2023,2021-2023,1,1,0,0
7195,SINAC_BD_0007195,76431,Bosque deciduo,3.933131102203794,SINAC - Consenso bosque deciduo 2021-2023,2021-2023,1,0,0,0
7196,SINAC_BD_0007196,76439,Bosque deciduo,2.8755098250770206,SINAC - Consenso bosque deciduo 2021-2023,2021-2023,1,0,0,0
7197,SINAC_BD_0007197,76445,Bosque deciduo,1.1473272232131904,SINAC - Consenso bosque deciduo 2021-2023,2021-2023,0,0,0,0
7198,SINAC_BD_0007198,76461,Bosque deciduo,1.3943467550527542,SINAC - Consenso bosque deciduo 2021-2023,2021-2023,0,0,0,0
7199,SINAC_BD_0007199,76467,Bosque deciduo,2.240832145940591,SINAC - Consenso bosque deciduo 2021-2023,2021-2023,1,0,0,0
7200,SINAC_BD_0007200,76476,Bosque deciduo,3.895608049972567,SINAC - Consenso bosque deciduo 2021-2023,2021-2023,1,1,1,1
7201,SINAC_BD_0007201,76477,Bosque deciduo,5.319564581423265,SINAC - Consenso bosque deciduo 2021-2023,2021-2023,1,1,1,0
7202,SINAC_BD_0007202,76482,Bosque deciduo,2.7744200078812673,SINAC - Consenso bosque deciduo 2021-2023,2021-2023,0,0,0,0
7203,SINAC_BD_0007203,76483,Bosque deciduo,4.5975013717889865,SINAC - Consenso bosque deciduo 2021-2023,2021-2023,0,0,0,0
7204,SINAC_BD_0007204,76490,Bosque deciduo,1.5746271347397465,SINAC - Consenso bosque deciduo 2021-2023,2021-2023,0,0,0,0
7205,SINAC_BD_0007205,76491,Bosque deciduo,4.563708972096865,SINAC - Consenso bosque deciduo 2021-2023,2021-2023,1,1,0,0
7206,SINAC_BD_0007206,76508,Bosque deciduo,1.8456450536741464,SINAC - Consenso bosque deciduo 2021-2023,2021-2023,0,0,0,0
7207,SINAC_BD_0007207,76517,Bosque deciduo,1.398034986731468,SINAC - Consenso bosque deciduo 2021-2023,2021-2023,1,1,0,0
7208,SINAC_BD_0007208,76531,Bosque deciduo,1.5075896437889034,SINAC - Consenso bosque deciduo 2021-2023,2021-2023,1,1,0,0
7209,SINAC_BD_0007209,76546,Bosque deciduo,4.718283044077619,SINAC - Consenso bosque deciduo 2021-2023,2021-2023,1,1,1,0
7210,SINAC_BD_0007210,76590,Bosque deciduo,1.0145623221410427,SINAC - Consenso bosque deciduo 2021-2023,2021-2023,0,0,0,0
7211,SINAC_BD_0007211,76603,Bosque deciduo,1.1205231536583584,SINAC - Consenso bosque deciduo 2021-2023,2021-2023,0,0,0,0
7212,SINAC_BD_0007212,76613,Bosque deciduo,1.2015195673055463,SINAC - Consenso bosque deciduo 2021-2023,2021-2023,0,1,0,0
7213,SINAC_BD_0007213,76614,Bosque deciduo,3.9649123557646586,SINAC - Consenso bosque deciduo 2021-2023,2021-2023,1,0,0,0
7214,SINAC_BD_0007214,76615,Bosque deciduo,1.7171338990777825,SINAC - Consenso bosque deciduo 2021-2023,2021-2023,0,0,0,0
7215,SINAC_BD_0007215,76616,Bosque deciduo,3.858125627053082,SINAC - Consenso bosque deciduo 2021-2023,2021-2023,0,0,0,0
7216,SINAC_BD_0007216,76617,Bosque deciduo,16.129995227688354,SINAC - Consenso bosque deciduo 2021-2023,2021-2023,1,1,1,0
7217,SINAC_BD_0007217,76622,Bosque deciduo,1.9062752463211232,SINAC - Consenso bosque deciduo 2021-2023,2021-2023,1,1,0,0
7218,SINAC_BD_0007218,76623,Bosque deciduo,1.3403023964619953,SINAC - Consenso bosque deciduo 2021-2023,2021-2023,0,0,0,0
7219,SINAC_BD_0007219,76629,Bosque deciduo,3.4453944228717766,SINAC - Consenso bosque deciduo 2021-2023,2021-2023,1,1,0,0
7220,SINAC_BD_0007220,76638,Bosque deciduo,1.0356775843709325,SINAC - Consenso bosque deciduo 2021-2023,2021-2023,0,0,0,0
7221,SINAC_BD_0007221,76654,Bosque deciduo,4.940673231051881,SINAC - Consenso bosque deciduo 2021-2023,2021-2023,1,0,0,0
7222,SINAC_BD_0007222,76657,Bosque deciduo,1.4707616116278133,SINAC - Consenso bosque deciduo 2021-2023,2021-2023,0,0,0,0
7223,SINAC_BD_0007223,76661,Bosque deciduo,1.4343999956432394,SINAC - Consenso bosque deciduo 2021-2023,2021-2023,1,1,0,0
7224,SINAC_BD_0007224,76662,Bosque deciduo,2.112360805923983,SINAC - Consenso bosque deciduo 2021-2023,2021-2023,1,1,0,0
7225,SINAC_BD_0007225,76664,Bosque deciduo,2.210227916051293,SINAC - Consenso bosque deciduo 2021-2023,2021-2023,1,0,0,0
7226,SINAC_BD_0007226,76665,Bosque deciduo,2.315101808213153,SINAC - Consenso bosque deciduo 2021-2023,2021-2023,1,1,1,0
7227,SINAC_BD_0007227,76676,Bosque deciduo,5.327349441892124,SINAC - Consenso bosque deciduo 2021-2023,2021-2023,1,1,0,0
7228,SINAC_BD_0007228,76680,Bosque deciduo,4.35240491283618,SINAC - Consenso bosque deciduo 2021-2023,2021-2023,1,1,0,0
7229,SINAC_BD_0007229,76685,Bosque deciduo,1.475594563283812,SINAC - Consenso bosque deciduo 2021-2023,2021-2023,1,1,0,0
7230,SINAC_BD_0007230,76688,Bosque deciduo,2.3308200831522687,SINAC - Consenso bosque deciduo 2021-2023,2021-2023,1,0,1,0
7231,SINAC_BD_0007231,76689,Bosque deciduo,2.1632067779506237,SINAC - Consenso bosque deciduo 2021-2023,2021-2023,1,1,1,1
7232,SINAC_BD_0007232,76701,Bosque deciduo,1.8008734623064142,SINAC - Consenso bosque deciduo 2021-2023,2021-2023,1,0,0,0
7233,SINAC_BD_0007233,76702,Bosque deciduo,1.0400485169178497,SINAC - Consenso bosque deciduo 2021-2023,2021-2023,1,0,0,0
7234,SINAC_BD_0007234,76717,Bosque deciduo,1.7740277166390144,SINAC - Consenso bosque deciduo 2021-2023,2021-2023,1,1,0,0
7235,SINAC_BD_0007235,76735,Bosque deciduo,1.1389313554671876,SINAC - Consenso bosque deciduo 2021-2023,2021-2023,0,0,0,0
7236,SINAC_BD_0007236,76739,Bosque deciduo,5.697076848567999,SINAC - Consenso bosque deciduo 2021-2023,2021-2023,1,1,1,0
7237,SINAC_BD_0007237,76748,Bosque deciduo,1.5536957155273667,SINAC - Consenso bosque deciduo 2021-2023,2021-2023,0,0,0,0
7238,SINAC_BD_0007238,76749,Bosque deciduo,1.574168886638481,SINAC - Consenso bosque deciduo 2021-2023,2021-2023,0,0,0,0
7239,SINAC_BD_0007239,76762,Bosque deciduo,3.9952730818553466,SINAC - Consenso bosque deciduo 2021-2023,2021-2023,0,0,0,0
7240,SINAC_BD_0007240,76767,Bosque deciduo,2.723613199416815,SINAC - Consenso bosque deciduo 2021-2023,2021-2023,1,0,0,0
7241,SINAC_BD_0007241,76790,Bosque deciduo,2.2378970792732877,SINAC - Consenso bosque deciduo 2021-2023,2021-2023,1,0,0,0
7242,SINAC_BD_0007242,76818,Bosque deciduo,1.8903825974377098,SINAC - Consenso bosque deciduo 2021-2023,2021-2023,1,0,0,0
7243,SINAC_BD_0007243,76820,Bosque deciduo,2.1344154080845477,SINAC - Consenso bosque deciduo 2021-2023,2021-2023,0,0,0,0
7244,SINAC_BD_0007244,76821,Bosque deciduo,3.8805223165257923,SINAC - Consenso bosque deciduo 2021-2023,2021-2023,1,1,0,0
7245,SINAC_BD_0007245,76823,Bosque deciduo,3.059503953729017,SINAC - Consenso bosque deciduo 2021-2023,2021-2023,1,0,0,0
7246,SINAC_BD_0007246,76831,Bosque deciduo,4.2346308329396205,SINAC - Consenso bosque deciduo 2021-2023,2021-2023,1,1,0,0
7247,SINAC_BD_0007247,76839,Bosque deciduo,1.2660830759420847,SINAC - Consenso bosque deciduo 2021-2023,2021-2023,0,1,0,0
7248,SINAC_BD_0007248,76840,Bosque deciduo,3.446815772763927,SINAC - Consenso bosque deciduo 2021-2023,2021-2023,1,0,0,0
7249,SINAC_BD_0007249,76860,Bosque deciduo,7.361017151863464,SINAC - Consenso bosque deciduo 2021-2023,2021-2023,1,0,1,0
7250,SINAC_BD_0007250,76861,Bosque deciduo,8.969930505752139,SINAC - Consenso bosque deciduo 2021-2023,2021-2023,1,1,0,0
7251,SINAC_BD_0007251,76862,Bosque deciduo,3.739462806419864,SINAC - Consenso bosque deciduo 2021-2023,2021-2023,0,0,0,0
7252,SINAC_BD_0007252,76869,Bosque deciduo,1.1778412909915865,SINAC - Consenso bosque deciduo 2021-2023,2021-2023,0,0,0,0
7253,SINAC_BD_0007253,76881,Bosque deciduo,2.23866558071924,SINAC - Consenso bosque deciduo 2021-2023,2021-2023,1,0,0,0
7254,SINAC_BD_0007254,76894,Bosque deciduo,1.1071665823493626,SINAC - Consenso bosque deciduo 2021-2023,2021-2023,0,0,0,0
7255,SINAC_BD_0007255,76907,Bosque deciduo,4.983291893966941,SINAC - Consenso bosque deciduo 2021-2023,2021-2023,1,1,1,0
7256,SINAC_BD_0007256,76912,Bosque deciduo,6.089105467701155,SINAC - Consenso bosque deciduo 2021-2023,2021-2023,1,1,0,0
7257,SINAC_BD_0007257,76919,Bosque deciduo,1.6928795332882598,SINAC - Consenso bosque deciduo 2021-2023,2021-2023,1,0,0,0
7258,SINAC_BD_0007258,76933,Bosque deciduo,4.86,SINAC - Consenso bosque deciduo 2021-2023,2021-2023,0,0,0,0
7259,SINAC_BD_0007259,76937,Bosque deciduo,1.83,SINAC - Consenso bosque deciduo 2021-2023,2021-2023,1,0,0,0
7260,SINAC_BD_0007260,76953,Bosque deciduo,1.048666142030612,SINAC - Consenso bosque deciduo 2021-2023,2021-2023,1,0,0,0
7261,SINAC_BD_0007261,76977,Bosque deciduo,4.340377634652786,SINAC - Consenso bosque deciduo 2021-2023,2021-2023,1,1,1,0
7262,SINAC_BD_0007262,76988,Bosque deciduo,1.7102189933370702,SINAC - Consenso bosque deciduo 2021-2023,2021-2023,0,0,0,0
7263,SINAC_BD_0007263,77010,Bosque deciduo,3.4976455084470732,SINAC - Consenso bosque deciduo 2021-2023,2021-2023,1,1,1,0
7264,SINAC_BD_0007264,77014,Bosque deciduo,1.3519902519317515,SINAC - Consenso bosque deciduo 2021-2023,2021-2023,1,0,0,0
7265,SINAC_BD_0007265,77020,Bosque deciduo,1.0108073916254896,SINAC - Consenso bosque deciduo 2021-2023,2021-2023,0,0,0,0
7266,SINAC_BD_0007266,77023,Bosque deciduo,1.0086669269685105,SINAC - Consenso bosque deciduo 2021-2023,2021-2023,1,1,0,0
7267,SINAC_BD_0007267,77028,Bosque deciduo,4.6052384254599295,SINAC - Consenso bosque deciduo 2021-2023,2021-2023,1,0,0,0
7268,SINAC_BD_0007268,77029,Bosque deciduo,4.295477513792966,SINAC - Consenso bosque deciduo 2021-2023,2021-2023,1,0,0,0
7269,SINAC_BD_0007269,77039,Bosque deciduo,2.5373222762551757,SINAC - Consenso bosque deciduo 2021-2023,2021-2023,0,0,0,0
7270,SINAC_BD_0007270,77056,Bosque deciduo,2.1733608007958334,SINAC - Consenso bosque deciduo 2021-2023,2021-2023,1,1,0,0
7271,SINAC_BD_0007271,77060,Bosque deciduo,3.7148626540453873,SINAC - Consenso bosque deciduo 2021-2023,2021-2023,1,1,0,0
7272,SINAC_BD_0007272,77061,Bosque deciduo,1.4448030728931944,SINAC - Consenso bosque deciduo 2021-2023,2021-2023,0,0,0,0
7273,SINAC_BD_0007273,77073,Bosque deciduo,3.16,SINAC - Consenso bosque deciduo 2021-2023,2021-2023,0,0,0,0
7274,SINAC_BD_0007274,77075,Bosque deciduo,7.58,SINAC - Consenso bosque deciduo 2021-2023,2021-2023,1,1,0,0
7275,SINAC_BD_0007275,77079,Bosque deciduo,18.169048121211762,SINAC - Consenso bosque deciduo 2021-2023,2021-2023,1,1,1,0
7276,SINAC_BD_0007276,77082,Bosque deciduo,1.4829826571133184,SINAC - Consenso bosque deciduo 2021-2023,2021-2023,1,0,0,0
7277,SINAC_BD_0007277,77083,Bosque deciduo,1.0773258125696483,SINAC - Consenso bosque deciduo 2021-2023,2021-2023,0,0,0,0
7278,SINAC_BD_0007278,77098,Bosque deciduo,3.65088967106575,SINAC - Consenso bosque deciduo 2021-2023,2021-2023,1,1,1,0
7279,SINAC_BD_0007279,77103,Bosque deciduo,1.2890044882180756,SINAC - Consenso bosque deciduo 2021-2023,2021-2023,0,0,0,0
7280,SINAC_BD_0007280,77104,Bosque deciduo,1.1,SINAC - Consenso bosque deciduo 2021-2023,2021-2023,0,0,0,0
7281,SINAC_BD_0007281,77108,Bosque deciduo,32.396339970374825,SINAC - Consenso bosque deciduo 2021-2023,2021-2023,1,1,1,1
7282,SINAC_BD_0007282,77111,Bosque deciduo,5.085489759909627,SINAC - Consenso bosque deciduo 2021-2023,2021-2023,1,0,0,0
7283,SINAC_BD_0007283,77121,Bosque deciduo,5.539245555567827,SINAC - Consenso bosque deciduo 2021-2023,2021-2023,1,1,1,0
7284,SINAC_BD_0007284,77145,Bosque deciduo,1.3938553929703124,SINAC - Consenso bosque deciduo 2021-2023,2021-2023,1,0,0,0
7285,SINAC_BD_0007285,77152,Bosque deciduo,1.0819321167623122,SINAC - Consenso bosque deciduo 2021-2023,2021-2023,1,1,1,0
7286,SINAC_BD_0007286,77175,Bosque deciduo,1.7153638968187535,SINAC - Consenso bosque deciduo 2021-2023,2021-2023,1,0,0,0
7287,SINAC_BD_0007287,77179,Bosque deciduo,3.34032437952885,SINAC - Consenso bosque deciduo 2021-2023,2021-2023,1,0,0,0
7288,SINAC_BD_0007288,77189,Bosque deciduo,1.676888846083155,SINAC - Consenso bosque deciduo 2021-2023,2021-2023,1,1,0,0
7289,SINAC_BD_0007289,77191,Bosque deciduo,2.7529429684396884,SINAC - Consenso bosque deciduo 2021-2023,2021-2023,0,0,0,0
7290,SINAC_BD_0007290,77192,Bosque deciduo,5.032461042128285,SINAC - Consenso bosque deciduo 2021-2023,2021-2023,1,1,1,1
7291,SINAC_BD_0007291,77205,Bosque deciduo,1.3154574667480479,SINAC - Consenso bosque deciduo 2021-2023,2021-2023,1,0,0,0
7292,SINAC_BD_0007292,77241,Bosque deciduo,56.830771619221245,SINAC - Consenso bosque deciduo 2021-2023,2021-2023,1,1,1,0
7293,SINAC_BD_0007293,77247,Bosque deciduo,7.3789240670752205,SINAC - Consenso bosque deciduo 2021-2023,2021-2023,1,1,1,0
7294,SINAC_BD_0007294,77249,Bosque deciduo,1.3657071573904258,SINAC - Consenso bosque deciduo 2021-2023,2021-2023,0,0,0,0
7295,SINAC_BD_0007295,77250,Bosque deciduo,1.1507590598938509,SINAC - Consenso bosque deciduo 2021-2023,2021-2023,0,0,0,0
7296,SINAC_BD_0007296,77261,Bosque deciduo,1.9593746417919755,SINAC - Consenso bosque deciduo 2021-2023,2021-2023,1,0,0,0
7297,SINAC_BD_0007297,77276,Bosque deciduo,1.0753368369327645,SINAC - Consenso bosque deciduo 2021-2023,2021-2023,0,0,0,0
7298,SINAC_BD_0007298,77286,Bosque deciduo,1.022298142790963,SINAC - Consenso bosque deciduo 2021-2023,2021-2023,0,0,0,0
7299,SINAC_BD_0007299,77294,Bosque deciduo,1.7858436142140472,SINAC - Consenso bosque deciduo 2021-2023,2021-2023,1,0,0,0
7300,SINAC_BD_0007300,77305,Bosque deciduo,2.920554903945443,SINAC - Consenso bosque deciduo 2021-2023,2021-2023,1,0,0,0
7301,SINAC_BD_0007301,77306,Bosque deciduo,3.4224179751892074,SINAC - Consenso bosque deciduo 2021-2023,2021-2023,1,0,0,0
7302,SINAC_BD_0007302,77311,Bosque deciduo,9.792615500598465,SINAC - Consenso bosque deciduo 2021-2023,2021-2023,1,1,1,1
7303,SINAC_BD_0007303,77319,Bosque deciduo,2.710013024304781,SINAC - Consenso bosque deciduo 2021-2023,2021-2023,1,0,0,0
7304,SINAC_BD_0007304,77321,Bosque deciduo,7.463148813041906,SINAC - Consenso bosque deciduo 2021-2023,2021-2023,1,1,0,0
7305,SINAC_BD_0007305,77322,Bosque deciduo,2.112216016231599,SINAC - Consenso bosque deciduo 2021-2023,2021-2023,0,0,0,0
7306,SINAC_BD_0007306,77325,Bosque deciduo,3.139424363461021,SINAC - Consenso bosque deciduo 2021-2023,2021-2023,1,1,0,0
7307,SINAC_BD_0007307,77330,Bosque deciduo,4.46295671216417,SINAC - Consenso bosque deciduo 2021-2023,2021-2023,1,0,0,0
7308,SINAC_BD_0007308,77340,Bosque deciduo,2.049174893578024,SINAC - Consenso bosque deciduo 2021-2023,2021-2023,1,1,0,0
7309,SINAC_BD_0007309,77342,Bosque deciduo,1.7200760415981486,SINAC - Consenso bosque deciduo 2021-2023,2021-2023,1,0,0,0
7310,SINAC_BD_0007310,77347,Bosque deciduo,2.294872354004959,SINAC - Consenso bosque deciduo 2021-2023,2021-2023,1,0,0,0
7311,SINAC_BD_0007311,77354,Bosque deciduo,1.2984786583220898,SINAC - Consenso bosque deciduo 2021-2023,2021-2023,1,1,1,0
7312,SINAC_BD_0007312,77364,Bosque deciduo,10.586963557406444,SINAC - Consenso bosque deciduo 2021-2023,2021-2023,1,1,0,0
7313,SINAC_BD_0007313,77366,Bosque deciduo,1.8124449202076167,SINAC - Consenso bosque deciduo 2021-2023,2021-2023,1,0,0,0
7314,SINAC_BD_0007314,77378,Bosque deciduo,1.1201441626432933,SINAC - Consenso bosque deciduo 2021-2023,2021-2023,1,0,0,0
7315,SINAC_BD_0007315,77424,Bosque deciduo,1.4594207936835728,SINAC - Consenso bosque deciduo 2021-2023,2021-2023,0,0,0,0
7316,SINAC_BD_0007316,77427,Bosque deciduo,1.2238335761414876,SINAC - Consenso bosque deciduo 2021-2023,2021-2023,1,0,0,0
7317,SINAC_BD_0007317,77471,Bosque deciduo,10.965991035313472,SINAC - Consenso bosque deciduo 2021-2023,2021-2023,1,1,1,1
7318,SINAC_BD_0007318,77473,Bosque deciduo,1.8435234759384127,SINAC - Consenso bosque deciduo 2021-2023,2021-2023,1,1,0,0
7319,SINAC_BD_0007319,77479,Bosque deciduo,16.431830187175482,SINAC - Consenso bosque deciduo 2021-2023,2021-2023,1,1,1,1
7320,SINAC_BD_0007320,77488,Bosque deciduo,1.2759406460174114,SINAC - Consenso bosque deciduo 2021-2023,2021-2023,0,0,0,0
7321,SINAC_BD_0007321,77491,Bosque deciduo,25.430822872315243,SINAC - Consenso bosque deciduo 2021-2023,2021-2023,1,1,1,0
7322,SINAC_BD_0007322,77505,Bosque deciduo,1.1602706222397154,SINAC - Consenso bosque deciduo 2021-2023,2021-2023,0,0,0,0
7323,SINAC_BD_0007323,77506,Bosque deciduo,1.095281690990909,SINAC - Consenso bosque deciduo 2021-2023,2021-2023,1,1,0,0
7324,SINAC_BD_0007324,77510,Bosque deciduo,8.100310001524319,SINAC - Consenso bosque deciduo 2021-2023,2021-2023,1,1,0,0
7325,SINAC_BD_0007325,77518,Bosque deciduo,1.2330577818403592,SINAC - Consenso bosque deciduo 2021-2023,2021-2023,0,0,0,0
7326,SINAC_BD_0007326,77526,Bosque deciduo,9.229063208365966,SINAC - Consenso bosque deciduo 2021-2023,2021-2023,1,0,0,0
7327,SINAC_BD_0007327,77530,Bosque deciduo,1.3314026587409096,SINAC - Consenso bosque deciduo 2021-2023,2021-2023,1,0,0,0
7328,SINAC_BD_0007328,77542,Bosque deciduo,18.635861400857074,SINAC - Consenso bosque deciduo 2021-2023,2021-2023,1,1,0,0
7329,SINAC_BD_0007329,77543,Bosque deciduo,2.2992231979999893,SINAC - Consenso bosque deciduo 2021-2023,2021-2023,1,1,0,0
7330,SINAC_BD_0007330,77546,Bosque deciduo,1.0594957000817842,SINAC - Consenso bosque deciduo 2021-2023,2021-2023,0,0,0,0
7331,SINAC_BD_0007331,77573,Bosque deciduo,1.5831126830919122,SINAC - Consenso bosque deciduo 2021-2023,2021-2023,1,1,1,0
7332,SINAC_BD_0007332,77586,Bosque deciduo,1.1541679722636284,SINAC - Consenso bosque deciduo 2021-2023,2021-2023,0,0,0,0
7333,SINAC_BD_0007333,77594,Bosque deciduo,1.3213067600720096,SINAC - Consenso bosque deciduo 2021-2023,2021-2023,0,0,0,0
7334,SINAC_BD_0007334,77607,Bosque deciduo,1.33,SINAC - Consenso bosque deciduo 2021-2023,2021-2023,0,0,0,0
7335,SINAC_BD_0007335,77625,Bosque deciduo,6.3260637233616634,SINAC - Consenso bosque deciduo 2021-2023,2021-2023,1,0,0,0
7336,SINAC_BD_0007336,77626,Bosque deciduo,98.86990937102692,SINAC - Consenso bosque deciduo 2021-2023,2021-2023,1,1,1,1
7337,SINAC_BD_0007337,77642,Bosque deciduo,1.4676607351146425,SINAC - Consenso bosque deciduo 2021-2023,2021-2023,0,0,0,0
7338,SINAC_BD_0007338,77644,Bosque deciduo,1.5463510470328783,SINAC - Consenso bosque deciduo 2021-2023,2021-2023,0,0,0,0
7339,SINAC_BD_0007339,77669,Bosque deciduo,3.4236789609098066,SINAC - Consenso bosque deciduo 2021-2023,2021-2023,1,1,0,0
7340,SINAC_BD_0007340,77672,Bosque deciduo,3.0765375754013427,SINAC - Consenso bosque deciduo 2021-2023,2021-2023,0,0,0,0
7341,SINAC_BD_0007341,77673,Bosque deciduo,1.6010967906453526,SINAC - Consenso bosque deciduo 2021-2023,2021-2023,0,0,0,0
7342,SINAC_BD_0007342,77674,Bosque deciduo,6.741211549950657,SINAC - Consenso bosque deciduo 2021-2023,2021-2023,1,0,0,0
7343,SINAC_BD_0007343,77676,Bosque deciduo,2.414283059369761,SINAC - Consenso bosque deciduo 2021-2023,2021-2023,0,0,0,0
7344,SINAC_BD_0007344,77677,Bosque deciduo,2.824395359147889,SINAC - Consenso bosque deciduo 2021-2023,2021-2023,1,1,0,0
7345,SINAC_BD_0007345,77680,Bosque deciduo,2.5105288691658108,SINAC - Consenso bosque deciduo 2021-2023,2021-2023,1,0,0,0
7346,SINAC_BD_0007346,77697,Bosque deciduo,1.0653915254264705,SINAC - Consenso bosque deciduo 2021-2023,2021-2023,1,0,0,0
7347,SINAC_BD_0007347,77707,Bosque deciduo,1.703238865964602,SINAC - Consenso bosque deciduo 2021-2023,2021-2023,1,1,0,0
7348,SINAC_BD_0007348,77714,Bosque deciduo,1.047410039710686,SINAC - Consenso bosque deciduo 2021-2023,2021-2023,0,0,0,0
7349,SINAC_BD_0007349,77715,Bosque deciduo,16.512678584189665,SINAC - Consenso bosque deciduo 2021-2023,2021-2023,1,1,1,0
7350,SINAC_BD_0007350,77716,Bosque deciduo,1.5557407792675568,SINAC - Consenso bosque deciduo 2021-2023,2021-2023,0,0,0,0
7351,SINAC_BD_0007351,77717,Bosque deciduo,1.1309474204857208,SINAC - Consenso bosque deciduo 2021-2023,2021-2023,0,0,0,0
7352,SINAC_BD_0007352,77718,Bosque deciduo,2.8379686485976765,SINAC - Consenso bosque deciduo 2021-2023,2021-2023,1,0,0,0
7353,SINAC_BD_0007353,77719,Bosque deciduo,1.6062614481233477,SINAC - Consenso bosque deciduo 2021-2023,2021-2023,0,0,0,0
7354,SINAC_BD_0007354,77726,Bosque deciduo,1.339267538287897,SINAC - Consenso bosque deciduo 2021-2023,2021-2023,1,0,0,0
7355,SINAC_BD_0007355,77737,Bosque deciduo,1.9507430910956334,SINAC - Consenso bosque deciduo 2021-2023,2021-2023,1,1,1,0
7356,SINAC_BD_0007356,77745,Bosque deciduo,2.2045172077531183,SINAC - Consenso bosque deciduo 2021-2023,2021-2023,1,0,0,0
7357,SINAC_BD_0007357,77748,Bosque deciduo,1.3993425064134608,SINAC - Consenso bosque deciduo 2021-2023,2021-2023,1,0,0,0
7358,SINAC_BD_0007358,77771,Bosque deciduo,1.272973104071565,SINAC - Consenso bosque deciduo 2021-2023,2021-2023,1,0,1,0
7359,SINAC_BD_0007359,77774,Bosque deciduo,1.714866934975302,SINAC - Consenso bosque deciduo 2021-2023,2021-2023,1,0,0,0
7360,SINAC_BD_0007360,77775,Bosque deciduo,1.023450951753532,SINAC - Consenso bosque deciduo 2021-2023,2021-2023,0,1,0,0
7361,SINAC_BD_0007361,77801,Bosque deciduo,1.285745513992482,SINAC - Consenso bosque deciduo 2021-2023,2021-2023,0,0,0,0
7362,SINAC_BD_0007362,77807,Bosque deciduo,1.4567230302754017,SINAC - Consenso bosque deciduo 2021-2023,2021-2023,0,0,0,0
7363,SINAC_BD_0007363,77813,Bosque deciduo,1.2890953046472737,SINAC - Consenso bosque deciduo 2021-2023,2021-2023,0,0,0,0
7364,SINAC_BD_0007364,77818,Bosque deciduo,1.5117088223142539,SINAC - Consenso bosque deciduo 2021-2023,2021-2023,1,0,0,0
7365,SINAC_BD_0007365,77823,Bosque deciduo,4.413351374103173,SINAC - Consenso bosque deciduo 2021-2023,2021-2023,1,1,0,0
7366,SINAC_BD_0007366,77830,Bosque deciduo,1.037738192907248,SINAC - Consenso bosque deciduo 2021-2023,2021-2023,0,0,0,0
7367,SINAC_BD_0007367,77832,Bosque deciduo,1.744489282216451,SINAC - Consenso bosque deciduo 2021-2023,2021-2023,1,1,0,0
7368,SINAC_BD_0007368,77834,Bosque deciduo,1.5324671478654799,SINAC - Consenso bosque deciduo 2021-2023,2021-2023,1,0,0,0
7369,SINAC_BD_0007369,77846,Bosque deciduo,2.7219220495937977,SINAC - Consenso bosque deciduo 2021-2023,2021-2023,0,0,0,0
7370,SINAC_BD_0007370,77850,Bosque deciduo,1.5821655457798538,SINAC - Consenso bosque deciduo 2021-2023,2021-2023,0,0,0,0
7371,SINAC_BD_0007371,77861,Bosque deciduo,1.1480273480044865,SINAC - Consenso bosque deciduo 2021-2023,2021-2023,0,0,0,0
7372,SINAC_BD_0007372,77865,Bosque deciduo,1.198746437533895,SINAC - Consenso bosque deciduo 2021-2023,2021-2023,1,1,0,0
7373,SINAC_BD_0007373,77867,Bosque deciduo,1.8495411487592344,SINAC - Consenso bosque deciduo 2021-2023,2021-2023,0,0,0,0
7374,SINAC_BD_0007374,77868,Bosque deciduo,2.5534553841011434,SINAC - Consenso bosque deciduo 2021-2023,2021-2023,1,1,0,0
7375,SINAC_BD_0007375,77871,Bosque deciduo,1.5171114199655997,SINAC - Consenso bosque deciduo 2021-2023,2021-2023,1,0,0,0
7376,SINAC_BD_0007376,77893,Bosque deciduo,1.6179116026163092,SINAC - Consenso bosque deciduo 2021-2023,2021-2023,0,0,0,0
7377,SINAC_BD_0007377,77913,Bosque deciduo,1.8518437343615846,SINAC - Consenso bosque deciduo 2021-2023,2021-2023,1,0,0,0
7378,SINAC_BD_0007378,77935,Bosque deciduo,4.712163817636244,SINAC - Consenso bosque deciduo 2021-2023,2021-2023,1,1,0,0
7379,SINAC_BD_0007379,77945,Bosque deciduo,6.532164785180699,SINAC - Consenso bosque deciduo 2021-2023,2021-2023,1,1,1,0
7380,SINAC_BD_0007380,77947,Bosque deciduo,1.7445330170996494,SINAC - Consenso bosque deciduo 2021-2023,2021-2023,1,1,1,0
7381,SINAC_BD_0007381,77951,Bosque deciduo,1.56210947220671,SINAC - Consenso bosque deciduo 2021-2023,2021-2023,1,0,0,0
7382,SINAC_BD_0007382,77952,Bosque deciduo,1.2854983804794342,SINAC - Consenso bosque deciduo 2021-2023,2021-2023,1,0,0,0
7383,SINAC_BD_0007383,77954,Bosque deciduo,1.4755952006066282,SINAC - Consenso bosque deciduo 2021-2023,2021-2023,0,0,0,0
7384,SINAC_BD_0007384,77955,Bosque deciduo,5.454678363875709,SINAC - Consenso bosque deciduo 2021-2023,2021-2023,1,1,0,0
7385,SINAC_BD_0007385,77956,Bosque deciduo,4.857765089655232,SINAC - Consenso bosque deciduo 2021-2023,2021-2023,1,1,0,0
7386,SINAC_BD_0007386,77959,Bosque deciduo,2.560248020641418,SINAC - Consenso bosque deciduo 2021-2023,2021-2023,0,0,0,0
7387,SINAC_BD_0007387,77960,Bosque deciduo,1.5886984235479742,SINAC - Consenso bosque deciduo 2021-2023,2021-2023,0,0,0,0
7388,SINAC_BD_0007388,77962,Bosque deciduo,6.509012626049489,SINAC - Consenso bosque deciduo 2021-2023,2021-2023,1,0,0,0
7389,SINAC_BD_0007389,77965,Bosque deciduo,1.7536453962548273,SINAC - Consenso bosque deciduo 2021-2023,2021-2023,0,0,0,0
7390,SINAC_BD_0007390,77967,Bosque deciduo,2.0239561597021347,SINAC - Consenso bosque deciduo 2021-2023,2021-2023,1,1,0,0
7391,SINAC_BD_0007391,77971,Bosque deciduo,1.8557869070621829,SINAC - Consenso bosque deciduo 2021-2023,2021-2023,1,1,0,0
7392,SINAC_BD_0007392,77978,Bosque deciduo,2.3151003613878003,SINAC - Consenso bosque deciduo 2021-2023,2021-2023,1,0,0,0
7393,SINAC_BD_0007393,77998,Bosque deciduo,4.185166643587234,SINAC - Consenso bosque deciduo 2021-2023,2021-2023,0,0,0,0
7394,SINAC_BD_0007394,78008,Bosque deciduo,3.7003162944946606,SINAC - Consenso bosque deciduo 2021-2023,2021-2023,1,0,0,0
7395,SINAC_BD_0007395,78009,Bosque deciduo,20.992585230184382,SINAC - Consenso bosque deciduo 2021-2023,2021-2023,1,1,0,0
7396,SINAC_BD_0007396,78010,Bosque deciduo,12.538259366531918,SINAC - Consenso bosque deciduo 2021-2023,2021-2023,0,0,0,0
7397,SINAC_BD_0007397,78011,Bosque deciduo,11.360607855286432,SINAC - Consenso bosque deciduo 2021-2023,2021-2023,1,0,0,0
7398,SINAC_BD_0007398,78012,Bosque deciduo,1.068153460120915,SINAC - Consenso bosque deciduo 2021-2023,2021-2023,0,0,0,0
7399,SINAC_BD_0007399,78015,Bosque deciduo,2.767711827155222,SINAC - Consenso bosque deciduo 2021-2023,2021-2023,0,1,0,0
7400,SINAC_BD_0007400,78024,Bosque deciduo,6.125550663680693,SINAC - Consenso bosque deciduo 2021-2023,2021-2023,1,1,0,0
7401,SINAC_BD_0007401,78036,Bosque deciduo,1.4700112348662329,SINAC - Consenso bosque deciduo 2021-2023,2021-2023,1,0,0,0
7402,SINAC_BD_0007402,78037,Bosque deciduo,1.2161645494509723,SINAC - Consenso bosque deciduo 2021-2023,2021-2023,0,0,0,0
7403,SINAC_BD_0007403,78041,Bosque deciduo,1.2379554054404867,SINAC - Consenso bosque deciduo 2021-2023,2021-2023,1,1,0,0
7404,SINAC_BD_0007404,78047,Bosque deciduo,1.5694389913232072,SINAC - Consenso bosque deciduo 2021-2023,2021-2023,0,0,0,0
7405,SINAC_BD_0007405,78049,Bosque deciduo,1.9222666703470483,SINAC - Consenso bosque deciduo 2021-2023,2021-2023,0,0,0,0
7406,SINAC_BD_0007406,78051,Bosque deciduo,1.5522483662827828,SINAC - Consenso bosque deciduo 2021-2023,2021-2023,0,0,0,0
7407,SINAC_BD_0007407,78061,Bosque deciduo,1.2236281306981838,SINAC - Consenso bosque deciduo 2021-2023,2021-2023,1,0,0,0
7408,SINAC_BD_0007408,78063,Bosque deciduo,2.7136544579812236,SINAC - Consenso bosque deciduo 2021-2023,2021-2023,0,0,0,0
7409,SINAC_BD_0007409,78064,Bosque deciduo,1.3353706925823579,SINAC - Consenso bosque deciduo 2021-2023,2021-2023,0,0,0,0
7410,SINAC_BD_0007410,78073,Bosque deciduo,1.6662494856518715,SINAC - Consenso bosque deciduo 2021-2023,2021-2023,1,0,0,0
7411,SINAC_BD_0007411,78081,Bosque deciduo,13.038759615145665,SINAC - Consenso bosque deciduo 2021-2023,2021-2023,1,1,1,1
7412,SINAC_BD_0007412,78092,Bosque deciduo,1.0274908852003812,SINAC - Consenso bosque deciduo 2021-2023,2021-2023,0,0,0,0
7413,SINAC_BD_0007413,78112,Bosque deciduo,5.117536138791574,SINAC - Consenso bosque deciduo 2021-2023,2021-2023,0,0,0,0
7414,SINAC_BD_0007414,78113,Bosque deciduo,5.771928878759505,SINAC - Consenso bosque deciduo 2021-2023,2021-2023,0,0,0,0
7415,SINAC_BD_0007415,78114,Bosque deciduo,8.658837528674912,SINAC - Consenso bosque deciduo 2021-2023,2021-2023,1,1,0,1
7416,SINAC_BD_0007416,78117,Bosque deciduo,5.210812730631782,SINAC - Consenso bosque deciduo 2021-2023,2021-2023,1,1,1,0
7417,SINAC_BD_0007417,78126,Bosque deciduo,1.4152104181707363,SINAC - Consenso bosque deciduo 2021-2023,2021-2023,1,1,1,0
7418,SINAC_BD_0007418,78128,Bosque deciduo,7.359760179904614,SINAC - Consenso bosque deciduo 2021-2023,2021-2023,1,0,0,0
7419,SINAC_BD_0007419,78132,Bosque deciduo,1.6582930831601357,SINAC - Consenso bosque deciduo 2021-2023,2021-2023,1,0,0,0
7420,SINAC_BD_0007420,78140,Bosque deciduo,5.328334357422372,SINAC - Consenso bosque deciduo 2021-2023,2021-2023,1,0,0,0
7421,SINAC_BD_0007421,78159,Bosque deciduo,2.4491094643200313,SINAC - Consenso bosque deciduo 2021-2023,2021-2023,1,1,0,0
7422,SINAC_BD_0007422,78164,Bosque deciduo,2.2041975535259923,SINAC - Consenso bosque deciduo 2021-2023,2021-2023,1,1,1,0
7423,SINAC_BD_0007423,78169,Bosque deciduo,2.682321777802166,SINAC - Consenso bosque deciduo 2021-2023,2021-2023,1,1,1,0
7424,SINAC_BD_0007424,78172,Bosque deciduo,1.8087759207478178,SINAC - Consenso bosque deciduo 2021-2023,2021-2023,0,0,0,0
7425,SINAC_BD_0007425,78175,Bosque deciduo,1.48716210157915,SINAC - Consenso bosque deciduo 2021-2023,2021-2023,1,0,0,0
7426,SINAC_BD_0007426,78176,Bosque deciduo,1.0383518085209575,SINAC - Consenso bosque deciduo 2021-2023,2021-2023,1,0,0,0
7427,SINAC_BD_0007427,78177,Bosque deciduo,7.01662486845214,SINAC - Consenso bosque deciduo 2021-2023,2021-2023,1,0,0,0
7428,SINAC_BD_0007428,78179,Bosque deciduo,28.519721814265736,SINAC - Consenso bosque deciduo 2021-2023,2021-2023,1,1,1,0
7429,SINAC_BD_0007429,78180,Bosque deciduo,2.5857967260912855,SINAC - Consenso bosque deciduo 2021-2023,2021-2023,1,0,0,0
7430,SINAC_BD_0007430,78183,Bosque deciduo,1.3351018831797057,SINAC - Consenso bosque deciduo 2021-2023,2021-2023,0,0,0,0
7431,SINAC_BD_0007431,78190,Bosque deciduo,14.631458876118081,SINAC - Consenso bosque deciduo 2021-2023,2021-2023,1,0,0,0
7432,SINAC_BD_0007432,78191,Bosque deciduo,1.1440026078523464,SINAC - Consenso bosque deciduo 2021-2023,2021-2023,0,0,0,0
7433,SINAC_BD_0007433,78200,Bosque deciduo,1.2669809131539431,SINAC - Consenso bosque deciduo 2021-2023,2021-2023,0,0,0,0
7434,SINAC_BD_0007434,78201,Bosque deciduo,4.1465980235853435,SINAC - Consenso bosque deciduo 2021-2023,2021-2023,1,1,1,0
7435,SINAC_BD_0007435,78215,Bosque deciduo,4.738863223264811,SINAC - Consenso bosque deciduo 2021-2023,2021-2023,1,1,0,0
7436,SINAC_BD_0007436,78225,Bosque deciduo,37.47326015368629,SINAC - Consenso bosque deciduo 2021-2023,2021-2023,1,1,1,0
7437,SINAC_BD_0007437,78227,Bosque deciduo,1.6526885429950253,SINAC - Consenso bosque deciduo 2021-2023,2021-2023,1,1,0,0
7438,SINAC_BD_0007438,78228,Bosque deciduo,1.784872880207068,SINAC - Consenso bosque deciduo 2021-2023,2021-2023,0,0,0,0
7439,SINAC_BD_0007439,78239,Bosque deciduo,1.8048659227340278,SINAC - Consenso bosque deciduo 2021-2023,2021-2023,1,1,0,0
7440,SINAC_BD_0007440,78240,Bosque deciduo,1.491049137310435,SINAC - Consenso bosque deciduo 2021-2023,2021-2023,0,0,0,0
7441,SINAC_BD_0007441,78241,Bosque deciduo,1.1462290798269221,SINAC - Consenso bosque deciduo 2021-2023,2021-2023,0,0,0,0
7442,SINAC_BD_0007442,78257,Bosque deciduo,2.056538884287706,SINAC - Consenso bosque deciduo 2021-2023,2021-2023,1,0,0,0
7443,SINAC_BD_0007443,78269,Bosque deciduo,2.589590818340959,SINAC - Consenso bosque deciduo 2021-2023,2021-2023,1,1,0,0
7444,SINAC_BD_0007444,78298,Bosque deciduo,10.33740174995176,SINAC - Consenso bosque deciduo 2021-2023,2021-2023,1,1,0,0
7445,SINAC_BD_0007445,78309,Bosque deciduo,1.3868987233529408,SINAC - Consenso bosque deciduo 2021-2023,2021-2023,0,0,0,0
7446,SINAC_BD_0007446,78321,Bosque deciduo,1.7287246660171178,SINAC - Consenso bosque deciduo 2021-2023,2021-2023,0,0,0,0
7447,SINAC_BD_0007447,78322,Bosque deciduo,1.03,SINAC - Consenso bosque deciduo 2021-2023,2021-2023,1,0,1,0
7448,SINAC_BD_0007448,78323,Bosque deciduo,1.6753925163886436,SINAC - Consenso bosque deciduo 2021-2023,2021-2023,1,0,0,0
7449,SINAC_BD_0007449,78324,Bosque deciduo,8.610248505112082,SINAC - Consenso bosque deciduo 2021-2023,2021-2023,1,1,1,1
7450,SINAC_BD_0007450,78327,Bosque deciduo,3.5715431426492077,SINAC - Consenso bosque deciduo 2021-2023,2021-2023,1,1,0,0
7451,SINAC_BD_0007451,78337,Bosque deciduo,6.50692950811141,SINAC - Consenso bosque deciduo 2021-2023,2021-2023,1,0,0,0
7452,SINAC_BD_0007452,78338,Bosque deciduo,1.1820447652792814,SINAC - Consenso bosque deciduo 2021-2023,2021-2023,1,1,0,0
7453,SINAC_BD_0007453,78340,Bosque deciduo,1.0598485400358377,SINAC - Consenso bosque deciduo 2021-2023,2021-2023,0,0,0,0
7454,SINAC_BD_0007454,78341,Bosque deciduo,3.3208058253910546,SINAC - Consenso bosque deciduo 2021-2023,2021-2023,1,1,1,0
7455,SINAC_BD_0007455,78344,Bosque deciduo,1.9979492488779376,SINAC - Consenso bosque deciduo 2021-2023,2021-2023,0,0,0,0
7456,SINAC_BD_0007456,78352,Bosque deciduo,2.551898697634453,SINAC - Consenso bosque deciduo 2021-2023,2021-2023,0,0,0,0
7457,SINAC_BD_0007457,78401,Bosque deciduo,4.144977610096827,SINAC - Consenso bosque deciduo 2021-2023,2021-2023,0,0,0,0
7458,SINAC_BD_0007458,78410,Bosque deciduo,1.7505580699178158,SINAC - Consenso bosque deciduo 2021-2023,2021-2023,1,0,0,0
7459,SINAC_BD_0007459,78411,Bosque deciduo,22.29972627827832,SINAC - Consenso bosque deciduo 2021-2023,2021-2023,1,1,1,0
7460,SINAC_BD_0007460,78423,Bosque deciduo,3.4382973411590574,SINAC - Consenso bosque deciduo 2021-2023,2021-2023,1,1,0,0
7461,SINAC_BD_0007461,78432,Bosque deciduo,1.35935386863398,SINAC - Consenso bosque deciduo 2021-2023,2021-2023,1,0,0,0
7462,SINAC_BD_0007462,78447,Bosque deciduo,2.0360856474086617,SINAC - Consenso bosque deciduo 2021-2023,2021-2023,1,1,1,0
7463,SINAC_BD_0007463,78449,Bosque deciduo,3.251253948399953,SINAC - Consenso bosque deciduo 2021-2023,2021-2023,1,1,0,1
7464,SINAC_BD_0007464,78452,Bosque deciduo,32.22524554661521,SINAC - Consenso bosque deciduo 2021-2023,2021-2023,1,1,1,1
7465,SINAC_BD_0007465,78453,Bosque deciduo,5.234187935004846,SINAC - Consenso bosque deciduo 2021-2023,2021-2023,1,0,0,0
7466,SINAC_BD_0007466,78464,Bosque deciduo,4.8184683594080076,SINAC - Consenso bosque deciduo 2021-2023,2021-2023,1,1,1,0
7467,SINAC_BD_0007467,78465,Bosque deciduo,1.32,SINAC - Consenso bosque deciduo 2021-2023,2021-2023,0,0,0,0
7468,SINAC_BD_0007468,78475,Bosque deciduo,1.0156869484920625,SINAC - Consenso bosque deciduo 2021-2023,2021-2023,0,0,0,0
7469,SINAC_BD_0007469,78476,Bosque deciduo,1.7205030664519618,SINAC - Consenso bosque deciduo 2021-2023,2021-2023,1,0,0,0
7470,SINAC_BD_0007470,78480,Bosque deciduo,2.86645117350951,SINAC - Consenso bosque deciduo 2021-2023,2021-2023,1,1,1,1
7471,SINAC_BD_0007471,78484,Bosque deciduo,1.9553963825970524,SINAC - Consenso bosque deciduo 2021-2023,2021-2023,0,0,0,0
7472,SINAC_BD_0007472,78485,Bosque deciduo,4.242132351615276,SINAC - Consenso bosque deciduo 2021-2023,2021-2023,1,1,1,0
7473,SINAC_BD_0007473,78489,Bosque deciduo,1.1684204005239336,SINAC - Consenso bosque deciduo 2021-2023,2021-2023,0,0,0,0
7474,SINAC_BD_0007474,78500,Bosque deciduo,1.6378946222585793,SINAC - Consenso bosque deciduo 2021-2023,2021-2023,1,1,1,0
7475,SINAC_BD_0007475,78503,Bosque deciduo,1.2294584621727607,SINAC - Consenso bosque deciduo 2021-2023,2021-2023,1,0,0,0
7476,SINAC_BD_0007476,78508,Bosque deciduo,1.0511528175704075,SINAC - Consenso bosque deciduo 2021-2023,2021-2023,0,0,0,0
7477,SINAC_BD_0007477,78512,Bosque deciduo,1.961173084157733,SINAC - Consenso bosque deciduo 2021-2023,2021-2023,1,1,0,0
7478,SINAC_BD_0007478,78513,Bosque deciduo,2.317633294639712,SINAC - Consenso bosque deciduo 2021-2023,2021-2023,1,0,0,0
7479,SINAC_BD_0007479,78525,Bosque deciduo,1.9304364016630504,SINAC - Consenso bosque deciduo 2021-2023,2021-2023,0,0,0,0
7480,SINAC_BD_0007480,78528,Bosque deciduo,1.3987106942612635,SINAC - Consenso bosque deciduo 2021-2023,2021-2023,0,0,0,0
7481,SINAC_BD_0007481,78538,Bosque deciduo,1.2177916540387403,SINAC - Consenso bosque deciduo 2021-2023,2021-2023,1,1,0,0
7482,SINAC_BD_0007482,78540,Bosque deciduo,2.578546073366558,SINAC - Consenso bosque deciduo 2021-2023,2021-2023,1,1,0,0
7483,SINAC_BD_0007483,78543,Bosque deciduo,1.4011848525140655,SINAC - Consenso bosque deciduo 2021-2023,2021-2023,1,0,0,0
7484,SINAC_BD_0007484,78568,Bosque deciduo,1.2576927811943852,SINAC - Consenso bosque deciduo 2021-2023,2021-2023,1,1,0,0
7485,SINAC_BD_0007485,78575,Bosque deciduo,1.72551773652086,SINAC - Consenso bosque deciduo 2021-2023,2021-2023,1,1,0,0
7486,SINAC_BD_0007486,78589,Bosque deciduo,2.357340457136482,SINAC - Consenso bosque deciduo 2021-2023,2021-2023,1,0,0,0
7487,SINAC_BD_0007487,78594,Bosque deciduo,3.868795502192084,SINAC - Consenso bosque deciduo 2021-2023,2021-2023,1,0,0,0
7488,SINAC_BD_0007488,78595,Bosque deciduo,13.70345770172922,SINAC - Consenso bosque deciduo 2021-2023,2021-2023,1,1,0,0
7489,SINAC_BD_0007489,78596,Bosque deciduo,2.908011568602766,SINAC - Consenso bosque deciduo 2021-2023,2021-2023,1,1,0,0
7490,SINAC_BD_0007490,78609,Bosque deciduo,1.030463637112846,SINAC - Consenso bosque deciduo 2021-2023,2021-2023,0,0,0,0
7491,SINAC_BD_0007491,78620,Bosque deciduo,4.141535649677632,SINAC - Consenso bosque deciduo 2021-2023,2021-2023,1,1,1,0
7492,SINAC_BD_0007492,78632,Bosque deciduo,8.82860253689403,SINAC - Consenso bosque deciduo 2021-2023,2021-2023,1,1,0,0
7493,SINAC_BD_0007493,78647,Bosque deciduo,1.5572254364250133,SINAC - Consenso bosque deciduo 2021-2023,2021-2023,1,1,1,0
7494,SINAC_BD_0007494,78682,Bosque deciduo,1.0053847065650152,SINAC - Consenso bosque deciduo 2021-2023,2021-2023,1,0,0,0
7495,SINAC_BD_0007495,78685,Bosque deciduo,1.3734740384424515,SINAC - Consenso bosque deciduo 2021-2023,2021-2023,1,1,1,0
7496,SINAC_BD_0007496,78686,Bosque deciduo,2.0795283207490183,SINAC - Consenso bosque deciduo 2021-2023,2021-2023,1,1,1,0
7497,SINAC_BD_0007497,78687,Bosque deciduo,1.5718460597357433,SINAC - Consenso bosque deciduo 2021-2023,2021-2023,0,0,0,0
7498,SINAC_BD_0007498,78694,Bosque deciduo,1.0271587090534102,SINAC - Consenso bosque deciduo 2021-2023,2021-2023,0,0,0,0
7499,SINAC_BD_0007499,78695,Bosque deciduo,6.220524308597375,SINAC - Consenso bosque deciduo 2021-2023,2021-2023,0,0,0,0
7500,SINAC_BD_0007500,78696,Bosque deciduo,7.744968940621906,SINAC - Consenso bosque deciduo 2021-2023,2021-2023,1,1,1,0
7501,SINAC_BD_0007501,78701,Bosque deciduo,22.92675610830724,SINAC - Consenso bosque deciduo 2021-2023,2021-2023,1,1,1,1
7502,SINAC_BD_0007502,78705,Bosque deciduo,1.3561404011512073,SINAC - Consenso bosque deciduo 2021-2023,2021-2023,1,1,1,0
7503,SINAC_BD_0007503,78711,Bosque deciduo,1.150403471593131,SINAC - Consenso bosque deciduo 2021-2023,2021-2023,1,0,0,0
7504,SINAC_BD_0007504,78719,Bosque deciduo,1.390595926325059,SINAC - Consenso bosque deciduo 2021-2023,2021-2023,1,1,0,0
7505,SINAC_BD_0007505,78722,Bosque deciduo,1.008912843764171,SINAC - Consenso bosque deciduo 2021-2023,2021-2023,0,0,0,0
7506,SINAC_BD_0007506,78737,Bosque deciduo,1.6993089871352582,SINAC - Consenso bosque deciduo 2021-2023,2021-2023,1,1,0,0
7507,SINAC_BD_0007507,78756,Bosque deciduo,1.7999060606698303,SINAC - Consenso bosque deciduo 2021-2023,2021-2023,1,0,0,0
7508,SINAC_BD_0007508,78757,Bosque deciduo,1.6643979286055925,SINAC - Consenso bosque deciduo 2021-2023,2021-2023,0,0,0,0
7509,SINAC_BD_0007509,78760,Bosque deciduo,1.2851119991916937,SINAC - Consenso bosque deciduo 2021-2023,2021-2023,1,0,0,0
7510,SINAC_BD_0007510,78801,Bosque deciduo,4.801477068568387,SINAC - Consenso bosque deciduo 2021-2023,2021-2023,1,1,0,0
7511,SINAC_BD_0007511,78805,Bosque deciduo,6.517740794386882,SINAC - Consenso bosque deciduo 2021-2023,2021-2023,1,1,1,1
7512,SINAC_BD_0007512,78806,Bosque deciduo,1.3173487574641916,SINAC - Consenso bosque deciduo 2021-2023,2021-2023,1,0,0,0
7513,SINAC_BD_0007513,78827,Bosque deciduo,1.8866964852138703,SINAC - Consenso bosque deciduo 2021-2023,2021-2023,0,0,0,0
7514,SINAC_BD_0007514,78845,Bosque deciduo,1.2119394248543158,SINAC - Consenso bosque deciduo 2021-2023,2021-2023,0,0,0,0
7515,SINAC_BD_0007515,78846,Bosque deciduo,2.1461553911339837,SINAC - Consenso bosque deciduo 2021-2023,2021-2023,0,0,0,0
7516,SINAC_BD_0007516,78856,Bosque deciduo,3.2628853177121497,SINAC - Consenso bosque deciduo 2021-2023,2021-2023,1,0,0,0
7517,SINAC_BD_0007517,78859,Bosque deciduo,6.072247892706883,SINAC - Consenso bosque deciduo 2021-2023,2021-2023,1,1,0,0
7518,SINAC_BD_0007518,78863,Bosque deciduo,1.262240883672243,SINAC - Consenso bosque deciduo 2021-2023,2021-2023,1,0,0,0
7519,SINAC_BD_0007519,78864,Bosque deciduo,1.0126478848193976,SINAC - Consenso bosque deciduo 2021-2023,2021-2023,0,0,0,0
7520,SINAC_BD_0007520,78888,Bosque deciduo,1.4266819940121165,SINAC - Consenso bosque deciduo 2021-2023,2021-2023,1,1,1,0
7521,SINAC_BD_0007521,78890,Bosque deciduo,1.0617059340432016,SINAC - Consenso bosque deciduo 2021-2023,2021-2023,0,0,0,0
7522,SINAC_BD_0007522,78900,Bosque deciduo,1.0999906394777785,SINAC - Consenso bosque deciduo 2021-2023,2021-2023,1,1,0,0
7523,SINAC_BD_0007523,78962,Bosque deciduo,1.0778364255144826,SINAC - Consenso bosque deciduo 2021-2023,2021-2023,0,0,0,0
7524,SINAC_BD_0007524,78971,Bosque deciduo,1.5784855961985602,SINAC - Consenso bosque deciduo 2021-2023,2021-2023,0,0,1,0
7525,SINAC_BD_0007525,78973,Bosque deciduo,1.2281740338152323,SINAC - Consenso bosque deciduo 2021-2023,2021-2023,0,0,0,0
7526,SINAC_BD_0007526,78977,Bosque deciduo,1.7,SINAC - Consenso bosque deciduo 2021-2023,2021-2023,1,1,0,0
7527,SINAC_BD_0007527,78978,Bosque deciduo,1.44,SINAC - Consenso bosque deciduo 2021-2023,2021-2023,0,0,0,0
7528,SINAC_BD_0007528,78993,Bosque deciduo,4.28,SINAC - Consenso bosque deciduo 2021-2023,2021-2023,1,1,1,1
7529,SINAC_BD_0007529,78994,Bosque deciduo,1.7679923079825826,SINAC - Consenso bosque deciduo 2021-2023,2021-2023,1,0,0,0
7530,SINAC_BD_0007530,79012,Bosque deciduo,1.93804701115224,SINAC - Consenso bosque deciduo 2021-2023,2021-2023,1,0,0,0
7531,SINAC_BD_0007531,79034,Bosque deciduo,1.2789929495892252,SINAC - Consenso bosque deciduo 2021-2023,2021-2023,1,1,0,0
7532,SINAC_BD_0007532,79037,Bosque deciduo,1.165475488466614,SINAC - Consenso bosque deciduo 2021-2023,2021-2023,0,0,0,0
7533,SINAC_BD_0007533,79046,Bosque deciduo,14.909032750284307,SINAC - Consenso bosque deciduo 2021-2023,2021-2023,1,1,1,0
7534,SINAC_BD_0007534,79067,Bosque deciduo,8.376097926936923,SINAC - Consenso bosque deciduo 2021-2023,2021-2023,1,1,1,1
7535,SINAC_BD_0007535,79069,Bosque deciduo,1.0531202864503078,SINAC - Consenso bosque deciduo 2021-2023,2021-2023,1,1,1,0
7536,SINAC_BD_0007536,79077,Bosque deciduo,1.7826434366580124,SINAC - Consenso bosque deciduo 2021-2023,2021-2023,1,0,0,0
7537,SINAC_BD_0007537,79079,Bosque deciduo,4.27849427435642,SINAC - Consenso bosque deciduo 2021-2023,2021-2023,1,1,0,0
7538,SINAC_BD_0007538,79082,Bosque deciduo,1.8073856038827192,SINAC - Consenso bosque deciduo 2021-2023,2021-2023,1,1,0,0
7539,SINAC_BD_0007539,79105,Bosque deciduo,2.1868281157807434,SINAC - Consenso bosque deciduo 2021-2023,2021-2023,1,1,1,0
7540,SINAC_BD_0007540,79106,Bosque deciduo,1.0420897407005367,SINAC - Consenso bosque deciduo 2021-2023,2021-2023,0,0,0,0
7541,SINAC_BD_0007541,79108,Bosque deciduo,2.4056852454987334,SINAC - Consenso bosque deciduo 2021-2023,2021-2023,1,1,0,0
7542,SINAC_BD_0007542,79111,Bosque deciduo,1.7393774925286603,SINAC - Consenso bosque deciduo 2021-2023,2021-2023,0,0,0,0
7543,SINAC_BD_0007543,79115,Bosque deciduo,2.903554331626518,SINAC - Consenso bosque deciduo 2021-2023,2021-2023,1,1,0,0
7544,SINAC_BD_0007544,79116,Bosque deciduo,6.370811059904554,SINAC - Consenso bosque deciduo 2021-2023,2021-2023,1,0,0,0
7545,SINAC_BD_0007545,79117,Bosque deciduo,2.3273114959644516,SINAC - Consenso bosque deciduo 2021-2023,2021-2023,0,0,0,0
7546,SINAC_BD_0007546,79130,Bosque deciduo,2.5370890652165086,SINAC - Consenso bosque deciduo 2021-2023,2021-2023,1,0,0,0
7547,SINAC_BD_0007547,79144,Bosque deciduo,5.610301160242506,SINAC - Consenso bosque deciduo 2021-2023,2021-2023,1,1,0,0
7548,SINAC_BD_0007548,79148,Bosque deciduo,1.2210345786919636,SINAC - Consenso bosque deciduo 2021-2023,2021-2023,0,0,0,0
7549,SINAC_BD_0007549,79150,Bosque deciduo,1.5779183861732464,SINAC - Consenso bosque deciduo 2021-2023,2021-2023,1,1,1,0
7550,SINAC_BD_0007550,79153,Bosque deciduo,3.4353102940581595,SINAC - Consenso bosque deciduo 2021-2023,2021-2023,1,1,0,0
7551,SINAC_BD_0007551,79154,Bosque deciduo,1.668334492480998,SINAC - Consenso bosque deciduo 2021-2023,2021-2023,0,0,0,0
7552,SINAC_BD_0007552,79160,Bosque deciduo,1.6669992948475898,SINAC - Consenso bosque deciduo 2021-2023,2021-2023,1,0,0,0
7553,SINAC_BD_0007553,79167,Bosque deciduo,15.614842994487777,SINAC - Consenso bosque deciduo 2021-2023,2021-2023,1,1,1,1
7554,SINAC_BD_0007554,79169,Bosque deciduo,1.1252365235797503,SINAC - Consenso bosque deciduo 2021-2023,2021-2023,1,0,0,0
7555,SINAC_BD_0007555,79175,Bosque deciduo,1.382846216861294,SINAC - Consenso bosque deciduo 2021-2023,2021-2023,0,0,0,0
7556,SINAC_BD_0007556,79179,Bosque deciduo,2.0880156879547065,SINAC - Consenso bosque deciduo 2021-2023,2021-2023,0,0,0,0
7557,SINAC_BD_0007557,79180,Bosque deciduo,1.163124498474031,SINAC - Consenso bosque deciduo 2021-2023,2021-2023,0,0,0,0
7558,SINAC_BD_0007558,79181,Bosque deciduo,1.9903161495476376,SINAC - Consenso bosque deciduo 2021-2023,2021-2023,0,0,0,0
7559,SINAC_BD_0007559,79183,Bosque deciduo,9.764439116538357,SINAC - Consenso bosque deciduo 2021-2023,2021-2023,1,1,1,0
7560,SINAC_BD_0007560,79194,Bosque deciduo,4.303422604386068,SINAC - Consenso bosque deciduo 2021-2023,2021-2023,1,1,0,0
7561,SINAC_BD_0007561,79198,Bosque deciduo,2.749541290770239,SINAC - Consenso bosque deciduo 2021-2023,2021-2023,1,1,1,0
7562,SINAC_BD_0007562,79200,Bosque deciduo,1.8203738668425784,SINAC - Consenso bosque deciduo 2021-2023,2021-2023,1,1,0,0
7563,SINAC_BD_0007563,79206,Bosque deciduo,1.96147912829086,SINAC - Consenso bosque deciduo 2021-2023,2021-2023,1,0,0,0
7564,SINAC_BD_0007564,79221,Bosque deciduo,3.9033210261323235,SINAC - Consenso bosque deciduo 2021-2023,2021-2023,1,0,0,0
7565,SINAC_BD_0007565,79227,Bosque deciduo,1.200701642625175,SINAC - Consenso bosque deciduo 2021-2023,2021-2023,0,0,0,0
7566,SINAC_BD_0007566,79242,Bosque deciduo,1.5369216689904484,SINAC - Consenso bosque deciduo 2021-2023,2021-2023,0,0,0,0
7567,SINAC_BD_0007567,79246,Bosque deciduo,3.435747677975588,SINAC - Consenso bosque deciduo 2021-2023,2021-2023,1,0,0,0
7568,SINAC_BD_0007568,79249,Bosque deciduo,19.103959482942884,SINAC - Consenso bosque deciduo 2021-2023,2021-2023,1,1,1,1
7569,SINAC_BD_0007569,79251,Bosque deciduo,3.1632404577845907,SINAC - Consenso bosque deciduo 2021-2023,2021-2023,0,0,0,0
7570,SINAC_BD_0007570,79252,Bosque deciduo,3.419574600865497,SINAC - Consenso bosque deciduo 2021-2023,2021-2023,0,0,0,0
7571,SINAC_BD_0007571,79253,Bosque deciduo,4.073286077794378,SINAC - Consenso bosque deciduo 2021-2023,2021-2023,1,0,0,0
7572,SINAC_BD_0007572,79277,Bosque deciduo,6.779601067020669,SINAC - Consenso bosque deciduo 2021-2023,2021-2023,1,1,0,0
7573,SINAC_BD_0007573,79285,Bosque deciduo,1.8188598265972935,SINAC - Consenso bosque deciduo 2021-2023,2021-2023,0,0,0,0
7574,SINAC_BD_0007574,79300,Bosque deciduo,1.3769178935249742,SINAC - Consenso bosque deciduo 2021-2023,2021-2023,1,1,0,0
7575,SINAC_BD_0007575,79304,Bosque deciduo,1.1650499202980837,SINAC - Consenso bosque deciduo 2021-2023,2021-2023,1,0,0,0
7576,SINAC_BD_0007576,79309,Bosque deciduo,2.659760698846617,SINAC - Consenso bosque deciduo 2021-2023,2021-2023,1,1,1,0
7577,SINAC_BD_0007577,79311,Bosque deciduo,1.0852141555347603,SINAC - Consenso bosque deciduo 2021-2023,2021-2023,1,0,1,0
7578,SINAC_BD_0007578,79315,Bosque deciduo,1.0932299387641118,SINAC - Consenso bosque deciduo 2021-2023,2021-2023,1,0,0,0
7579,SINAC_BD_0007579,79317,Bosque deciduo,1.4079242341286617,SINAC - Consenso bosque deciduo 2021-2023,2021-2023,1,0,1,0
7580,SINAC_BD_0007580,79326,Bosque deciduo,6.356661463668829,SINAC - Consenso bosque deciduo 2021-2023,2021-2023,1,1,0,0
7581,SINAC_BD_0007581,79330,Bosque deciduo,1.263817891952072,SINAC - Consenso bosque deciduo 2021-2023,2021-2023,0,0,0,0
7582,SINAC_BD_0007582,79331,Bosque deciduo,1.0249595757527454,SINAC - Consenso bosque deciduo 2021-2023,2021-2023,0,1,0,0
7583,SINAC_BD_0007583,79376,Bosque deciduo,7.315801465253884,SINAC - Consenso bosque deciduo 2021-2023,2021-2023,1,1,1,0
7584,SINAC_BD_0007584,79380,Bosque deciduo,1.4273041636161299,SINAC - Consenso bosque deciduo 2021-2023,2021-2023,0,0,0,0
7585,SINAC_BD_0007585,79386,Bosque deciduo,1.708329702613089,SINAC - Consenso bosque deciduo 2021-2023,2021-2023,1,0,1,0
7586,SINAC_BD_0007586,79392,Bosque deciduo,1.0877379589806808,SINAC - Consenso bosque deciduo 2021-2023,2021-2023,1,0,0,0
7587,SINAC_BD_0007587,79399,Bosque deciduo,1.0092543631751467,SINAC - Consenso bosque deciduo 2021-2023,2021-2023,1,1,0,0
7588,SINAC_BD_0007588,79403,Bosque deciduo,2.5385862486836173,SINAC - Consenso bosque deciduo 2021-2023,2021-2023,1,1,0,0
7589,SINAC_BD_0007589,79410,Bosque deciduo,2.883716523983442,SINAC - Consenso bosque deciduo 2021-2023,2021-2023,1,1,0,0
7590,SINAC_BD_0007590,79433,Bosque deciduo,2.524290903529733,SINAC - Consenso bosque deciduo 2021-2023,2021-2023,1,0,0,0
7591,SINAC_BD_0007591,79436,Bosque deciduo,1.2537328726382764,SINAC - Consenso bosque deciduo 2021-2023,2021-2023,1,1,0,1
7592,SINAC_BD_0007592,79440,Bosque deciduo,1.5792929193925047,SINAC - Consenso bosque deciduo 2021-2023,2021-2023,1,0,0,0
7593,SINAC_BD_0007593,79464,Bosque deciduo,1.1086637084816227,SINAC - Consenso bosque deciduo 2021-2023,2021-2023,1,1,0,0
7594,SINAC_BD_0007594,79482,Bosque deciduo,3.9445655768722254,SINAC - Consenso bosque deciduo 2021-2023,2021-2023,1,1,1,1
7595,SINAC_BD_0007595,79501,Bosque deciduo,1.2111928487498915,SINAC - Consenso bosque deciduo 2021-2023,2021-2023,1,0,0,0
7596,SINAC_BD_0007596,79522,Bosque deciduo,1.5291412962126583,SINAC - Consenso bosque deciduo 2021-2023,2021-2023,0,1,0,0
7597,SINAC_BD_0007597,79535,Bosque deciduo,1.1629542548997482,SINAC - Consenso bosque deciduo 2021-2023,2021-2023,0,0,0,0
7598,SINAC_BD_0007598,79536,Bosque deciduo,3.381810810790533,SINAC - Consenso bosque deciduo 2021-2023,2021-2023,1,1,1,0
7599,SINAC_BD_0007599,79537,Bosque deciduo,1.053158685706795,SINAC - Consenso bosque deciduo 2021-2023,2021-2023,0,0,0,0
7600,SINAC_BD_0007600,79541,Bosque deciduo,1.0545153502868199,SINAC - Consenso bosque deciduo 2021-2023,2021-2023,0,0,0,0
7601,SINAC_BD_0007601,79542,Bosque deciduo,1.949046500067454,SINAC - Consenso bosque deciduo 2021-2023,2021-2023,1,1,0,0
7602,SINAC_BD_0007602,79552,Bosque deciduo,1.2024499450259483,SINAC - Consenso bosque deciduo 2021-2023,2021-2023,1,1,1,0
7603,SINAC_BD_0007603,79553,Bosque deciduo,1.014922596889536,SINAC - Consenso bosque deciduo 2021-2023,2021-2023,0,0,0,0
7604,SINAC_BD_0007604,79561,Bosque deciduo,1.8812795779100466,SINAC - Consenso bosque deciduo 2021-2023,2021-2023,0,0,0,0
7605,SINAC_BD_0007605,79562,Bosque deciduo,2.8881003519943045,SINAC - Consenso bosque deciduo 2021-2023,2021-2023,1,0,0,0
7606,SINAC_BD_0007606,79574,Bosque deciduo,2.3748907724522788,SINAC - Consenso bosque deciduo 2021-2023,2021-2023,0,0,0,0
7607,SINAC_BD_0007607,79582,Bosque deciduo,1.408668963057676,SINAC - Consenso bosque deciduo 2021-2023,2021-2023,0,0,0,0
7608,SINAC_BD_0007608,79583,Bosque deciduo,1.168572364535202,SINAC - Consenso bosque deciduo 2021-2023,2021-2023,0,0,0,0
7609,SINAC_BD_0007609,79584,Bosque deciduo,1.7781670000473757,SINAC - Consenso bosque deciduo 2021-2023,2021-2023,1,0,0,0
7610,SINAC_BD_0007610,79609,Bosque deciduo,2.952216989313741,SINAC - Consenso bosque deciduo 2021-2023,2021-2023,1,1,0,0
7611,SINAC_BD_0007611,79626,Bosque deciduo,1.9480096996935863,SINAC - Consenso bosque deciduo 2021-2023,2021-2023,1,0,0,0
7612,SINAC_BD_0007612,79635,Bosque deciduo,3.191491831491916,SINAC - Consenso bosque deciduo 2021-2023,2021-2023,1,1,0,0
7613,SINAC_BD_0007613,79639,Bosque deciduo,1.6354503535542488,SINAC - Consenso bosque deciduo 2021-2023,2021-2023,1,1,0,0
7614,SINAC_BD_0007614,79644,Bosque deciduo,1.8856390251996613,SINAC - Consenso bosque deciduo 2021-2023,2021-2023,1,0,0,0
7615,SINAC_BD_0007615,79646,Bosque deciduo,2.3366989658635275,SINAC - Consenso bosque deciduo 2021-2023,2021-2023,1,1,0,0
7616,SINAC_BD_0007616,79676,Bosque deciduo,3.6631198421436073,SINAC - Consenso bosque deciduo 2021-2023,2021-2023,1,1,1,0
7617,SINAC_BD_0007617,79691,Bosque deciduo,2.551293280604369,SINAC - Consenso bosque deciduo 2021-2023,2021-2023,1,1,1,0
7618,SINAC_BD_0007618,79696,Bosque deciduo,2.081272589723671,SINAC - Consenso bosque deciduo 2021-2023,2021-2023,0,0,0,0
7619,SINAC_BD_0007619,79708,Bosque deciduo,1.6097953123469086,SINAC - Consenso bosque deciduo 2021-2023,2021-2023,1,0,0,0
7620,SINAC_BD_0007620,79710,Bosque deciduo,1.6165087386955719,SINAC - Consenso bosque deciduo 2021-2023,2021-2023,1,1,1,0
7621,SINAC_BD_0007621,79720,Bosque deciduo,2.274167919066599,SINAC - Consenso bosque deciduo 2021-2023,2021-2023,1,0,0,0
7622,SINAC_BD_0007622,79721,Bosque deciduo,1.6049308481648987,SINAC - Consenso bosque deciduo 2021-2023,2021-2023,0,1,0,0
7623,SINAC_BD_0007623,79759,Bosque deciduo,1.2014628494707378,SINAC - Consenso bosque deciduo 2021-2023,2021-2023,1,0,0,0
7624,SINAC_BD_0007624,79786,Bosque deciduo,7.10077732651736,SINAC - Consenso bosque deciduo 2021-2023,2021-2023,1,1,1,1
7625,SINAC_BD_0007625,79795,Bosque deciduo,1.6193591047579394,SINAC - Consenso bosque deciduo 2021-2023,2021-2023,0,0,0,0
7626,SINAC_BD_0007626,79859,Bosque deciduo,1.7092287622256874,SINAC - Consenso bosque deciduo 2021-2023,2021-2023,1,0,0,0
7627,SINAC_BD_0007627,79865,Bosque deciduo,1.0681228753378356,SINAC - Consenso bosque deciduo 2021-2023,2021-2023,1,0,0,1
7628,SINAC_BD_0007628,79876,Bosque deciduo,1.0314179942482415,SINAC - Consenso bosque deciduo 2021-2023,2021-2023,0,0,0,0
7629,SINAC_BD_0007629,79893,Bosque deciduo,1.7210318227421877,SINAC - Consenso bosque deciduo 2021-2023,2021-2023,1,1,1,0
7630,SINAC_BD_0007630,79901,Bosque deciduo,1.3398504005646854,SINAC - Consenso bosque deciduo 2021-2023,2021-2023,0,1,0,0
7631,SINAC_BD_0007631,79908,Bosque deciduo,1.6672218232777578,SINAC - Consenso bosque deciduo 2021-2023,2021-2023,0,0,0,0
7632,SINAC_BD_0007632,79914,Bosque deciduo,3.8535851555263134,SINAC - Consenso bosque deciduo 2021-2023,2021-2023,1,1,0,0
7633,SINAC_BD_0007633,79929,Bosque deciduo,1.0370144569227944,SINAC - Consenso bosque deciduo 2021-2023,2021-2023,0,0,0,0
7634,SINAC_BD_0007634,79930,Bosque deciduo,1.2319686011608952,SINAC - Consenso bosque deciduo 2021-2023,2021-2023,1,0,0,0
7635,SINAC_BD_0007635,79954,Bosque deciduo,4.878927310116354,SINAC - Consenso bosque deciduo 2021-2023,2021-2023,1,1,1,0
7636,SINAC_BD_0007636,79955,Bosque deciduo,2.042928915631449,SINAC - Consenso bosque deciduo 2021-2023,2021-2023,0,0,0,0
7637,SINAC_BD_0007637,79963,Bosque deciduo,2.3227178431128186,SINAC - Consenso bosque deciduo 2021-2023,2021-2023,1,0,0,0
7638,SINAC_BD_0007638,80045,Bosque deciduo,6.1226076680268395,SINAC - Consenso bosque deciduo 2021-2023,2021-2023,1,1,1,0
7639,SINAC_BD_0007639,80069,Bosque deciduo,1.2099530849420692,SINAC - Consenso bosque deciduo 2021-2023,2021-2023,1,1,0,0
7640,SINAC_BD_0007640,80101,Bosque deciduo,1.8908585069412687,SINAC - Consenso bosque deciduo 2021-2023,2021-2023,1,0,0,0
7641,SINAC_BD_0007641,80103,Bosque deciduo,1.708324751981091,SINAC - Consenso bosque deciduo 2021-2023,2021-2023,1,1,1,0
7642,SINAC_BD_0007642,80279,Bosque deciduo,1.5355142004331153,SINAC - Consenso bosque deciduo 2021-2023,2021-2023,1,0,0,0
7643,SINAC_BD_0007643,80288,Bosque deciduo,2.4793707922761983,SINAC - Consenso bosque deciduo 2021-2023,2021-2023,1,1,0,0
7644,SINAC_BD_0007644,80300,Bosque deciduo,1.1422228295514474,SINAC - Consenso bosque deciduo 2021-2023,2021-2023,0,0,0,0
7645,SINAC_BD_0007645,80309,Bosque deciduo,2.6741178030998634,SINAC - Consenso bosque deciduo 2021-2023,2021-2023,1,1,1,1
7646,SINAC_BD_0007646,80310,Bosque deciduo,2.2787540033410054,SINAC - Consenso bosque deciduo 2021-2023,2021-2023,1,0,1,0
7647,SINAC_BD_0007647,80335,Bosque deciduo,1.124757946793625,SINAC - Consenso bosque deciduo 2021-2023,2021-2023,0,0,0,0
7648,SINAC_BD_0007648,80337,Bosque deciduo,1.1213860269278286,SINAC - Consenso bosque deciduo 2021-2023,2021-2023,1,1,1,0
7649,SINAC_BD_0007649,80352,Bosque deciduo,1.4059678105656888,SINAC - Consenso bosque deciduo 2021-2023,2021-2023,1,1,0,0
7650,SINAC_BD_0007650,80353,Bosque deciduo,1.9815171720462887,SINAC - Consenso bosque deciduo 2021-2023,2021-2023,1,1,0,0
7651,SINAC_BD_0007651,80373,Bosque deciduo,1.0980575483583819,SINAC - Consenso bosque deciduo 2021-2023,2021-2023,1,1,0,0
7652,SINAC_BD_0007652,80388,Bosque deciduo,1.4057620966616826,SINAC - Consenso bosque deciduo 2021-2023,2021-2023,1,1,1,1
