original_record_row_id,extract_id,id_registro,id_muestra_original,xy_group_id,xy_year_group_id,xy_class_group_id,Longitud,Latitud,Pais_es,Pais_cod3,Fuente,id_fuente,Año,Clase,GranClase,nombre_clase,nombre_gran_clase,n_records_extract_unit,s2_n_month_rows,s2_year_ref,s2_year_extraction,s2yr_months_obs,s2yr_months_zero_obs,s2yr_obs_total,s2yr_obs_mean,s2yr_obs_median,s2yr_cloudprob_median,s2yr_cloudprob_mean,s2yr_ndvi_mean,s2yr_ndvi_median,s2yr_ndvi_min,s2yr_ndvi_max,s2yr_ndvi8a_mean,s2yr_ndvi8a_median,s2yr_ndvi8a_min,s2yr_ndvi8a_max,s2yr_ndre_mean,s2yr_ndre_median,s2yr_ndre_min,s2yr_ndre_max,n_records_same_extract_id,n_unique_class_code_extract_unit,n_unique_class_group_code_extract_unit,class_codes_extract_unit,class_names_extract_unit,class_group_codes_extract_unit,class_group_names_extract_unit,flag_context_multiple_records_extract_unit,flag_context_multiple_class_code,flag_context_multiple_class_group_code,flag_context_thematic_conflict,audit_country,audit_country_code,audit_source,audit_source_id,audit_year,audit_class_code,audit_class_group_code,audit_class_name,audit_class_group_name,expected_signal_group,flag_no_spectral_data,flag_low_months_obs,flag_low_total_obs,flag_high_cloudprob,class_rule_alert_level,class_rule_reason,flag_class_rule_high,flag_class_rule_medium,flag_class_rule_triggered,flag_ndvi_rare_by_class_year,flag_ndre_rare_by_class_year,ndvi_class_iqr_low,ndvi_class_iqr_high,ndre_class_iqr_low,ndre_class_iqr_high,flag_rare_spectral_value,flag_conflict_and_rare,flag_conflict_and_class_rule,spectral_alert_count,spectral_alert_level,recommended_action,main_alert_reason,flag_spectral_class_review,flag_spectral_priority,audit_scope,audit_interpretation
6608,S2SR_SRC15_PAN_2021_000001308,SRC15_0006608,PAN_FCL_0026781,SRC15_PAN_2021__XY__839bc8db063a,SRC15_PAN_2021__XYY__e0eb5f42b2fb,SRC15_PAN_2021__XYC__c1bbf63f796e,-82.42606,8.456755,Panamá,PAN,MIAMBIENTE - Cultivos Mapa Panamá,15,2021,28,6,Área poblada,Urbano e infraestructura,1,12,2021.0,2021.0,0,12,0,0.0,0.0,,,,,,,,,,,,,,,1,1,1,28,Área poblada,6,Urbano e infraestructura,0,0,0,0,Panamá,PAN,MIAMBIENTE - Cultivos Mapa Panamá,15,2021,28,6,Área poblada,Urbano e infraestructura,no_vegetacion_urbana,1,0,1,0,none,Sin NDVI/NDRE anual disponible,0,0,False,False,False,-0.10240331514649498,1.0948067477170476,-0.07690664887845819,0.7769808717742264,0,0,0,2,alta_sin_datos,Revisar disponibilidad satelital o excluir de análisis espectral,sin_datos_espectrales,1,1,Auditoría espectral preliminar SRC15 2021,Alerta exploratoria; no constituye validación temática definitiva
6995,S2SR_SRC15_PAN_2021_000011538,SRC15_0006995,PAN_FCL_0028373,SRC15_PAN_2021__XY__b559d6b0ed20,SRC15_PAN_2021__XYY__659bd5cfb275,SRC15_PAN_2021__XYC__5296d968aceb,-81.921983,8.469573,Panamá,PAN,MIAMBIENTE - Cultivos Mapa Panamá,15,2021,2,1,Bosque latifoliado mixto secundario,Bosque y vegetación natural,1,12,2021.0,2021.0,3,9,8,0.6666666666666666,0.0,2.0,4.166666666666667,0.8796415400841133,0.8906310447083522,0.8469757756632988,0.9013177998806888,0.8832792153458587,0.8914559116870615,0.8506662405961607,0.907715493754354,0.6530156388325908,0.6563476196426341,0.6330179254428483,0.66968137141229,1,1,1,2,Bosque latifoliado mixto secundario,1,Bosque y vegetación natural,0,0,0,0,Panamá,PAN,MIAMBIENTE - Cultivos Mapa Panamá,15,2021,2,1,Bosque latifoliado mixto secundario,Bosque y vegetación natural,vegetacion_forestal_esperada,0,1,0,0,none,Senal compatible con bosque o plantacion forestal,0,0,False,False,False,0.7156951618451342,0.9456522260291946,0.46775220877215595,0.7284626845622189,0,0,0,1,baja,Revisar si pertenece a clase o fuente prioritaria,baja_cantidad_meses_observados,1,0,Auditoría espectral preliminar SRC15 2021,Alerta exploratoria; no constituye validación temática definitiva
10533,S2SR_SRC15_PAN_2021_000012236,SRC15_0010533,PAN_FCL_0042584,SRC15_PAN_2021__XY__9473e2059f43,SRC15_PAN_2021__XYY__da39c9788fcb,SRC15_PAN_2021__XYC__ce62877d1f09,-81.890462,8.587221,Panamá,PAN,MIAMBIENTE - Cultivos Mapa Panamá,15,2021,1,1,Bosque latifoliado mixto maduro,Bosque y vegetación natural,1,12,2021.0,2021.0,3,9,12,1.0,0.0,3.0,3.3333333333333335,0.8044778536407148,0.7698082079432746,0.7697463558830501,0.8738789970958194,0.8163603386118726,0.7831554617269809,0.7820991894667233,0.8838263646419133,0.5899096216009109,0.5667312348668282,0.5501048131509856,0.6528928167849191,1,1,1,1,Bosque latifoliado mixto maduro,1,Bosque y vegetación natural,0,0,0,0,Panamá,PAN,MIAMBIENTE - Cultivos Mapa Panamá,15,2021,1,1,Bosque latifoliado mixto maduro,Bosque y vegetación natural,vegetacion_forestal_esperada,0,1,0,0,none,Senal compatible con bosque o plantacion forestal,0,0,False,False,False,0.6430119869024382,0.9528057309230518,0.43437644555877897,0.6993464704424021,0,0,0,1,baja,Revisar si pertenece a clase o fuente prioritaria,baja_cantidad_meses_observados,1,0,Auditoría espectral preliminar SRC15 2021,Alerta exploratoria; no constituye validación temática definitiva
10806,S2SR_SRC15_PAN_2021_000012305,SRC15_0010806,PAN_FCL_0043677,SRC15_PAN_2021__XY__0350b6bc515e,SRC15_PAN_2021__XYY__4fa53abf2f0a,SRC15_PAN_2021__XYC__115d4bbe8e72,-81.888211,8.596271,Panamá,PAN,MIAMBIENTE - Cultivos Mapa Panamá,15,2021,1,1,Bosque latifoliado mixto maduro,Bosque y vegetación natural,1,12,2021.0,2021.0,3,9,6,0.5,0.0,14.0,11.666666666666666,0.7939210684561946,0.7807348730713857,0.7265966197283618,0.8744317125688366,0.8039941692363525,0.7851044001450043,0.7492696511617324,0.877608456402321,0.5630786103240828,0.5727726705695819,0.5392028324803504,0.577260327922316,1,1,1,1,Bosque latifoliado mixto maduro,1,Bosque y vegetación natural,0,0,0,0,Panamá,PAN,MIAMBIENTE - Cultivos Mapa Panamá,15,2021,1,1,Bosque latifoliado mixto maduro,Bosque y vegetación natural,vegetacion_forestal_esperada,0,1,0,0,none,Senal compatible con bosque o plantacion forestal,0,0,False,False,False,0.6430119869024382,0.9528057309230518,0.43437644555877897,0.6993464704424021,0,0,0,1,baja,Revisar si pertenece a clase o fuente prioritaria,baja_cantidad_meses_observados,1,0,Auditoría espectral preliminar SRC15 2021,Alerta exploratoria; no constituye validación temática definitiva
10858,S2SR_SRC15_PAN_2021_000012411,SRC15_0010858,PAN_FCL_0043952,SRC15_PAN_2021__XY__00034e4ad497,SRC15_PAN_2021__XYY__e68a4cbfe9e2,SRC15_PAN_2021__XYC__40a718061c91,-81.883673,8.598542,Panamá,PAN,MIAMBIENTE - Cultivos Mapa Panamá,15,2021,1,1,Bosque latifoliado mixto maduro,Bosque y vegetación natural,1,12,2021.0,2021.0,1,11,4,0.3333333333333333,0.0,5.0,5.0,0.8366996736031731,0.8366996736031731,0.8366996736031731,0.8366996736031731,0.8427882733535801,0.8427882733535801,0.8427882733535801,0.8427882733535801,0.6020673913450205,0.6020673913450205,0.6020673913450205,0.6020673913450205,1,1,1,1,Bosque latifoliado mixto maduro,1,Bosque y vegetación natural,0,0,0,0,Panamá,PAN,MIAMBIENTE - Cultivos Mapa Panamá,15,2021,1,1,Bosque latifoliado mixto maduro,Bosque y vegetación natural,vegetacion_forestal_esperada,0,1,0,0,none,Senal compatible con bosque o plantacion forestal,0,0,False,False,False,0.6430119869024382,0.9528057309230518,0.43437644555877897,0.6993464704424021,0,0,0,1,baja,Revisar si pertenece a clase o fuente prioritaria,baja_cantidad_meses_observados,1,0,Auditoría espectral preliminar SRC15 2021,Alerta exploratoria; no constituye validación temática definitiva
10859,S2SR_SRC15_PAN_2021_000012517,SRC15_0010859,PAN_FCL_0043954,SRC15_PAN_2021__XY__e64567122c76,SRC15_PAN_2021__XYY__f6e513884847,SRC15_PAN_2021__XYC__682ec0a4f7cc,-81.879129,8.598552,Panamá,PAN,MIAMBIENTE - Cultivos Mapa Panamá,15,2021,1,1,Bosque latifoliado mixto maduro,Bosque y vegetación natural,1,12,2021.0,2021.0,2,10,4,0.3333333333333333,0.0,4.0,4.0,0.8168791159541593,0.8168791159541593,0.8075754319647486,0.82618279994357,0.8185570991506501,0.8185570991506501,0.8039663860958131,0.8331478122054871,0.6106180092252185,0.6106180092252185,0.6095505830787455,0.6116854353716915,1,1,1,1,Bosque latifoliado mixto maduro,1,Bosque y vegetación natural,0,0,0,0,Panamá,PAN,MIAMBIENTE - Cultivos Mapa Panamá,15,2021,1,1,Bosque latifoliado mixto maduro,Bosque y vegetación natural,vegetacion_forestal_esperada,0,1,0,0,none,Senal compatible con bosque o plantacion forestal,0,0,False,False,False,0.6430119869024382,0.9528057309230518,0.43437644555877897,0.6993464704424021,0,0,0,1,baja,Revisar si pertenece a clase o fuente prioritaria,baja_cantidad_meses_observados,1,0,Auditoría espectral preliminar SRC15 2021,Alerta exploratoria; no constituye validación temática definitiva
10943,S2SR_SRC15_PAN_2021_000012304,SRC15_0010943,PAN_FCL_0044223,SRC15_PAN_2021__XY__922026d5c5f2,SRC15_PAN_2021__XYY__da72d46697a8,SRC15_PAN_2021__XYC__70abac08ef04,-81.888221,8.600793,Panamá,PAN,MIAMBIENTE - Cultivos Mapa Panamá,15,2021,1,1,Bosque latifoliado mixto maduro,Bosque y vegetación natural,1,12,2021.0,2021.0,2,10,6,0.5,0.0,25.25,25.25,0.7851885115617172,0.7851885115617172,0.7787238154495919,0.7916532076738426,0.8062590097944231,0.8062590097944231,0.8054120419669796,0.8071059776218665,0.5407969265817176,0.5407969265817176,0.5405232992244552,0.5410705539389802,1,1,1,1,Bosque latifoliado mixto maduro,1,Bosque y vegetación natural,0,0,0,0,Panamá,PAN,MIAMBIENTE - Cultivos Mapa Panamá,15,2021,1,1,Bosque latifoliado mixto maduro,Bosque y vegetación natural,vegetacion_forestal_esperada,0,1,0,0,none,Senal compatible con bosque o plantacion forestal,0,0,False,False,False,0.6430119869024382,0.9528057309230518,0.43437644555877897,0.6993464704424021,0,0,0,1,baja,Revisar si pertenece a clase o fuente prioritaria,baja_cantidad_meses_observados,1,0,Auditoría espectral preliminar SRC15 2021,Alerta exploratoria; no constituye validación temática definitiva
10995,S2SR_SRC15_PAN_2021_000012410,SRC15_0010995,PAN_FCL_0044498,SRC15_PAN_2021__XY__c697a0b5a2f5,SRC15_PAN_2021__XYY__ce7dc09f2934,SRC15_PAN_2021__XYC__ace179fc3d4b,-81.883683,8.603064,Panamá,PAN,MIAMBIENTE - Cultivos Mapa Panamá,15,2021,1,1,Bosque latifoliado mixto maduro,Bosque y vegetación natural,1,12,2021.0,2021.0,2,10,6,0.5,0.0,16.25,16.25,0.7395547058041099,0.7395547058041099,0.7247953110946994,0.7543141005135203,0.7549841959141158,0.7549841959141158,0.738490394676937,0.7714779971512946,0.5553984088558866,0.5553984088558866,0.5159991349535022,0.594797682758271,1,1,1,1,Bosque latifoliado mixto maduro,1,Bosque y vegetación natural,0,0,0,0,Panamá,PAN,MIAMBIENTE - Cultivos Mapa Panamá,15,2021,1,1,Bosque latifoliado mixto maduro,Bosque y vegetación natural,vegetacion_forestal_esperada,0,1,0,0,none,Senal compatible con bosque o plantacion forestal,0,0,False,False,False,0.6430119869024382,0.9528057309230518,0.43437644555877897,0.6993464704424021,0,0,0,1,baja,Revisar si pertenece a clase o fuente prioritaria,baja_cantidad_meses_observados,1,0,Auditoría espectral preliminar SRC15 2021,Alerta exploratoria; no constituye validación temática definitiva
10996,S2SR_SRC15_PAN_2021_000012516,SRC15_0010996,PAN_FCL_0044500,SRC15_PAN_2021__XY__85fbb77c20d6,SRC15_PAN_2021__XYY__3b29cd85698b,SRC15_PAN_2021__XYC__963938bfa96d,-81.879139,8.603075,Panamá,PAN,MIAMBIENTE - Cultivos Mapa Panamá,15,2021,1,1,Bosque latifoliado mixto maduro,Bosque y vegetación natural,1,12,2021.0,2021.0,3,9,8,0.6666666666666666,0.0,9.0,11.666666666666666,0.7922478664949555,0.8035923810968438,0.7435973920824988,0.8295538263055238,0.8012341199757073,0.8131381765054877,0.7499026034089697,0.8406615800126643,0.5704248285663939,0.5817651322518114,0.5383199187319775,0.591189434715393,1,1,1,1,Bosque latifoliado mixto maduro,1,Bosque y vegetación natural,0,0,0,0,Panamá,PAN,MIAMBIENTE - Cultivos Mapa Panamá,15,2021,1,1,Bosque latifoliado mixto maduro,Bosque y vegetación natural,vegetacion_forestal_esperada,0,1,0,0,none,Senal compatible con bosque o plantacion forestal,0,0,False,False,False,0.6430119869024382,0.9528057309230518,0.43437644555877897,0.6993464704424021,0,0,0,1,baja,Revisar si pertenece a clase o fuente prioritaria,baja_cantidad_meses_observados,1,0,Auditoría espectral preliminar SRC15 2021,Alerta exploratoria; no constituye validación temática definitiva
11079,S2SR_SRC15_PAN_2021_000012197,SRC15_0011079,PAN_FCL_0044767,SRC15_PAN_2021__XY__48850da533f0,SRC15_PAN_2021__XYY__b8abb2daed64,SRC15_PAN_2021__XYC__a0593de3a2aa,-81.892776,8.605304,Panamá,PAN,MIAMBIENTE - Cultivos Mapa Panamá,15,2021,1,1,Bosque latifoliado mixto maduro,Bosque y vegetación natural,1,12,2021.0,2021.0,3,9,8,0.6666666666666666,0.0,9.0,17.0,0.756651987414713,0.8271386130568226,0.5819695241251658,0.8608478250621507,0.7715955666821851,0.8340202163540912,0.6096943332494296,0.8710721504430345,0.5462927463111438,0.5819869325103371,0.456950130127855,0.5999411762952394,1,1,1,1,Bosque latifoliado mixto maduro,1,Bosque y vegetación natural,0,0,0,0,Panamá,PAN,MIAMBIENTE - Cultivos Mapa Panamá,15,2021,1,1,Bosque latifoliado mixto maduro,Bosque y vegetación natural,vegetacion_forestal_esperada,0,1,0,0,none,Senal compatible con bosque o plantacion forestal,0,0,False,False,False,0.6430119869024382,0.9528057309230518,0.43437644555877897,0.6993464704424021,0,0,0,1,baja,Revisar si pertenece a clase o fuente prioritaria,baja_cantidad_meses_observados,1,0,Auditoría espectral preliminar SRC15 2021,Alerta exploratoria; no constituye validación temática definitiva
11080,S2SR_SRC15_PAN_2021_000012303,SRC15_0011080,PAN_FCL_0044769,SRC15_PAN_2021__XY__540c1ade14ed,SRC15_PAN_2021__XYY__12bccaad223a,SRC15_PAN_2021__XYC__f29df1524f4d,-81.888232,8.605315,Panamá,PAN,MIAMBIENTE - Cultivos Mapa Panamá,15,2021,1,1,Bosque latifoliado mixto maduro,Bosque y vegetación natural,1,12,2021.0,2021.0,2,10,4,0.3333333333333333,0.0,14.5,14.5,0.7971212466431792,0.7971212466431792,0.7638845760776457,0.8303579172087128,0.810197287889156,0.810197287889156,0.7801758974219268,0.8402186783563852,0.5365784729651835,0.5365784729651835,0.5272019933106338,0.5459549526197331,1,1,1,1,Bosque latifoliado mixto maduro,1,Bosque y vegetación natural,0,0,0,0,Panamá,PAN,MIAMBIENTE - Cultivos Mapa Panamá,15,2021,1,1,Bosque latifoliado mixto maduro,Bosque y vegetación natural,vegetacion_forestal_esperada,0,1,0,0,none,Senal compatible con bosque o plantacion forestal,0,0,False,False,False,0.6430119869024382,0.9528057309230518,0.43437644555877897,0.6993464704424021,0,0,0,1,baja,Revisar si pertenece a clase o fuente prioritaria,baja_cantidad_meses_observados,1,0,Auditoría espectral preliminar SRC15 2021,Alerta exploratoria; no constituye validación temática definitiva
11132,S2SR_SRC15_PAN_2021_000012409,SRC15_0011132,PAN_FCL_0045044,SRC15_PAN_2021__XY__eb93e5260c6f,SRC15_PAN_2021__XYY__4c50d951e9a0,SRC15_PAN_2021__XYC__30ce9e5de4d7,-81.883694,8.607586,Panamá,PAN,MIAMBIENTE - Cultivos Mapa Panamá,15,2021,1,1,Bosque latifoliado mixto maduro,Bosque y vegetación natural,1,12,2021.0,2021.0,3,9,8,0.6666666666666666,0.0,20.0,17.166666666666668,0.7557040543704389,0.7568607080864516,0.6647669821303539,0.8454844728945108,0.7745584759193522,0.7699682002453712,0.6931099086598091,0.8605973188528763,0.5633856322181152,0.5476999583863202,0.5317309338414482,0.6107260044265772,1,1,1,1,Bosque latifoliado mixto maduro,1,Bosque y vegetación natural,0,0,0,0,Panamá,PAN,MIAMBIENTE - Cultivos Mapa Panamá,15,2021,1,1,Bosque latifoliado mixto maduro,Bosque y vegetación natural,vegetacion_forestal_esperada,0,1,0,0,none,Senal compatible con bosque o plantacion forestal,0,0,False,False,False,0.6430119869024382,0.9528057309230518,0.43437644555877897,0.6993464704424021,0,0,0,1,baja,Revisar si pertenece a clase o fuente prioritaria,baja_cantidad_meses_observados,1,0,Auditoría espectral preliminar SRC15 2021,Alerta exploratoria; no constituye validación temática definitiva
11133,S2SR_SRC15_PAN_2021_000012515,SRC15_0011133,PAN_FCL_0045046,SRC15_PAN_2021__XY__80f9c2946602,SRC15_PAN_2021__XYY__f2dcf2bc22ea,SRC15_PAN_2021__XYC__4c25b490942c,-81.87915,8.607597,Panamá,PAN,MIAMBIENTE - Cultivos Mapa Panamá,15,2021,1,1,Bosque latifoliado mixto maduro,Bosque y vegetación natural,1,12,2021.0,2021.0,2,10,4,0.3333333333333333,0.0,16.5,16.5,0.6280270804663108,0.6280270804663108,0.6041530507146451,0.6519011102179766,0.6593710165052226,0.6593710165052226,0.6553686492488418,0.6633733837616034,0.486484283205988,0.486484283205988,0.4737052714836026,0.4992632949283735,1,1,1,1,Bosque latifoliado mixto maduro,1,Bosque y vegetación natural,0,0,0,0,Panamá,PAN,MIAMBIENTE - Cultivos Mapa Panamá,15,2021,1,1,Bosque latifoliado mixto maduro,Bosque y vegetación natural,vegetacion_forestal_esperada,0,1,0,0,none,Senal compatible con bosque o plantacion forestal,0,0,False,True,False,0.6430119869024382,0.9528057309230518,0.43437644555877897,0.6993464704424021,1,0,0,2,media,Revisar en control de calidad temático/espectral,rareza_espectral_por_clase_anio,1,1,Auditoría espectral preliminar SRC15 2021,Alerta exploratoria; no constituye validación temática definitiva
11217,S2SR_SRC15_PAN_2021_000012302,SRC15_0011217,PAN_FCL_0045315,SRC15_PAN_2021__XY__b48a29af5022,SRC15_PAN_2021__XYY__52214e5176bb,SRC15_PAN_2021__XYC__1a0a3351e976,-81.888243,8.609837,Panamá,PAN,MIAMBIENTE - Cultivos Mapa Panamá,15,2021,1,1,Bosque latifoliado mixto maduro,Bosque y vegetación natural,1,12,2021.0,2021.0,3,9,8,0.6666666666666666,0.0,11.0,16.666666666666668,0.6905443340188878,0.7294756167517895,0.5380675838460705,0.8040898014588035,0.7101692434718788,0.7508176196339387,0.5629218394824269,0.816768271299271,0.49359679380675936,0.4966085121933837,0.4222218247169439,0.5619600445099504,1,1,1,1,Bosque latifoliado mixto maduro,1,Bosque y vegetación natural,0,0,0,0,Panamá,PAN,MIAMBIENTE - Cultivos Mapa Panamá,15,2021,1,1,Bosque latifoliado mixto maduro,Bosque y vegetación natural,vegetacion_forestal_esperada,0,1,0,0,none,Senal compatible con bosque o plantacion forestal,0,0,False,False,False,0.6430119869024382,0.9528057309230518,0.43437644555877897,0.6993464704424021,0,0,0,1,baja,Revisar si pertenece a clase o fuente prioritaria,baja_cantidad_meses_observados,1,0,Auditoría espectral preliminar SRC15 2021,Alerta exploratoria; no constituye validación temática definitiva
11266,S2SR_SRC15_PAN_2021_000010469,SRC15_0011266,PAN_FCL_0045552,SRC15_PAN_2021__XY__31ced04b68be,SRC15_PAN_2021__XYY__7e6aeb6a0fcf,SRC15_PAN_2021__XYC__f0db8159a207,-81.970034,8.6119,Panamá,PAN,MIAMBIENTE - Cultivos Mapa Panamá,15,2021,1,1,Bosque latifoliado mixto maduro,Bosque y vegetación natural,1,12,2021.0,2021.0,3,9,4,0.3333333333333333,0.0,6.0,11.666666666666666,0.7908777564672885,0.8036923076923078,0.7523085785182559,0.8166323831913018,0.8058674686522339,0.8188014768531668,0.7609630912656971,0.8378378378378378,0.5399060658328322,0.5380600260983036,0.5314282028695706,0.5502299685306221,1,1,1,1,Bosque latifoliado mixto maduro,1,Bosque y vegetación natural,0,0,0,0,Panamá,PAN,MIAMBIENTE - Cultivos Mapa Panamá,15,2021,1,1,Bosque latifoliado mixto maduro,Bosque y vegetación natural,vegetacion_forestal_esperada,0,1,0,0,none,Senal compatible con bosque o plantacion forestal,0,0,False,False,False,0.6430119869024382,0.9528057309230518,0.43437644555877897,0.6993464704424021,0,0,0,1,baja,Revisar si pertenece a clase o fuente prioritaria,baja_cantidad_meses_observados,1,0,Auditoría espectral preliminar SRC15 2021,Alerta exploratoria; no constituye validación temática definitiva
11268,S2SR_SRC15_PAN_2021_000012408,SRC15_0011268,PAN_FCL_0045590,SRC15_PAN_2021__XY__49816edba568,SRC15_PAN_2021__XYY__8c737b934e5c,SRC15_PAN_2021__XYC__6ca8023262b1,-81.883704,8.612108,Panamá,PAN,MIAMBIENTE - Cultivos Mapa Panamá,15,2021,1,1,Bosque latifoliado mixto maduro,Bosque y vegetación natural,1,12,2021.0,2021.0,3,9,8,0.6666666666666666,0.0,10.0,19.166666666666668,0.7662144571993305,0.7881022615535891,0.6918579824723856,0.8186831275720164,0.7693133607146212,0.7992855966837948,0.6711805219568564,0.8374739635032126,0.5407797180068011,0.5505429385707585,0.4885594835774796,0.5832367318721654,1,1,1,1,Bosque latifoliado mixto maduro,1,Bosque y vegetación natural,0,0,0,0,Panamá,PAN,MIAMBIENTE - Cultivos Mapa Panamá,15,2021,1,1,Bosque latifoliado mixto maduro,Bosque y vegetación natural,vegetacion_forestal_esperada,0,1,0,0,none,Senal compatible con bosque o plantacion forestal,0,0,False,False,False,0.6430119869024382,0.9528057309230518,0.43437644555877897,0.6993464704424021,0,0,0,1,baja,Revisar si pertenece a clase o fuente prioritaria,baja_cantidad_meses_observados,1,0,Auditoría espectral preliminar SRC15 2021,Alerta exploratoria; no constituye validación temática definitiva
11269,S2SR_SRC15_PAN_2021_000012514,SRC15_0011269,PAN_FCL_0045592,SRC15_PAN_2021__XY__ab20cdf55269,SRC15_PAN_2021__XYY__0cf770b16ff4,SRC15_PAN_2021__XYC__2198905e1e22,-81.87916,8.612119,Panamá,PAN,MIAMBIENTE - Cultivos Mapa Panamá,15,2021,1,1,Bosque latifoliado mixto maduro,Bosque y vegetación natural,1,12,2021.0,2021.0,0,12,0,0.0,0.0,,,,,,,,,,,,,,,1,1,1,1,Bosque latifoliado mixto maduro,1,Bosque y vegetación natural,0,0,0,0,Panamá,PAN,MIAMBIENTE - Cultivos Mapa Panamá,15,2021,1,1,Bosque latifoliado mixto maduro,Bosque y vegetación natural,vegetacion_forestal_esperada,1,0,1,0,none,Sin NDVI/NDRE anual disponible,0,0,False,False,False,0.6430119869024382,0.9528057309230518,0.43437644555877897,0.6993464704424021,0,0,0,2,alta_sin_datos,Revisar disponibilidad satelital o excluir de análisis espectral,sin_datos_espectrales,1,1,Auditoría espectral preliminar SRC15 2021,Alerta exploratoria; no constituye validación temática definitiva
11350,S2SR_SRC15_PAN_2021_000011988,SRC15_0011350,PAN_FCL_0045855,SRC15_PAN_2021__XY__b9302e326e6a,SRC15_PAN_2021__XYY__b9c89fdbd21f,SRC15_PAN_2021__XYC__4c740a77c4b1,-81.901884,8.614327,Panamá,PAN,MIAMBIENTE - Cultivos Mapa Panamá,15,2021,1,1,Bosque latifoliado mixto maduro,Bosque y vegetación natural,1,12,2021.0,2021.0,3,9,6,0.5,0.0,2.0,1.6666666666666667,0.8242464682004108,0.8184999501644573,0.7917305066207239,0.8625089478160513,0.8413482529298907,0.835922358563868,0.8108438712598094,0.8772785289659943,0.5824703941894288,0.563296244570048,0.5463925513430463,0.637722386655192,1,1,1,1,Bosque latifoliado mixto maduro,1,Bosque y vegetación natural,0,0,0,0,Panamá,PAN,MIAMBIENTE - Cultivos Mapa Panamá,15,2021,1,1,Bosque latifoliado mixto maduro,Bosque y vegetación natural,vegetacion_forestal_esperada,0,1,0,0,none,Senal compatible con bosque o plantacion forestal,0,0,False,False,False,0.6430119869024382,0.9528057309230518,0.43437644555877897,0.6993464704424021,0,0,0,1,baja,Revisar si pertenece a clase o fuente prioritaria,baja_cantidad_meses_observados,1,0,Auditoría espectral preliminar SRC15 2021,Alerta exploratoria; no constituye validación temática definitiva
11405,S2SR_SRC15_PAN_2021_000012407,SRC15_0011405,PAN_FCL_0046136,SRC15_PAN_2021__XY__0251ac9f2e52,SRC15_PAN_2021__XYY__75666fc87a65,SRC15_PAN_2021__XYC__c73dd28d159e,-81.883715,8.61663,Panamá,PAN,MIAMBIENTE - Cultivos Mapa Panamá,15,2021,1,1,Bosque latifoliado mixto maduro,Bosque y vegetación natural,1,12,2021.0,2021.0,3,9,6,0.5,0.0,8.0,7.666666666666667,0.7633920332998323,0.80701564881931,0.6288351861383773,0.8543252649418096,0.7756930083609584,0.8258328048895665,0.6422496247564909,0.8589965954368177,0.5401146249328427,0.5739658952882608,0.4415807103837296,0.6047972691265375,1,1,1,1,Bosque latifoliado mixto maduro,1,Bosque y vegetación natural,0,0,0,0,Panamá,PAN,MIAMBIENTE - Cultivos Mapa Panamá,15,2021,1,1,Bosque latifoliado mixto maduro,Bosque y vegetación natural,vegetacion_forestal_esperada,0,1,0,0,none,Senal compatible con bosque o plantacion forestal,0,0,False,False,False,0.6430119869024382,0.9528057309230518,0.43437644555877897,0.6993464704424021,0,0,0,1,baja,Revisar si pertenece a clase o fuente prioritaria,baja_cantidad_meses_observados,1,0,Auditoría espectral preliminar SRC15 2021,Alerta exploratoria; no constituye validación temática definitiva
11406,S2SR_SRC15_PAN_2021_000012513,SRC15_0011406,PAN_FCL_0046138,SRC15_PAN_2021__XY__a2609c5d201e,SRC15_PAN_2021__XYY__b8f9c7bc5d43,SRC15_PAN_2021__XYC__f39996dcc9e5,-81.879171,8.616641,Panamá,PAN,MIAMBIENTE - Cultivos Mapa Panamá,15,2021,1,1,Bosque latifoliado mixto maduro,Bosque y vegetación natural,1,12,2021.0,2021.0,3,9,6,0.5,0.0,23.0,29.166666666666668,0.6478150865067046,0.6829238253158549,0.5250042766566089,0.7355171575476502,0.66665636720566,0.7027990419214389,0.5453285071926135,0.7518415525029276,0.5019570448255167,0.518969414343323,0.4055981979903695,0.5813035221428577,1,1,1,1,Bosque latifoliado mixto maduro,1,Bosque y vegetación natural,0,0,0,0,Panamá,PAN,MIAMBIENTE - Cultivos Mapa Panamá,15,2021,1,1,Bosque latifoliado mixto maduro,Bosque y vegetación natural,vegetacion_forestal_esperada,0,1,0,0,none,Senal compatible con bosque o plantacion forestal,0,0,False,False,False,0.6430119869024382,0.9528057309230518,0.43437644555877897,0.6993464704424021,0,0,0,1,baja,Revisar si pertenece a clase o fuente prioritaria,baja_cantidad_meses_observados,1,0,Auditoría espectral preliminar SRC15 2021,Alerta exploratoria; no constituye validación temática definitiva
11490,S2SR_SRC15_PAN_2021_000012300,SRC15_0011490,PAN_FCL_0046407,SRC15_PAN_2021__XY__a8f9fe172808,SRC15_PAN_2021__XYY__1068d2054409,SRC15_PAN_2021__XYC__6a41e79818ac,-81.888264,8.618881,Panamá,PAN,MIAMBIENTE - Cultivos Mapa Panamá,15,2021,1,1,Bosque latifoliado mixto maduro,Bosque y vegetación natural,1,12,2021.0,2021.0,3,9,6,0.5,0.0,2.0,3.6666666666666665,0.8790819436045408,0.8882062534580246,0.8581723185551462,0.8908672588004514,0.887220982737877,0.8985018600687253,0.855390590596248,0.9077704975486578,0.6511387247083279,0.6499494996551531,0.6444847736301615,0.6589819008396691,1,1,1,1,Bosque latifoliado mixto maduro,1,Bosque y vegetación natural,0,0,0,0,Panamá,PAN,MIAMBIENTE - Cultivos Mapa Panamá,15,2021,1,1,Bosque latifoliado mixto maduro,Bosque y vegetación natural,vegetacion_forestal_esperada,0,1,0,0,none,Senal compatible con bosque o plantacion forestal,0,0,False,False,False,0.6430119869024382,0.9528057309230518,0.43437644555877897,0.6993464704424021,0,0,0,1,baja,Revisar si pertenece a clase o fuente prioritaria,baja_cantidad_meses_observados,1,0,Auditoría espectral preliminar SRC15 2021,Alerta exploratoria; no constituye validación temática definitiva
11542,S2SR_SRC15_PAN_2021_000012406,SRC15_0011542,PAN_FCL_0046682,SRC15_PAN_2021__XY__a5c203098930,SRC15_PAN_2021__XYY__1f0b111b73d6,SRC15_PAN_2021__XYC__401aade0e086,-81.883725,8.621153,Panamá,PAN,MIAMBIENTE - Cultivos Mapa Panamá,15,2021,1,1,Bosque latifoliado mixto maduro,Bosque y vegetación natural,1,12,2021.0,2021.0,3,9,6,0.5,0.0,33.0,26.166666666666668,0.6415492379021449,0.641518866410559,0.5605749213688154,0.7225539259270601,0.6685105517509876,0.6676987996523197,0.5859337425043851,0.7518991130962582,0.4887277321294559,0.50121771024889,0.4366725204672956,0.5282929656721821,1,1,1,1,Bosque latifoliado mixto maduro,1,Bosque y vegetación natural,0,0,0,0,Panamá,PAN,MIAMBIENTE - Cultivos Mapa Panamá,15,2021,1,1,Bosque latifoliado mixto maduro,Bosque y vegetación natural,vegetacion_forestal_esperada,0,1,0,0,none,Senal compatible con bosque o plantacion forestal,0,0,False,True,False,0.6430119869024382,0.9528057309230518,0.43437644555877897,0.6993464704424021,1,0,0,2,media,Revisar en control de calidad temático/espectral,rareza_espectral_por_clase_anio,1,1,Auditoría espectral preliminar SRC15 2021,Alerta exploratoria; no constituye validación temática definitiva
11543,S2SR_SRC15_PAN_2021_000012512,SRC15_0011543,PAN_FCL_0046684,SRC15_PAN_2021__XY__0f38525222e8,SRC15_PAN_2021__XYY__1faadae66454,SRC15_PAN_2021__XYC__6aa297c3a375,-81.879181,8.621163,Panamá,PAN,MIAMBIENTE - Cultivos Mapa Panamá,15,2021,1,1,Bosque latifoliado mixto maduro,Bosque y vegetación natural,1,12,2021.0,2021.0,3,9,6,0.5,0.0,5.0,12.0,0.7653876964016795,0.7824991235530094,0.6453012754333892,0.8683626902186398,0.7809579083416031,0.79566367324076,0.6598621005884779,0.8873479511955711,0.5692464107584295,0.5836974672791866,0.4873501834331923,0.6366915815629095,1,1,1,1,Bosque latifoliado mixto maduro,1,Bosque y vegetación natural,0,0,0,0,Panamá,PAN,MIAMBIENTE - Cultivos Mapa Panamá,15,2021,1,1,Bosque latifoliado mixto maduro,Bosque y vegetación natural,vegetacion_forestal_esperada,0,1,0,0,none,Senal compatible con bosque o plantacion forestal,0,0,False,False,False,0.6430119869024382,0.9528057309230518,0.43437644555877897,0.6993464704424021,0,0,0,1,baja,Revisar si pertenece a clase o fuente prioritaria,baja_cantidad_meses_observados,1,0,Auditoría espectral preliminar SRC15 2021,Alerta exploratoria; no constituye validación temática definitiva
11596,S2SR_SRC15_PAN_2021_000008182,SRC15_0011596,PAN_FCL_0046869,SRC15_PAN_2021__XY__c6574be55151,SRC15_PAN_2021__XYY__42067263871e,SRC15_PAN_2021__XYC__7769c9363559,-82.079111,8.622914,Panamá,PAN,MIAMBIENTE - Cultivos Mapa Panamá,15,2021,1,1,Bosque latifoliado mixto maduro,Bosque y vegetación natural,1,12,2021.0,2021.0,3,9,8,0.6666666666666666,0.0,10.0,9.166666666666666,0.838283655498544,0.8466650842629955,0.7962623457929712,0.8719235364396655,0.8478839260476914,0.8577719066490533,0.8053094615118458,0.8805704099821747,0.5990582571977959,0.610612712349685,0.551536875206508,0.635025184037195,1,1,1,1,Bosque latifoliado mixto maduro,1,Bosque y vegetación natural,0,0,0,0,Panamá,PAN,MIAMBIENTE - Cultivos Mapa Panamá,15,2021,1,1,Bosque latifoliado mixto maduro,Bosque y vegetación natural,vegetacion_forestal_esperada,0,1,0,0,none,Senal compatible con bosque o plantacion forestal,0,0,False,False,False,0.6430119869024382,0.9528057309230518,0.43437644555877897,0.6993464704424021,0,0,0,1,baja,Revisar si pertenece a clase o fuente prioritaria,baja_cantidad_meses_observados,1,0,Auditoría espectral preliminar SRC15 2021,Alerta exploratoria; no constituye validación temática definitiva
11626,S2SR_SRC15_PAN_2021_000012193,SRC15_0011626,PAN_FCL_0046951,SRC15_PAN_2021__XY__cdc297033c21,SRC15_PAN_2021__XYY__c4a6192d5d15,SRC15_PAN_2021__XYC__eec1f8a8e785,-81.892818,8.623393,Panamá,PAN,MIAMBIENTE - Cultivos Mapa Panamá,15,2021,1,1,Bosque latifoliado mixto maduro,Bosque y vegetación natural,1,12,2021.0,2021.0,3,9,8,0.6666666666666666,0.0,12.5,15.5,0.7868301955152807,0.8226304635731849,0.6433932865353302,0.8944668364373269,0.7966234972128149,0.8405314418905288,0.6554708496778179,0.8938682000700979,0.5737905217097906,0.5824009817656577,0.4851207016414391,0.6538498817222749,1,1,1,1,Bosque latifoliado mixto maduro,1,Bosque y vegetación natural,0,0,0,0,Panamá,PAN,MIAMBIENTE - Cultivos Mapa Panamá,15,2021,1,1,Bosque latifoliado mixto maduro,Bosque y vegetación natural,vegetacion_forestal_esperada,0,1,0,0,none,Senal compatible con bosque o plantacion forestal,0,0,False,False,False,0.6430119869024382,0.9528057309230518,0.43437644555877897,0.6993464704424021,0,0,0,1,baja,Revisar si pertenece a clase o fuente prioritaria,baja_cantidad_meses_observados,1,0,Auditoría espectral preliminar SRC15 2021,Alerta exploratoria; no constituye validación temática definitiva
11627,S2SR_SRC15_PAN_2021_000012299,SRC15_0011627,PAN_FCL_0046953,SRC15_PAN_2021__XY__eaa7cfeb17e1,SRC15_PAN_2021__XYY__a90d17dc1330,SRC15_PAN_2021__XYC__ec1791d84557,-81.888274,8.623403,Panamá,PAN,MIAMBIENTE - Cultivos Mapa Panamá,15,2021,1,1,Bosque latifoliado mixto maduro,Bosque y vegetación natural,1,12,2021.0,2021.0,3,9,6,0.5,0.0,1.0,8.0,0.7935535353376516,0.8532886302408207,0.6453997467923887,0.8819722289797454,0.8049274553387878,0.857826912414523,0.6639550093119646,0.8930004442898762,0.5673945049445673,0.5630411676339283,0.4880291284993459,0.6511132187004279,1,1,1,1,Bosque latifoliado mixto maduro,1,Bosque y vegetación natural,0,0,0,0,Panamá,PAN,MIAMBIENTE - Cultivos Mapa Panamá,15,2021,1,1,Bosque latifoliado mixto maduro,Bosque y vegetación natural,vegetacion_forestal_esperada,0,1,0,0,none,Senal compatible con bosque o plantacion forestal,0,0,False,False,False,0.6430119869024382,0.9528057309230518,0.43437644555877897,0.6993464704424021,0,0,0,1,baja,Revisar si pertenece a clase o fuente prioritaria,baja_cantidad_meses_observados,1,0,Auditoría espectral preliminar SRC15 2021,Alerta exploratoria; no constituye validación temática definitiva
11668,S2SR_SRC15_PAN_2021_000008275,SRC15_0011668,PAN_FCL_0047144,SRC15_PAN_2021__XY__b9a37a411b32,SRC15_PAN_2021__XYY__1aefef422070,SRC15_PAN_2021__XYC__644296f2d6fd,-82.074574,8.625188,Panamá,PAN,MIAMBIENTE - Cultivos Mapa Panamá,15,2021,1,1,Bosque latifoliado mixto maduro,Bosque y vegetación natural,1,12,2021.0,2021.0,2,10,4,0.3333333333333333,0.0,12.0,12.0,0.7278131763026584,0.7278131763026584,0.7266648652215186,0.7289614873837982,0.7305820112382054,0.7305820112382054,0.7189760161797358,0.742188006296675,0.5009965299721276,0.5009965299721276,0.4867330666399365,0.5152599933043187,1,1,1,1,Bosque latifoliado mixto maduro,1,Bosque y vegetación natural,0,0,0,0,Panamá,PAN,MIAMBIENTE - Cultivos Mapa Panamá,15,2021,1,1,Bosque latifoliado mixto maduro,Bosque y vegetación natural,vegetacion_forestal_esperada,0,1,0,0,none,Senal compatible con bosque o plantacion forestal,0,0,False,False,False,0.6430119869024382,0.9528057309230518,0.43437644555877897,0.6993464704424021,0,0,0,1,baja,Revisar si pertenece a clase o fuente prioritaria,baja_cantidad_meses_observados,1,0,Auditoría espectral preliminar SRC15 2021,Alerta exploratoria; no constituye validación temática definitiva
11679,S2SR_SRC15_PAN_2021_000012405,SRC15_0011679,PAN_FCL_0047228,SRC15_PAN_2021__XY__f70b4fef8c43,SRC15_PAN_2021__XYY__211c3965a9ec,SRC15_PAN_2021__XYC__4829d135a662,-81.883736,8.625675,Panamá,PAN,MIAMBIENTE - Cultivos Mapa Panamá,15,2021,1,1,Bosque latifoliado mixto maduro,Bosque y vegetación natural,1,12,2021.0,2021.0,2,10,4,0.3333333333333333,0.0,34.25,34.25,0.6260900329273604,0.6260900329273604,0.5569407592939628,0.695239306560758,0.6364608173660774,0.6364608173660774,0.5616449368623282,0.7112766978698266,0.48869490237727076,0.48869490237727076,0.4289268840024642,0.5484629207520774,1,1,1,1,Bosque latifoliado mixto maduro,1,Bosque y vegetación natural,0,0,0,0,Panamá,PAN,MIAMBIENTE - Cultivos Mapa Panamá,15,2021,1,1,Bosque latifoliado mixto maduro,Bosque y vegetación natural,vegetacion_forestal_esperada,0,1,0,0,none,Senal compatible con bosque o plantacion forestal,0,0,False,True,False,0.6430119869024382,0.9528057309230518,0.43437644555877897,0.6993464704424021,1,0,0,2,media,Revisar en control de calidad temático/espectral,rareza_espectral_por_clase_anio,1,1,Auditoría espectral preliminar SRC15 2021,Alerta exploratoria; no constituye validación temática definitiva
11680,S2SR_SRC15_PAN_2021_000012511,SRC15_0011680,PAN_FCL_0047230,SRC15_PAN_2021__XY__244d45c86e04,SRC15_PAN_2021__XYY__a3ba2b1f5324,SRC15_PAN_2021__XYC__5cf59ac1a601,-81.879192,8.625685,Panamá,PAN,MIAMBIENTE - Cultivos Mapa Panamá,15,2021,1,1,Bosque latifoliado mixto maduro,Bosque y vegetación natural,1,12,2021.0,2021.0,2,10,4,0.3333333333333333,0.0,11.5,11.5,0.7747015806438338,0.7747015806438338,0.6723862480930186,0.877016913194649,0.7868666683292707,0.7868666683292707,0.691418487429445,0.8823148492290962,0.5774049432566495,0.5774049432566495,0.5106501822395888,0.6441597042737102,1,1,1,1,Bosque latifoliado mixto maduro,1,Bosque y vegetación natural,0,0,0,0,Panamá,PAN,MIAMBIENTE - Cultivos Mapa Panamá,15,2021,1,1,Bosque latifoliado mixto maduro,Bosque y vegetación natural,vegetacion_forestal_esperada,0,1,0,0,none,Senal compatible con bosque o plantacion forestal,0,0,False,False,False,0.6430119869024382,0.9528057309230518,0.43437644555877897,0.6993464704424021,0,0,0,1,baja,Revisar si pertenece a clase o fuente prioritaria,baja_cantidad_meses_observados,1,0,Auditoría espectral preliminar SRC15 2021,Alerta exploratoria; no constituye validación temática definitiva
11729,S2SR_SRC15_PAN_2021_000007625,SRC15_0011729,PAN_FCL_0047403,SRC15_PAN_2021__XY__76c072a6166e,SRC15_PAN_2021__XYY__84fc778e141d,SRC15_PAN_2021__XYC__3a80c7f02261,-82.106385,8.627358,Panamá,PAN,MIAMBIENTE - Cultivos Mapa Panamá,15,2021,1,1,Bosque latifoliado mixto maduro,Bosque y vegetación natural,1,12,2021.0,2021.0,3,9,5,0.4166666666666667,0.0,8.0,14.833333333333334,0.7780042027212071,0.8268828451882845,0.6782354137151457,0.828894349260191,0.7819908500251168,0.8165976152722769,0.6940925262437303,0.835282408559343,0.5727688255015551,0.5911358760208929,0.504645303519408,0.6225252969643643,1,1,1,1,Bosque latifoliado mixto maduro,1,Bosque y vegetación natural,0,0,0,0,Panamá,PAN,MIAMBIENTE - Cultivos Mapa Panamá,15,2021,1,1,Bosque latifoliado mixto maduro,Bosque y vegetación natural,vegetacion_forestal_esperada,0,1,0,0,none,Senal compatible con bosque o plantacion forestal,0,0,False,False,False,0.6430119869024382,0.9528057309230518,0.43437644555877897,0.6993464704424021,0,0,0,1,baja,Revisar si pertenece a clase o fuente prioritaria,baja_cantidad_meses_observados,1,0,Auditoría espectral preliminar SRC15 2021,Alerta exploratoria; no constituye validación temática definitiva
11730,S2SR_SRC15_PAN_2021_000007811,SRC15_0011730,PAN_FCL_0047407,SRC15_PAN_2021__XY__e858a2c19b17,SRC15_PAN_2021__XYY__02f048351437,SRC15_PAN_2021__XYC__3a99f223da87,-82.097298,8.627384,Panamá,PAN,MIAMBIENTE - Cultivos Mapa Panamá,15,2021,1,1,Bosque latifoliado mixto maduro,Bosque y vegetación natural,1,12,2021.0,2021.0,3,9,3,0.25,0.0,4.0,4.666666666666667,0.8085976708924664,0.7958020212490283,0.7688524590163934,0.8611385324119776,0.8188299865982381,0.8108043217286915,0.7819025522041764,0.8637830858618463,0.5749221917083205,0.5945031712473573,0.5228023793787178,0.6074610244988864,1,1,1,1,Bosque latifoliado mixto maduro,1,Bosque y vegetación natural,0,0,0,0,Panamá,PAN,MIAMBIENTE - Cultivos Mapa Panamá,15,2021,1,1,Bosque latifoliado mixto maduro,Bosque y vegetación natural,vegetacion_forestal_esperada,0,1,1,0,none,Senal compatible con bosque o plantacion forestal,0,0,False,False,False,0.6430119869024382,0.9528057309230518,0.43437644555877897,0.6993464704424021,0,0,0,2,media,Revisar en control de calidad temático/espectral,baja_cantidad_meses_observados,1,1,Auditoría espectral preliminar SRC15 2021,Alerta exploratoria; no constituye validación temática definitiva
11731,S2SR_SRC15_PAN_2021_000007996,SRC15_0011731,PAN_FCL_0047411,SRC15_PAN_2021__XY__ea44b8f17636,SRC15_PAN_2021__XYY__546083ac26d7,SRC15_PAN_2021__XYC__96b4bba179f3,-82.088211,8.62741,Panamá,PAN,MIAMBIENTE - Cultivos Mapa Panamá,15,2021,1,1,Bosque latifoliado mixto maduro,Bosque y vegetación natural,1,12,2021.0,2021.0,3,9,6,0.5,0.0,11.0,10.333333333333334,0.8174386511659556,0.8141879726323371,0.8027828191167574,0.8353451617487726,0.8257925244558258,0.8206153311315836,0.8103548574752764,0.8464073847606175,0.5897523780691762,0.5993281417010231,0.5572977481234362,0.6126312443830693,1,1,1,1,Bosque latifoliado mixto maduro,1,Bosque y vegetación natural,0,0,0,0,Panamá,PAN,MIAMBIENTE - Cultivos Mapa Panamá,15,2021,1,1,Bosque latifoliado mixto maduro,Bosque y vegetación natural,vegetacion_forestal_esperada,0,1,0,0,none,Senal compatible con bosque o plantacion forestal,0,0,False,False,False,0.6430119869024382,0.9528057309230518,0.43437644555877897,0.6993464704424021,0,0,0,1,baja,Revisar si pertenece a clase o fuente prioritaria,baja_cantidad_meses_observados,1,0,Auditoría espectral preliminar SRC15 2021,Alerta exploratoria; no constituye validación temática definitiva
11732,S2SR_SRC15_PAN_2021_000008088,SRC15_0011732,PAN_FCL_0047413,SRC15_PAN_2021__XY__b993a5cb80ef,SRC15_PAN_2021__XYY__2a50255d9f49,SRC15_PAN_2021__XYC__acb012347c07,-82.083667,8.627423,Panamá,PAN,MIAMBIENTE - Cultivos Mapa Panamá,15,2021,1,1,Bosque latifoliado mixto maduro,Bosque y vegetación natural,1,12,2021.0,2021.0,3,9,6,0.5,0.0,15.5,16.166666666666668,0.7431262905819166,0.7748501995201252,0.6667330711562272,0.7877956010693976,0.7653772305222128,0.7858986099512804,0.7018277193381911,0.8084053622771672,0.5366773331654462,0.5318837314105453,0.5145410459679995,0.5636072221177937,1,1,1,1,Bosque latifoliado mixto maduro,1,Bosque y vegetación natural,0,0,0,0,Panamá,PAN,MIAMBIENTE - Cultivos Mapa Panamá,15,2021,1,1,Bosque latifoliado mixto maduro,Bosque y vegetación natural,vegetacion_forestal_esperada,0,1,0,0,none,Senal compatible con bosque o plantacion forestal,0,0,False,False,False,0.6430119869024382,0.9528057309230518,0.43437644555877897,0.6993464704424021,0,0,0,1,baja,Revisar si pertenece a clase o fuente prioritaria,baja_cantidad_meses_observados,1,0,Auditoría espectral preliminar SRC15 2021,Alerta exploratoria; no constituye validación temática definitiva
11733,S2SR_SRC15_PAN_2021_000008181,SRC15_0011733,PAN_FCL_0047415,SRC15_PAN_2021__XY__4822e9a56456,SRC15_PAN_2021__XYY__0a291cc7878f,SRC15_PAN_2021__XYC__bc1974db0497,-82.079124,8.627436,Panamá,PAN,MIAMBIENTE - Cultivos Mapa Panamá,15,2021,1,1,Bosque latifoliado mixto maduro,Bosque y vegetación natural,1,12,2021.0,2021.0,3,9,3,0.25,0.0,7.0,11.0,0.7819636659319457,0.8078272604588393,0.6765449115552492,0.8615188257817485,0.7948162999708291,0.813221406086044,0.7099299546765554,0.8612975391498882,0.5506707668368551,0.5312361541869739,0.5145985401459854,0.6061776061776061,1,1,1,1,Bosque latifoliado mixto maduro,1,Bosque y vegetación natural,0,0,0,0,Panamá,PAN,MIAMBIENTE - Cultivos Mapa Panamá,15,2021,1,1,Bosque latifoliado mixto maduro,Bosque y vegetación natural,vegetacion_forestal_esperada,0,1,1,0,none,Senal compatible con bosque o plantacion forestal,0,0,False,False,False,0.6430119869024382,0.9528057309230518,0.43437644555877897,0.6993464704424021,0,0,0,2,media,Revisar en control de calidad temático/espectral,baja_cantidad_meses_observados,1,1,Auditoría espectral preliminar SRC15 2021,Alerta exploratoria; no constituye validación temática definitiva
11734,S2SR_SRC15_PAN_2021_000008367,SRC15_0011734,PAN_FCL_0047419,SRC15_PAN_2021__XY__6a1aebbc709d,SRC15_PAN_2021__XYY__90ad135c9b78,SRC15_PAN_2021__XYC__87de36c6945f,-82.070036,8.627461,Panamá,PAN,MIAMBIENTE - Cultivos Mapa Panamá,15,2021,1,1,Bosque latifoliado mixto maduro,Bosque y vegetación natural,1,12,2021.0,2021.0,2,10,2,0.16666666666666666,0.0,2.5,2.5,0.854676864999262,0.854676864999262,0.8390913393279699,0.870262390670554,0.8613236858932808,0.8613236858932808,0.8446069469835468,0.8780404248030148,0.5844256028674486,0.5844256028674486,0.5564982645584265,0.6123529411764705,1,1,1,1,Bosque latifoliado mixto maduro,1,Bosque y vegetación natural,0,0,0,0,Panamá,PAN,MIAMBIENTE - Cultivos Mapa Panamá,15,2021,1,1,Bosque latifoliado mixto maduro,Bosque y vegetación natural,vegetacion_forestal_esperada,0,1,1,0,none,Senal compatible con bosque o plantacion forestal,0,0,False,False,False,0.6430119869024382,0.9528057309230518,0.43437644555877897,0.6993464704424021,0,0,0,2,media,Revisar en control de calidad temático/espectral,baja_cantidad_meses_observados,1,1,Auditoría espectral preliminar SRC15 2021,Alerta exploratoria; no constituye validación temática definitiva
11759,S2SR_SRC15_PAN_2021_000011777,SRC15_0011759,PAN_FCL_0047489,SRC15_PAN_2021__XY__85ba08c1fb3c,SRC15_PAN_2021__XYY__22973874b789,SRC15_PAN_2021__XYC__dc80675e3520,-81.911004,8.627872,Panamá,PAN,MIAMBIENTE - Cultivos Mapa Panamá,15,2021,1,1,Bosque latifoliado mixto maduro,Bosque y vegetación natural,1,12,2021.0,2021.0,3,9,5,0.4166666666666667,0.0,12.0,15.0,0.847026680936032,0.8167478543261425,0.8160753077480086,0.9082568807339448,0.8498228207304125,0.8249889233495792,0.8089746803710202,0.915504858470638,0.6223683214273685,0.6184675834970531,0.5954012823347336,0.653236098450319,1,1,1,1,Bosque latifoliado mixto maduro,1,Bosque y vegetación natural,0,0,0,0,Panamá,PAN,MIAMBIENTE - Cultivos Mapa Panamá,15,2021,1,1,Bosque latifoliado mixto maduro,Bosque y vegetación natural,vegetacion_forestal_esperada,0,1,0,0,none,Senal compatible con bosque o plantacion forestal,0,0,False,False,False,0.6430119869024382,0.9528057309230518,0.43437644555877897,0.6993464704424021,0,0,0,1,baja,Revisar si pertenece a clase o fuente prioritaria,baja_cantidad_meses_observados,1,0,Auditoría espectral preliminar SRC15 2021,Alerta exploratoria; no constituye validación temática definitiva
11762,S2SR_SRC15_PAN_2021_000012088,SRC15_0011762,PAN_FCL_0047495,SRC15_PAN_2021__XY__f8eef78ad477,SRC15_PAN_2021__XYY__98ca4440c092,SRC15_PAN_2021__XYC__4a037a017b55,-81.897373,8.627904,Panamá,PAN,MIAMBIENTE - Cultivos Mapa Panamá,15,2021,1,1,Bosque latifoliado mixto maduro,Bosque y vegetación natural,1,12,2021.0,2021.0,3,9,8,0.6666666666666666,0.0,10.5,19.833333333333332,0.7384587064965876,0.7965418849357846,0.5269601936744386,0.89187404087954,0.7381006043883724,0.7994821765452778,0.5145040840222879,0.9003155525975515,0.52178314758381,0.5285028020931208,0.3753821944947595,0.6614644461635495,1,1,1,1,Bosque latifoliado mixto maduro,1,Bosque y vegetación natural,0,0,0,0,Panamá,PAN,MIAMBIENTE - Cultivos Mapa Panamá,15,2021,1,1,Bosque latifoliado mixto maduro,Bosque y vegetación natural,vegetacion_forestal_esperada,0,1,0,0,none,Senal compatible con bosque o plantacion forestal,0,0,False,False,False,0.6430119869024382,0.9528057309230518,0.43437644555877897,0.6993464704424021,0,0,0,1,baja,Revisar si pertenece a clase o fuente prioritaria,baja_cantidad_meses_observados,1,0,Auditoría espectral preliminar SRC15 2021,Alerta exploratoria; no constituye validación temática definitiva
11764,S2SR_SRC15_PAN_2021_000012298,SRC15_0011764,PAN_FCL_0047499,SRC15_PAN_2021__XY__844b89446bcd,SRC15_PAN_2021__XYY__f5f42085efa2,SRC15_PAN_2021__XYC__4c551cff6c34,-81.888285,8.627925,Panamá,PAN,MIAMBIENTE - Cultivos Mapa Panamá,15,2021,1,1,Bosque latifoliado mixto maduro,Bosque y vegetación natural,1,12,2021.0,2021.0,3,9,8,0.6666666666666666,0.0,19.5,14.333333333333334,0.8015353236831476,0.7720798122028996,0.7480852850454539,0.8844408738010893,0.8158246480285136,0.7906777401337438,0.7654526319178651,0.8913435720339319,0.5742816750260398,0.5509902410181656,0.5380231001004352,0.6338316839595185,1,1,1,1,Bosque latifoliado mixto maduro,1,Bosque y vegetación natural,0,0,0,0,Panamá,PAN,MIAMBIENTE - Cultivos Mapa Panamá,15,2021,1,1,Bosque latifoliado mixto maduro,Bosque y vegetación natural,vegetacion_forestal_esperada,0,1,0,0,none,Senal compatible con bosque o plantacion forestal,0,0,False,False,False,0.6430119869024382,0.9528057309230518,0.43437644555877897,0.6993464704424021,0,0,0,1,baja,Revisar si pertenece a clase o fuente prioritaria,baja_cantidad_meses_observados,1,0,Auditoría espectral preliminar SRC15 2021,Alerta exploratoria; no constituye validación temática definitiva
11803,S2SR_SRC15_PAN_2021_000007717,SRC15_0011803,PAN_FCL_0047678,SRC15_PAN_2021__XY__70a47453ce23,SRC15_PAN_2021__XYY__9367aa4fac9e,SRC15_PAN_2021__XYC__c9d6e8ec74f4,-82.101848,8.629632,Panamá,PAN,MIAMBIENTE - Cultivos Mapa Panamá,15,2021,1,1,Bosque latifoliado mixto maduro,Bosque y vegetación natural,1,12,2021.0,2021.0,2,10,2,0.16666666666666666,0.0,4.0,4.0,0.8225831018812295,0.8225831018812295,0.8088472715531159,0.8363189322093433,0.817794401832111,0.817794401832111,0.8073543768304587,0.8282344268337635,0.5822581624292338,0.5822581624292338,0.5742630385487528,0.5902532863097146,1,1,1,1,Bosque latifoliado mixto maduro,1,Bosque y vegetación natural,0,0,0,0,Panamá,PAN,MIAMBIENTE - Cultivos Mapa Panamá,15,2021,1,1,Bosque latifoliado mixto maduro,Bosque y vegetación natural,vegetacion_forestal_esperada,0,1,1,0,none,Senal compatible con bosque o plantacion forestal,0,0,False,False,False,0.6430119869024382,0.9528057309230518,0.43437644555877897,0.6993464704424021,0,0,0,2,media,Revisar en control de calidad temático/espectral,baja_cantidad_meses_observados,1,1,Auditoría espectral preliminar SRC15 2021,Alerta exploratoria; no constituye validación temática definitiva
11804,S2SR_SRC15_PAN_2021_000007903,SRC15_0011804,PAN_FCL_0047682,SRC15_PAN_2021__XY__0f7b8053fbb9,SRC15_PAN_2021__XYY__f1c35325154f,SRC15_PAN_2021__XYC__c68b5747c7a3,-82.092761,8.629658,Panamá,PAN,MIAMBIENTE - Cultivos Mapa Panamá,15,2021,1,1,Bosque latifoliado mixto maduro,Bosque y vegetación natural,1,12,2021.0,2021.0,2,10,2,0.16666666666666666,0.0,8.0,8.0,0.7901403928889424,0.7901403928889424,0.7679889298892989,0.812291855888586,0.8041189808588516,0.8041189808588516,0.7833297437001938,0.8249082180175094,0.5458665648793619,0.5458665648793619,0.5137111517367459,0.5780219780219781,1,1,1,1,Bosque latifoliado mixto maduro,1,Bosque y vegetación natural,0,0,0,0,Panamá,PAN,MIAMBIENTE - Cultivos Mapa Panamá,15,2021,1,1,Bosque latifoliado mixto maduro,Bosque y vegetación natural,vegetacion_forestal_esperada,0,1,1,0,none,Senal compatible con bosque o plantacion forestal,0,0,False,False,False,0.6430119869024382,0.9528057309230518,0.43437644555877897,0.6993464704424021,0,0,0,2,media,Revisar en control de calidad temático/espectral,baja_cantidad_meses_observados,1,1,Auditoría espectral preliminar SRC15 2021,Alerta exploratoria; no constituye validación temática definitiva
11805,S2SR_SRC15_PAN_2021_000008274,SRC15_0011805,PAN_FCL_0047690,SRC15_PAN_2021__XY__821a39ecd242,SRC15_PAN_2021__XYY__eb7a0e0706d1,SRC15_PAN_2021__XYC__8c660399dfd0,-82.074586,8.62971,Panamá,PAN,MIAMBIENTE - Cultivos Mapa Panamá,15,2021,1,1,Bosque latifoliado mixto maduro,Bosque y vegetación natural,1,12,2021.0,2021.0,2,10,2,0.16666666666666666,0.0,19.0,19.0,0.7459513030416823,0.7459513030416823,0.6346226060833646,0.85728,0.7666735087046259,0.7666735087046259,0.6607391910739191,0.8726078263353328,0.5183252299786676,0.5183252299786676,0.4372359686179842,0.5994144913393511,1,1,1,1,Bosque latifoliado mixto maduro,1,Bosque y vegetación natural,0,0,0,0,Panamá,PAN,MIAMBIENTE - Cultivos Mapa Panamá,15,2021,1,1,Bosque latifoliado mixto maduro,Bosque y vegetación natural,vegetacion_forestal_esperada,0,1,1,0,none,Senal compatible con bosque o plantacion forestal,0,0,False,False,False,0.6430119869024382,0.9528057309230518,0.43437644555877897,0.6993464704424021,0,0,0,2,media,Revisar en control de calidad temático/espectral,baja_cantidad_meses_observados,1,1,Auditoría espectral preliminar SRC15 2021,Alerta exploratoria; no constituye validación temática definitiva
11806,S2SR_SRC15_PAN_2021_000008458,SRC15_0011806,PAN_FCL_0047694,SRC15_PAN_2021__XY__e58c5ccd00c1,SRC15_PAN_2021__XYY__33489b604e23,SRC15_PAN_2021__XYC__eea3ba73f646,-82.065499,8.629735,Panamá,PAN,MIAMBIENTE - Cultivos Mapa Panamá,15,2021,1,1,Bosque latifoliado mixto maduro,Bosque y vegetación natural,1,12,2021.0,2021.0,2,10,2,0.16666666666666666,0.0,4.5,4.5,0.8285516055845072,0.8285516055845072,0.8249227600411948,0.8321804511278197,0.8367019095344057,0.8367019095344057,0.8346176644931833,0.8387861545756281,0.5760841689411289,0.5760841689411289,0.562134944612286,0.5900333932699717,1,1,1,1,Bosque latifoliado mixto maduro,1,Bosque y vegetación natural,0,0,0,0,Panamá,PAN,MIAMBIENTE - Cultivos Mapa Panamá,15,2021,1,1,Bosque latifoliado mixto maduro,Bosque y vegetación natural,vegetacion_forestal_esperada,0,1,1,0,none,Senal compatible con bosque o plantacion forestal,0,0,False,False,False,0.6430119869024382,0.9528057309230518,0.43437644555877897,0.6993464704424021,0,0,0,2,media,Revisar en control de calidad temático/espectral,baja_cantidad_meses_observados,1,1,Auditoría espectral preliminar SRC15 2021,Alerta exploratoria; no constituye validación temática definitiva
11813,S2SR_SRC15_PAN_2021_000010366,SRC15_0011813,PAN_FCL_0047734,SRC15_PAN_2021__XY__62f7424d3d50,SRC15_PAN_2021__XYY__b3b181692c11,SRC15_PAN_2021__XYC__27a8cbb39fac,-81.974624,8.629977,Panamá,PAN,MIAMBIENTE - Cultivos Mapa Panamá,15,2021,1,1,Bosque latifoliado mixto maduro,Bosque y vegetación natural,1,12,2021.0,2021.0,3,9,4,0.3333333333333333,0.0,12.0,12.333333333333334,0.8024747203980543,0.8184892897406989,0.7040154911183394,0.884919380335125,0.8082871372286277,0.822979659153381,0.7195288113560314,0.8823529411764707,0.5357491941655972,0.5176201372997712,0.4966296333808279,0.5929978118161925,1,1,1,1,Bosque latifoliado mixto maduro,1,Bosque y vegetación natural,0,0,0,0,Panamá,PAN,MIAMBIENTE - Cultivos Mapa Panamá,15,2021,1,1,Bosque latifoliado mixto maduro,Bosque y vegetación natural,vegetacion_forestal_esperada,0,1,0,0,none,Senal compatible con bosque o plantacion forestal,0,0,False,False,False,0.6430119869024382,0.9528057309230518,0.43437644555877897,0.6993464704424021,0,0,0,1,baja,Revisar si pertenece a clase o fuente prioritaria,baja_cantidad_meses_observados,1,0,Auditoría espectral preliminar SRC15 2021,Alerta exploratoria; no constituye validación temática definitiva
11817,S2SR_SRC15_PAN_2021_000012510,SRC15_0011817,PAN_FCL_0047776,SRC15_PAN_2021__XY__3c4645a28a89,SRC15_PAN_2021__XYY__2b311a7233e7,SRC15_PAN_2021__XYC__ead35547b4f7,-81.879202,8.630207,Panamá,PAN,MIAMBIENTE - Cultivos Mapa Panamá,15,2021,1,1,Bosque latifoliado mixto maduro,Bosque y vegetación natural,1,12,2021.0,2021.0,3,9,6,0.5,0.0,15.0,12.666666666666666,0.7649789858974394,0.7750849971848066,0.7035648674004371,0.8162870931070747,0.7718714878662692,0.7907661703200076,0.7164742022810165,0.8083740909977837,0.5695417600670777,0.5881197233043391,0.532331307644083,0.5881742492528108,1,1,1,1,Bosque latifoliado mixto maduro,1,Bosque y vegetación natural,0,0,0,0,Panamá,PAN,MIAMBIENTE - Cultivos Mapa Panamá,15,2021,1,1,Bosque latifoliado mixto maduro,Bosque y vegetación natural,vegetacion_forestal_esperada,0,1,0,0,none,Senal compatible con bosque o plantacion forestal,0,0,False,False,False,0.6430119869024382,0.9528057309230518,0.43437644555877897,0.6993464704424021,0,0,0,1,baja,Revisar si pertenece a clase o fuente prioritaria,baja_cantidad_meses_observados,1,0,Auditoría espectral preliminar SRC15 2021,Alerta exploratoria; no constituye validación temática definitiva
11866,S2SR_SRC15_PAN_2021_000007624,SRC15_0011866,PAN_FCL_0047950,SRC15_PAN_2021__XY__3851393e4fae,SRC15_PAN_2021__XYY__326da48891a8,SRC15_PAN_2021__XYC__56fc7ed01109,-82.106399,8.63188,Panamá,PAN,MIAMBIENTE - Cultivos Mapa Panamá,15,2021,1,1,Bosque latifoliado mixto maduro,Bosque y vegetación natural,1,12,2021.0,2021.0,3,9,3,0.25,0.0,4.0,4.666666666666667,0.8311444187452732,0.8253246753246755,0.8102722424922818,0.8578363384188626,0.8432774929442578,0.8396901072705604,0.8263549961469304,0.8637873754152823,0.5973971094417491,0.5863453815261044,0.5863309352517986,0.6195150115473441,1,1,1,1,Bosque latifoliado mixto maduro,1,Bosque y vegetación natural,0,0,0,0,Panamá,PAN,MIAMBIENTE - Cultivos Mapa Panamá,15,2021,1,1,Bosque latifoliado mixto maduro,Bosque y vegetación natural,vegetacion_forestal_esperada,0,1,1,0,none,Senal compatible con bosque o plantacion forestal,0,0,False,False,False,0.6430119869024382,0.9528057309230518,0.43437644555877897,0.6993464704424021,0,0,0,2,media,Revisar en control de calidad temático/espectral,baja_cantidad_meses_observados,1,1,Auditoría espectral preliminar SRC15 2021,Alerta exploratoria; no constituye validación temática definitiva
11867,S2SR_SRC15_PAN_2021_000007810,SRC15_0011867,PAN_FCL_0047954,SRC15_PAN_2021__XY__cc96d8e05993,SRC15_PAN_2021__XYY__b50f3dea0079,SRC15_PAN_2021__XYC__650c08fd4365,-82.097311,8.631906,Panamá,PAN,MIAMBIENTE - Cultivos Mapa Panamá,15,2021,1,1,Bosque latifoliado mixto maduro,Bosque y vegetación natural,1,12,2021.0,2021.0,3,9,3,0.25,0.0,11.0,16.0,0.7500188978350142,0.7588152327221438,0.6714599073848403,0.8197815533980582,0.7740349323452597,0.800524934383202,0.6901861641002068,0.8313936985523701,0.5508191750585093,0.5818601076095311,0.4790828640386163,0.5915145535273805,1,1,1,1,Bosque latifoliado mixto maduro,1,Bosque y vegetación natural,0,0,0,0,Panamá,PAN,MIAMBIENTE - Cultivos Mapa Panamá,15,2021,1,1,Bosque latifoliado mixto maduro,Bosque y vegetación natural,vegetacion_forestal_esperada,0,1,1,0,none,Senal compatible con bosque o plantacion forestal,0,0,False,False,False,0.6430119869024382,0.9528057309230518,0.43437644555877897,0.6993464704424021,0,0,0,2,media,Revisar en control de calidad temático/espectral,baja_cantidad_meses_observados,1,1,Auditoría espectral preliminar SRC15 2021,Alerta exploratoria; no constituye validación temática definitiva
11868,S2SR_SRC15_PAN_2021_000007995,SRC15_0011868,PAN_FCL_0047958,SRC15_PAN_2021__XY__63485ee40871,SRC15_PAN_2021__XYY__7b1f4fa9f9cd,SRC15_PAN_2021__XYC__a894b7b7f902,-82.088224,8.631932,Panamá,PAN,MIAMBIENTE - Cultivos Mapa Panamá,15,2021,1,1,Bosque latifoliado mixto maduro,Bosque y vegetación natural,1,12,2021.0,2021.0,2,10,2,0.16666666666666666,0.0,11.0,11.0,0.762946322341125,0.762946322341125,0.7468871198203715,0.7790055248618786,0.7652600218648485,0.7652600218648485,0.7519007603041217,0.7786192834255754,0.5105876278982446,0.5105876278982446,0.4850746268656717,0.5361006289308176,1,1,1,1,Bosque latifoliado mixto maduro,1,Bosque y vegetación natural,0,0,0,0,Panamá,PAN,MIAMBIENTE - Cultivos Mapa Panamá,15,2021,1,1,Bosque latifoliado mixto maduro,Bosque y vegetación natural,vegetacion_forestal_esperada,0,1,1,0,none,Senal compatible con bosque o plantacion forestal,0,0,False,False,False,0.6430119869024382,0.9528057309230518,0.43437644555877897,0.6993464704424021,0,0,0,2,media,Revisar en control de calidad temático/espectral,baja_cantidad_meses_observados,1,1,Auditoría espectral preliminar SRC15 2021,Alerta exploratoria; no constituye validación temática definitiva
11869,S2SR_SRC15_PAN_2021_000008087,SRC15_0011869,PAN_FCL_0047960,SRC15_PAN_2021__XY__5c9d25820d48,SRC15_PAN_2021__XYY__af9f5ef277c8,SRC15_PAN_2021__XYC__626d24824834,-82.08368,8.631945,Panamá,PAN,MIAMBIENTE - Cultivos Mapa Panamá,15,2021,1,1,Bosque latifoliado mixto maduro,Bosque y vegetación natural,1,12,2021.0,2021.0,2,10,2,0.16666666666666666,0.0,10.0,10.0,0.8172020847292052,0.8172020847292052,0.7944294699011681,0.8399746995572424,0.8342853583839551,0.8342853583839551,0.809872029250457,0.8586986875174533,0.5855914061278087,0.5855914061278087,0.5657800143781452,0.6054027978774723,1,1,1,1,Bosque latifoliado mixto maduro,1,Bosque y vegetación natural,0,0,0,0,Panamá,PAN,MIAMBIENTE - Cultivos Mapa Panamá,15,2021,1,1,Bosque latifoliado mixto maduro,Bosque y vegetación natural,vegetacion_forestal_esperada,0,1,1,0,none,Senal compatible con bosque o plantacion forestal,0,0,False,False,False,0.6430119869024382,0.9528057309230518,0.43437644555877897,0.6993464704424021,0,0,0,2,media,Revisar en control de calidad temático/espectral,baja_cantidad_meses_observados,1,1,Auditoría espectral preliminar SRC15 2021,Alerta exploratoria; no constituye validación temática definitiva
11870,S2SR_SRC15_PAN_2021_000008180,SRC15_0011870,PAN_FCL_0047962,SRC15_PAN_2021__XY__c692fec34f2a,SRC15_PAN_2021__XYY__bd3bb2f82ec9,SRC15_PAN_2021__XYC__fd042d855ad2,-82.079137,8.631958,Panamá,PAN,MIAMBIENTE - Cultivos Mapa Panamá,15,2021,1,1,Bosque latifoliado mixto maduro,Bosque y vegetación natural,1,12,2021.0,2021.0,1,11,1,0.08333333333333333,0.0,13.0,13.0,0.6705031239723774,0.6705031239723774,0.6705031239723774,0.6705031239723774,0.7210467706013362,0.7210467706013362,0.7210467706013362,0.7210467706013362,0.5245376078914921,0.5245376078914921,0.5245376078914921,0.5245376078914921,1,1,1,1,Bosque latifoliado mixto maduro,1,Bosque y vegetación natural,0,0,0,0,Panamá,PAN,MIAMBIENTE - Cultivos Mapa Panamá,15,2021,1,1,Bosque latifoliado mixto maduro,Bosque y vegetación natural,vegetacion_forestal_esperada,0,1,1,0,none,Senal compatible con bosque o plantacion forestal,0,0,False,False,False,0.6430119869024382,0.9528057309230518,0.43437644555877897,0.6993464704424021,0,0,0,2,media,Revisar en control de calidad temático/espectral,baja_cantidad_meses_observados,1,1,Auditoría espectral preliminar SRC15 2021,Alerta exploratoria; no constituye validación temática definitiva
11871,S2SR_SRC15_PAN_2021_000008366,SRC15_0011871,PAN_FCL_0047966,SRC15_PAN_2021__XY__3cbde8fc6d1e,SRC15_PAN_2021__XYY__c9d812f2bf12,SRC15_PAN_2021__XYC__653fa844ddce,-82.070049,8.631983,Panamá,PAN,MIAMBIENTE - Cultivos Mapa Panamá,15,2021,1,1,Bosque latifoliado mixto maduro,Bosque y vegetación natural,1,12,2021.0,2021.0,1,11,1,0.08333333333333333,0.0,7.0,7.0,0.695630585898709,0.695630585898709,0.695630585898709,0.695630585898709,0.7092719943087502,0.7092719943087502,0.7092719943087502,0.7092719943087502,0.4889485643462095,0.4889485643462095,0.4889485643462095,0.4889485643462095,1,1,1,1,Bosque latifoliado mixto maduro,1,Bosque y vegetación natural,0,0,0,0,Panamá,PAN,MIAMBIENTE - Cultivos Mapa Panamá,15,2021,1,1,Bosque latifoliado mixto maduro,Bosque y vegetación natural,vegetacion_forestal_esperada,0,1,1,0,none,Senal compatible con bosque o plantacion forestal,0,0,False,False,False,0.6430119869024382,0.9528057309230518,0.43437644555877897,0.6993464704424021,0,0,0,2,media,Revisar en control de calidad temático/espectral,baja_cantidad_meses_observados,1,1,Auditoría espectral preliminar SRC15 2021,Alerta exploratoria; no constituye validación temática definitiva
11872,S2SR_SRC15_PAN_2021_000008642,SRC15_0011872,PAN_FCL_0047972,SRC15_PAN_2021__XY__b3342f626fcd,SRC15_PAN_2021__XYY__705eb7c5e74c,SRC15_PAN_2021__XYC__f19738c28156,-82.056418,8.632021,Panamá,PAN,MIAMBIENTE - Cultivos Mapa Panamá,15,2021,1,1,Bosque latifoliado mixto maduro,Bosque y vegetación natural,1,12,2021.0,2021.0,2,10,2,0.16666666666666666,0.0,15.5,15.5,0.6184486742648361,0.6184486742648361,0.3966301150040117,0.8402672335256606,0.6369329793938607,0.6369329793938607,0.4333082140165787,0.8405577447711429,0.4590794268077467,0.4590794268077467,0.3223638470451912,0.5957950065703022,1,1,1,1,Bosque latifoliado mixto maduro,1,Bosque y vegetación natural,0,0,0,0,Panamá,PAN,MIAMBIENTE - Cultivos Mapa Panamá,15,2021,1,1,Bosque latifoliado mixto maduro,Bosque y vegetación natural,vegetacion_forestal_esperada,0,1,1,0,none,Senal compatible con bosque o plantacion forestal,0,0,False,True,False,0.6430119869024382,0.9528057309230518,0.43437644555877897,0.6993464704424021,1,0,0,3,media,Revisar en control de calidad temático/espectral,rareza_espectral_por_clase_anio,1,1,Auditoría espectral preliminar SRC15 2021,Alerta exploratoria; no constituye validación temática definitiva
11873,S2SR_SRC15_PAN_2021_000008734,SRC15_0011873,PAN_FCL_0047974,SRC15_PAN_2021__XY__a60bf5010206,SRC15_PAN_2021__XYY__83204c7093ac,SRC15_PAN_2021__XYC__b101b0db0937,-82.051874,8.632034,Panamá,PAN,MIAMBIENTE - Cultivos Mapa Panamá,15,2021,1,1,Bosque latifoliado mixto maduro,Bosque y vegetación natural,1,12,2021.0,2021.0,3,9,5,0.4166666666666667,0.0,7.0,12.333333333333334,0.824724101269228,0.8332857550670854,0.7731073446327683,0.8677792041078305,0.8281498330503613,0.8351995406258972,0.7830596369922211,0.8661903215329652,0.57143397419631,0.554927454305634,0.5516520284399832,0.6077224398433129,1,1,1,1,Bosque latifoliado mixto maduro,1,Bosque y vegetación natural,0,0,0,0,Panamá,PAN,MIAMBIENTE - Cultivos Mapa Panamá,15,2021,1,1,Bosque latifoliado mixto maduro,Bosque y vegetación natural,vegetacion_forestal_esperada,0,1,0,0,none,Senal compatible con bosque o plantacion forestal,0,0,False,False,False,0.6430119869024382,0.9528057309230518,0.43437644555877897,0.6993464704424021,0,0,0,1,baja,Revisar si pertenece a clase o fuente prioritaria,baja_cantidad_meses_observados,1,0,Auditoría espectral preliminar SRC15 2021,Alerta exploratoria; no constituye validación temática definitiva
11874,S2SR_SRC15_PAN_2021_000008826,SRC15_0011874,PAN_FCL_0047976,SRC15_PAN_2021__XY__43db12c7109b,SRC15_PAN_2021__XYY__83c52b353117,SRC15_PAN_2021__XYC__1e2b0176e6c7,-82.04733,8.632046,Panamá,PAN,MIAMBIENTE - Cultivos Mapa Panamá,15,2021,1,1,Bosque latifoliado mixto maduro,Bosque y vegetación natural,1,12,2021.0,2021.0,3,9,5,0.4166666666666667,0.0,4.0,11.0,0.813701103128382,0.8400725294650951,0.7262528047868362,0.8747779751332149,0.8227982453423222,0.851839408701495,0.7412513255567338,0.8753040017687376,0.5563406142297799,0.5496204666854091,0.5384134915677701,0.5809878844361603,1,1,1,1,Bosque latifoliado mixto maduro,1,Bosque y vegetación natural,0,0,0,0,Panamá,PAN,MIAMBIENTE - Cultivos Mapa Panamá,15,2021,1,1,Bosque latifoliado mixto maduro,Bosque y vegetación natural,vegetacion_forestal_esperada,0,1,0,0,none,Senal compatible con bosque o plantacion forestal,0,0,False,False,False,0.6430119869024382,0.9528057309230518,0.43437644555877897,0.6993464704424021,0,0,0,1,baja,Revisar si pertenece a clase o fuente prioritaria,baja_cantidad_meses_observados,1,0,Auditoría espectral preliminar SRC15 2021,Alerta exploratoria; no constituye validación temática definitiva
11875,S2SR_SRC15_PAN_2021_000008918,SRC15_0011875,PAN_FCL_0047978,SRC15_PAN_2021__XY__480387a67700,SRC15_PAN_2021__XYY__461d622ebd6d,SRC15_PAN_2021__XYC__a92910570c36,-82.042787,8.632058,Panamá,PAN,MIAMBIENTE - Cultivos Mapa Panamá,15,2021,1,1,Bosque latifoliado mixto maduro,Bosque y vegetación natural,1,12,2021.0,2021.0,2,10,5,0.4166666666666667,0.0,8.25,8.25,0.8085658259624033,0.8085658259624033,0.7555158807612969,0.8616157711635097,0.8186309467384032,0.8186309467384032,0.7730737295921326,0.8641881638846738,0.5457565754009598,0.5457565754009598,0.4965764419411601,0.5949367088607594,1,1,1,1,Bosque latifoliado mixto maduro,1,Bosque y vegetación natural,0,0,0,0,Panamá,PAN,MIAMBIENTE - Cultivos Mapa Panamá,15,2021,1,1,Bosque latifoliado mixto maduro,Bosque y vegetación natural,vegetacion_forestal_esperada,0,1,0,0,none,Senal compatible con bosque o plantacion forestal,0,0,False,False,False,0.6430119869024382,0.9528057309230518,0.43437644555877897,0.6993464704424021,0,0,0,1,baja,Revisar si pertenece a clase o fuente prioritaria,baja_cantidad_meses_observados,1,0,Auditoría espectral preliminar SRC15 2021,Alerta exploratoria; no constituye validación temática definitiva
11888,S2SR_SRC15_PAN_2021_000010965,SRC15_0011888,PAN_FCL_0048020,SRC15_PAN_2021__XY__0a3e7a8e738a,SRC15_PAN_2021__XYY__a9864641cb5a,SRC15_PAN_2021__XYC__1ba587ca510d,-81.947366,8.632306,Panamá,PAN,MIAMBIENTE - Cultivos Mapa Panamá,15,2021,1,1,Bosque latifoliado mixto maduro,Bosque y vegetación natural,1,12,2021.0,2021.0,2,10,2,0.16666666666666666,0.0,17.0,17.0,0.7130440573628071,0.7130440573628071,0.5471916618413434,0.8788964528842708,0.7282665232292014,0.7282665232292014,0.5736095965103599,0.8829234499480427,0.523720284737826,0.523720284737826,0.4372509960159363,0.6101895734597156,1,1,1,1,Bosque latifoliado mixto maduro,1,Bosque y vegetación natural,0,0,0,0,Panamá,PAN,MIAMBIENTE - Cultivos Mapa Panamá,15,2021,1,1,Bosque latifoliado mixto maduro,Bosque y vegetación natural,vegetacion_forestal_esperada,0,1,1,0,none,Senal compatible con bosque o plantacion forestal,0,0,False,False,False,0.6430119869024382,0.9528057309230518,0.43437644555877897,0.6993464704424021,0,0,0,2,media,Revisar en control de calidad temático/espectral,baja_cantidad_meses_observados,1,1,Auditoría espectral preliminar SRC15 2021,Alerta exploratoria; no constituye validación temática definitiva
11889,S2SR_SRC15_PAN_2021_000011066,SRC15_0011889,PAN_FCL_0048022,SRC15_PAN_2021__XY__92fa9125bc91,SRC15_PAN_2021__XYY__f2b706f7ac2c,SRC15_PAN_2021__XYC__2e73c85adde6,-81.942823,8.632317,Panamá,PAN,MIAMBIENTE - Cultivos Mapa Panamá,15,2021,1,1,Bosque latifoliado mixto maduro,Bosque y vegetación natural,1,12,2021.0,2021.0,2,10,2,0.16666666666666666,0.0,2.0,2.0,0.8444785815536717,0.8444785815536717,0.833674963396779,0.8552821997105644,0.8525895749872889,0.8525895749872889,0.8438273302172121,0.8613518197573656,0.5747259261095139,0.5747259261095139,0.5512375665047421,0.5982142857142857,1,1,1,1,Bosque latifoliado mixto maduro,1,Bosque y vegetación natural,0,0,0,0,Panamá,PAN,MIAMBIENTE - Cultivos Mapa Panamá,15,2021,1,1,Bosque latifoliado mixto maduro,Bosque y vegetación natural,vegetacion_forestal_esperada,0,1,1,0,none,Senal compatible con bosque o plantacion forestal,0,0,False,False,False,0.6430119869024382,0.9528057309230518,0.43437644555877897,0.6993464704424021,0,0,0,2,media,Revisar en control de calidad temático/espectral,baja_cantidad_meses_observados,1,1,Auditoría espectral preliminar SRC15 2021,Alerta exploratoria; no constituye validación temática definitiva
11890,S2SR_SRC15_PAN_2021_000011167,SRC15_0011890,PAN_FCL_0048024,SRC15_PAN_2021__XY__8606b5a97696,SRC15_PAN_2021__XYY__f247edea56cf,SRC15_PAN_2021__XYC__cf6b6ac7a5af,-81.938279,8.632328,Panamá,PAN,MIAMBIENTE - Cultivos Mapa Panamá,15,2021,1,1,Bosque latifoliado mixto maduro,Bosque y vegetación natural,1,12,2021.0,2021.0,3,9,3,0.25,0.0,8.0,13.0,0.8338332540952583,0.82,0.800322638465675,0.8811771238201,0.8457072491729883,0.8327702702702702,0.8148886673313394,0.8894628099173555,0.5995699408570845,0.5840464104423496,0.5776081424936386,0.6370552696352652,1,1,1,1,Bosque latifoliado mixto maduro,1,Bosque y vegetación natural,0,0,0,0,Panamá,PAN,MIAMBIENTE - Cultivos Mapa Panamá,15,2021,1,1,Bosque latifoliado mixto maduro,Bosque y vegetación natural,vegetacion_forestal_esperada,0,1,1,0,none,Senal compatible con bosque o plantacion forestal,0,0,False,False,False,0.6430119869024382,0.9528057309230518,0.43437644555877897,0.6993464704424021,0,0,0,2,media,Revisar en control de calidad temático/espectral,baja_cantidad_meses_observados,1,1,Auditoría espectral preliminar SRC15 2021,Alerta exploratoria; no constituye validación temática definitiva
11893,S2SR_SRC15_PAN_2021_000011470,SRC15_0011893,PAN_FCL_0048030,SRC15_PAN_2021__XY__a1442002d2b3,SRC15_PAN_2021__XYY__9144bbd80412,SRC15_PAN_2021__XYC__f190991fdb7c,-81.924647,8.632361,Panamá,PAN,MIAMBIENTE - Cultivos Mapa Panamá,15,2021,2,1,Bosque latifoliado mixto secundario,Bosque y vegetación natural,1,12,2021.0,2021.0,3,9,3,0.25,0.0,7.0,6.666666666666667,0.8267680454322752,0.8211491169237649,0.7710472279260779,0.888107791446983,0.8278347243906063,0.8076460687665306,0.7860398177020868,0.8898182867032016,0.5528545480312224,0.5320970042796005,0.5118781725888324,0.6145884672252342,1,1,1,2,Bosque latifoliado mixto secundario,1,Bosque y vegetación natural,0,0,0,0,Panamá,PAN,MIAMBIENTE - Cultivos Mapa Panamá,15,2021,2,1,Bosque latifoliado mixto secundario,Bosque y vegetación natural,vegetacion_forestal_esperada,0,1,1,0,none,Senal compatible con bosque o plantacion forestal,0,0,False,False,False,0.7156951618451342,0.9456522260291946,0.46775220877215595,0.7284626845622189,0,0,0,2,media,Revisar en control de calidad temático/espectral,baja_cantidad_meses_observados,1,1,Auditoría espectral preliminar SRC15 2021,Alerta exploratoria; no constituye validación temática definitiva
11894,S2SR_SRC15_PAN_2021_000011572,SRC15_0011894,PAN_FCL_0048032,SRC15_PAN_2021__XY__3589b0723f18,SRC15_PAN_2021__XYY__b651dcf596a1,SRC15_PAN_2021__XYC__d1b7cb14936d,-81.920103,8.632372,Panamá,PAN,MIAMBIENTE - Cultivos Mapa Panamá,15,2021,1,1,Bosque latifoliado mixto maduro,Bosque y vegetación natural,1,12,2021.0,2021.0,3,9,3,0.25,0.0,15.0,16.666666666666668,0.7398381703649459,0.7757990867579907,0.561733442354865,0.881981981981982,0.741254101646995,0.7794745115652368,0.5645816409423233,0.8797061524334252,0.5672479985415415,0.5647709320695102,0.4535849056603774,0.6833881578947368,1,1,1,1,Bosque latifoliado mixto maduro,1,Bosque y vegetación natural,0,0,0,0,Panamá,PAN,MIAMBIENTE - Cultivos Mapa Panamá,15,2021,1,1,Bosque latifoliado mixto maduro,Bosque y vegetación natural,vegetacion_forestal_esperada,0,1,1,0,none,Senal compatible con bosque o plantacion forestal,0,0,False,False,False,0.6430119869024382,0.9528057309230518,0.43437644555877897,0.6993464704424021,0,0,0,2,media,Revisar en control de calidad temático/espectral,baja_cantidad_meses_observados,1,1,Auditoría espectral preliminar SRC15 2021,Alerta exploratoria; no constituye validación temática definitiva
11900,S2SR_SRC15_PAN_2021_000012191,SRC15_0011900,PAN_FCL_0048044,SRC15_PAN_2021__XY__df9f632107d2,SRC15_PAN_2021__XYY__bc170d20a691,SRC15_PAN_2021__XYC__483edf5b7192,-81.892839,8.632437,Panamá,PAN,MIAMBIENTE - Cultivos Mapa Panamá,15,2021,1,1,Bosque latifoliado mixto maduro,Bosque y vegetación natural,1,12,2021.0,2021.0,3,9,8,0.6666666666666666,0.0,6.5,16.333333333333332,0.8063158944811697,0.8382665358066552,0.6939444622710893,0.8867366853657643,0.8142946017225343,0.844222948744699,0.713156531356528,0.8855043250663757,0.5663725504215408,0.5577206692663654,0.5108241329535892,0.6305728490446676,1,1,1,1,Bosque latifoliado mixto maduro,1,Bosque y vegetación natural,0,0,0,0,Panamá,PAN,MIAMBIENTE - Cultivos Mapa Panamá,15,2021,1,1,Bosque latifoliado mixto maduro,Bosque y vegetación natural,vegetacion_forestal_esperada,0,1,0,0,none,Senal compatible con bosque o plantacion forestal,0,0,False,False,False,0.6430119869024382,0.9528057309230518,0.43437644555877897,0.6993464704424021,0,0,0,1,baja,Revisar si pertenece a clase o fuente prioritaria,baja_cantidad_meses_observados,1,0,Auditoría espectral preliminar SRC15 2021,Alerta exploratoria; no constituye validación temática definitiva
11940,S2SR_SRC15_PAN_2021_000007716,SRC15_0011940,PAN_FCL_0048226,SRC15_PAN_2021__XY__937d9d306781,SRC15_PAN_2021__XYY__3ec37ebd1e7e,SRC15_PAN_2021__XYC__dd6ce8db8d52,-82.101862,8.634154,Panamá,PAN,MIAMBIENTE - Cultivos Mapa Panamá,15,2021,1,1,Bosque latifoliado mixto maduro,Bosque y vegetación natural,1,12,2021.0,2021.0,2,10,2,0.16666666666666666,0.0,6.0,6.0,0.8403744975638365,0.8403744975638365,0.8302763511861091,0.850472643941564,0.850464743656653,0.850464743656653,0.8396117402357292,0.861317747077577,0.6153085507814058,0.6153085507814058,0.6103580821363545,0.620259019426457,1,1,1,1,Bosque latifoliado mixto maduro,1,Bosque y vegetación natural,0,0,0,0,Panamá,PAN,MIAMBIENTE - Cultivos Mapa Panamá,15,2021,1,1,Bosque latifoliado mixto maduro,Bosque y vegetación natural,vegetacion_forestal_esperada,0,1,1,0,none,Senal compatible con bosque o plantacion forestal,0,0,False,False,False,0.6430119869024382,0.9528057309230518,0.43437644555877897,0.6993464704424021,0,0,0,2,media,Revisar en control de calidad temático/espectral,baja_cantidad_meses_observados,1,1,Auditoría espectral preliminar SRC15 2021,Alerta exploratoria; no constituye validación temática definitiva
11941,S2SR_SRC15_PAN_2021_000007902,SRC15_0011941,PAN_FCL_0048230,SRC15_PAN_2021__XY__a2f3e87fa1bd,SRC15_PAN_2021__XYY__815f87856570,SRC15_PAN_2021__XYC__80b4df1b0f28,-82.092774,8.63418,Panamá,PAN,MIAMBIENTE - Cultivos Mapa Panamá,15,2021,1,1,Bosque latifoliado mixto maduro,Bosque y vegetación natural,1,12,2021.0,2021.0,1,11,1,0.08333333333333333,0.0,12.0,12.0,0.6580388252862122,0.6580388252862122,0.6580388252862122,0.6580388252862122,0.6495791889824025,0.6495791889824025,0.6495791889824025,0.6495791889824025,0.4653375623017671,0.4653375623017671,0.4653375623017671,0.4653375623017671,1,1,1,1,Bosque latifoliado mixto maduro,1,Bosque y vegetación natural,0,0,0,0,Panamá,PAN,MIAMBIENTE - Cultivos Mapa Panamá,15,2021,1,1,Bosque latifoliado mixto maduro,Bosque y vegetación natural,vegetacion_forestal_esperada,0,1,1,0,none,Senal compatible con bosque o plantacion forestal,0,0,False,False,False,0.6430119869024382,0.9528057309230518,0.43437644555877897,0.6993464704424021,0,0,0,2,media,Revisar en control de calidad temático/espectral,baja_cantidad_meses_observados,1,1,Auditoría espectral preliminar SRC15 2021,Alerta exploratoria; no constituye validación temática definitiva
11942,S2SR_SRC15_PAN_2021_000008273,SRC15_0011942,PAN_FCL_0048238,SRC15_PAN_2021__XY__2dff7b81562b,SRC15_PAN_2021__XYY__3b91c5ae49f4,SRC15_PAN_2021__XYC__9621b3aecd68,-82.074599,8.634231,Panamá,PAN,MIAMBIENTE - Cultivos Mapa Panamá,15,2021,1,1,Bosque latifoliado mixto maduro,Bosque y vegetación natural,1,12,2021.0,2021.0,1,11,1,0.08333333333333333,0.0,9.0,9.0,0.7469463009910118,0.7469463009910118,0.7469463009910118,0.7469463009910118,0.7470628887353145,0.7470628887353145,0.7470628887353145,0.7470628887353145,0.5207539602967717,0.5207539602967717,0.5207539602967717,0.5207539602967717,1,1,1,1,Bosque latifoliado mixto maduro,1,Bosque y vegetación natural,0,0,0,0,Panamá,PAN,MIAMBIENTE - Cultivos Mapa Panamá,15,2021,1,1,Bosque latifoliado mixto maduro,Bosque y vegetación natural,vegetacion_forestal_esperada,0,1,1,0,none,Senal compatible con bosque o plantacion forestal,0,0,False,False,False,0.6430119869024382,0.9528057309230518,0.43437644555877897,0.6993464704424021,0,0,0,2,media,Revisar en control de calidad temático/espectral,baja_cantidad_meses_observados,1,1,Auditoría espectral preliminar SRC15 2021,Alerta exploratoria; no constituye validación temática definitiva
11943,S2SR_SRC15_PAN_2021_000008457,SRC15_0011943,PAN_FCL_0048242,SRC15_PAN_2021__XY__4b6c18e24a79,SRC15_PAN_2021__XYY__71d2570b4263,SRC15_PAN_2021__XYC__cb73c2d1ddf3,-82.065512,8.634257,Panamá,PAN,MIAMBIENTE - Cultivos Mapa Panamá,15,2021,1,1,Bosque latifoliado mixto maduro,Bosque y vegetación natural,1,12,2021.0,2021.0,1,11,1,0.08333333333333333,0.0,14.0,14.0,0.6614368290668868,0.6614368290668868,0.6614368290668868,0.6614368290668868,0.6731114211680287,0.6731114211680287,0.6731114211680287,0.6731114211680287,0.508355795148248,0.508355795148248,0.508355795148248,0.508355795148248,1,1,1,1,Bosque latifoliado mixto maduro,1,Bosque y vegetación natural,0,0,0,0,Panamá,PAN,MIAMBIENTE - Cultivos Mapa Panamá,15,2021,1,1,Bosque latifoliado mixto maduro,Bosque y vegetación natural,vegetacion_forestal_esperada,0,1,1,0,none,Senal compatible con bosque o plantacion forestal,0,0,False,False,False,0.6430119869024382,0.9528057309230518,0.43437644555877897,0.6993464704424021,0,0,0,2,media,Revisar en control de calidad temático/espectral,baja_cantidad_meses_observados,1,1,Auditoría espectral preliminar SRC15 2021,Alerta exploratoria; no constituye validación temática definitiva
11944,S2SR_SRC15_PAN_2021_000008549,SRC15_0011944,PAN_FCL_0048244,SRC15_PAN_2021__XY__c10b16dffd93,SRC15_PAN_2021__XYY__9a5b9f62ad66,SRC15_PAN_2021__XYC__0cbb7fa4bbc7,-82.060968,8.634269,Panamá,PAN,MIAMBIENTE - Cultivos Mapa Panamá,15,2021,1,1,Bosque latifoliado mixto maduro,Bosque y vegetación natural,1,12,2021.0,2021.0,3,9,3,0.25,0.0,4.0,12.666666666666666,0.8342859826658809,0.838526912181303,0.8209666439754936,0.8433643918408461,0.8436184531113599,0.845003737851981,0.8297183554548399,0.8561332660272588,0.5795501380497163,0.5794673539518901,0.5759897828863345,0.5831932773109243,1,1,1,1,Bosque latifoliado mixto maduro,1,Bosque y vegetación natural,0,0,0,0,Panamá,PAN,MIAMBIENTE - Cultivos Mapa Panamá,15,2021,1,1,Bosque latifoliado mixto maduro,Bosque y vegetación natural,vegetacion_forestal_esperada,0,1,1,0,none,Senal compatible con bosque o plantacion forestal,0,0,False,False,False,0.6430119869024382,0.9528057309230518,0.43437644555877897,0.6993464704424021,0,0,0,2,media,Revisar en control de calidad temático/espectral,baja_cantidad_meses_observados,1,1,Auditoría espectral preliminar SRC15 2021,Alerta exploratoria; no constituye validación temática definitiva
11951,S2SR_SRC15_PAN_2021_000010464,SRC15_0011951,PAN_FCL_0048284,SRC15_PAN_2021__XY__7ff1c19036f5,SRC15_PAN_2021__XYY__7a72c01cde32,SRC15_PAN_2021__XYC__8558709fd643,-81.970092,8.63451,Panamá,PAN,MIAMBIENTE - Cultivos Mapa Panamá,15,2021,1,1,Bosque latifoliado mixto maduro,Bosque y vegetación natural,1,12,2021.0,2021.0,3,9,3,0.25,0.0,2.0,2.6666666666666665,0.8385683739387364,0.8440111420612812,0.7868939797549281,0.8848,0.855410318801966,0.8642189123657776,0.8056837503036193,0.896328293736501,0.5890604304941385,0.5796888758438509,0.5565326633165829,0.6309597523219815,1,1,1,1,Bosque latifoliado mixto maduro,1,Bosque y vegetación natural,0,0,0,0,Panamá,PAN,MIAMBIENTE - Cultivos Mapa Panamá,15,2021,1,1,Bosque latifoliado mixto maduro,Bosque y vegetación natural,vegetacion_forestal_esperada,0,1,1,0,none,Senal compatible con bosque o plantacion forestal,0,0,False,False,False,0.6430119869024382,0.9528057309230518,0.43437644555877897,0.6993464704424021,0,0,0,2,media,Revisar en control de calidad temático/espectral,baja_cantidad_meses_observados,1,1,Auditoría espectral preliminar SRC15 2021,Alerta exploratoria; no constituye validación temática definitiva
11953,S2SR_SRC15_PAN_2021_000012403,SRC15_0011953,PAN_FCL_0048322,SRC15_PAN_2021__XY__e609a9ea89c8,SRC15_PAN_2021__XYY__ffce650540a8,SRC15_PAN_2021__XYC__61fa95de571c,-81.883757,8.634719,Panamá,PAN,MIAMBIENTE - Cultivos Mapa Panamá,15,2021,1,1,Bosque latifoliado mixto maduro,Bosque y vegetación natural,1,12,2021.0,2021.0,2,10,4,0.3333333333333333,0.0,30.5,30.5,0.6392902018065403,0.6392902018065403,0.621190788731784,0.6573896148812964,0.6538358934425054,0.6538358934425054,0.6272805889517168,0.680391197933294,0.4737789385553399,0.4737789385553399,0.4436025416101876,0.5039553355004922,1,1,1,1,Bosque latifoliado mixto maduro,1,Bosque y vegetación natural,0,0,0,0,Panamá,PAN,MIAMBIENTE - Cultivos Mapa Panamá,15,2021,1,1,Bosque latifoliado mixto maduro,Bosque y vegetación natural,vegetacion_forestal_esperada,0,1,0,0,none,Senal compatible con bosque o plantacion forestal,0,0,False,True,False,0.6430119869024382,0.9528057309230518,0.43437644555877897,0.6993464704424021,1,0,0,2,media,Revisar en control de calidad temático/espectral,rareza_espectral_por_clase_anio,1,1,Auditoría espectral preliminar SRC15 2021,Alerta exploratoria; no constituye validación temática definitiva
11954,S2SR_SRC15_PAN_2021_000012509,SRC15_0011954,PAN_FCL_0048324,SRC15_PAN_2021__XY__216772e2de01,SRC15_PAN_2021__XYY__94e712037715,SRC15_PAN_2021__XYC__8b77e8a00bcb,-81.879213,8.634729,Panamá,PAN,MIAMBIENTE - Cultivos Mapa Panamá,15,2021,1,1,Bosque latifoliado mixto maduro,Bosque y vegetación natural,1,12,2021.0,2021.0,2,10,4,0.3333333333333333,0.0,27.25,27.25,0.5955725061856285,0.5955725061856285,0.5662398318591146,0.6249051805121424,0.6195791373609343,0.6195791373609343,0.5916098787005941,0.6475483960212743,0.4625198287667227,0.4625198287667227,0.4350578546544728,0.4899818028789727,1,1,1,1,Bosque latifoliado mixto maduro,1,Bosque y vegetación natural,0,0,0,0,Panamá,PAN,MIAMBIENTE - Cultivos Mapa Panamá,15,2021,1,1,Bosque latifoliado mixto maduro,Bosque y vegetación natural,vegetacion_forestal_esperada,0,1,0,0,none,Senal compatible con bosque o plantacion forestal,0,0,False,True,False,0.6430119869024382,0.9528057309230518,0.43437644555877897,0.6993464704424021,1,0,0,2,media,Revisar en control de calidad temático/espectral,rareza_espectral_por_clase_anio,1,1,Auditoría espectral preliminar SRC15 2021,Alerta exploratoria; no constituye validación temática definitiva
12002,S2SR_SRC15_PAN_2021_000007530,SRC15_0012002,PAN_FCL_0048496,SRC15_PAN_2021__XY__2c33e5835399,SRC15_PAN_2021__XYY__4c391d88a3e7,SRC15_PAN_2021__XYC__be2d9f481849,-82.110955,8.636389,Panamá,PAN,MIAMBIENTE - Cultivos Mapa Panamá,15,2021,1,1,Bosque latifoliado mixto maduro,Bosque y vegetación natural,1,12,2021.0,2021.0,3,9,3,0.25,0.0,10.0,11.333333333333334,0.7718049993251594,0.7639910457307324,0.7148226450552033,0.8366013071895425,0.7947079203613187,0.7696629213483147,0.7391491190373871,0.8753117206982542,0.588772152817497,0.5598349381017882,0.5411271896420411,0.6653543307086615,1,1,1,1,Bosque latifoliado mixto maduro,1,Bosque y vegetación natural,0,0,0,0,Panamá,PAN,MIAMBIENTE - Cultivos Mapa Panamá,15,2021,1,1,Bosque latifoliado mixto maduro,Bosque y vegetación natural,vegetacion_forestal_esperada,0,1,1,0,none,Senal compatible con bosque o plantacion forestal,0,0,False,False,False,0.6430119869024382,0.9528057309230518,0.43437644555877897,0.6993464704424021,0,0,0,2,media,Revisar en control de calidad temático/espectral,baja_cantidad_meses_observados,1,1,Auditoría espectral preliminar SRC15 2021,Alerta exploratoria; no constituye validación temática definitiva
12003,S2SR_SRC15_PAN_2021_000007623,SRC15_0012003,PAN_FCL_0048498,SRC15_PAN_2021__XY__f4e1352f3c71,SRC15_PAN_2021__XYY__1ca4e2fbbbe0,SRC15_PAN_2021__XYC__e0dfa163596f,-82.106412,8.636402,Panamá,PAN,MIAMBIENTE - Cultivos Mapa Panamá,15,2021,1,1,Bosque latifoliado mixto maduro,Bosque y vegetación natural,1,12,2021.0,2021.0,3,9,3,0.25,0.0,11.0,15.0,0.7481204014088778,0.7403733955659277,0.7123572170301142,0.7916305916305916,0.759472540319651,0.7586767895878526,0.718638902996445,0.8011019283746555,0.5580706591291399,0.5494505494505495,0.5374829622898682,0.5872784656470017,1,1,1,1,Bosque latifoliado mixto maduro,1,Bosque y vegetación natural,0,0,0,0,Panamá,PAN,MIAMBIENTE - Cultivos Mapa Panamá,15,2021,1,1,Bosque latifoliado mixto maduro,Bosque y vegetación natural,vegetacion_forestal_esperada,0,1,1,0,none,Senal compatible con bosque o plantacion forestal,0,0,False,False,False,0.6430119869024382,0.9528057309230518,0.43437644555877897,0.6993464704424021,0,0,0,2,media,Revisar en control de calidad temático/espectral,baja_cantidad_meses_observados,1,1,Auditoría espectral preliminar SRC15 2021,Alerta exploratoria; no constituye validación temática definitiva
12004,S2SR_SRC15_PAN_2021_000007809,SRC15_0012004,PAN_FCL_0048502,SRC15_PAN_2021__XY__f9b506594877,SRC15_PAN_2021__XYY__ee7a830cf465,SRC15_PAN_2021__XYC__bef9e91984e5,-82.097324,8.636428,Panamá,PAN,MIAMBIENTE - Cultivos Mapa Panamá,15,2021,1,1,Bosque latifoliado mixto maduro,Bosque y vegetación natural,1,12,2021.0,2021.0,3,9,3,0.25,0.0,20.0,21.0,0.7093663468251229,0.7026785714285715,0.68707850013488,0.7383419689119172,0.7300399701176955,0.7166560306317805,0.712871287128713,0.7605925925925927,0.5218319536849286,0.5218825599296238,0.488929889298893,0.554683411826269,1,1,1,1,Bosque latifoliado mixto maduro,1,Bosque y vegetación natural,0,0,0,0,Panamá,PAN,MIAMBIENTE - Cultivos Mapa Panamá,15,2021,1,1,Bosque latifoliado mixto maduro,Bosque y vegetación natural,vegetacion_forestal_esperada,0,1,1,0,none,Senal compatible con bosque o plantacion forestal,0,0,False,False,False,0.6430119869024382,0.9528057309230518,0.43437644555877897,0.6993464704424021,0,0,0,2,media,Revisar en control de calidad temático/espectral,baja_cantidad_meses_observados,1,1,Auditoría espectral preliminar SRC15 2021,Alerta exploratoria; no constituye validación temática definitiva
12005,S2SR_SRC15_PAN_2021_000007994,SRC15_0012005,PAN_FCL_0048506,SRC15_PAN_2021__XY__e5529c160c0f,SRC15_PAN_2021__XYY__e9f54fcbf732,SRC15_PAN_2021__XYC__44c645e41a5c,-82.088237,8.636454,Panamá,PAN,MIAMBIENTE - Cultivos Mapa Panamá,15,2021,1,1,Bosque latifoliado mixto maduro,Bosque y vegetación natural,1,12,2021.0,2021.0,1,11,1,0.08333333333333333,0.0,9.0,9.0,0.701049398515485,0.701049398515485,0.701049398515485,0.701049398515485,0.7140758873929008,0.7140758873929008,0.7140758873929008,0.7140758873929008,0.5064543889845095,0.5064543889845095,0.5064543889845095,0.5064543889845095,1,1,1,1,Bosque latifoliado mixto maduro,1,Bosque y vegetación natural,0,0,0,0,Panamá,PAN,MIAMBIENTE - Cultivos Mapa Panamá,15,2021,1,1,Bosque latifoliado mixto maduro,Bosque y vegetación natural,vegetacion_forestal_esperada,0,1,1,0,none,Senal compatible con bosque o plantacion forestal,0,0,False,False,False,0.6430119869024382,0.9528057309230518,0.43437644555877897,0.6993464704424021,0,0,0,2,media,Revisar en control de calidad temático/espectral,baja_cantidad_meses_observados,1,1,Auditoría espectral preliminar SRC15 2021,Alerta exploratoria; no constituye validación temática definitiva
12006,S2SR_SRC15_PAN_2021_000008086,SRC15_0012006,PAN_FCL_0048508,SRC15_PAN_2021__XY__5434e6350d58,SRC15_PAN_2021__XYY__c0d139d107e1,SRC15_PAN_2021__XYC__589dd264c833,-82.083693,8.636467,Panamá,PAN,MIAMBIENTE - Cultivos Mapa Panamá,15,2021,1,1,Bosque latifoliado mixto maduro,Bosque y vegetación natural,1,12,2021.0,2021.0,1,11,1,0.08333333333333333,0.0,17.0,17.0,0.6733915806195393,0.6733915806195393,0.6733915806195393,0.6733915806195393,0.6925377598325109,0.6925377598325109,0.6925377598325109,0.6925377598325109,0.4864722878907276,0.4864722878907276,0.4864722878907276,0.4864722878907276,1,1,1,1,Bosque latifoliado mixto maduro,1,Bosque y vegetación natural,0,0,0,0,Panamá,PAN,MIAMBIENTE - Cultivos Mapa Panamá,15,2021,1,1,Bosque latifoliado mixto maduro,Bosque y vegetación natural,vegetacion_forestal_esperada,0,1,1,0,none,Senal compatible con bosque o plantacion forestal,0,0,False,False,False,0.6430119869024382,0.9528057309230518,0.43437644555877897,0.6993464704424021,0,0,0,2,media,Revisar en control de calidad temático/espectral,baja_cantidad_meses_observados,1,1,Auditoría espectral preliminar SRC15 2021,Alerta exploratoria; no constituye validación temática definitiva
12007,S2SR_SRC15_PAN_2021_000008179,SRC15_0012007,PAN_FCL_0048510,SRC15_PAN_2021__XY__7f6532ed48bb,SRC15_PAN_2021__XYY__a257cc7588d2,SRC15_PAN_2021__XYC__49bee57ec085,-82.079149,8.63648,Panamá,PAN,MIAMBIENTE - Cultivos Mapa Panamá,15,2021,1,1,Bosque latifoliado mixto maduro,Bosque y vegetación natural,1,12,2021.0,2021.0,1,11,1,0.08333333333333333,0.0,12.0,12.0,0.7502558853633572,0.7502558853633572,0.7502558853633572,0.7502558853633572,0.757334659373446,0.757334659373446,0.757334659373446,0.757334659373446,0.5432314410480349,0.5432314410480349,0.5432314410480349,0.5432314410480349,1,1,1,1,Bosque latifoliado mixto maduro,1,Bosque y vegetación natural,0,0,0,0,Panamá,PAN,MIAMBIENTE - Cultivos Mapa Panamá,15,2021,1,1,Bosque latifoliado mixto maduro,Bosque y vegetación natural,vegetacion_forestal_esperada,0,1,1,0,none,Senal compatible con bosque o plantacion forestal,0,0,False,False,False,0.6430119869024382,0.9528057309230518,0.43437644555877897,0.6993464704424021,0,0,0,2,media,Revisar en control de calidad temático/espectral,baja_cantidad_meses_observados,1,1,Auditoría espectral preliminar SRC15 2021,Alerta exploratoria; no constituye validación temática definitiva
12008,S2SR_SRC15_PAN_2021_000008365,SRC15_0012008,PAN_FCL_0048514,SRC15_PAN_2021__XY__e7a5bf89954e,SRC15_PAN_2021__XYY__9a321d3146f6,SRC15_PAN_2021__XYC__131ed09994f8,-82.070062,8.636505,Panamá,PAN,MIAMBIENTE - Cultivos Mapa Panamá,15,2021,1,1,Bosque latifoliado mixto maduro,Bosque y vegetación natural,1,12,2021.0,2021.0,1,11,1,0.08333333333333333,0.0,8.0,8.0,0.7673918882621542,0.7673918882621542,0.7673918882621542,0.7673918882621542,0.774067310200887,0.774067310200887,0.774067310200887,0.774067310200887,0.5284333558102945,0.5284333558102945,0.5284333558102945,0.5284333558102945,1,1,1,1,Bosque latifoliado mixto maduro,1,Bosque y vegetación natural,0,0,0,0,Panamá,PAN,MIAMBIENTE - Cultivos Mapa Panamá,15,2021,1,1,Bosque latifoliado mixto maduro,Bosque y vegetación natural,vegetacion_forestal_esperada,0,1,1,0,none,Senal compatible con bosque o plantacion forestal,0,0,False,False,False,0.6430119869024382,0.9528057309230518,0.43437644555877897,0.6993464704424021,0,0,0,2,media,Revisar en control de calidad temático/espectral,baja_cantidad_meses_observados,1,1,Auditoría espectral preliminar SRC15 2021,Alerta exploratoria; no constituye validación temática definitiva
12009,S2SR_SRC15_PAN_2021_000008641,SRC15_0012009,PAN_FCL_0048520,SRC15_PAN_2021__XY__3d91ed228497,SRC15_PAN_2021__XYY__2b13eae14a6b,SRC15_PAN_2021__XYC__101526503ca8,-82.056431,8.636543,Panamá,PAN,MIAMBIENTE - Cultivos Mapa Panamá,15,2021,1,1,Bosque latifoliado mixto maduro,Bosque y vegetación natural,1,12,2021.0,2021.0,2,10,3,0.25,0.0,7.75,7.75,0.7978070845373839,0.7978070845373839,0.7961672473867595,0.7994469216880082,0.8072772451445045,0.8072772451445045,0.8059165053912081,0.8086379848978009,0.5445118624388552,0.5445118624388552,0.5248474796669824,0.5641762452107281,1,1,1,1,Bosque latifoliado mixto maduro,1,Bosque y vegetación natural,0,0,0,0,Panamá,PAN,MIAMBIENTE - Cultivos Mapa Panamá,15,2021,1,1,Bosque latifoliado mixto maduro,Bosque y vegetación natural,vegetacion_forestal_esperada,0,1,1,0,none,Senal compatible con bosque o plantacion forestal,0,0,False,False,False,0.6430119869024382,0.9528057309230518,0.43437644555877897,0.6993464704424021,0,0,0,2,media,Revisar en control de calidad temático/espectral,baja_cantidad_meses_observados,1,1,Auditoría espectral preliminar SRC15 2021,Alerta exploratoria; no constituye validación temática definitiva
12010,S2SR_SRC15_PAN_2021_000008733,SRC15_0012010,PAN_FCL_0048522,SRC15_PAN_2021__XY__90c855d0b748,SRC15_PAN_2021__XYY__9f26f27d3de6,SRC15_PAN_2021__XYC__ad235963080a,-82.051887,8.636555,Panamá,PAN,MIAMBIENTE - Cultivos Mapa Panamá,15,2021,1,1,Bosque latifoliado mixto maduro,Bosque y vegetación natural,1,12,2021.0,2021.0,2,10,4,0.3333333333333333,0.0,4.5,4.5,0.82834078876589,0.82834078876589,0.8217703349282297,0.8349112426035504,0.8342858132603781,0.8342858132603781,0.8286864041391204,0.8398852223816357,0.556831709585476,0.556831709585476,0.53006253006253,0.5836008891084219,1,1,1,1,Bosque latifoliado mixto maduro,1,Bosque y vegetación natural,0,0,0,0,Panamá,PAN,MIAMBIENTE - Cultivos Mapa Panamá,15,2021,1,1,Bosque latifoliado mixto maduro,Bosque y vegetación natural,vegetacion_forestal_esperada,0,1,0,0,none,Senal compatible con bosque o plantacion forestal,0,0,False,False,False,0.6430119869024382,0.9528057309230518,0.43437644555877897,0.6993464704424021,0,0,0,1,baja,Revisar si pertenece a clase o fuente prioritaria,baja_cantidad_meses_observados,1,0,Auditoría espectral preliminar SRC15 2021,Alerta exploratoria; no constituye validación temática definitiva
12011,S2SR_SRC15_PAN_2021_000008825,SRC15_0012011,PAN_FCL_0048524,SRC15_PAN_2021__XY__7fd25ee7205c,SRC15_PAN_2021__XYY__1d8ab9114e37,SRC15_PAN_2021__XYC__c9cc8f921b9c,-82.047343,8.636568,Panamá,PAN,MIAMBIENTE - Cultivos Mapa Panamá,15,2021,1,1,Bosque latifoliado mixto maduro,Bosque y vegetación natural,1,12,2021.0,2021.0,2,10,2,0.16666666666666666,0.0,4.0,4.0,0.8387511729436432,0.8387511729436432,0.8056206088992974,0.871881736987989,0.8445631501502391,0.8445631501502391,0.8139013452914797,0.8752249550089983,0.5419835657514375,0.5419835657514375,0.4967622571692877,0.5872048743335873,1,1,1,1,Bosque latifoliado mixto maduro,1,Bosque y vegetación natural,0,0,0,0,Panamá,PAN,MIAMBIENTE - Cultivos Mapa Panamá,15,2021,1,1,Bosque latifoliado mixto maduro,Bosque y vegetación natural,vegetacion_forestal_esperada,0,1,1,0,none,Senal compatible con bosque o plantacion forestal,0,0,False,False,False,0.6430119869024382,0.9528057309230518,0.43437644555877897,0.6993464704424021,0,0,0,2,media,Revisar en control de calidad temático/espectral,baja_cantidad_meses_observados,1,1,Auditoría espectral preliminar SRC15 2021,Alerta exploratoria; no constituye validación temática definitiva
12012,S2SR_SRC15_PAN_2021_000008917,SRC15_0012012,PAN_FCL_0048526,SRC15_PAN_2021__XY__d2440d6c2732,SRC15_PAN_2021__XYY__8ebb549abf62,SRC15_PAN_2021__XYC__6fca4b60be10,-82.042799,8.63658,Panamá,PAN,MIAMBIENTE - Cultivos Mapa Panamá,15,2021,1,1,Bosque latifoliado mixto maduro,Bosque y vegetación natural,1,12,2021.0,2021.0,3,9,3,0.25,0.0,6.0,8.666666666666666,0.852985788243351,0.8524007113218732,0.8469535085186254,0.8596031448895546,0.8481310911002161,0.8583617747440274,0.8221476510067114,0.8638838475499093,0.5823626647831214,0.5932699341623994,0.523141654978962,0.6306764052080026,1,1,1,1,Bosque latifoliado mixto maduro,1,Bosque y vegetación natural,0,0,0,0,Panamá,PAN,MIAMBIENTE - Cultivos Mapa Panamá,15,2021,1,1,Bosque latifoliado mixto maduro,Bosque y vegetación natural,vegetacion_forestal_esperada,0,1,1,0,none,Senal compatible con bosque o plantacion forestal,0,0,False,False,False,0.6430119869024382,0.9528057309230518,0.43437644555877897,0.6993464704424021,0,0,0,2,media,Revisar en control de calidad temático/espectral,baja_cantidad_meses_observados,1,1,Auditoría espectral preliminar SRC15 2021,Alerta exploratoria; no constituye validación temática definitiva
12019,S2SR_SRC15_PAN_2021_000009579,SRC15_0012019,PAN_FCL_0048540,SRC15_PAN_2021__XY__cadd8ef68593,SRC15_PAN_2021__XYY__e079513843d2,SRC15_PAN_2021__XYC__d59219e0e051,-82.010992,8.636665,Panamá,PAN,MIAMBIENTE - Cultivos Mapa Panamá,15,2021,1,1,Bosque latifoliado mixto maduro,Bosque y vegetación natural,1,12,2021.0,2021.0,3,9,3,0.25,0.0,1.0,5.0,0.866745842352993,0.8709535344637745,0.8562146300565919,0.8730693625386127,0.8734597708738279,0.8729980331553807,0.8683806600153492,0.8790006194507537,0.5908396937362731,0.587286063569682,0.582058414464534,0.6031746031746031,1,1,1,1,Bosque latifoliado mixto maduro,1,Bosque y vegetación natural,0,0,0,0,Panamá,PAN,MIAMBIENTE - Cultivos Mapa Panamá,15,2021,1,1,Bosque latifoliado mixto maduro,Bosque y vegetación natural,vegetacion_forestal_esperada,0,1,1,0,none,Senal compatible con bosque o plantacion forestal,0,0,False,False,False,0.6430119869024382,0.9528057309230518,0.43437644555877897,0.6993464704424021,0,0,0,2,media,Revisar en control de calidad temático/espectral,baja_cantidad_meses_observados,1,1,Auditoría espectral preliminar SRC15 2021,Alerta exploratoria; no constituye validación temática definitiva
12021,S2SR_SRC15_PAN_2021_000010067,SRC15_0012021,PAN_FCL_0048550,SRC15_PAN_2021__XY__7b728f38c14e,SRC15_PAN_2021__XYY__79a1535a571f,SRC15_PAN_2021__XYC__f6701a54ef96,-81.988273,8.636725,Panamá,PAN,MIAMBIENTE - Cultivos Mapa Panamá,15,2021,1,1,Bosque latifoliado mixto maduro,Bosque y vegetación natural,1,12,2021.0,2021.0,2,10,2,0.16666666666666666,0.0,1.5,1.5,0.8533978662421323,0.8533978662421323,0.8516425291416461,0.8551532033426186,0.8713581899985692,0.8713581899985692,0.8675496688741721,0.8751667111229663,0.5867864291447673,0.5867864291447673,0.5790655884995508,0.5945072697899838,1,1,1,1,Bosque latifoliado mixto maduro,1,Bosque y vegetación natural,0,0,0,0,Panamá,PAN,MIAMBIENTE - Cultivos Mapa Panamá,15,2021,1,1,Bosque latifoliado mixto maduro,Bosque y vegetación natural,vegetacion_forestal_esperada,0,1,1,0,none,Senal compatible con bosque o plantacion forestal,0,0,False,False,False,0.6430119869024382,0.9528057309230518,0.43437644555877897,0.6993464704424021,0,0,0,2,media,Revisar en control de calidad temático/espectral,baja_cantidad_meses_observados,1,1,Auditoría espectral preliminar SRC15 2021,Alerta exploratoria; no constituye validación temática definitiva
12022,S2SR_SRC15_PAN_2021_000010662,SRC15_0012022,PAN_FCL_0048562,SRC15_PAN_2021__XY__4c73f19d8a75,SRC15_PAN_2021__XYY__76b7695453aa,SRC15_PAN_2021__XYC__7e67edcfca17,-81.961009,8.636794,Panamá,PAN,MIAMBIENTE - Cultivos Mapa Panamá,15,2021,1,1,Bosque latifoliado mixto maduro,Bosque y vegetación natural,1,12,2021.0,2021.0,3,9,3,0.25,0.0,4.0,6.666666666666667,0.8282698635532237,0.842456608811749,0.7837393922803176,0.8586135895676047,0.8382119455624628,0.8554364471669218,0.795442775763853,0.8637566137566137,0.5672432455992357,0.5637583892617449,0.5263042042703059,0.6116671432656562,1,1,1,1,Bosque latifoliado mixto maduro,1,Bosque y vegetación natural,0,0,0,0,Panamá,PAN,MIAMBIENTE - Cultivos Mapa Panamá,15,2021,1,1,Bosque latifoliado mixto maduro,Bosque y vegetación natural,vegetacion_forestal_esperada,0,1,1,0,none,Senal compatible con bosque o plantacion forestal,0,0,False,False,False,0.6430119869024382,0.9528057309230518,0.43437644555877897,0.6993464704424021,0,0,0,2,media,Revisar en control de calidad temático/espectral,baja_cantidad_meses_observados,1,1,Auditoría espectral preliminar SRC15 2021,Alerta exploratoria; no constituye validación temática definitiva
12023,S2SR_SRC15_PAN_2021_000010762,SRC15_0012023,PAN_FCL_0048564,SRC15_PAN_2021__XY__186ba3e880d0,SRC15_PAN_2021__XYY__b083636a206c,SRC15_PAN_2021__XYC__59b823bfae51,-81.956466,8.636805,Panamá,PAN,MIAMBIENTE - Cultivos Mapa Panamá,15,2021,1,1,Bosque latifoliado mixto maduro,Bosque y vegetación natural,1,12,2021.0,2021.0,2,10,2,0.16666666666666666,0.0,10.0,10.0,0.7750933539229283,0.7750933539229283,0.6952444742129941,0.8549422336328626,0.790524784813611,0.790524784813611,0.7198275862068966,0.8612219834203254,0.5288854879353815,0.5288854879353815,0.4646040901940219,0.593166885676741,1,1,1,1,Bosque latifoliado mixto maduro,1,Bosque y vegetación natural,0,0,0,0,Panamá,PAN,MIAMBIENTE - Cultivos Mapa Panamá,15,2021,1,1,Bosque latifoliado mixto maduro,Bosque y vegetación natural,vegetacion_forestal_esperada,0,1,1,0,none,Senal compatible con bosque o plantacion forestal,0,0,False,False,False,0.6430119869024382,0.9528057309230518,0.43437644555877897,0.6993464704424021,0,0,0,2,media,Revisar en control de calidad temático/espectral,baja_cantidad_meses_observados,1,1,Auditoría espectral preliminar SRC15 2021,Alerta exploratoria; no constituye validación temática definitiva
12024,S2SR_SRC15_PAN_2021_000010863,SRC15_0012024,PAN_FCL_0048566,SRC15_PAN_2021__XY__474438f7d77b,SRC15_PAN_2021__XYY__b7a1d7b23133,SRC15_PAN_2021__XYC__48ff90dfe690,-81.951922,8.636817,Panamá,PAN,MIAMBIENTE - Cultivos Mapa Panamá,15,2021,1,1,Bosque latifoliado mixto maduro,Bosque y vegetación natural,1,12,2021.0,2021.0,2,10,2,0.16666666666666666,0.0,21.5,21.5,0.737266204895991,0.737266204895991,0.6450175849941384,0.8295148247978438,0.7482106581371288,0.7482106581371288,0.6561435384964798,0.8402777777777779,0.5221684624759767,0.5221684624759767,0.4767112191170515,0.5676257058349019,1,1,1,1,Bosque latifoliado mixto maduro,1,Bosque y vegetación natural,0,0,0,0,Panamá,PAN,MIAMBIENTE - Cultivos Mapa Panamá,15,2021,1,1,Bosque latifoliado mixto maduro,Bosque y vegetación natural,vegetacion_forestal_esperada,0,1,1,0,none,Senal compatible con bosque o plantacion forestal,0,0,False,False,False,0.6430119869024382,0.9528057309230518,0.43437644555877897,0.6993464704424021,0,0,0,2,media,Revisar en control de calidad temático/espectral,baja_cantidad_meses_observados,1,1,Auditoría espectral preliminar SRC15 2021,Alerta exploratoria; no constituye validación temática definitiva
12025,S2SR_SRC15_PAN_2021_000010964,SRC15_0012025,PAN_FCL_0048568,SRC15_PAN_2021__XY__f3294caaad5d,SRC15_PAN_2021__XYY__652c565ace65,SRC15_PAN_2021__XYC__53031c9ff284,-81.947378,8.636828,Panamá,PAN,MIAMBIENTE - Cultivos Mapa Panamá,15,2021,1,1,Bosque latifoliado mixto maduro,Bosque y vegetación natural,1,12,2021.0,2021.0,2,10,2,0.16666666666666666,0.0,29.0,29.0,0.6848482129043203,0.6848482129043203,0.4930063230503927,0.8766901027582478,0.6970982140807638,0.6970982140807638,0.5142280154213328,0.8799684127401949,0.49236422581720435,0.49236422581720435,0.358590018118926,0.6261384335154827,1,1,1,1,Bosque latifoliado mixto maduro,1,Bosque y vegetación natural,0,0,0,0,Panamá,PAN,MIAMBIENTE - Cultivos Mapa Panamá,15,2021,1,1,Bosque latifoliado mixto maduro,Bosque y vegetación natural,vegetacion_forestal_esperada,0,1,1,0,none,Senal compatible con bosque o plantacion forestal,0,0,False,False,False,0.6430119869024382,0.9528057309230518,0.43437644555877897,0.6993464704424021,0,0,0,2,media,Revisar en control de calidad temático/espectral,baja_cantidad_meses_observados,1,1,Auditoría espectral preliminar SRC15 2021,Alerta exploratoria; no constituye validación temática definitiva
12026,S2SR_SRC15_PAN_2021_000011065,SRC15_0012026,PAN_FCL_0048570,SRC15_PAN_2021__XY__2ec292a68195,SRC15_PAN_2021__XYY__817ac314713c,SRC15_PAN_2021__XYC__d3b2556c20eb,-81.942834,8.636839,Panamá,PAN,MIAMBIENTE - Cultivos Mapa Panamá,15,2021,1,1,Bosque latifoliado mixto maduro,Bosque y vegetación natural,1,12,2021.0,2021.0,1,11,1,0.08333333333333333,0.0,1.0,1.0,0.9020240539747728,0.9020240539747728,0.9020240539747728,0.9020240539747728,0.8945707070707071,0.8945707070707071,0.8945707070707071,0.8945707070707071,0.6511691884456671,0.6511691884456671,0.6511691884456671,0.6511691884456671,1,1,1,1,Bosque latifoliado mixto maduro,1,Bosque y vegetación natural,0,0,0,0,Panamá,PAN,MIAMBIENTE - Cultivos Mapa Panamá,15,2021,1,1,Bosque latifoliado mixto maduro,Bosque y vegetación natural,vegetacion_forestal_esperada,0,1,1,0,none,Senal compatible con bosque o plantacion forestal,0,0,False,False,False,0.6430119869024382,0.9528057309230518,0.43437644555877897,0.6993464704424021,0,0,0,2,media,Revisar en control de calidad temático/espectral,baja_cantidad_meses_observados,1,1,Auditoría espectral preliminar SRC15 2021,Alerta exploratoria; no constituye validación temática definitiva
12027,S2SR_SRC15_PAN_2021_000011166,SRC15_0012027,PAN_FCL_0048572,SRC15_PAN_2021__XY__bfffddc0ee44,SRC15_PAN_2021__XYY__8d1ebe6ccf46,SRC15_PAN_2021__XYC__20f3558c5923,-81.93829,8.63685,Panamá,PAN,MIAMBIENTE - Cultivos Mapa Panamá,15,2021,1,1,Bosque latifoliado mixto maduro,Bosque y vegetación natural,1,12,2021.0,2021.0,3,9,4,0.3333333333333333,0.0,20.5,18.5,0.7736773557048114,0.7788944723618091,0.6590207116357419,0.8831168831168831,0.7883624305408446,0.8013399359161083,0.6756934557323393,0.8880538999740866,0.5379973144555502,0.5477412088599676,0.4496543289153807,0.6165964055913025,1,1,1,1,Bosque latifoliado mixto maduro,1,Bosque y vegetación natural,0,0,0,0,Panamá,PAN,MIAMBIENTE - Cultivos Mapa Panamá,15,2021,1,1,Bosque latifoliado mixto maduro,Bosque y vegetación natural,vegetacion_forestal_esperada,0,1,0,0,none,Senal compatible con bosque o plantacion forestal,0,0,False,False,False,0.6430119869024382,0.9528057309230518,0.43437644555877897,0.6993464704424021,0,0,0,1,baja,Revisar si pertenece a clase o fuente prioritaria,baja_cantidad_meses_observados,1,0,Auditoría espectral preliminar SRC15 2021,Alerta exploratoria; no constituye validación temática definitiva
12028,S2SR_SRC15_PAN_2021_000011267,SRC15_0012028,PAN_FCL_0048574,SRC15_PAN_2021__XY__346124b8110f,SRC15_PAN_2021__XYY__96044a882457,SRC15_PAN_2021__XYC__e790564e3dcc,-81.933746,8.636861,Panamá,PAN,MIAMBIENTE - Cultivos Mapa Panamá,15,2021,1,1,Bosque latifoliado mixto maduro,Bosque y vegetación natural,1,12,2021.0,2021.0,2,10,2,0.16666666666666666,0.0,15.0,15.0,0.7491211494750847,0.7491211494750847,0.6501286291804483,0.8481136697697209,0.7658621383498427,0.7658621383498427,0.6738609112709831,0.8578633654287023,0.5133342542941239,0.5133342542941239,0.4404481132075473,0.5862203953807007,1,1,1,1,Bosque latifoliado mixto maduro,1,Bosque y vegetación natural,0,0,0,0,Panamá,PAN,MIAMBIENTE - Cultivos Mapa Panamá,15,2021,1,1,Bosque latifoliado mixto maduro,Bosque y vegetación natural,vegetacion_forestal_esperada,0,1,1,0,none,Senal compatible con bosque o plantacion forestal,0,0,False,False,False,0.6430119869024382,0.9528057309230518,0.43437644555877897,0.6993464704424021,0,0,0,2,media,Revisar en control de calidad temático/espectral,baja_cantidad_meses_observados,1,1,Auditoría espectral preliminar SRC15 2021,Alerta exploratoria; no constituye validación temática definitiva
12029,S2SR_SRC15_PAN_2021_000011368,SRC15_0012029,PAN_FCL_0048576,SRC15_PAN_2021__XY__32de06998fb7,SRC15_PAN_2021__XYY__c6d3fe035493,SRC15_PAN_2021__XYC__f0d6e878fe5b,-81.929202,8.636872,Panamá,PAN,MIAMBIENTE - Cultivos Mapa Panamá,15,2021,1,1,Bosque latifoliado mixto maduro,Bosque y vegetación natural,1,12,2021.0,2021.0,1,11,1,0.08333333333333333,0.0,1.0,1.0,0.8763240767248783,0.8763240767248783,0.8763240767248783,0.8763240767248783,0.8808604522890237,0.8808604522890237,0.8808604522890237,0.8808604522890237,0.5901142457449288,0.5901142457449288,0.5901142457449288,0.5901142457449288,1,1,1,1,Bosque latifoliado mixto maduro,1,Bosque y vegetación natural,0,0,0,0,Panamá,PAN,MIAMBIENTE - Cultivos Mapa Panamá,15,2021,1,1,Bosque latifoliado mixto maduro,Bosque y vegetación natural,vegetacion_forestal_esperada,0,1,1,0,none,Senal compatible con bosque o plantacion forestal,0,0,False,False,False,0.6430119869024382,0.9528057309230518,0.43437644555877897,0.6993464704424021,0,0,0,2,media,Revisar en control de calidad temático/espectral,baja_cantidad_meses_observados,1,1,Auditoría espectral preliminar SRC15 2021,Alerta exploratoria; no constituye validación temática definitiva
12030,S2SR_SRC15_PAN_2021_000011469,SRC15_0012030,PAN_FCL_0048578,SRC15_PAN_2021__XY__77075f46b0dc,SRC15_PAN_2021__XYY__365f14b59b17,SRC15_PAN_2021__XYC__b238869cf383,-81.924658,8.636883,Panamá,PAN,MIAMBIENTE - Cultivos Mapa Panamá,15,2021,1,1,Bosque latifoliado mixto maduro,Bosque y vegetación natural,1,12,2021.0,2021.0,1,11,1,0.08333333333333333,0.0,14.0,14.0,0.719332204210017,0.719332204210017,0.719332204210017,0.719332204210017,0.7297297297297297,0.7297297297297297,0.7297297297297297,0.7297297297297297,0.4898655428456752,0.4898655428456752,0.4898655428456752,0.4898655428456752,1,1,1,1,Bosque latifoliado mixto maduro,1,Bosque y vegetación natural,0,0,0,0,Panamá,PAN,MIAMBIENTE - Cultivos Mapa Panamá,15,2021,1,1,Bosque latifoliado mixto maduro,Bosque y vegetación natural,vegetacion_forestal_esperada,0,1,1,0,none,Senal compatible con bosque o plantacion forestal,0,0,False,False,False,0.6430119869024382,0.9528057309230518,0.43437644555877897,0.6993464704424021,0,0,0,2,media,Revisar en control de calidad temático/espectral,baja_cantidad_meses_observados,1,1,Auditoría espectral preliminar SRC15 2021,Alerta exploratoria; no constituye validación temática definitiva
12031,S2SR_SRC15_PAN_2021_000011571,SRC15_0012031,PAN_FCL_0048580,SRC15_PAN_2021__XY__42b0f87d42c3,SRC15_PAN_2021__XYY__40e64c3c5cb1,SRC15_PAN_2021__XYC__f2837eefae19,-81.920114,8.636894,Panamá,PAN,MIAMBIENTE - Cultivos Mapa Panamá,15,2021,1,1,Bosque latifoliado mixto maduro,Bosque y vegetación natural,1,12,2021.0,2021.0,2,10,2,0.16666666666666666,0.0,22.5,22.5,0.6776109390016156,0.6776109390016156,0.6125473974491555,0.7426744805540756,0.7071517862720542,0.7071517862720542,0.6428344455036543,0.7714691270404542,0.5097874516277421,0.5097874516277421,0.4775650185767362,0.5420098846787479,1,1,1,1,Bosque latifoliado mixto maduro,1,Bosque y vegetación natural,0,0,0,0,Panamá,PAN,MIAMBIENTE - Cultivos Mapa Panamá,15,2021,1,1,Bosque latifoliado mixto maduro,Bosque y vegetación natural,vegetacion_forestal_esperada,0,1,1,0,none,Senal compatible con bosque o plantacion forestal,0,0,False,False,False,0.6430119869024382,0.9528057309230518,0.43437644555877897,0.6993464704424021,0,0,0,2,media,Revisar en control de calidad temático/espectral,baja_cantidad_meses_observados,1,1,Auditoría espectral preliminar SRC15 2021,Alerta exploratoria; no constituye validación temática definitiva
12032,S2SR_SRC15_PAN_2021_000011672,SRC15_0012032,PAN_FCL_0048582,SRC15_PAN_2021__XY__fd9fed1d1aff,SRC15_PAN_2021__XYY__9a5d15b6b17b,SRC15_PAN_2021__XYC__7bf716489efd,-81.91557,8.636905,Panamá,PAN,MIAMBIENTE - Cultivos Mapa Panamá,15,2021,1,1,Bosque latifoliado mixto maduro,Bosque y vegetación natural,1,12,2021.0,2021.0,2,10,2,0.16666666666666666,0.0,10.5,10.5,0.8219491633571473,0.8219491633571473,0.8094326071343069,0.8344657195799877,0.8327267466152409,0.8327267466152409,0.8241272646928856,0.8413262285375963,0.5699876543352055,0.5699876543352055,0.5434660684240045,0.5965092402464065,1,1,1,1,Bosque latifoliado mixto maduro,1,Bosque y vegetación natural,0,0,0,0,Panamá,PAN,MIAMBIENTE - Cultivos Mapa Panamá,15,2021,1,1,Bosque latifoliado mixto maduro,Bosque y vegetación natural,vegetacion_forestal_esperada,0,1,1,0,none,Senal compatible con bosque o plantacion forestal,0,0,False,False,False,0.6430119869024382,0.9528057309230518,0.43437644555877897,0.6993464704424021,0,0,0,2,media,Revisar en control de calidad temático/espectral,baja_cantidad_meses_observados,1,1,Auditoría espectral preliminar SRC15 2021,Alerta exploratoria; no constituye validación temática definitiva
12034,S2SR_SRC15_PAN_2021_000011879,SRC15_0012034,PAN_FCL_0048586,SRC15_PAN_2021__XY__e0ccd6a1d5ae,SRC15_PAN_2021__XYY__cc007518a6fe,SRC15_PAN_2021__XYC__5179f664b188,-81.906482,8.636927,Panamá,PAN,MIAMBIENTE - Cultivos Mapa Panamá,15,2021,1,1,Bosque latifoliado mixto maduro,Bosque y vegetación natural,1,12,2021.0,2021.0,2,10,8,0.6666666666666666,0.0,7.75,7.75,0.8118011159903582,0.8118011159903582,0.7787588289933274,0.8448434029873891,0.8452474100282286,0.8452474100282286,0.8338384037108935,0.8566564163455637,0.6310453716315949,0.6310453716315949,0.6266412798146076,0.6354494634485821,1,1,1,1,Bosque latifoliado mixto maduro,1,Bosque y vegetación natural,0,0,0,0,Panamá,PAN,MIAMBIENTE - Cultivos Mapa Panamá,15,2021,1,1,Bosque latifoliado mixto maduro,Bosque y vegetación natural,vegetacion_forestal_esperada,0,1,0,0,none,Senal compatible con bosque o plantacion forestal,0,0,False,False,False,0.6430119869024382,0.9528057309230518,0.43437644555877897,0.6993464704424021,0,0,0,1,baja,Revisar si pertenece a clase o fuente prioritaria,baja_cantidad_meses_observados,1,0,Auditoría espectral preliminar SRC15 2021,Alerta exploratoria; no constituye validación temática definitiva
12035,S2SR_SRC15_PAN_2021_000011983,SRC15_0012035,PAN_FCL_0048588,SRC15_PAN_2021__XY__ba459b21d120,SRC15_PAN_2021__XYY__464eeef2397e,SRC15_PAN_2021__XYC__7c01cf76be2b,-81.901938,8.636937,Panamá,PAN,MIAMBIENTE - Cultivos Mapa Panamá,15,2021,1,1,Bosque latifoliado mixto maduro,Bosque y vegetación natural,1,12,2021.0,2021.0,3,9,6,0.5,0.0,12.0,19.5,0.7677564359582894,0.7827711166312132,0.6483147070884157,0.8721834841552389,0.7793634273661038,0.7974065531859769,0.6652779744346413,0.8754057544776932,0.5384537838231195,0.5456081346629935,0.4425080471830422,0.6272451696233228,1,1,1,1,Bosque latifoliado mixto maduro,1,Bosque y vegetación natural,0,0,0,0,Panamá,PAN,MIAMBIENTE - Cultivos Mapa Panamá,15,2021,1,1,Bosque latifoliado mixto maduro,Bosque y vegetación natural,vegetacion_forestal_esperada,0,1,0,0,none,Senal compatible con bosque o plantacion forestal,0,0,False,False,False,0.6430119869024382,0.9528057309230518,0.43437644555877897,0.6993464704424021,0,0,0,1,baja,Revisar si pertenece a clase o fuente prioritaria,baja_cantidad_meses_observados,1,0,Auditoría espectral preliminar SRC15 2021,Alerta exploratoria; no constituye validación temática definitiva
12037,S2SR_SRC15_PAN_2021_000012190,SRC15_0012037,PAN_FCL_0048592,SRC15_PAN_2021__XY__8657ebc71615,SRC15_PAN_2021__XYY__5adf82194dcc,SRC15_PAN_2021__XYC__5fa8facab2b9,-81.89285,8.636959,Panamá,PAN,MIAMBIENTE - Cultivos Mapa Panamá,15,2021,1,1,Bosque latifoliado mixto maduro,Bosque y vegetación natural,1,12,2021.0,2021.0,3,9,8,0.6666666666666666,0.0,12.0,15.0,0.7913509517224249,0.8055368425681222,0.6915694107642096,0.876946601834943,0.8080196481397599,0.8083135599028931,0.7406394218678237,0.875105962648563,0.5653667909227603,0.5578492452782893,0.5293545359244228,0.6088965915655691,1,1,1,1,Bosque latifoliado mixto maduro,1,Bosque y vegetación natural,0,0,0,0,Panamá,PAN,MIAMBIENTE - Cultivos Mapa Panamá,15,2021,1,1,Bosque latifoliado mixto maduro,Bosque y vegetación natural,vegetacion_forestal_esperada,0,1,0,0,none,Senal compatible con bosque o plantacion forestal,0,0,False,False,False,0.6430119869024382,0.9528057309230518,0.43437644555877897,0.6993464704424021,0,0,0,1,baja,Revisar si pertenece a clase o fuente prioritaria,baja_cantidad_meses_observados,1,0,Auditoría espectral preliminar SRC15 2021,Alerta exploratoria; no constituye validación temática definitiva
12077,S2SR_SRC15_PAN_2021_000007715,SRC15_0012077,PAN_FCL_0048774,SRC15_PAN_2021__XY__483355c095f5,SRC15_PAN_2021__XYY__0c9608875b22,SRC15_PAN_2021__XYC__627057d1a1c3,-82.101875,8.638676,Panamá,PAN,MIAMBIENTE - Cultivos Mapa Panamá,15,2021,1,1,Bosque latifoliado mixto maduro,Bosque y vegetación natural,1,12,2021.0,2021.0,2,10,2,0.16666666666666666,0.0,20.0,20.0,0.7168847093106774,0.7168847093106774,0.6387243735763096,0.7950450450450451,0.7271651076573813,0.7271651076573813,0.6497349823321555,0.8045952329826069,0.5230043797321879,0.5230043797321879,0.47134134331298,0.5746674161513959,1,1,1,1,Bosque latifoliado mixto maduro,1,Bosque y vegetación natural,0,0,0,0,Panamá,PAN,MIAMBIENTE - Cultivos Mapa Panamá,15,2021,1,1,Bosque latifoliado mixto maduro,Bosque y vegetación natural,vegetacion_forestal_esperada,0,1,1,0,none,Senal compatible con bosque o plantacion forestal,0,0,False,False,False,0.6430119869024382,0.9528057309230518,0.43437644555877897,0.6993464704424021,0,0,0,2,media,Revisar en control de calidad temático/espectral,baja_cantidad_meses_observados,1,1,Auditoría espectral preliminar SRC15 2021,Alerta exploratoria; no constituye validación temática definitiva
12078,S2SR_SRC15_PAN_2021_000007901,SRC15_0012078,PAN_FCL_0048778,SRC15_PAN_2021__XY__b1f6b694df9b,SRC15_PAN_2021__XYY__d779360b0d96,SRC15_PAN_2021__XYC__fd69d7011e73,-82.092787,8.638702,Panamá,PAN,MIAMBIENTE - Cultivos Mapa Panamá,15,2021,1,1,Bosque latifoliado mixto maduro,Bosque y vegetación natural,1,12,2021.0,2021.0,0,12,0,0.0,0.0,,,,,,,,,,,,,,,1,1,1,1,Bosque latifoliado mixto maduro,1,Bosque y vegetación natural,0,0,0,0,Panamá,PAN,MIAMBIENTE - Cultivos Mapa Panamá,15,2021,1,1,Bosque latifoliado mixto maduro,Bosque y vegetación natural,vegetacion_forestal_esperada,1,0,1,0,none,Sin NDVI/NDRE anual disponible,0,0,False,False,False,0.6430119869024382,0.9528057309230518,0.43437644555877897,0.6993464704424021,0,0,0,2,alta_sin_datos,Revisar disponibilidad satelital o excluir de análisis espectral,sin_datos_espectrales,1,1,Auditoría espectral preliminar SRC15 2021,Alerta exploratoria; no constituye validación temática definitiva
12079,S2SR_SRC15_PAN_2021_000008272,SRC15_0012079,PAN_FCL_0048786,SRC15_PAN_2021__XY__58cd2ec2b074,SRC15_PAN_2021__XYY__b8cc777e27f7,SRC15_PAN_2021__XYC__2ea2af6782ec,-82.074612,8.638753,Panamá,PAN,MIAMBIENTE - Cultivos Mapa Panamá,15,2021,1,1,Bosque latifoliado mixto maduro,Bosque y vegetación natural,1,12,2021.0,2021.0,1,11,1,0.08333333333333333,0.0,19.0,19.0,0.6287947645882566,0.6287947645882566,0.6287947645882566,0.6287947645882566,0.6433810688089416,0.6433810688089416,0.6433810688089416,0.6433810688089416,0.4501464016027123,0.4501464016027123,0.4501464016027123,0.4501464016027123,1,1,1,1,Bosque latifoliado mixto maduro,1,Bosque y vegetación natural,0,0,0,0,Panamá,PAN,MIAMBIENTE - Cultivos Mapa Panamá,15,2021,1,1,Bosque latifoliado mixto maduro,Bosque y vegetación natural,vegetacion_forestal_esperada,0,1,1,0,none,Senal compatible con bosque o plantacion forestal,0,0,False,True,False,0.6430119869024382,0.9528057309230518,0.43437644555877897,0.6993464704424021,1,0,0,3,media,Revisar en control de calidad temático/espectral,rareza_espectral_por_clase_anio,1,1,Auditoría espectral preliminar SRC15 2021,Alerta exploratoria; no constituye validación temática definitiva
12080,S2SR_SRC15_PAN_2021_000008456,SRC15_0012080,PAN_FCL_0048790,SRC15_PAN_2021__XY__bb22a74c8b2c,SRC15_PAN_2021__XYY__14de73060cfa,SRC15_PAN_2021__XYC__9344d1095217,-82.065524,8.638779,Panamá,PAN,MIAMBIENTE - Cultivos Mapa Panamá,15,2021,1,1,Bosque latifoliado mixto maduro,Bosque y vegetación natural,1,12,2021.0,2021.0,2,10,2,0.16666666666666666,0.0,16.0,16.0,0.7418537312577047,0.7418537312577047,0.7382529170608642,0.7454545454545454,0.7447644957293855,0.7447644957293855,0.7334617854849069,0.7560672059738642,0.5241101327607312,0.5241101327607312,0.504878728742682,0.5433415367787804,1,1,1,1,Bosque latifoliado mixto maduro,1,Bosque y vegetación natural,0,0,0,0,Panamá,PAN,MIAMBIENTE - Cultivos Mapa Panamá,15,2021,1,1,Bosque latifoliado mixto maduro,Bosque y vegetación natural,vegetacion_forestal_esperada,0,1,1,0,none,Senal compatible con bosque o plantacion forestal,0,0,False,False,False,0.6430119869024382,0.9528057309230518,0.43437644555877897,0.6993464704424021,0,0,0,2,media,Revisar en control de calidad temático/espectral,baja_cantidad_meses_observados,1,1,Auditoría espectral preliminar SRC15 2021,Alerta exploratoria; no constituye validación temática definitiva
12081,S2SR_SRC15_PAN_2021_000008548,SRC15_0012081,PAN_FCL_0048792,SRC15_PAN_2021__XY__4260078a9ec3,SRC15_PAN_2021__XYY__a988318c09ab,SRC15_PAN_2021__XYC__36d9ff24fe06,-82.060981,8.638791,Panamá,PAN,MIAMBIENTE - Cultivos Mapa Panamá,15,2021,1,1,Bosque latifoliado mixto maduro,Bosque y vegetación natural,1,12,2021.0,2021.0,2,10,2,0.16666666666666666,0.0,9.0,9.0,0.7672407460827839,0.7672407460827839,0.6752662721893491,0.8592152199762187,0.778116207269726,0.778116207269726,0.686256574434027,0.869975840105425,0.5496533474470213,0.5496533474470213,0.5058198897284052,0.5934868051656373,1,1,1,1,Bosque latifoliado mixto maduro,1,Bosque y vegetación natural,0,0,0,0,Panamá,PAN,MIAMBIENTE - Cultivos Mapa Panamá,15,2021,1,1,Bosque latifoliado mixto maduro,Bosque y vegetación natural,vegetacion_forestal_esperada,0,1,1,0,none,Senal compatible con bosque o plantacion forestal,0,0,False,False,False,0.6430119869024382,0.9528057309230518,0.43437644555877897,0.6993464704424021,0,0,0,2,media,Revisar en control de calidad temático/espectral,baja_cantidad_meses_observados,1,1,Auditoría espectral preliminar SRC15 2021,Alerta exploratoria; no constituye validación temática definitiva
12083,S2SR_SRC15_PAN_2021_000009869,SRC15_0012083,PAN_FCL_0048820,SRC15_PAN_2021__XY__0c0bfa90dee3,SRC15_PAN_2021__XYY__05f1d420fe90,SRC15_PAN_2021__XYC__2859243b7fe9,-81.997367,8.638962,Panamá,PAN,MIAMBIENTE - Cultivos Mapa Panamá,15,2021,1,1,Bosque latifoliado mixto maduro,Bosque y vegetación natural,1,12,2021.0,2021.0,3,9,3,0.25,0.0,19.0,19.0,0.8204398076059367,0.8031141868512109,0.7740850642927795,0.8841201716738198,0.8265108691370148,0.8124278885775508,0.7831782798557053,0.8839264389777884,0.586403253099249,0.5812482024733967,0.5529100529100529,0.6250515039142974,1,1,1,1,Bosque latifoliado mixto maduro,1,Bosque y vegetación natural,0,0,0,0,Panamá,PAN,MIAMBIENTE - Cultivos Mapa Panamá,15,2021,1,1,Bosque latifoliado mixto maduro,Bosque y vegetación natural,vegetacion_forestal_esperada,0,1,1,0,none,Senal compatible con bosque o plantacion forestal,0,0,False,False,False,0.6430119869024382,0.9528057309230518,0.43437644555877897,0.6993464704424021,0,0,0,2,media,Revisar en control de calidad temático/espectral,baja_cantidad_meses_observados,1,1,Auditoría espectral preliminar SRC15 2021,Alerta exploratoria; no constituye validación temática definitiva
12085,S2SR_SRC15_PAN_2021_000010166,SRC15_0012085,PAN_FCL_0048826,SRC15_PAN_2021__XY__76084c4ee803,SRC15_PAN_2021__XYY__5f49082fcaa9,SRC15_PAN_2021__XYC__daf29f9b3acf,-81.983735,8.638997,Panamá,PAN,MIAMBIENTE - Cultivos Mapa Panamá,15,2021,1,1,Bosque latifoliado mixto maduro,Bosque y vegetación natural,1,12,2021.0,2021.0,3,9,3,0.25,0.0,7.0,11.0,0.7394661662209782,0.7591846409101682,0.6710317460317461,0.7881821117210204,0.7473682752361338,0.7845174973488865,0.6624592833876223,0.7951280449718926,0.5114034595236961,0.5267646525131555,0.4618689581095596,0.5455767679483732,1,1,1,1,Bosque latifoliado mixto maduro,1,Bosque y vegetación natural,0,0,0,0,Panamá,PAN,MIAMBIENTE - Cultivos Mapa Panamá,15,2021,1,1,Bosque latifoliado mixto maduro,Bosque y vegetación natural,vegetacion_forestal_esperada,0,1,1,0,none,Senal compatible con bosque o plantacion forestal,0,0,False,False,False,0.6430119869024382,0.9528057309230518,0.43437644555877897,0.6993464704424021,0,0,0,2,media,Revisar en control de calidad temático/espectral,baja_cantidad_meses_observados,1,1,Auditoría espectral preliminar SRC15 2021,Alerta exploratoria; no constituye validación temática definitiva
12086,S2SR_SRC15_PAN_2021_000010265,SRC15_0012086,PAN_FCL_0048828,SRC15_PAN_2021__XY__bd91771f21d1,SRC15_PAN_2021__XYY__fdd89a85d90a,SRC15_PAN_2021__XYC__de93ca171005,-81.979191,8.639009,Panamá,PAN,MIAMBIENTE - Cultivos Mapa Panamá,15,2021,1,1,Bosque latifoliado mixto maduro,Bosque y vegetación natural,1,12,2021.0,2021.0,3,9,3,0.25,0.0,5.0,6.666666666666667,0.8025453059396112,0.821619399917797,0.7378504672897197,0.8481660506113164,0.8116634523406975,0.8315544343101106,0.7545394880770073,0.8488964346349746,0.5489396113049362,0.5479744136460555,0.5129220901716658,0.5859223300970874,1,1,1,1,Bosque latifoliado mixto maduro,1,Bosque y vegetación natural,0,0,0,0,Panamá,PAN,MIAMBIENTE - Cultivos Mapa Panamá,15,2021,1,1,Bosque latifoliado mixto maduro,Bosque y vegetación natural,vegetacion_forestal_esperada,0,1,1,0,none,Senal compatible con bosque o plantacion forestal,0,0,False,False,False,0.6430119869024382,0.9528057309230518,0.43437644555877897,0.6993464704424021,0,0,0,2,media,Revisar en control de calidad temático/espectral,baja_cantidad_meses_observados,1,1,Auditoría espectral preliminar SRC15 2021,Alerta exploratoria; no constituye validación temática definitiva
12087,S2SR_SRC15_PAN_2021_000010364,SRC15_0012087,PAN_FCL_0048830,SRC15_PAN_2021__XY__9c291958ebae,SRC15_PAN_2021__XYY__37c89c0c36f7,SRC15_PAN_2021__XYC__7669d6ff474e,-81.974647,8.639021,Panamá,PAN,MIAMBIENTE - Cultivos Mapa Panamá,15,2021,1,1,Bosque latifoliado mixto maduro,Bosque y vegetación natural,1,12,2021.0,2021.0,3,9,3,0.25,0.0,8.0,8.333333333333334,0.8027896335433938,0.7737516570923552,0.7600631412786111,0.8745541022592151,0.8115373292064696,0.7876399834093736,0.7705083039758431,0.876463700234192,0.5466059426409285,0.5248540597912612,0.5236032914681681,0.5913604766633566,1,1,1,1,Bosque latifoliado mixto maduro,1,Bosque y vegetación natural,0,0,0,0,Panamá,PAN,MIAMBIENTE - Cultivos Mapa Panamá,15,2021,1,1,Bosque latifoliado mixto maduro,Bosque y vegetación natural,vegetacion_forestal_esperada,0,1,1,0,none,Senal compatible con bosque o plantacion forestal,0,0,False,False,False,0.6430119869024382,0.9528057309230518,0.43437644555877897,0.6993464704424021,0,0,0,2,media,Revisar en control de calidad temático/espectral,baja_cantidad_meses_observados,1,1,Auditoría espectral preliminar SRC15 2021,Alerta exploratoria; no constituye validación temática definitiva
12088,S2SR_SRC15_PAN_2021_000010463,SRC15_0012088,PAN_FCL_0048832,SRC15_PAN_2021__XY__238285b26d38,SRC15_PAN_2021__XYY__4245bf1c5095,SRC15_PAN_2021__XYC__232879e74889,-81.970103,8.639032,Panamá,PAN,MIAMBIENTE - Cultivos Mapa Panamá,15,2021,1,1,Bosque latifoliado mixto maduro,Bosque y vegetación natural,1,12,2021.0,2021.0,3,9,3,0.25,0.0,5.0,5.0,0.8450712484303015,0.858950201884253,0.802208127789523,0.8740554156171284,0.851973625065395,0.8646694214876033,0.8110836885797621,0.8801677651288196,0.5980105189340342,0.5947823140775875,0.5734892787524367,0.6257599639720783,1,1,1,1,Bosque latifoliado mixto maduro,1,Bosque y vegetación natural,0,0,0,0,Panamá,PAN,MIAMBIENTE - Cultivos Mapa Panamá,15,2021,1,1,Bosque latifoliado mixto maduro,Bosque y vegetación natural,vegetacion_forestal_esperada,0,1,1,0,none,Senal compatible con bosque o plantacion forestal,0,0,False,False,False,0.6430119869024382,0.9528057309230518,0.43437644555877897,0.6993464704424021,0,0,0,2,media,Revisar en control de calidad temático/espectral,baja_cantidad_meses_observados,1,1,Auditoría espectral preliminar SRC15 2021,Alerta exploratoria; no constituye validación temática definitiva
12089,S2SR_SRC15_PAN_2021_000010562,SRC15_0012089,PAN_FCL_0048834,SRC15_PAN_2021__XY__06b0a0fb7359,SRC15_PAN_2021__XYY__2ab6221bc6a5,SRC15_PAN_2021__XYC__190747399493,-81.965559,8.639044,Panamá,PAN,MIAMBIENTE - Cultivos Mapa Panamá,15,2021,1,1,Bosque latifoliado mixto maduro,Bosque y vegetación natural,1,12,2021.0,2021.0,3,9,3,0.25,0.0,4.0,5.333333333333333,0.7912412068398339,0.7975506123469134,0.7718188717429801,0.8043541364296081,0.8069680075279818,0.8145604395604397,0.7912037037037036,0.8151398793198025,0.5590612910914402,0.5544395339493773,0.550772842887889,0.5719714964370546,1,1,1,1,Bosque latifoliado mixto maduro,1,Bosque y vegetación natural,0,0,0,0,Panamá,PAN,MIAMBIENTE - Cultivos Mapa Panamá,15,2021,1,1,Bosque latifoliado mixto maduro,Bosque y vegetación natural,vegetacion_forestal_esperada,0,1,1,0,none,Senal compatible con bosque o plantacion forestal,0,0,False,False,False,0.6430119869024382,0.9528057309230518,0.43437644555877897,0.6993464704424021,0,0,0,2,media,Revisar en control de calidad temático/espectral,baja_cantidad_meses_observados,1,1,Auditoría espectral preliminar SRC15 2021,Alerta exploratoria; no constituye validación temática definitiva
12090,S2SR_SRC15_PAN_2021_000012402,SRC15_0012090,PAN_FCL_0048870,SRC15_PAN_2021__XY__15f8d5ff32d2,SRC15_PAN_2021__XYY__8d2600294a1e,SRC15_PAN_2021__XYC__c3afa190527a,-81.883767,8.639241,Panamá,PAN,MIAMBIENTE - Cultivos Mapa Panamá,15,2021,1,1,Bosque latifoliado mixto maduro,Bosque y vegetación natural,1,12,2021.0,2021.0,2,10,4,0.3333333333333333,0.0,38.5,38.5,0.6724018491516526,0.6724018491516526,0.6425245935488946,0.7022791047544106,0.6690687110311981,0.6690687110311981,0.6209294411903451,0.7172079808720511,0.486472352413486,0.486472352413486,0.4639773647092188,0.5089673401177532,1,1,1,1,Bosque latifoliado mixto maduro,1,Bosque y vegetación natural,0,0,0,0,Panamá,PAN,MIAMBIENTE - Cultivos Mapa Panamá,15,2021,1,1,Bosque latifoliado mixto maduro,Bosque y vegetación natural,vegetacion_forestal_esperada,0,1,0,0,none,Senal compatible con bosque o plantacion forestal,0,0,False,False,False,0.6430119869024382,0.9528057309230518,0.43437644555877897,0.6993464704424021,0,0,0,1,baja,Revisar si pertenece a clase o fuente prioritaria,baja_cantidad_meses_observados,1,0,Auditoría espectral preliminar SRC15 2021,Alerta exploratoria; no constituye validación temática definitiva
12091,S2SR_SRC15_PAN_2021_000012508,SRC15_0012091,PAN_FCL_0048872,SRC15_PAN_2021__XY__a566e95aec3e,SRC15_PAN_2021__XYY__bb1116f2cb30,SRC15_PAN_2021__XYC__7c41033caed4,-81.879223,8.639251,Panamá,PAN,MIAMBIENTE - Cultivos Mapa Panamá,15,2021,1,1,Bosque latifoliado mixto maduro,Bosque y vegetación natural,1,12,2021.0,2021.0,3,9,6,0.5,0.0,19.0,25.666666666666668,0.6978054302673989,0.6440839847024726,0.6433957600973687,0.8059365460023556,0.7234663156064851,0.675902104832514,0.6724356650960492,0.8220611768908921,0.5234432777653887,0.5072786448378677,0.4958740407897749,0.5671771476685233,1,1,1,1,Bosque latifoliado mixto maduro,1,Bosque y vegetación natural,0,0,0,0,Panamá,PAN,MIAMBIENTE - Cultivos Mapa Panamá,15,2021,1,1,Bosque latifoliado mixto maduro,Bosque y vegetación natural,vegetacion_forestal_esperada,0,1,0,0,none,Senal compatible con bosque o plantacion forestal,0,0,False,False,False,0.6430119869024382,0.9528057309230518,0.43437644555877897,0.6993464704424021,0,0,0,1,baja,Revisar si pertenece a clase o fuente prioritaria,baja_cantidad_meses_observados,1,0,Auditoría espectral preliminar SRC15 2021,Alerta exploratoria; no constituye validación temática definitiva
12138,S2SR_SRC15_PAN_2021_000007339,SRC15_0012138,PAN_FCL_0049040,SRC15_PAN_2021__XY__aba1083b8451,SRC15_PAN_2021__XYY__c3f189aaae73,SRC15_PAN_2021__XYC__f4504a205bcf,-82.120056,8.640884,Panamá,PAN,MIAMBIENTE - Cultivos Mapa Panamá,15,2021,1,1,Bosque latifoliado mixto maduro,Bosque y vegetación natural,1,12,2021.0,2021.0,3,9,4,0.3333333333333333,0.0,18.5,17.833333333333332,0.7970060338307438,0.7882096275019177,0.733863837312113,0.8689446366782008,0.7972709649207133,0.7894436960522833,0.7309497206703912,0.8714194780394653,0.5708803518628347,0.5771554404921583,0.5344690966719493,0.6010165184243964,1,1,1,1,Bosque latifoliado mixto maduro,1,Bosque y vegetación natural,0,0,0,0,Panamá,PAN,MIAMBIENTE - Cultivos Mapa Panamá,15,2021,1,1,Bosque latifoliado mixto maduro,Bosque y vegetación natural,vegetacion_forestal_esperada,0,1,0,0,none,Senal compatible con bosque o plantacion forestal,0,0,False,False,False,0.6430119869024382,0.9528057309230518,0.43437644555877897,0.6993464704424021,0,0,0,1,baja,Revisar si pertenece a clase o fuente prioritaria,baja_cantidad_meses_observados,1,0,Auditoría espectral preliminar SRC15 2021,Alerta exploratoria; no constituye validación temática definitiva
12139,S2SR_SRC15_PAN_2021_000007529,SRC15_0012139,PAN_FCL_0049044,SRC15_PAN_2021__XY__98e777bd645a,SRC15_PAN_2021__XYY__9718a09bed36,SRC15_PAN_2021__XYC__4f8d519fb6df,-82.110969,8.640911,Panamá,PAN,MIAMBIENTE - Cultivos Mapa Panamá,15,2021,1,1,Bosque latifoliado mixto maduro,Bosque y vegetación natural,1,12,2021.0,2021.0,1,11,1,0.08333333333333333,0.0,53.0,53.0,0.6893634165995165,0.6893634165995165,0.6893634165995165,0.6893634165995165,0.697172034564022,0.697172034564022,0.697172034564022,0.697172034564022,0.514811568799299,0.514811568799299,0.514811568799299,0.514811568799299,1,1,1,1,Bosque latifoliado mixto maduro,1,Bosque y vegetación natural,0,0,0,0,Panamá,PAN,MIAMBIENTE - Cultivos Mapa Panamá,15,2021,1,1,Bosque latifoliado mixto maduro,Bosque y vegetación natural,vegetacion_forestal_esperada,0,1,1,0,none,Senal compatible con bosque o plantacion forestal,0,0,False,False,False,0.6430119869024382,0.9528057309230518,0.43437644555877897,0.6993464704424021,0,0,0,2,media,Revisar en control de calidad temático/espectral,baja_cantidad_meses_observados,1,1,Auditoría espectral preliminar SRC15 2021,Alerta exploratoria; no constituye validación temática definitiva
12140,S2SR_SRC15_PAN_2021_000007622,SRC15_0012140,PAN_FCL_0049046,SRC15_PAN_2021__XY__e59985a4d205,SRC15_PAN_2021__XYY__020dc8155c1b,SRC15_PAN_2021__XYC__9fc1fa8ac929,-82.106425,8.640924,Panamá,PAN,MIAMBIENTE - Cultivos Mapa Panamá,15,2021,1,1,Bosque latifoliado mixto maduro,Bosque y vegetación natural,1,12,2021.0,2021.0,1,11,1,0.08333333333333333,0.0,39.0,39.0,0.5842767295597485,0.5842767295597485,0.5842767295597485,0.5842767295597485,0.5931055709449062,0.5931055709449062,0.5931055709449062,0.5931055709449062,0.4393770856507231,0.4393770856507231,0.4393770856507231,0.4393770856507231,1,1,1,1,Bosque latifoliado mixto maduro,1,Bosque y vegetación natural,0,0,0,0,Panamá,PAN,MIAMBIENTE - Cultivos Mapa Panamá,15,2021,1,1,Bosque latifoliado mixto maduro,Bosque y vegetación natural,vegetacion_forestal_esperada,0,1,1,0,none,Senal compatible con bosque o plantacion forestal,0,0,False,True,False,0.6430119869024382,0.9528057309230518,0.43437644555877897,0.6993464704424021,1,0,0,3,media,Revisar en control de calidad temático/espectral,rareza_espectral_por_clase_anio,1,1,Auditoría espectral preliminar SRC15 2021,Alerta exploratoria; no constituye validación temática definitiva
12141,S2SR_SRC15_PAN_2021_000007808,SRC15_0012141,PAN_FCL_0049050,SRC15_PAN_2021__XY__671868d48a19,SRC15_PAN_2021__XYY__d2a4f46f3822,SRC15_PAN_2021__XYC__a357a27702d2,-82.097337,8.64095,Panamá,PAN,MIAMBIENTE - Cultivos Mapa Panamá,15,2021,1,1,Bosque latifoliado mixto maduro,Bosque y vegetación natural,1,12,2021.0,2021.0,1,11,1,0.08333333333333333,0.0,16.0,16.0,0.6853244221665274,0.6853244221665274,0.6853244221665274,0.6853244221665274,0.7016895459345301,0.7016895459345301,0.7016895459345301,0.7016895459345301,0.5117260787992496,0.5117260787992496,0.5117260787992496,0.5117260787992496,1,1,1,1,Bosque latifoliado mixto maduro,1,Bosque y vegetación natural,0,0,0,0,Panamá,PAN,MIAMBIENTE - Cultivos Mapa Panamá,15,2021,1,1,Bosque latifoliado mixto maduro,Bosque y vegetación natural,vegetacion_forestal_esperada,0,1,1,0,none,Senal compatible con bosque o plantacion forestal,0,0,False,False,False,0.6430119869024382,0.9528057309230518,0.43437644555877897,0.6993464704424021,0,0,0,2,media,Revisar en control de calidad temático/espectral,baja_cantidad_meses_observados,1,1,Auditoría espectral preliminar SRC15 2021,Alerta exploratoria; no constituye validación temática definitiva
12142,S2SR_SRC15_PAN_2021_000007993,SRC15_0012142,PAN_FCL_0049054,SRC15_PAN_2021__XY__ad419e608d3f,SRC15_PAN_2021__XYY__685ec4efeebe,SRC15_PAN_2021__XYC__907ee33e1968,-82.08825,8.640976,Panamá,PAN,MIAMBIENTE - Cultivos Mapa Panamá,15,2021,1,1,Bosque latifoliado mixto maduro,Bosque y vegetación natural,1,12,2021.0,2021.0,1,11,1,0.08333333333333333,0.0,19.0,19.0,0.6688239232314216,0.6688239232314216,0.6688239232314216,0.6688239232314216,0.678648765699437,0.678648765699437,0.678648765699437,0.678648765699437,0.4893371757925072,0.4893371757925072,0.4893371757925072,0.4893371757925072,1,1,1,1,Bosque latifoliado mixto maduro,1,Bosque y vegetación natural,0,0,0,0,Panamá,PAN,MIAMBIENTE - Cultivos Mapa Panamá,15,2021,1,1,Bosque latifoliado mixto maduro,Bosque y vegetación natural,vegetacion_forestal_esperada,0,1,1,0,none,Senal compatible con bosque o plantacion forestal,0,0,False,False,False,0.6430119869024382,0.9528057309230518,0.43437644555877897,0.6993464704424021,0,0,0,2,media,Revisar en control de calidad temático/espectral,baja_cantidad_meses_observados,1,1,Auditoría espectral preliminar SRC15 2021,Alerta exploratoria; no constituye validación temática definitiva
12143,S2SR_SRC15_PAN_2021_000008085,SRC15_0012143,PAN_FCL_0049056,SRC15_PAN_2021__XY__e0d323105634,SRC15_PAN_2021__XYY__b5c6d26f65ea,SRC15_PAN_2021__XYC__8ea13972810e,-82.083706,8.640989,Panamá,PAN,MIAMBIENTE - Cultivos Mapa Panamá,15,2021,1,1,Bosque latifoliado mixto maduro,Bosque y vegetación natural,1,12,2021.0,2021.0,1,11,1,0.08333333333333333,0.0,42.0,42.0,0.530059099245975,0.530059099245975,0.530059099245975,0.530059099245975,0.537133681252509,0.537133681252509,0.537133681252509,0.537133681252509,0.3873188405797101,0.3873188405797101,0.3873188405797101,0.3873188405797101,1,1,1,1,Bosque latifoliado mixto maduro,1,Bosque y vegetación natural,0,0,0,0,Panamá,PAN,MIAMBIENTE - Cultivos Mapa Panamá,15,2021,1,1,Bosque latifoliado mixto maduro,Bosque y vegetación natural,vegetacion_forestal_esperada,0,1,1,0,none,Senal compatible con bosque o plantacion forestal,0,0,False,True,True,0.6430119869024382,0.9528057309230518,0.43437644555877897,0.6993464704424021,1,0,0,3,media,Revisar en control de calidad temático/espectral,rareza_espectral_por_clase_anio,1,1,Auditoría espectral preliminar SRC15 2021,Alerta exploratoria; no constituye validación temática definitiva
12144,S2SR_SRC15_PAN_2021_000008178,SRC15_0012144,PAN_FCL_0049058,SRC15_PAN_2021__XY__924402d943fc,SRC15_PAN_2021__XYY__7359a4ae32fc,SRC15_PAN_2021__XYC__25edcee7348c,-82.079162,8.641001,Panamá,PAN,MIAMBIENTE - Cultivos Mapa Panamá,15,2021,1,1,Bosque latifoliado mixto maduro,Bosque y vegetación natural,1,12,2021.0,2021.0,1,11,1,0.08333333333333333,0.0,26.0,26.0,0.5499710032862942,0.5499710032862942,0.5499710032862942,0.5499710032862942,0.5625704622322435,0.5625704622322435,0.5625704622322435,0.5625704622322435,0.4126040428061831,0.4126040428061831,0.4126040428061831,0.4126040428061831,1,1,1,1,Bosque latifoliado mixto maduro,1,Bosque y vegetación natural,0,0,0,0,Panamá,PAN,MIAMBIENTE - Cultivos Mapa Panamá,15,2021,1,1,Bosque latifoliado mixto maduro,Bosque y vegetación natural,vegetacion_forestal_esperada,0,1,1,0,none,Senal compatible con bosque o plantacion forestal,0,0,False,True,True,0.6430119869024382,0.9528057309230518,0.43437644555877897,0.6993464704424021,1,0,0,3,media,Revisar en control de calidad temático/espectral,rareza_espectral_por_clase_anio,1,1,Auditoría espectral preliminar SRC15 2021,Alerta exploratoria; no constituye validación temática definitiva
12145,S2SR_SRC15_PAN_2021_000008364,SRC15_0012145,PAN_FCL_0049062,SRC15_PAN_2021__XY__271a93ed2180,SRC15_PAN_2021__XYY__e95de85798fd,SRC15_PAN_2021__XYC__db6147042361,-82.070075,8.641027,Panamá,PAN,MIAMBIENTE - Cultivos Mapa Panamá,15,2021,1,1,Bosque latifoliado mixto maduro,Bosque y vegetación natural,1,12,2021.0,2021.0,1,11,1,0.08333333333333333,0.0,50.0,50.0,0.5480396380870315,0.5480396380870315,0.5480396380870315,0.5480396380870315,0.5580366547293028,0.5580366547293028,0.5580366547293028,0.5580366547293028,0.3989029695479477,0.3989029695479477,0.3989029695479477,0.3989029695479477,1,1,1,1,Bosque latifoliado mixto maduro,1,Bosque y vegetación natural,0,0,0,0,Panamá,PAN,MIAMBIENTE - Cultivos Mapa Panamá,15,2021,1,1,Bosque latifoliado mixto maduro,Bosque y vegetación natural,vegetacion_forestal_esperada,0,1,1,0,none,Senal compatible con bosque o plantacion forestal,0,0,False,True,True,0.6430119869024382,0.9528057309230518,0.43437644555877897,0.6993464704424021,1,0,0,3,media,Revisar en control de calidad temático/espectral,rareza_espectral_por_clase_anio,1,1,Auditoría espectral preliminar SRC15 2021,Alerta exploratoria; no constituye validación temática definitiva
12146,S2SR_SRC15_PAN_2021_000008640,SRC15_0012146,PAN_FCL_0049068,SRC15_PAN_2021__XY__a5063f7f2f27,SRC15_PAN_2021__XYY__c067cf04af03,SRC15_PAN_2021__XYC__67ae0ab7000b,-82.056443,8.641065,Panamá,PAN,MIAMBIENTE - Cultivos Mapa Panamá,15,2021,1,1,Bosque latifoliado mixto maduro,Bosque y vegetación natural,1,12,2021.0,2021.0,2,10,2,0.16666666666666666,0.0,14.0,14.0,0.8123678743673983,0.8123678743673983,0.7876106194690264,0.8371251292657703,0.8224934255202927,0.8224934255202927,0.8047231593570153,0.8402636916835701,0.5730137504967123,0.5730137504967123,0.5682014140369028,0.5778260869565217,1,1,1,1,Bosque latifoliado mixto maduro,1,Bosque y vegetación natural,0,0,0,0,Panamá,PAN,MIAMBIENTE - Cultivos Mapa Panamá,15,2021,1,1,Bosque latifoliado mixto maduro,Bosque y vegetación natural,vegetacion_forestal_esperada,0,1,1,0,none,Senal compatible con bosque o plantacion forestal,0,0,False,False,False,0.6430119869024382,0.9528057309230518,0.43437644555877897,0.6993464704424021,0,0,0,2,media,Revisar en control de calidad temático/espectral,baja_cantidad_meses_observados,1,1,Auditoría espectral preliminar SRC15 2021,Alerta exploratoria; no constituye validación temática definitiva
12148,S2SR_SRC15_PAN_2021_000008824,SRC15_0012148,PAN_FCL_0049072,SRC15_PAN_2021__XY__4bde068a1d72,SRC15_PAN_2021__XYY__49f5593e883c,SRC15_PAN_2021__XYC__5a0ed74c53ed,-82.047355,8.64109,Panamá,PAN,MIAMBIENTE - Cultivos Mapa Panamá,15,2021,1,1,Bosque latifoliado mixto maduro,Bosque y vegetación natural,1,12,2021.0,2021.0,3,9,3,0.25,0.0,7.0,18.0,0.7993894348877356,0.8108469142399146,0.727188940092166,0.860132450331126,0.8112665920201704,0.8167227543360084,0.7532647957766047,0.863812225947898,0.5614178066616876,0.5427872860635696,0.5353314373222489,0.6061346965992442,1,1,1,1,Bosque latifoliado mixto maduro,1,Bosque y vegetación natural,0,0,0,0,Panamá,PAN,MIAMBIENTE - Cultivos Mapa Panamá,15,2021,1,1,Bosque latifoliado mixto maduro,Bosque y vegetación natural,vegetacion_forestal_esperada,0,1,1,0,none,Senal compatible con bosque o plantacion forestal,0,0,False,False,False,0.6430119869024382,0.9528057309230518,0.43437644555877897,0.6993464704424021,0,0,0,2,media,Revisar en control de calidad temático/espectral,baja_cantidad_meses_observados,1,1,Auditoría espectral preliminar SRC15 2021,Alerta exploratoria; no constituye validación temática definitiva
12149,S2SR_SRC15_PAN_2021_000008916,SRC15_0012149,PAN_FCL_0049074,SRC15_PAN_2021__XY__072e97da209e,SRC15_PAN_2021__XYY__f9c423e9c2c0,SRC15_PAN_2021__XYC__77d910945fd9,-82.042812,8.641102,Panamá,PAN,MIAMBIENTE - Cultivos Mapa Panamá,15,2021,1,1,Bosque latifoliado mixto maduro,Bosque y vegetación natural,1,12,2021.0,2021.0,3,9,5,0.4166666666666667,0.0,18.5,15.0,0.7931074123976191,0.7827131523115827,0.7793927629136947,0.8172163219675797,0.8058785699824131,0.7989916570589446,0.7945923983281657,0.8240516545601291,0.5654147652097501,0.5742874316508682,0.5459457063772664,0.5760111576011158,1,1,1,1,Bosque latifoliado mixto maduro,1,Bosque y vegetación natural,0,0,0,0,Panamá,PAN,MIAMBIENTE - Cultivos Mapa Panamá,15,2021,1,1,Bosque latifoliado mixto maduro,Bosque y vegetación natural,vegetacion_forestal_esperada,0,1,0,0,none,Senal compatible con bosque o plantacion forestal,0,0,False,False,False,0.6430119869024382,0.9528057309230518,0.43437644555877897,0.6993464704424021,0,0,0,1,baja,Revisar si pertenece a clase o fuente prioritaria,baja_cantidad_meses_observados,1,0,Auditoría espectral preliminar SRC15 2021,Alerta exploratoria; no constituye validación temática definitiva
12150,S2SR_SRC15_PAN_2021_000009009,SRC15_0012150,PAN_FCL_0049076,SRC15_PAN_2021__XY__8123c70308dc,SRC15_PAN_2021__XYY__8ea8e897e16a,SRC15_PAN_2021__XYC__8b95e26240a9,-82.038268,8.641114,Panamá,PAN,MIAMBIENTE - Cultivos Mapa Panamá,15,2021,1,1,Bosque latifoliado mixto maduro,Bosque y vegetación natural,1,12,2021.0,2021.0,3,9,3,0.25,0.0,32.0,24.0,0.7381995074620574,0.7030435513704388,0.6322033898305085,0.8793515811852246,0.7339748876637984,0.7175755637294099,0.6032906764168191,0.8810584228451663,0.4806520985034335,0.4781172584640793,0.3760460251046024,0.5877930119416188,1,1,1,1,Bosque latifoliado mixto maduro,1,Bosque y vegetación natural,0,0,0,0,Panamá,PAN,MIAMBIENTE - Cultivos Mapa Panamá,15,2021,1,1,Bosque latifoliado mixto maduro,Bosque y vegetación natural,vegetacion_forestal_esperada,0,1,1,0,none,Senal compatible con bosque o plantacion forestal,0,0,False,False,False,0.6430119869024382,0.9528057309230518,0.43437644555877897,0.6993464704424021,0,0,0,2,media,Revisar en control de calidad temático/espectral,baja_cantidad_meses_observados,1,1,Auditoría espectral preliminar SRC15 2021,Alerta exploratoria; no constituye validación temática definitiva
12151,S2SR_SRC15_PAN_2021_000009102,SRC15_0012151,PAN_FCL_0049078,SRC15_PAN_2021__XY__2618634d7961,SRC15_PAN_2021__XYY__a0ef82f574d6,SRC15_PAN_2021__XYC__b1c75225dd75,-82.033724,8.641127,Panamá,PAN,MIAMBIENTE - Cultivos Mapa Panamá,15,2021,1,1,Bosque latifoliado mixto maduro,Bosque y vegetación natural,1,12,2021.0,2021.0,3,9,3,0.25,0.0,5.0,15.0,0.8458695636013592,0.8541724424729693,0.8146862483311081,0.8687500000000001,0.8660486553432708,0.8815848716794237,0.8312256809338521,0.8853354134165367,0.612392422198175,0.6054466954500166,0.5806045340050379,0.6511260371394706,1,1,1,1,Bosque latifoliado mixto maduro,1,Bosque y vegetación natural,0,0,0,0,Panamá,PAN,MIAMBIENTE - Cultivos Mapa Panamá,15,2021,1,1,Bosque latifoliado mixto maduro,Bosque y vegetación natural,vegetacion_forestal_esperada,0,1,1,0,none,Senal compatible con bosque o plantacion forestal,0,0,False,False,False,0.6430119869024382,0.9528057309230518,0.43437644555877897,0.6993464704424021,0,0,0,2,media,Revisar en control de calidad temático/espectral,baja_cantidad_meses_observados,1,1,Auditoría espectral preliminar SRC15 2021,Alerta exploratoria; no constituye validación temática definitiva
12152,S2SR_SRC15_PAN_2021_000009196,SRC15_0012152,PAN_FCL_0049080,SRC15_PAN_2021__XY__78964270c441,SRC15_PAN_2021__XYY__bda41fe4b7c2,SRC15_PAN_2021__XYC__471d9d8df4ca,-82.02918,8.641139,Panamá,PAN,MIAMBIENTE - Cultivos Mapa Panamá,15,2021,1,1,Bosque latifoliado mixto maduro,Bosque y vegetación natural,1,12,2021.0,2021.0,3,9,4,0.3333333333333333,0.0,3.5,3.1666666666666665,0.842791193388694,0.8579815244736011,0.808736717827627,0.861655337864854,0.8501853122654084,0.8626011898125097,0.8233754906236372,0.8645792563600783,0.5803501702975286,0.574468085106383,0.5620017588949935,0.6045806668912092,1,1,1,1,Bosque latifoliado mixto maduro,1,Bosque y vegetación natural,0,0,0,0,Panamá,PAN,MIAMBIENTE - Cultivos Mapa Panamá,15,2021,1,1,Bosque latifoliado mixto maduro,Bosque y vegetación natural,vegetacion_forestal_esperada,0,1,0,0,none,Senal compatible con bosque o plantacion forestal,0,0,False,False,False,0.6430119869024382,0.9528057309230518,0.43437644555877897,0.6993464704424021,0,0,0,1,baja,Revisar si pertenece a clase o fuente prioritaria,baja_cantidad_meses_observados,1,0,Auditoría espectral preliminar SRC15 2021,Alerta exploratoria; no constituye validación temática definitiva
12153,S2SR_SRC15_PAN_2021_000009291,SRC15_0012153,PAN_FCL_0049082,SRC15_PAN_2021__XY__31987929c739,SRC15_PAN_2021__XYY__908e160c730a,SRC15_PAN_2021__XYC__2f955f128f55,-82.024636,8.641151,Panamá,PAN,MIAMBIENTE - Cultivos Mapa Panamá,15,2021,1,1,Bosque latifoliado mixto maduro,Bosque y vegetación natural,1,12,2021.0,2021.0,2,10,3,0.25,0.0,2.25,2.25,0.8540762595458722,0.8540762595458722,0.8383850772312792,0.8697674418604652,0.8650591846988598,0.8650591846988598,0.8531744883970435,0.8769438810006762,0.5642709571569562,0.5642709571569562,0.5543995837213407,0.5741423305925716,1,1,1,1,Bosque latifoliado mixto maduro,1,Bosque y vegetación natural,0,0,0,0,Panamá,PAN,MIAMBIENTE - Cultivos Mapa Panamá,15,2021,1,1,Bosque latifoliado mixto maduro,Bosque y vegetación natural,vegetacion_forestal_esperada,0,1,1,0,none,Senal compatible con bosque o plantacion forestal,0,0,False,False,False,0.6430119869024382,0.9528057309230518,0.43437644555877897,0.6993464704424021,0,0,0,2,media,Revisar en control de calidad temático/espectral,baja_cantidad_meses_observados,1,1,Auditoría espectral preliminar SRC15 2021,Alerta exploratoria; no constituye validación temática definitiva
12154,S2SR_SRC15_PAN_2021_000009386,SRC15_0012154,PAN_FCL_0049084,SRC15_PAN_2021__XY__2f7e1aaa4f0e,SRC15_PAN_2021__XYY__4fcbb71f8150,SRC15_PAN_2021__XYC__ba65599a0484,-82.020092,8.641163,Panamá,PAN,MIAMBIENTE - Cultivos Mapa Panamá,15,2021,1,1,Bosque latifoliado mixto maduro,Bosque y vegetación natural,1,12,2021.0,2021.0,2,10,3,0.25,0.0,2.75,2.75,0.8075260351968635,0.8075260351968635,0.7996768982229403,0.8153751721707867,0.8146980291032477,0.8146980291032477,0.8061288305190746,0.8232672276874208,0.5313494025389884,0.5313494025389884,0.5232531760801089,0.5394456289978679,1,1,1,1,Bosque latifoliado mixto maduro,1,Bosque y vegetación natural,0,0,0,0,Panamá,PAN,MIAMBIENTE - Cultivos Mapa Panamá,15,2021,1,1,Bosque latifoliado mixto maduro,Bosque y vegetación natural,vegetacion_forestal_esperada,0,1,1,0,none,Senal compatible con bosque o plantacion forestal,0,0,False,False,False,0.6430119869024382,0.9528057309230518,0.43437644555877897,0.6993464704424021,0,0,0,2,media,Revisar en control de calidad temático/espectral,baja_cantidad_meses_observados,1,1,Auditoría espectral preliminar SRC15 2021,Alerta exploratoria; no constituye validación temática definitiva
12155,S2SR_SRC15_PAN_2021_000009482,SRC15_0012155,PAN_FCL_0049086,SRC15_PAN_2021__XY__a6495d26d16a,SRC15_PAN_2021__XYY__6cd5cc9e2023,SRC15_PAN_2021__XYC__2c46fd4e7184,-82.015548,8.641175,Panamá,PAN,MIAMBIENTE - Cultivos Mapa Panamá,15,2021,1,1,Bosque latifoliado mixto maduro,Bosque y vegetación natural,1,12,2021.0,2021.0,3,9,3,0.25,0.0,31.0,27.0,0.7066047883557712,0.6586501163692785,0.5687922528777636,0.8923719958202716,0.7201335185182848,0.6882196634189548,0.579472558802566,0.8927083333333333,0.47714837416503636,0.4763749031758326,0.383270911360799,0.5717993079584774,1,1,1,1,Bosque latifoliado mixto maduro,1,Bosque y vegetación natural,0,0,0,0,Panamá,PAN,MIAMBIENTE - Cultivos Mapa Panamá,15,2021,1,1,Bosque latifoliado mixto maduro,Bosque y vegetación natural,vegetacion_forestal_esperada,0,1,1,0,none,Senal compatible con bosque o plantacion forestal,0,0,False,False,False,0.6430119869024382,0.9528057309230518,0.43437644555877897,0.6993464704424021,0,0,0,2,media,Revisar en control de calidad temático/espectral,baja_cantidad_meses_observados,1,1,Auditoría espectral preliminar SRC15 2021,Alerta exploratoria; no constituye validación temática definitiva
12156,S2SR_SRC15_PAN_2021_000009578,SRC15_0012156,PAN_FCL_0049088,SRC15_PAN_2021__XY__3b1ce03834df,SRC15_PAN_2021__XYY__8e62e05d7f94,SRC15_PAN_2021__XYC__68fafd26bf48,-82.011004,8.641187,Panamá,PAN,MIAMBIENTE - Cultivos Mapa Panamá,15,2021,1,1,Bosque latifoliado mixto maduro,Bosque y vegetación natural,1,12,2021.0,2021.0,3,9,3,0.25,0.0,3.0,4.333333333333333,0.8405046215376246,0.8555361159710073,0.7860738255033557,0.8799039231385107,0.8466001714629271,0.863259995268512,0.7978997424212404,0.8786407766990291,0.546398721512212,0.537680593518157,0.5212070410729255,0.5803085299455536,1,1,1,1,Bosque latifoliado mixto maduro,1,Bosque y vegetación natural,0,0,0,0,Panamá,PAN,MIAMBIENTE - Cultivos Mapa Panamá,15,2021,1,1,Bosque latifoliado mixto maduro,Bosque y vegetación natural,vegetacion_forestal_esperada,0,1,1,0,none,Senal compatible con bosque o plantacion forestal,0,0,False,False,False,0.6430119869024382,0.9528057309230518,0.43437644555877897,0.6993464704424021,0,0,0,2,media,Revisar en control de calidad temático/espectral,baja_cantidad_meses_observados,1,1,Auditoría espectral preliminar SRC15 2021,Alerta exploratoria; no constituye validación temática definitiva
12157,S2SR_SRC15_PAN_2021_000009674,SRC15_0012157,PAN_FCL_0049090,SRC15_PAN_2021__XY__d2fc9281c64c,SRC15_PAN_2021__XYY__a87debace356,SRC15_PAN_2021__XYC__32057068690c,-82.00646,8.641199,Panamá,PAN,MIAMBIENTE - Cultivos Mapa Panamá,15,2021,1,1,Bosque latifoliado mixto maduro,Bosque y vegetación natural,1,12,2021.0,2021.0,3,9,3,0.25,0.0,5.0,14.666666666666666,0.8292821466485082,0.838478328656065,0.7902857142857143,0.8590823970037452,0.844770926381444,0.8425053207661904,0.8227909222597778,0.8690165361183637,0.560898062522881,0.5634674922600619,0.5554182117840956,0.5638084835244856,1,1,1,1,Bosque latifoliado mixto maduro,1,Bosque y vegetación natural,0,0,0,0,Panamá,PAN,MIAMBIENTE - Cultivos Mapa Panamá,15,2021,1,1,Bosque latifoliado mixto maduro,Bosque y vegetación natural,vegetacion_forestal_esperada,0,1,1,0,none,Senal compatible con bosque o plantacion forestal,0,0,False,False,False,0.6430119869024382,0.9528057309230518,0.43437644555877897,0.6993464704424021,0,0,0,2,media,Revisar en control de calidad temático/espectral,baja_cantidad_meses_observados,1,1,Auditoría espectral preliminar SRC15 2021,Alerta exploratoria; no constituye validación temática definitiva
12158,S2SR_SRC15_PAN_2021_000010066,SRC15_0012158,PAN_FCL_0049098,SRC15_PAN_2021__XY__8451b3f8124d,SRC15_PAN_2021__XYY__a59033772cea,SRC15_PAN_2021__XYC__32e1f23a807c,-81.988285,8.641247,Panamá,PAN,MIAMBIENTE - Cultivos Mapa Panamá,15,2021,1,1,Bosque latifoliado mixto maduro,Bosque y vegetación natural,1,12,2021.0,2021.0,2,10,2,0.16666666666666666,0.0,2.5,2.5,0.8344680130324105,0.8344680130324105,0.8246687054026505,0.8442673206621706,0.8407220721836088,0.8407220721836088,0.8331312151346107,0.8483129292326068,0.548275969840616,0.548275969840616,0.536178861788618,0.560373077892614,1,1,1,1,Bosque latifoliado mixto maduro,1,Bosque y vegetación natural,0,0,0,0,Panamá,PAN,MIAMBIENTE - Cultivos Mapa Panamá,15,2021,1,1,Bosque latifoliado mixto maduro,Bosque y vegetación natural,vegetacion_forestal_esperada,0,1,1,0,none,Senal compatible con bosque o plantacion forestal,0,0,False,False,False,0.6430119869024382,0.9528057309230518,0.43437644555877897,0.6993464704424021,0,0,0,2,media,Revisar en control de calidad temático/espectral,baja_cantidad_meses_observados,1,1,Auditoría espectral preliminar SRC15 2021,Alerta exploratoria; no constituye validación temática definitiva
12159,S2SR_SRC15_PAN_2021_000010661,SRC15_0012159,PAN_FCL_0049110,SRC15_PAN_2021__XY__4fa1364f581d,SRC15_PAN_2021__XYY__f3c760536610,SRC15_PAN_2021__XYC__855e93f4f8af,-81.961021,8.641316,Panamá,PAN,MIAMBIENTE - Cultivos Mapa Panamá,15,2021,1,1,Bosque latifoliado mixto maduro,Bosque y vegetación natural,1,12,2021.0,2021.0,2,10,2,0.16666666666666666,0.0,9.0,9.0,0.7568544593843629,0.7568544593843629,0.7543372657876476,0.7593716529810781,0.7765828071461077,0.7765828071461077,0.7725666559588822,0.7805989583333333,0.561968923878099,0.561968923878099,0.5548041701887856,0.5691336775674125,1,1,1,1,Bosque latifoliado mixto maduro,1,Bosque y vegetación natural,0,0,0,0,Panamá,PAN,MIAMBIENTE - Cultivos Mapa Panamá,15,2021,1,1,Bosque latifoliado mixto maduro,Bosque y vegetación natural,vegetacion_forestal_esperada,0,1,1,0,none,Senal compatible con bosque o plantacion forestal,0,0,False,False,False,0.6430119869024382,0.9528057309230518,0.43437644555877897,0.6993464704424021,0,0,0,2,media,Revisar en control de calidad temático/espectral,baja_cantidad_meses_observados,1,1,Auditoría espectral preliminar SRC15 2021,Alerta exploratoria; no constituye validación temática definitiva
12160,S2SR_SRC15_PAN_2021_000010761,SRC15_0012160,PAN_FCL_0049112,SRC15_PAN_2021__XY__7c05a2751482,SRC15_PAN_2021__XYY__8d6ed392bb91,SRC15_PAN_2021__XYC__bc0bae7731f4,-81.956477,8.641327,Panamá,PAN,MIAMBIENTE - Cultivos Mapa Panamá,15,2021,1,1,Bosque latifoliado mixto maduro,Bosque y vegetación natural,1,12,2021.0,2021.0,1,11,1,0.08333333333333333,0.0,18.0,18.0,0.6443135478024468,0.6443135478024468,0.6443135478024468,0.6443135478024468,0.6669495120916419,0.6669495120916419,0.6669495120916419,0.6669495120916419,0.471260063658491,0.471260063658491,0.471260063658491,0.471260063658491,1,1,1,1,Bosque latifoliado mixto maduro,1,Bosque y vegetación natural,0,0,0,0,Panamá,PAN,MIAMBIENTE - Cultivos Mapa Panamá,15,2021,1,1,Bosque latifoliado mixto maduro,Bosque y vegetación natural,vegetacion_forestal_esperada,0,1,1,0,none,Senal compatible con bosque o plantacion forestal,0,0,False,False,False,0.6430119869024382,0.9528057309230518,0.43437644555877897,0.6993464704424021,0,0,0,2,media,Revisar en control de calidad temático/espectral,baja_cantidad_meses_observados,1,1,Auditoría espectral preliminar SRC15 2021,Alerta exploratoria; no constituye validación temática definitiva
12161,S2SR_SRC15_PAN_2021_000010862,SRC15_0012161,PAN_FCL_0049114,SRC15_PAN_2021__XY__2ae2e4fdf76a,SRC15_PAN_2021__XYY__573c7e635923,SRC15_PAN_2021__XYC__e2c09927491e,-81.951933,8.641339,Panamá,PAN,MIAMBIENTE - Cultivos Mapa Panamá,15,2021,1,1,Bosque latifoliado mixto maduro,Bosque y vegetación natural,1,12,2021.0,2021.0,2,10,2,0.16666666666666666,0.0,22.0,22.0,0.6680235016196652,0.6680235016196652,0.5901321585903084,0.7459148446490218,0.6811314851945012,0.6811314851945012,0.5991728416336377,0.7630901287553647,0.4856026909939302,0.4856026909939302,0.4332046332046332,0.5380007487832272,1,1,1,1,Bosque latifoliado mixto maduro,1,Bosque y vegetación natural,0,0,0,0,Panamá,PAN,MIAMBIENTE - Cultivos Mapa Panamá,15,2021,1,1,Bosque latifoliado mixto maduro,Bosque y vegetación natural,vegetacion_forestal_esperada,0,1,1,0,none,Senal compatible con bosque o plantacion forestal,0,0,False,False,False,0.6430119869024382,0.9528057309230518,0.43437644555877897,0.6993464704424021,0,0,0,2,media,Revisar en control de calidad temático/espectral,baja_cantidad_meses_observados,1,1,Auditoría espectral preliminar SRC15 2021,Alerta exploratoria; no constituye validación temática definitiva
12165,S2SR_SRC15_PAN_2021_000011266,SRC15_0012165,PAN_FCL_0049122,SRC15_PAN_2021__XY__e21aabd30a23,SRC15_PAN_2021__XYY__a2fd4599b510,SRC15_PAN_2021__XYC__0c32d4d5f82f,-81.933757,8.641383,Panamá,PAN,MIAMBIENTE - Cultivos Mapa Panamá,15,2021,1,1,Bosque latifoliado mixto maduro,Bosque y vegetación natural,1,12,2021.0,2021.0,2,10,3,0.25,0.0,35.5,35.5,0.5607291943716007,0.5607291943716007,0.5457815565729234,0.5756768321702781,0.5832195735645707,0.5832195735645707,0.5718908922792417,0.5945482548498997,0.4161702179932139,0.4161702179932139,0.4148980441115273,0.4174423918749005,1,1,1,1,Bosque latifoliado mixto maduro,1,Bosque y vegetación natural,0,0,0,0,Panamá,PAN,MIAMBIENTE - Cultivos Mapa Panamá,15,2021,1,1,Bosque latifoliado mixto maduro,Bosque y vegetación natural,vegetacion_forestal_esperada,0,1,1,0,none,Senal compatible con bosque o plantacion forestal,0,0,False,True,True,0.6430119869024382,0.9528057309230518,0.43437644555877897,0.6993464704424021,1,0,0,3,media,Revisar en control de calidad temático/espectral,rareza_espectral_por_clase_anio,1,1,Auditoría espectral preliminar SRC15 2021,Alerta exploratoria; no constituye validación temática definitiva
12166,S2SR_SRC15_PAN_2021_000011367,SRC15_0012166,PAN_FCL_0049124,SRC15_PAN_2021__XY__02ed9a1a3903,SRC15_PAN_2021__XYY__670b5bc9f184,SRC15_PAN_2021__XYC__842974006e8c,-81.929213,8.641394,Panamá,PAN,MIAMBIENTE - Cultivos Mapa Panamá,15,2021,1,1,Bosque latifoliado mixto maduro,Bosque y vegetación natural,1,12,2021.0,2021.0,1,11,1,0.08333333333333333,0.0,16.0,16.0,0.8075097108329735,0.8075097108329735,0.8075097108329735,0.8075097108329735,0.822452229299363,0.822452229299363,0.822452229299363,0.822452229299363,0.6029411764705883,0.6029411764705883,0.6029411764705883,0.6029411764705883,1,1,1,1,Bosque latifoliado mixto maduro,1,Bosque y vegetación natural,0,0,0,0,Panamá,PAN,MIAMBIENTE - Cultivos Mapa Panamá,15,2021,1,1,Bosque latifoliado mixto maduro,Bosque y vegetación natural,vegetacion_forestal_esperada,0,1,1,0,none,Senal compatible con bosque o plantacion forestal,0,0,False,False,False,0.6430119869024382,0.9528057309230518,0.43437644555877897,0.6993464704424021,0,0,0,2,media,Revisar en control de calidad temático/espectral,baja_cantidad_meses_observados,1,1,Auditoría espectral preliminar SRC15 2021,Alerta exploratoria; no constituye validación temática definitiva
12167,S2SR_SRC15_PAN_2021_000011468,SRC15_0012167,PAN_FCL_0049126,SRC15_PAN_2021__XY__0c1bae47e609,SRC15_PAN_2021__XYY__6d45b3aaa330,SRC15_PAN_2021__XYC__60a8aba431e5,-81.924669,8.641405,Panamá,PAN,MIAMBIENTE - Cultivos Mapa Panamá,15,2021,1,1,Bosque latifoliado mixto maduro,Bosque y vegetación natural,1,12,2021.0,2021.0,2,10,2,0.16666666666666666,0.0,38.5,38.5,0.5227721155200971,0.5227721155200971,0.3649973074851911,0.6805469235550031,0.5372872992615294,0.5372872992615294,0.3830054416073671,0.6915691569156917,0.3948735048862295,0.3948735048862295,0.2854780663359595,0.5042689434364995,1,1,1,1,Bosque latifoliado mixto maduro,1,Bosque y vegetación natural,0,0,0,0,Panamá,PAN,MIAMBIENTE - Cultivos Mapa Panamá,15,2021,1,1,Bosque latifoliado mixto maduro,Bosque y vegetación natural,vegetacion_forestal_esperada,0,1,1,0,none,Senal compatible con bosque o plantacion forestal,0,0,False,True,True,0.6430119869024382,0.9528057309230518,0.43437644555877897,0.6993464704424021,1,0,0,3,media,Revisar en control de calidad temático/espectral,rareza_espectral_por_clase_anio,1,1,Auditoría espectral preliminar SRC15 2021,Alerta exploratoria; no constituye validación temática definitiva
12168,S2SR_SRC15_PAN_2021_000011570,SRC15_0012168,PAN_FCL_0049128,SRC15_PAN_2021__XY__5bd948459c97,SRC15_PAN_2021__XYY__9af02b626f1f,SRC15_PAN_2021__XYC__41d8151d9412,-81.920125,8.641416,Panamá,PAN,MIAMBIENTE - Cultivos Mapa Panamá,15,2021,1,1,Bosque latifoliado mixto maduro,Bosque y vegetación natural,1,12,2021.0,2021.0,1,11,1,0.08333333333333333,0.0,27.0,27.0,0.5514018691588785,0.5514018691588785,0.5514018691588785,0.5514018691588785,0.5716953724839178,0.5716953724839178,0.5716953724839178,0.5716953724839178,0.4112166946152413,0.4112166946152413,0.4112166946152413,0.4112166946152413,1,1,1,1,Bosque latifoliado mixto maduro,1,Bosque y vegetación natural,0,0,0,0,Panamá,PAN,MIAMBIENTE - Cultivos Mapa Panamá,15,2021,1,1,Bosque latifoliado mixto maduro,Bosque y vegetación natural,vegetacion_forestal_esperada,0,1,1,0,none,Senal compatible con bosque o plantacion forestal,0,0,False,True,True,0.6430119869024382,0.9528057309230518,0.43437644555877897,0.6993464704424021,1,0,0,3,media,Revisar en control de calidad temático/espectral,rareza_espectral_por_clase_anio,1,1,Auditoría espectral preliminar SRC15 2021,Alerta exploratoria; no constituye validación temática definitiva
12169,S2SR_SRC15_PAN_2021_000011671,SRC15_0012169,PAN_FCL_0049130,SRC15_PAN_2021__XY__f31b9d831c50,SRC15_PAN_2021__XYY__d084d78536ab,SRC15_PAN_2021__XYC__692e5d8aa2ae,-81.915581,8.641427,Panamá,PAN,MIAMBIENTE - Cultivos Mapa Panamá,15,2021,1,1,Bosque latifoliado mixto maduro,Bosque y vegetación natural,1,12,2021.0,2021.0,0,12,0,0.0,0.0,,,,,,,,,,,,,,,1,1,1,1,Bosque latifoliado mixto maduro,1,Bosque y vegetación natural,0,0,0,0,Panamá,PAN,MIAMBIENTE - Cultivos Mapa Panamá,15,2021,1,1,Bosque latifoliado mixto maduro,Bosque y vegetación natural,vegetacion_forestal_esperada,1,0,1,0,none,Sin NDVI/NDRE anual disponible,0,0,False,False,False,0.6430119869024382,0.9528057309230518,0.43437644555877897,0.6993464704424021,0,0,0,2,alta_sin_datos,Revisar disponibilidad satelital o excluir de análisis espectral,sin_datos_espectrales,1,1,Auditoría espectral preliminar SRC15 2021,Alerta exploratoria; no constituye validación temática definitiva
12170,S2SR_SRC15_PAN_2021_000011774,SRC15_0012170,PAN_FCL_0049132,SRC15_PAN_2021__XY__2dd1d75bb678,SRC15_PAN_2021__XYY__52579320a0d2,SRC15_PAN_2021__XYC__6e5d902d978c,-81.911037,8.641438,Panamá,PAN,MIAMBIENTE - Cultivos Mapa Panamá,15,2021,1,1,Bosque latifoliado mixto maduro,Bosque y vegetación natural,1,12,2021.0,2021.0,1,11,1,0.08333333333333333,0.0,29.0,29.0,0.7201058201058201,0.7201058201058201,0.7201058201058201,0.7201058201058201,0.7219448094612352,0.7219448094612352,0.7219448094612352,0.7219448094612352,0.5131639722863741,0.5131639722863741,0.5131639722863741,0.5131639722863741,1,1,1,1,Bosque latifoliado mixto maduro,1,Bosque y vegetación natural,0,0,0,0,Panamá,PAN,MIAMBIENTE - Cultivos Mapa Panamá,15,2021,1,1,Bosque latifoliado mixto maduro,Bosque y vegetación natural,vegetacion_forestal_esperada,0,1,1,0,none,Senal compatible con bosque o plantacion forestal,0,0,False,False,False,0.6430119869024382,0.9528057309230518,0.43437644555877897,0.6993464704424021,0,0,0,2,media,Revisar en control de calidad temático/espectral,baja_cantidad_meses_observados,1,1,Auditoría espectral preliminar SRC15 2021,Alerta exploratoria; no constituye validación temática definitiva
12171,S2SR_SRC15_PAN_2021_000011878,SRC15_0012171,PAN_FCL_0049134,SRC15_PAN_2021__XY__c89a253ca85c,SRC15_PAN_2021__XYY__4970f97acde5,SRC15_PAN_2021__XYC__4f919547acdc,-81.906493,8.641449,Panamá,PAN,MIAMBIENTE - Cultivos Mapa Panamá,15,2021,1,1,Bosque latifoliado mixto maduro,Bosque y vegetación natural,1,12,2021.0,2021.0,3,9,12,1.0,0.0,16.0,30.166666666666668,0.7332848949727052,0.8007526482870281,0.5350062298973169,0.8640958067337707,0.743751852876021,0.8071353895054802,0.5514390388005346,0.8726811303220479,0.5283954985874588,0.5392200378654192,0.4311347131177407,0.6148317447792165,1,1,1,1,Bosque latifoliado mixto maduro,1,Bosque y vegetación natural,0,0,0,0,Panamá,PAN,MIAMBIENTE - Cultivos Mapa Panamá,15,2021,1,1,Bosque latifoliado mixto maduro,Bosque y vegetación natural,vegetacion_forestal_esperada,0,1,0,0,none,Senal compatible con bosque o plantacion forestal,0,0,False,False,False,0.6430119869024382,0.9528057309230518,0.43437644555877897,0.6993464704424021,0,0,0,1,baja,Revisar si pertenece a clase o fuente prioritaria,baja_cantidad_meses_observados,1,0,Auditoría espectral preliminar SRC15 2021,Alerta exploratoria; no constituye validación temática definitiva
12174,S2SR_SRC15_PAN_2021_000012189,SRC15_0012174,PAN_FCL_0049140,SRC15_PAN_2021__XY__17c66f5b195c,SRC15_PAN_2021__XYY__a285d3591e92,SRC15_PAN_2021__XYC__f02b852c7fef,-81.892861,8.641481,Panamá,PAN,MIAMBIENTE - Cultivos Mapa Panamá,15,2021,1,1,Bosque latifoliado mixto maduro,Bosque y vegetación natural,1,12,2021.0,2021.0,3,9,8,0.6666666666666666,0.0,21.5,15.0,0.7475409100398386,0.7471590155060768,0.6289202799456142,0.8665434346678249,0.7511405350824091,0.7409302152221687,0.6384373109429706,0.8740540790820879,0.5374091162003247,0.5118595377125377,0.470171777221527,0.6301960336669095,1,1,1,1,Bosque latifoliado mixto maduro,1,Bosque y vegetación natural,0,0,0,0,Panamá,PAN,MIAMBIENTE - Cultivos Mapa Panamá,15,2021,1,1,Bosque latifoliado mixto maduro,Bosque y vegetación natural,vegetacion_forestal_esperada,0,1,0,0,none,Senal compatible con bosque o plantacion forestal,0,0,False,False,False,0.6430119869024382,0.9528057309230518,0.43437644555877897,0.6993464704424021,0,0,0,1,baja,Revisar si pertenece a clase o fuente prioritaria,baja_cantidad_meses_observados,1,0,Auditoría espectral preliminar SRC15 2021,Alerta exploratoria; no constituye validación temática definitiva
12212,S2SR_SRC15_PAN_2021_000007242,SRC15_0012212,PAN_FCL_0049312,SRC15_PAN_2021__XY__ccab1b7ee816,SRC15_PAN_2021__XYY__6e69dc3e77ba,SRC15_PAN_2021__XYC__9bc0a5a302ab,-82.124607,8.643132,Panamá,PAN,MIAMBIENTE - Cultivos Mapa Panamá,15,2021,1,1,Bosque latifoliado mixto maduro,Bosque y vegetación natural,1,12,2021.0,2021.0,1,11,1,0.08333333333333333,0.0,3.0,3.0,0.8200400801603207,0.8200400801603207,0.8200400801603207,0.8200400801603207,0.8243348982785602,0.8243348982785602,0.8243348982785602,0.8243348982785602,0.5179036458333334,0.5179036458333334,0.5179036458333334,0.5179036458333334,1,1,1,1,Bosque latifoliado mixto maduro,1,Bosque y vegetación natural,0,0,0,0,Panamá,PAN,MIAMBIENTE - Cultivos Mapa Panamá,15,2021,1,1,Bosque latifoliado mixto maduro,Bosque y vegetación natural,vegetacion_forestal_esperada,0,1,1,0,none,Senal compatible con bosque o plantacion forestal,0,0,False,False,False,0.6430119869024382,0.9528057309230518,0.43437644555877897,0.6993464704424021,0,0,0,2,media,Revisar en control de calidad temático/espectral,baja_cantidad_meses_observados,1,1,Auditoría espectral preliminar SRC15 2021,Alerta exploratoria; no constituye validación temática definitiva
12213,S2SR_SRC15_PAN_2021_000007435,SRC15_0012213,PAN_FCL_0049316,SRC15_PAN_2021__XY__c8bfa1cb223f,SRC15_PAN_2021__XYY__5232d1a8233c,SRC15_PAN_2021__XYC__490ef977388b,-82.115519,8.643158,Panamá,PAN,MIAMBIENTE - Cultivos Mapa Panamá,15,2021,1,1,Bosque latifoliado mixto maduro,Bosque y vegetación natural,1,12,2021.0,2021.0,2,10,2,0.16666666666666666,0.0,17.5,17.5,0.7718985762392827,0.7718985762392827,0.6770957726295678,0.8667013798489976,0.7788289179451209,0.7788289179451209,0.6838905775075989,0.8737672583826429,0.5303741498953451,0.5303741498953451,0.4764247642476425,0.5843235355430477,1,1,1,1,Bosque latifoliado mixto maduro,1,Bosque y vegetación natural,0,0,0,0,Panamá,PAN,MIAMBIENTE - Cultivos Mapa Panamá,15,2021,1,1,Bosque latifoliado mixto maduro,Bosque y vegetación natural,vegetacion_forestal_esperada,0,1,1,0,none,Senal compatible con bosque o plantacion forestal,0,0,False,False,False,0.6430119869024382,0.9528057309230518,0.43437644555877897,0.6993464704424021,0,0,0,2,media,Revisar en control de calidad temático/espectral,baja_cantidad_meses_observados,1,1,Auditoría espectral preliminar SRC15 2021,Alerta exploratoria; no constituye validación temática definitiva
12214,S2SR_SRC15_PAN_2021_000007714,SRC15_0012214,PAN_FCL_0049322,SRC15_PAN_2021__XY__8478a4f5975e,SRC15_PAN_2021__XYY__21fc2902fbe8,SRC15_PAN_2021__XYC__1ef233a5e8b5,-82.101888,8.643198,Panamá,PAN,MIAMBIENTE - Cultivos Mapa Panamá,15,2021,1,1,Bosque latifoliado mixto maduro,Bosque y vegetación natural,1,12,2021.0,2021.0,1,11,1,0.08333333333333333,0.0,50.0,50.0,0.5230550477351209,0.5230550477351209,0.5230550477351209,0.5230550477351209,0.5389750638130767,0.5389750638130767,0.5389750638130767,0.5389750638130767,0.4039047107289987,0.4039047107289987,0.4039047107289987,0.4039047107289987,1,1,1,1,Bosque latifoliado mixto maduro,1,Bosque y vegetación natural,0,0,0,0,Panamá,PAN,MIAMBIENTE - Cultivos Mapa Panamá,15,2021,1,1,Bosque latifoliado mixto maduro,Bosque y vegetación natural,vegetacion_forestal_esperada,0,1,1,0,none,Senal compatible con bosque o plantacion forestal,0,0,False,True,True,0.6430119869024382,0.9528057309230518,0.43437644555877897,0.6993464704424021,1,0,0,3,media,Revisar en control de calidad temático/espectral,rareza_espectral_por_clase_anio,1,1,Auditoría espectral preliminar SRC15 2021,Alerta exploratoria; no constituye validación temática definitiva
12215,S2SR_SRC15_PAN_2021_000007900,SRC15_0012215,PAN_FCL_0049326,SRC15_PAN_2021__XY__3c25980f789b,SRC15_PAN_2021__XYY__a037942e1394,SRC15_PAN_2021__XYC__f3f3fec2bed8,-82.0928,8.643224,Panamá,PAN,MIAMBIENTE - Cultivos Mapa Panamá,15,2021,1,1,Bosque latifoliado mixto maduro,Bosque y vegetación natural,1,12,2021.0,2021.0,1,11,1,0.08333333333333333,0.0,46.0,46.0,0.5863808322824717,0.5863808322824717,0.5863808322824717,0.5863808322824717,0.6264236902050113,0.6264236902050113,0.6264236902050113,0.6264236902050113,0.4636146224803552,0.4636146224803552,0.4636146224803552,0.4636146224803552,1,1,1,1,Bosque latifoliado mixto maduro,1,Bosque y vegetación natural,0,0,0,0,Panamá,PAN,MIAMBIENTE - Cultivos Mapa Panamá,15,2021,1,1,Bosque latifoliado mixto maduro,Bosque y vegetación natural,vegetacion_forestal_esperada,0,1,1,0,none,Senal compatible con bosque o plantacion forestal,0,0,False,True,False,0.6430119869024382,0.9528057309230518,0.43437644555877897,0.6993464704424021,1,0,0,3,media,Revisar en control de calidad temático/espectral,rareza_espectral_por_clase_anio,1,1,Auditoría espectral preliminar SRC15 2021,Alerta exploratoria; no constituye validación temática definitiva
12216,S2SR_SRC15_PAN_2021_000008271,SRC15_0012216,PAN_FCL_0049334,SRC15_PAN_2021__XY__c2fbc4175070,SRC15_PAN_2021__XYY__117db42f39a8,SRC15_PAN_2021__XYC__2e823eda53c0,-82.074625,8.643275,Panamá,PAN,MIAMBIENTE - Cultivos Mapa Panamá,15,2021,1,1,Bosque latifoliado mixto maduro,Bosque y vegetación natural,1,12,2021.0,2021.0,1,11,1,0.08333333333333333,0.0,35.0,35.0,0.5548022598870056,0.5548022598870056,0.5548022598870056,0.5548022598870056,0.5651214128035319,0.5651214128035319,0.5651214128035319,0.5651214128035319,0.4053518334985134,0.4053518334985134,0.4053518334985134,0.4053518334985134,1,1,1,1,Bosque latifoliado mixto maduro,1,Bosque y vegetación natural,0,0,0,0,Panamá,PAN,MIAMBIENTE - Cultivos Mapa Panamá,15,2021,1,1,Bosque latifoliado mixto maduro,Bosque y vegetación natural,vegetacion_forestal_esperada,0,1,1,0,none,Senal compatible con bosque o plantacion forestal,0,0,False,True,True,0.6430119869024382,0.9528057309230518,0.43437644555877897,0.6993464704424021,1,0,0,3,media,Revisar en control de calidad temático/espectral,rareza_espectral_por_clase_anio,1,1,Auditoría espectral preliminar SRC15 2021,Alerta exploratoria; no constituye validación temática definitiva
12217,S2SR_SRC15_PAN_2021_000008455,SRC15_0012217,PAN_FCL_0049338,SRC15_PAN_2021__XY__3d9f3ab7203f,SRC15_PAN_2021__XYY__890be6fd0d26,SRC15_PAN_2021__XYC__1debfe7dd04d,-82.065537,8.6433,Panamá,PAN,MIAMBIENTE - Cultivos Mapa Panamá,15,2021,1,1,Bosque latifoliado mixto maduro,Bosque y vegetación natural,1,12,2021.0,2021.0,1,11,1,0.08333333333333333,0.0,31.0,31.0,0.5109561752988047,0.5109561752988047,0.5109561752988047,0.5109561752988047,0.5299936183790683,0.5299936183790683,0.5299936183790683,0.5299936183790683,0.4018418359888905,0.4018418359888905,0.4018418359888905,0.4018418359888905,1,1,1,1,Bosque latifoliado mixto maduro,1,Bosque y vegetación natural,0,0,0,0,Panamá,PAN,MIAMBIENTE - Cultivos Mapa Panamá,15,2021,1,1,Bosque latifoliado mixto maduro,Bosque y vegetación natural,vegetacion_forestal_esperada,0,1,1,0,none,Senal compatible con bosque o plantacion forestal,0,0,False,True,True,0.6430119869024382,0.9528057309230518,0.43437644555877897,0.6993464704424021,1,0,0,3,media,Revisar en control de calidad temático/espectral,rareza_espectral_por_clase_anio,1,1,Auditoría espectral preliminar SRC15 2021,Alerta exploratoria; no constituye validación temática definitiva
12219,S2SR_SRC15_PAN_2021_000009770,SRC15_0012219,PAN_FCL_0049366,SRC15_PAN_2021__XY__d562fe25cf8b,SRC15_PAN_2021__XYY__c45433abd570,SRC15_PAN_2021__XYC__840242651324,-82.001922,8.643472,Panamá,PAN,MIAMBIENTE - Cultivos Mapa Panamá,15,2021,1,1,Bosque latifoliado mixto maduro,Bosque y vegetación natural,1,12,2021.0,2021.0,3,9,4,0.3333333333333333,0.0,20.0,20.166666666666668,0.7686871430225025,0.7768941904130772,0.7477713686418457,0.7813958700125847,0.7836470630632291,0.7961715236994127,0.7560851926977689,0.7986844727925055,0.5460623377808221,0.5511890044238215,0.5292559063810997,0.5577421025375454,1,1,1,1,Bosque latifoliado mixto maduro,1,Bosque y vegetación natural,0,0,0,0,Panamá,PAN,MIAMBIENTE - Cultivos Mapa Panamá,15,2021,1,1,Bosque latifoliado mixto maduro,Bosque y vegetación natural,vegetacion_forestal_esperada,0,1,0,0,none,Senal compatible con bosque o plantacion forestal,0,0,False,False,False,0.6430119869024382,0.9528057309230518,0.43437644555877897,0.6993464704424021,0,0,0,1,baja,Revisar si pertenece a clase o fuente prioritaria,baja_cantidad_meses_observados,1,0,Auditoría espectral preliminar SRC15 2021,Alerta exploratoria; no constituye validación temática definitiva
12221,S2SR_SRC15_PAN_2021_000009967,SRC15_0012221,PAN_FCL_0049370,SRC15_PAN_2021__XY__b489eedf670d,SRC15_PAN_2021__XYY__2115e88d3629,SRC15_PAN_2021__XYC__cbbd8198f539,-81.992835,8.643496,Panamá,PAN,MIAMBIENTE - Cultivos Mapa Panamá,15,2021,1,1,Bosque latifoliado mixto maduro,Bosque y vegetación natural,1,12,2021.0,2021.0,1,11,1,0.08333333333333333,0.0,3.0,3.0,0.8708876474239604,0.8708876474239604,0.8708876474239604,0.8708876474239604,0.8783625730994153,0.8783625730994153,0.8783625730994153,0.8783625730994153,0.6011964107676969,0.6011964107676969,0.6011964107676969,0.6011964107676969,1,1,1,1,Bosque latifoliado mixto maduro,1,Bosque y vegetación natural,0,0,0,0,Panamá,PAN,MIAMBIENTE - Cultivos Mapa Panamá,15,2021,1,1,Bosque latifoliado mixto maduro,Bosque y vegetación natural,vegetacion_forestal_esperada,0,1,1,0,none,Senal compatible con bosque o plantacion forestal,0,0,False,False,False,0.6430119869024382,0.9528057309230518,0.43437644555877897,0.6993464704424021,0,0,0,2,media,Revisar en control de calidad temático/espectral,baja_cantidad_meses_observados,1,1,Auditoría espectral preliminar SRC15 2021,Alerta exploratoria; no constituye validación temática definitiva
12222,S2SR_SRC15_PAN_2021_000010165,SRC15_0012222,PAN_FCL_0049374,SRC15_PAN_2021__XY__229110aac80a,SRC15_PAN_2021__XYY__ed3945fa50a6,SRC15_PAN_2021__XYC__12866628230d,-81.983747,8.643519,Panamá,PAN,MIAMBIENTE - Cultivos Mapa Panamá,15,2021,1,1,Bosque latifoliado mixto maduro,Bosque y vegetación natural,1,12,2021.0,2021.0,1,11,1,0.08333333333333333,0.0,3.0,3.0,0.8129795396419438,0.8129795396419438,0.8129795396419438,0.8129795396419438,0.8189415041782729,0.8189415041782729,0.8189415041782729,0.8189415041782729,0.5726518597805725,0.5726518597805725,0.5726518597805725,0.5726518597805725,1,1,1,1,Bosque latifoliado mixto maduro,1,Bosque y vegetación natural,0,0,0,0,Panamá,PAN,MIAMBIENTE - Cultivos Mapa Panamá,15,2021,1,1,Bosque latifoliado mixto maduro,Bosque y vegetación natural,vegetacion_forestal_esperada,0,1,1,0,none,Senal compatible con bosque o plantacion forestal,0,0,False,False,False,0.6430119869024382,0.9528057309230518,0.43437644555877897,0.6993464704424021,0,0,0,2,media,Revisar en control de calidad temático/espectral,baja_cantidad_meses_observados,1,1,Auditoría espectral preliminar SRC15 2021,Alerta exploratoria; no constituye validación temática definitiva
12224,S2SR_SRC15_PAN_2021_000010363,SRC15_0012224,PAN_FCL_0049378,SRC15_PAN_2021__XY__f4a0d430da11,SRC15_PAN_2021__XYY__2491bf4ce1ad,SRC15_PAN_2021__XYC__1b762a9e7d18,-81.974659,8.643543,Panamá,PAN,MIAMBIENTE - Cultivos Mapa Panamá,15,2021,1,1,Bosque latifoliado mixto maduro,Bosque y vegetación natural,1,12,2021.0,2021.0,1,11,1,0.08333333333333333,0.0,17.0,17.0,0.5648641787255649,0.5648641787255649,0.5648641787255649,0.5648641787255649,0.584384093113482,0.584384093113482,0.584384093113482,0.584384093113482,0.4185844550586191,0.4185844550586191,0.4185844550586191,0.4185844550586191,1,1,1,1,Bosque latifoliado mixto maduro,1,Bosque y vegetación natural,0,0,0,0,Panamá,PAN,MIAMBIENTE - Cultivos Mapa Panamá,15,2021,1,1,Bosque latifoliado mixto maduro,Bosque y vegetación natural,vegetacion_forestal_esperada,0,1,1,0,none,Senal compatible con bosque o plantacion forestal,0,0,False,True,True,0.6430119869024382,0.9528057309230518,0.43437644555877897,0.6993464704424021,1,0,0,3,media,Revisar en control de calidad temático/espectral,rareza_espectral_por_clase_anio,1,1,Auditoría espectral preliminar SRC15 2021,Alerta exploratoria; no constituye validación temática definitiva
12225,S2SR_SRC15_PAN_2021_000010462,SRC15_0012225,PAN_FCL_0049380,SRC15_PAN_2021__XY__5065414bffa0,SRC15_PAN_2021__XYY__42d6fd89ef24,SRC15_PAN_2021__XYC__1e9ee9dc21e7,-81.970115,8.643554,Panamá,PAN,MIAMBIENTE - Cultivos Mapa Panamá,15,2021,1,1,Bosque latifoliado mixto maduro,Bosque y vegetación natural,1,12,2021.0,2021.0,3,9,3,0.25,0.0,27.0,24.0,0.686686996282583,0.7038805970149254,0.5814348860931656,0.7747455057396578,0.7051693862307654,0.7258153676064125,0.5986960065199673,0.7909967845659164,0.4964122368864683,0.502044743805629,0.4272409778812572,0.5599509889725187,1,1,1,1,Bosque latifoliado mixto maduro,1,Bosque y vegetación natural,0,0,0,0,Panamá,PAN,MIAMBIENTE - Cultivos Mapa Panamá,15,2021,1,1,Bosque latifoliado mixto maduro,Bosque y vegetación natural,vegetacion_forestal_esperada,0,1,1,0,none,Senal compatible con bosque o plantacion forestal,0,0,False,False,False,0.6430119869024382,0.9528057309230518,0.43437644555877897,0.6993464704424021,0,0,0,2,media,Revisar en control de calidad temático/espectral,baja_cantidad_meses_observados,1,1,Auditoría espectral preliminar SRC15 2021,Alerta exploratoria; no constituye validación temática definitiva
12226,S2SR_SRC15_PAN_2021_000010561,SRC15_0012226,PAN_FCL_0049382,SRC15_PAN_2021__XY__fd8a329cf709,SRC15_PAN_2021__XYY__56c01bda6216,SRC15_PAN_2021__XYC__02abf9436717,-81.965571,8.643566,Panamá,PAN,MIAMBIENTE - Cultivos Mapa Panamá,15,2021,1,1,Bosque latifoliado mixto maduro,Bosque y vegetación natural,1,12,2021.0,2021.0,3,9,3,0.25,0.0,9.0,13.0,0.7532589502123578,0.7846234860452871,0.6457533077251386,0.8294000568666476,0.7617819703834887,0.803883960680892,0.6516264428121721,0.829835507657402,0.521804606107378,0.5465004793863854,0.4533702677746998,0.5655430711610487,1,1,1,1,Bosque latifoliado mixto maduro,1,Bosque y vegetación natural,0,0,0,0,Panamá,PAN,MIAMBIENTE - Cultivos Mapa Panamá,15,2021,1,1,Bosque latifoliado mixto maduro,Bosque y vegetación natural,vegetacion_forestal_esperada,0,1,1,0,none,Senal compatible con bosque o plantacion forestal,0,0,False,False,False,0.6430119869024382,0.9528057309230518,0.43437644555877897,0.6993464704424021,0,0,0,2,media,Revisar en control de calidad temático/espectral,baja_cantidad_meses_observados,1,1,Auditoría espectral preliminar SRC15 2021,Alerta exploratoria; no constituye validación temática definitiva
12227,S2SR_SRC15_PAN_2021_000012401,SRC15_0012227,PAN_FCL_0049418,SRC15_PAN_2021__XY__beffcf2c7864,SRC15_PAN_2021__XYY__937787339c67,SRC15_PAN_2021__XYC__fea4451b5151,-81.883778,8.643763,Panamá,PAN,MIAMBIENTE - Cultivos Mapa Panamá,15,2021,1,1,Bosque latifoliado mixto maduro,Bosque y vegetación natural,1,12,2021.0,2021.0,2,10,6,0.5,0.0,19.0,19.0,0.7130073425806209,0.7130073425806209,0.6585219294823021,0.7674927556789397,0.7224190733457054,0.7224190733457054,0.6729439510261428,0.7718941956652681,0.5157127636389657,0.5157127636389657,0.4568695855126584,0.574555941765273,1,1,1,1,Bosque latifoliado mixto maduro,1,Bosque y vegetación natural,0,0,0,0,Panamá,PAN,MIAMBIENTE - Cultivos Mapa Panamá,15,2021,1,1,Bosque latifoliado mixto maduro,Bosque y vegetación natural,vegetacion_forestal_esperada,0,1,0,0,none,Senal compatible con bosque o plantacion forestal,0,0,False,False,False,0.6430119869024382,0.9528057309230518,0.43437644555877897,0.6993464704424021,0,0,0,1,baja,Revisar si pertenece a clase o fuente prioritaria,baja_cantidad_meses_observados,1,0,Auditoría espectral preliminar SRC15 2021,Alerta exploratoria; no constituye validación temática definitiva
12228,S2SR_SRC15_PAN_2021_000012507,SRC15_0012228,PAN_FCL_0049420,SRC15_PAN_2021__XY__40e3e34a59cd,SRC15_PAN_2021__XYY__263c1d989570,SRC15_PAN_2021__XYC__9c9f3eb33017,-81.879234,8.643773,Panamá,PAN,MIAMBIENTE - Cultivos Mapa Panamá,15,2021,1,1,Bosque latifoliado mixto maduro,Bosque y vegetación natural,1,12,2021.0,2021.0,2,10,6,0.5,0.0,26.25,26.25,0.6158942399981249,0.6158942399981249,0.4709241952232606,0.7608642847729892,0.6417410600541579,0.6417410600541579,0.501893745252495,0.7815883748558208,0.4849850898044654,0.4849850898044654,0.3989745234464462,0.5709956561624847,1,1,1,1,Bosque latifoliado mixto maduro,1,Bosque y vegetación natural,0,0,0,0,Panamá,PAN,MIAMBIENTE - Cultivos Mapa Panamá,15,2021,1,1,Bosque latifoliado mixto maduro,Bosque y vegetación natural,vegetacion_forestal_esperada,0,1,0,0,none,Senal compatible con bosque o plantacion forestal,0,0,False,True,False,0.6430119869024382,0.9528057309230518,0.43437644555877897,0.6993464704424021,1,0,0,2,media,Revisar en control de calidad temático/espectral,rareza_espectral_por_clase_anio,1,1,Auditoría espectral preliminar SRC15 2021,Alerta exploratoria; no constituye validación temática definitiva
12275,S2SR_SRC15_PAN_2021_000007338,SRC15_0012275,PAN_FCL_0049588,SRC15_PAN_2021__XY__f6a5ddbae8c9,SRC15_PAN_2021__XYY__dade100deb30,SRC15_PAN_2021__XYC__7889608603ee,-82.12007,8.645406,Panamá,PAN,MIAMBIENTE - Cultivos Mapa Panamá,15,2021,1,1,Bosque latifoliado mixto maduro,Bosque y vegetación natural,1,12,2021.0,2021.0,0,12,0,0.0,0.0,,,,,,,,,,,,,,,1,1,1,1,Bosque latifoliado mixto maduro,1,Bosque y vegetación natural,0,0,0,0,Panamá,PAN,MIAMBIENTE - Cultivos Mapa Panamá,15,2021,1,1,Bosque latifoliado mixto maduro,Bosque y vegetación natural,vegetacion_forestal_esperada,1,0,1,0,none,Sin NDVI/NDRE anual disponible,0,0,False,False,False,0.6430119869024382,0.9528057309230518,0.43437644555877897,0.6993464704424021,0,0,0,2,alta_sin_datos,Revisar disponibilidad satelital o excluir de análisis espectral,sin_datos_espectrales,1,1,Auditoría espectral preliminar SRC15 2021,Alerta exploratoria; no constituye validación temática definitiva
12276,S2SR_SRC15_PAN_2021_000007528,SRC15_0012276,PAN_FCL_0049592,SRC15_PAN_2021__XY__0100c777dd64,SRC15_PAN_2021__XYY__61a36901e38c,SRC15_PAN_2021__XYC__53a052e989a9,-82.110982,8.645432,Panamá,PAN,MIAMBIENTE - Cultivos Mapa Panamá,15,2021,1,1,Bosque latifoliado mixto maduro,Bosque y vegetación natural,1,12,2021.0,2021.0,2,10,2,0.16666666666666666,0.0,30.0,30.0,0.6998869494800477,0.6998869494800477,0.6741194486983154,0.7256544502617801,0.7113559721730928,0.7113559721730928,0.6775757575757575,0.745136186770428,0.5182316420961388,0.5182316420961388,0.4869728713403169,0.5494904128519607,1,1,1,1,Bosque latifoliado mixto maduro,1,Bosque y vegetación natural,0,0,0,0,Panamá,PAN,MIAMBIENTE - Cultivos Mapa Panamá,15,2021,1,1,Bosque latifoliado mixto maduro,Bosque y vegetación natural,vegetacion_forestal_esperada,0,1,1,0,none,Senal compatible con bosque o plantacion forestal,0,0,False,False,False,0.6430119869024382,0.9528057309230518,0.43437644555877897,0.6993464704424021,0,0,0,2,media,Revisar en control de calidad temático/espectral,baja_cantidad_meses_observados,1,1,Auditoría espectral preliminar SRC15 2021,Alerta exploratoria; no constituye validación temática definitiva
12277,S2SR_SRC15_PAN_2021_000007621,SRC15_0012277,PAN_FCL_0049594,SRC15_PAN_2021__XY__df0c76cbf107,SRC15_PAN_2021__XYY__df0c33be6e8e,SRC15_PAN_2021__XYC__da69b2b2d715,-82.106438,8.645445,Panamá,PAN,MIAMBIENTE - Cultivos Mapa Panamá,15,2021,1,1,Bosque latifoliado mixto maduro,Bosque y vegetación natural,1,12,2021.0,2021.0,2,10,2,0.16666666666666666,0.0,18.5,18.5,0.7626318594437639,0.7626318594437639,0.7018716577540106,0.8233920611335172,0.7835265145939705,0.7835265145939705,0.7332535885167464,0.8337994406711945,0.5500440146566279,0.5500440146566279,0.5156903765690376,0.5843976527442182,1,1,1,1,Bosque latifoliado mixto maduro,1,Bosque y vegetación natural,0,0,0,0,Panamá,PAN,MIAMBIENTE - Cultivos Mapa Panamá,15,2021,1,1,Bosque latifoliado mixto maduro,Bosque y vegetación natural,vegetacion_forestal_esperada,0,1,1,0,none,Senal compatible con bosque o plantacion forestal,0,0,False,False,False,0.6430119869024382,0.9528057309230518,0.43437644555877897,0.6993464704424021,0,0,0,2,media,Revisar en control de calidad temático/espectral,baja_cantidad_meses_observados,1,1,Auditoría espectral preliminar SRC15 2021,Alerta exploratoria; no constituye validación temática definitiva
12278,S2SR_SRC15_PAN_2021_000007807,SRC15_0012278,PAN_FCL_0049598,SRC15_PAN_2021__XY__68ae81e67f6f,SRC15_PAN_2021__XYY__1c4d33e5c91d,SRC15_PAN_2021__XYC__c27950d7d123,-82.09735,8.645472,Panamá,PAN,MIAMBIENTE - Cultivos Mapa Panamá,15,2021,1,1,Bosque latifoliado mixto maduro,Bosque y vegetación natural,1,12,2021.0,2021.0,0,12,0,0.0,0.0,,,,,,,,,,,,,,,1,1,1,1,Bosque latifoliado mixto maduro,1,Bosque y vegetación natural,0,0,0,0,Panamá,PAN,MIAMBIENTE - Cultivos Mapa Panamá,15,2021,1,1,Bosque latifoliado mixto maduro,Bosque y vegetación natural,vegetacion_forestal_esperada,1,0,1,0,none,Sin NDVI/NDRE anual disponible,0,0,False,False,False,0.6430119869024382,0.9528057309230518,0.43437644555877897,0.6993464704424021,0,0,0,2,alta_sin_datos,Revisar disponibilidad satelital o excluir de análisis espectral,sin_datos_espectrales,1,1,Auditoría espectral preliminar SRC15 2021,Alerta exploratoria; no constituye validación temática definitiva
12280,S2SR_SRC15_PAN_2021_000008084,SRC15_0012280,PAN_FCL_0049604,SRC15_PAN_2021__XY__ab4f93817f81,SRC15_PAN_2021__XYY__ce05c1471a78,SRC15_PAN_2021__XYC__8910ce7e11ad,-82.083719,8.64551,Panamá,PAN,MIAMBIENTE - Cultivos Mapa Panamá,15,2021,1,1,Bosque latifoliado mixto maduro,Bosque y vegetación natural,1,12,2021.0,2021.0,1,11,1,0.08333333333333333,0.0,37.0,37.0,0.5377623890932698,0.5377623890932698,0.5377623890932698,0.5377623890932698,0.5441741357234315,0.5441741357234315,0.5441741357234315,0.5441741357234315,0.3961026432568011,0.3961026432568011,0.3961026432568011,0.3961026432568011,1,1,1,1,Bosque latifoliado mixto maduro,1,Bosque y vegetación natural,0,0,0,0,Panamá,PAN,MIAMBIENTE - Cultivos Mapa Panamá,15,2021,1,1,Bosque latifoliado mixto maduro,Bosque y vegetación natural,vegetacion_forestal_esperada,0,1,1,0,none,Senal compatible con bosque o plantacion forestal,0,0,False,True,True,0.6430119869024382,0.9528057309230518,0.43437644555877897,0.6993464704424021,1,0,0,3,media,Revisar en control de calidad temático/espectral,rareza_espectral_por_clase_anio,1,1,Auditoría espectral preliminar SRC15 2021,Alerta exploratoria; no constituye validación temática definitiva
12281,S2SR_SRC15_PAN_2021_000008177,SRC15_0012281,PAN_FCL_0049606,SRC15_PAN_2021__XY__7533dab3905e,SRC15_PAN_2021__XYY__d2101e54e18b,SRC15_PAN_2021__XYC__fc56880326d1,-82.079175,8.645523,Panamá,PAN,MIAMBIENTE - Cultivos Mapa Panamá,15,2021,1,1,Bosque latifoliado mixto maduro,Bosque y vegetación natural,1,12,2021.0,2021.0,2,10,2,0.16666666666666666,0.0,31.0,31.0,0.6260007926646959,0.6260007926646959,0.5273405136702569,0.7246610716591348,0.6404316807526149,0.6404316807526149,0.5363673303535149,0.7444960311517148,0.4350619049920714,0.4350619049920714,0.3834613977314306,0.4866624122527122,1,1,1,1,Bosque latifoliado mixto maduro,1,Bosque y vegetación natural,0,0,0,0,Panamá,PAN,MIAMBIENTE - Cultivos Mapa Panamá,15,2021,1,1,Bosque latifoliado mixto maduro,Bosque y vegetación natural,vegetacion_forestal_esperada,0,1,1,0,none,Senal compatible con bosque o plantacion forestal,0,0,False,True,False,0.6430119869024382,0.9528057309230518,0.43437644555877897,0.6993464704424021,1,0,0,3,media,Revisar en control de calidad temático/espectral,rareza_espectral_por_clase_anio,1,1,Auditoría espectral preliminar SRC15 2021,Alerta exploratoria; no constituye validación temática definitiva
12282,S2SR_SRC15_PAN_2021_000008363,SRC15_0012282,PAN_FCL_0049610,SRC15_PAN_2021__XY__8d305e0a0594,SRC15_PAN_2021__XYY__94e4be56e7ad,SRC15_PAN_2021__XYC__163c0aada133,-82.070087,8.645549,Panamá,PAN,MIAMBIENTE - Cultivos Mapa Panamá,15,2021,1,1,Bosque latifoliado mixto maduro,Bosque y vegetación natural,1,12,2021.0,2021.0,0,12,0,0.0,0.0,,,,,,,,,,,,,,,1,1,1,1,Bosque latifoliado mixto maduro,1,Bosque y vegetación natural,0,0,0,0,Panamá,PAN,MIAMBIENTE - Cultivos Mapa Panamá,15,2021,1,1,Bosque latifoliado mixto maduro,Bosque y vegetación natural,vegetacion_forestal_esperada,1,0,1,0,none,Sin NDVI/NDRE anual disponible,0,0,False,False,False,0.6430119869024382,0.9528057309230518,0.43437644555877897,0.6993464704424021,0,0,0,2,alta_sin_datos,Revisar disponibilidad satelital o excluir de análisis espectral,sin_datos_espectrales,1,1,Auditoría espectral preliminar SRC15 2021,Alerta exploratoria; no constituye validación temática definitiva
12283,S2SR_SRC15_PAN_2021_000008639,SRC15_0012283,PAN_FCL_0049616,SRC15_PAN_2021__XY__64c0f45bba3f,SRC15_PAN_2021__XYY__c06d5a92cc81,SRC15_PAN_2021__XYC__60154e9c8df4,-82.056456,8.645587,Panamá,PAN,MIAMBIENTE - Cultivos Mapa Panamá,15,2021,1,1,Bosque latifoliado mixto maduro,Bosque y vegetación natural,1,12,2021.0,2021.0,2,10,2,0.16666666666666666,0.0,12.5,12.5,0.7552184003652187,0.7552184003652187,0.7145081754477032,0.7959286252827342,0.7732136959154464,0.7732136959154464,0.7311827956989247,0.8152445961319681,0.505654022177094,0.505654022177094,0.4773722627737226,0.5339357815804654,1,1,1,1,Bosque latifoliado mixto maduro,1,Bosque y vegetación natural,0,0,0,0,Panamá,PAN,MIAMBIENTE - Cultivos Mapa Panamá,15,2021,1,1,Bosque latifoliado mixto maduro,Bosque y vegetación natural,vegetacion_forestal_esperada,0,1,1,0,none,Senal compatible con bosque o plantacion forestal,0,0,False,False,False,0.6430119869024382,0.9528057309230518,0.43437644555877897,0.6993464704424021,0,0,0,2,media,Revisar en control de calidad temático/espectral,baja_cantidad_meses_observados,1,1,Auditoría espectral preliminar SRC15 2021,Alerta exploratoria; no constituye validación temática definitiva
12285,S2SR_SRC15_PAN_2021_000008823,SRC15_0012285,PAN_FCL_0049620,SRC15_PAN_2021__XY__582fd065902d,SRC15_PAN_2021__XYY__fbc2ed79d4e3,SRC15_PAN_2021__XYC__5f3e293e598a,-82.047368,8.645612,Panamá,PAN,MIAMBIENTE - Cultivos Mapa Panamá,15,2021,1,1,Bosque latifoliado mixto maduro,Bosque y vegetación natural,1,12,2021.0,2021.0,2,10,3,0.25,0.0,8.75,8.75,0.7651886519765944,0.7651886519765944,0.7206682935986484,0.8097090103545403,0.7708927722751242,0.7708927722751242,0.727072633895818,0.8147129106544304,0.560593298144382,0.560593298144382,0.5370551746653607,0.5841314216234033,1,1,1,1,Bosque latifoliado mixto maduro,1,Bosque y vegetación natural,0,0,0,0,Panamá,PAN,MIAMBIENTE - Cultivos Mapa Panamá,15,2021,1,1,Bosque latifoliado mixto maduro,Bosque y vegetación natural,vegetacion_forestal_esperada,0,1,1,0,none,Senal compatible con bosque o plantacion forestal,0,0,False,False,False,0.6430119869024382,0.9528057309230518,0.43437644555877897,0.6993464704424021,0,0,0,2,media,Revisar en control de calidad temático/espectral,baja_cantidad_meses_observados,1,1,Auditoría espectral preliminar SRC15 2021,Alerta exploratoria; no constituye validación temática definitiva
12286,S2SR_SRC15_PAN_2021_000008915,SRC15_0012286,PAN_FCL_0049622,SRC15_PAN_2021__XY__8d5161f6ee4b,SRC15_PAN_2021__XYY__1b41ab5444b2,SRC15_PAN_2021__XYC__c3c159cda98e,-82.042824,8.645624,Panamá,PAN,MIAMBIENTE - Cultivos Mapa Panamá,15,2021,1,1,Bosque latifoliado mixto maduro,Bosque y vegetación natural,1,12,2021.0,2021.0,3,9,3,0.25,0.0,7.0,14.333333333333334,0.7846450006958839,0.7745690290260793,0.7737537281636132,0.8056122448979591,0.7989373766984417,0.7915531335149864,0.7838387950335844,0.8214202015467541,0.5668754050496149,0.5644412709746519,0.5637826961770623,0.5724022479971302,1,1,1,1,Bosque latifoliado mixto maduro,1,Bosque y vegetación natural,0,0,0,0,Panamá,PAN,MIAMBIENTE - Cultivos Mapa Panamá,15,2021,1,1,Bosque latifoliado mixto maduro,Bosque y vegetación natural,vegetacion_forestal_esperada,0,1,1,0,none,Senal compatible con bosque o plantacion forestal,0,0,False,False,False,0.6430119869024382,0.9528057309230518,0.43437644555877897,0.6993464704424021,0,0,0,2,media,Revisar en control de calidad temático/espectral,baja_cantidad_meses_observados,1,1,Auditoría espectral preliminar SRC15 2021,Alerta exploratoria; no constituye validación temática definitiva
12287,S2SR_SRC15_PAN_2021_000009008,SRC15_0012287,PAN_FCL_0049624,SRC15_PAN_2021__XY__d3d3076a1011,SRC15_PAN_2021__XYY__eb6a36d4fe51,SRC15_PAN_2021__XYC__e96baeb7c0d1,-82.03828,8.645636,Panamá,PAN,MIAMBIENTE - Cultivos Mapa Panamá,15,2021,1,1,Bosque latifoliado mixto maduro,Bosque y vegetación natural,1,12,2021.0,2021.0,2,10,2,0.16666666666666666,0.0,21.0,21.0,0.7115368510694133,0.7115368510694133,0.7005784280367472,0.7224952741020794,0.7209784950901702,0.7209784950901702,0.717948717948718,0.7240082722316225,0.5064567689654026,0.5064567689654026,0.4947016174010039,0.5182119205298013,1,1,1,1,Bosque latifoliado mixto maduro,1,Bosque y vegetación natural,0,0,0,0,Panamá,PAN,MIAMBIENTE - Cultivos Mapa Panamá,15,2021,1,1,Bosque latifoliado mixto maduro,Bosque y vegetación natural,vegetacion_forestal_esperada,0,1,1,0,none,Senal compatible con bosque o plantacion forestal,0,0,False,False,False,0.6430119869024382,0.9528057309230518,0.43437644555877897,0.6993464704424021,0,0,0,2,media,Revisar en control de calidad temático/espectral,baja_cantidad_meses_observados,1,1,Auditoría espectral preliminar SRC15 2021,Alerta exploratoria; no constituye validación temática definitiva
12288,S2SR_SRC15_PAN_2021_000009101,SRC15_0012288,PAN_FCL_0049626,SRC15_PAN_2021__XY__d6e5aa19a63f,SRC15_PAN_2021__XYY__a1bafaad84c3,SRC15_PAN_2021__XYC__d842a36b6607,-82.033736,8.645649,Panamá,PAN,MIAMBIENTE - Cultivos Mapa Panamá,15,2021,1,1,Bosque latifoliado mixto maduro,Bosque y vegetación natural,1,12,2021.0,2021.0,2,10,2,0.16666666666666666,0.0,9.5,9.5,0.7562659579792903,0.7562659579792903,0.7547612835898775,0.7577706323687031,0.7698679594937143,0.7698679594937143,0.7660527625684421,0.7736831564189867,0.5300268787565445,0.5300268787565445,0.5164383561643835,0.5436154013487057,1,1,1,1,Bosque latifoliado mixto maduro,1,Bosque y vegetación natural,0,0,0,0,Panamá,PAN,MIAMBIENTE - Cultivos Mapa Panamá,15,2021,1,1,Bosque latifoliado mixto maduro,Bosque y vegetación natural,vegetacion_forestal_esperada,0,1,1,0,none,Senal compatible con bosque o plantacion forestal,0,0,False,False,False,0.6430119869024382,0.9528057309230518,0.43437644555877897,0.6993464704424021,0,0,0,2,media,Revisar en control de calidad temático/espectral,baja_cantidad_meses_observados,1,1,Auditoría espectral preliminar SRC15 2021,Alerta exploratoria; no constituye validación temática definitiva
12289,S2SR_SRC15_PAN_2021_000009195,SRC15_0012289,PAN_FCL_0049628,SRC15_PAN_2021__XY__39f31a661000,SRC15_PAN_2021__XYY__4b32a1b696dc,SRC15_PAN_2021__XYC__bd7527da97bb,-82.029192,8.645661,Panamá,PAN,MIAMBIENTE - Cultivos Mapa Panamá,15,2021,1,1,Bosque latifoliado mixto maduro,Bosque y vegetación natural,1,12,2021.0,2021.0,2,10,3,0.25,0.0,3.5,3.5,0.8288742185827154,0.8288742185827154,0.8106537530266343,0.8470946841387963,0.8364381241135985,0.8364381241135985,0.8164319248826291,0.856444323344568,0.5625034114120719,0.5625034114120719,0.5500017342835373,0.5750050885406066,1,1,1,1,Bosque latifoliado mixto maduro,1,Bosque y vegetación natural,0,0,0,0,Panamá,PAN,MIAMBIENTE - Cultivos Mapa Panamá,15,2021,1,1,Bosque latifoliado mixto maduro,Bosque y vegetación natural,vegetacion_forestal_esperada,0,1,1,0,none,Senal compatible con bosque o plantacion forestal,0,0,False,False,False,0.6430119869024382,0.9528057309230518,0.43437644555877897,0.6993464704424021,0,0,0,2,media,Revisar en control de calidad temático/espectral,baja_cantidad_meses_observados,1,1,Auditoría espectral preliminar SRC15 2021,Alerta exploratoria; no constituye validación temática definitiva
12290,S2SR_SRC15_PAN_2021_000009290,SRC15_0012290,PAN_FCL_0049630,SRC15_PAN_2021__XY__8f6c8f1a10f9,SRC15_PAN_2021__XYY__371ff261c36d,SRC15_PAN_2021__XYC__c9d9bb3aa008,-82.024648,8.645673,Panamá,PAN,MIAMBIENTE - Cultivos Mapa Panamá,15,2021,1,1,Bosque latifoliado mixto maduro,Bosque y vegetación natural,1,12,2021.0,2021.0,2,10,3,0.25,0.0,5.5,5.5,0.8256210779724324,0.8256210779724324,0.8149843411226211,0.8362578148222438,0.8308139715176186,0.8308139715176186,0.8205188128067306,0.8411091302285065,0.5576137869121498,0.5576137869121498,0.546244693663172,0.5689828801611277,1,1,1,1,Bosque latifoliado mixto maduro,1,Bosque y vegetación natural,0,0,0,0,Panamá,PAN,MIAMBIENTE - Cultivos Mapa Panamá,15,2021,1,1,Bosque latifoliado mixto maduro,Bosque y vegetación natural,vegetacion_forestal_esperada,0,1,1,0,none,Senal compatible con bosque o plantacion forestal,0,0,False,False,False,0.6430119869024382,0.9528057309230518,0.43437644555877897,0.6993464704424021,0,0,0,2,media,Revisar en control de calidad temático/espectral,baja_cantidad_meses_observados,1,1,Auditoría espectral preliminar SRC15 2021,Alerta exploratoria; no constituye validación temática definitiva
12291,S2SR_SRC15_PAN_2021_000009385,SRC15_0012291,PAN_FCL_0049632,SRC15_PAN_2021__XY__07092e260af6,SRC15_PAN_2021__XYY__a8207c5b40da,SRC15_PAN_2021__XYC__45075f96a083,-82.020104,8.645685,Panamá,PAN,MIAMBIENTE - Cultivos Mapa Panamá,15,2021,1,1,Bosque latifoliado mixto maduro,Bosque y vegetación natural,1,12,2021.0,2021.0,3,9,3,0.25,0.0,12.0,11.0,0.7695486190924483,0.7478389205144422,0.7232351566152406,0.837571780147662,0.7840041894424363,0.7623683687661434,0.7427764501412122,0.8468677494199536,0.5215513974501191,0.4988789237668161,0.4867582970164263,0.579016971567115,1,1,1,1,Bosque latifoliado mixto maduro,1,Bosque y vegetación natural,0,0,0,0,Panamá,PAN,MIAMBIENTE - Cultivos Mapa Panamá,15,2021,1,1,Bosque latifoliado mixto maduro,Bosque y vegetación natural,vegetacion_forestal_esperada,0,1,1,0,none,Senal compatible con bosque o plantacion forestal,0,0,False,False,False,0.6430119869024382,0.9528057309230518,0.43437644555877897,0.6993464704424021,0,0,0,2,media,Revisar en control de calidad temático/espectral,baja_cantidad_meses_observados,1,1,Auditoría espectral preliminar SRC15 2021,Alerta exploratoria; no constituye validación temática definitiva
12292,S2SR_SRC15_PAN_2021_000009481,SRC15_0012292,PAN_FCL_0049634,SRC15_PAN_2021__XY__176241259ddd,SRC15_PAN_2021__XYY__6a2c923a00ec,SRC15_PAN_2021__XYC__4369e2ab8516,-82.01556,8.645697,Panamá,PAN,MIAMBIENTE - Cultivos Mapa Panamá,15,2021,1,1,Bosque latifoliado mixto maduro,Bosque y vegetación natural,1,12,2021.0,2021.0,3,9,3,0.25,0.0,4.0,8.0,0.7387634228408301,0.7713717693836979,0.6326987681970884,0.8122197309417042,0.7507985621851162,0.7870863226105069,0.6491228070175438,0.8161865569272976,0.47865283295097333,0.5065999089667729,0.4140524674371675,0.5153061224489796,1,1,1,1,Bosque latifoliado mixto maduro,1,Bosque y vegetación natural,0,0,0,0,Panamá,PAN,MIAMBIENTE - Cultivos Mapa Panamá,15,2021,1,1,Bosque latifoliado mixto maduro,Bosque y vegetación natural,vegetacion_forestal_esperada,0,1,1,0,none,Senal compatible con bosque o plantacion forestal,0,0,False,False,False,0.6430119869024382,0.9528057309230518,0.43437644555877897,0.6993464704424021,0,0,0,2,media,Revisar en control de calidad temático/espectral,baja_cantidad_meses_observados,1,1,Auditoría espectral preliminar SRC15 2021,Alerta exploratoria; no constituye validación temática definitiva
12293,S2SR_SRC15_PAN_2021_000009577,SRC15_0012293,PAN_FCL_0049636,SRC15_PAN_2021__XY__c8fbe13e8249,SRC15_PAN_2021__XYY__43e54d20da5e,SRC15_PAN_2021__XYC__ec444a517198,-82.011016,8.645709,Panamá,PAN,MIAMBIENTE - Cultivos Mapa Panamá,15,2021,1,1,Bosque latifoliado mixto maduro,Bosque y vegetación natural,1,12,2021.0,2021.0,3,9,3,0.25,0.0,3.0,3.0,0.8314253748378029,0.8321541839473043,0.8004688721021099,0.8616530684639944,0.8390902905565468,0.8423825887743415,0.8084042021010506,0.8664840807942484,0.5604846114044207,0.5534093104114352,0.5445417645802179,0.5835027592216091,1,1,1,1,Bosque latifoliado mixto maduro,1,Bosque y vegetación natural,0,0,0,0,Panamá,PAN,MIAMBIENTE - Cultivos Mapa Panamá,15,2021,1,1,Bosque latifoliado mixto maduro,Bosque y vegetación natural,vegetacion_forestal_esperada,0,1,1,0,none,Senal compatible con bosque o plantacion forestal,0,0,False,False,False,0.6430119869024382,0.9528057309230518,0.43437644555877897,0.6993464704424021,0,0,0,2,media,Revisar en control de calidad temático/espectral,baja_cantidad_meses_observados,1,1,Auditoría espectral preliminar SRC15 2021,Alerta exploratoria; no constituye validación temática definitiva
12294,S2SR_SRC15_PAN_2021_000009673,SRC15_0012294,PAN_FCL_0049638,SRC15_PAN_2021__XY__1eb0ce105743,SRC15_PAN_2021__XYY__c32c07869066,SRC15_PAN_2021__XYC__d1e6b5c06e9c,-82.006472,8.645721,Panamá,PAN,MIAMBIENTE - Cultivos Mapa Panamá,15,2021,1,1,Bosque latifoliado mixto maduro,Bosque y vegetación natural,1,12,2021.0,2021.0,3,9,3,0.25,0.0,7.0,14.333333333333334,0.7541738063056376,0.7746384123780694,0.6294568477174275,0.8584261588214158,0.7702177370217149,0.7937192118226603,0.6522826766729206,0.8646513225695638,0.5299591276199012,0.5465887974515529,0.4726867335562987,0.570601851851852,1,1,1,1,Bosque latifoliado mixto maduro,1,Bosque y vegetación natural,0,0,0,0,Panamá,PAN,MIAMBIENTE - Cultivos Mapa Panamá,15,2021,1,1,Bosque latifoliado mixto maduro,Bosque y vegetación natural,vegetacion_forestal_esperada,0,1,1,0,none,Senal compatible con bosque o plantacion forestal,0,0,False,False,False,0.6430119869024382,0.9528057309230518,0.43437644555877897,0.6993464704424021,0,0,0,2,media,Revisar en control de calidad temático/espectral,baja_cantidad_meses_observados,1,1,Auditoría espectral preliminar SRC15 2021,Alerta exploratoria; no constituye validación temática definitiva
12295,S2SR_SRC15_PAN_2021_000010065,SRC15_0012295,PAN_FCL_0049646,SRC15_PAN_2021__XY__8978137ad7bb,SRC15_PAN_2021__XYY__8acbcfd03727,SRC15_PAN_2021__XYC__76b10ef097af,-81.988296,8.645769,Panamá,PAN,MIAMBIENTE - Cultivos Mapa Panamá,15,2021,1,1,Bosque latifoliado mixto maduro,Bosque y vegetación natural,1,12,2021.0,2021.0,3,9,3,0.25,0.0,9.0,21.333333333333332,0.7366424511902375,0.7714972940469033,0.6510416666666667,0.7873883928571428,0.7573689582300235,0.783763277693475,0.6904120138621487,0.797931583134447,0.5434995950150884,0.5456936226166994,0.5153607179841214,0.5694444444444444,1,1,1,1,Bosque latifoliado mixto maduro,1,Bosque y vegetación natural,0,0,0,0,Panamá,PAN,MIAMBIENTE - Cultivos Mapa Panamá,15,2021,1,1,Bosque latifoliado mixto maduro,Bosque y vegetación natural,vegetacion_forestal_esperada,0,1,1,0,none,Senal compatible con bosque o plantacion forestal,0,0,False,False,False,0.6430119869024382,0.9528057309230518,0.43437644555877897,0.6993464704424021,0,0,0,2,media,Revisar en control de calidad temático/espectral,baja_cantidad_meses_observados,1,1,Auditoría espectral preliminar SRC15 2021,Alerta exploratoria; no constituye validación temática definitiva
12296,S2SR_SRC15_PAN_2021_000010660,SRC15_0012296,PAN_FCL_0049658,SRC15_PAN_2021__XY__9085e84cafdf,SRC15_PAN_2021__XYY__2e8a075352ff,SRC15_PAN_2021__XYC__acd29deb11b9,-81.961032,8.645838,Panamá,PAN,MIAMBIENTE - Cultivos Mapa Panamá,15,2021,1,1,Bosque latifoliado mixto maduro,Bosque y vegetación natural,1,12,2021.0,2021.0,3,9,3,0.25,0.0,6.0,13.666666666666666,0.7446125080741536,0.825417882727514,0.5691991786447639,0.8392204628501828,0.7548278815930148,0.8379709431174588,0.5786302470375578,0.8478824546240278,0.5227185785077676,0.5567961165048544,0.4134148534436253,0.5979447655748232,1,1,1,1,Bosque latifoliado mixto maduro,1,Bosque y vegetación natural,0,0,0,0,Panamá,PAN,MIAMBIENTE - Cultivos Mapa Panamá,15,2021,1,1,Bosque latifoliado mixto maduro,Bosque y vegetación natural,vegetacion_forestal_esperada,0,1,1,0,none,Senal compatible con bosque o plantacion forestal,0,0,False,False,False,0.6430119869024382,0.9528057309230518,0.43437644555877897,0.6993464704424021,0,0,0,2,media,Revisar en control de calidad temático/espectral,baja_cantidad_meses_observados,1,1,Auditoría espectral preliminar SRC15 2021,Alerta exploratoria; no constituye validación temática definitiva
12297,S2SR_SRC15_PAN_2021_000010760,SRC15_0012297,PAN_FCL_0049660,SRC15_PAN_2021__XY__da1170d4f531,SRC15_PAN_2021__XYY__4dbcefa27f8a,SRC15_PAN_2021__XYC__f1973e677408,-81.956488,8.645849,Panamá,PAN,MIAMBIENTE - Cultivos Mapa Panamá,15,2021,1,1,Bosque latifoliado mixto maduro,Bosque y vegetación natural,1,12,2021.0,2021.0,1,11,1,0.08333333333333333,0.0,7.0,7.0,0.675986842105263,0.675986842105263,0.675986842105263,0.675986842105263,0.7007216103304215,0.7007216103304215,0.7007216103304215,0.7007216103304215,0.489191885600266,0.489191885600266,0.489191885600266,0.489191885600266,1,1,1,1,Bosque latifoliado mixto maduro,1,Bosque y vegetación natural,0,0,0,0,Panamá,PAN,MIAMBIENTE - Cultivos Mapa Panamá,15,2021,1,1,Bosque latifoliado mixto maduro,Bosque y vegetación natural,vegetacion_forestal_esperada,0,1,1,0,none,Senal compatible con bosque o plantacion forestal,0,0,False,False,False,0.6430119869024382,0.9528057309230518,0.43437644555877897,0.6993464704424021,0,0,0,2,media,Revisar en control de calidad temático/espectral,baja_cantidad_meses_observados,1,1,Auditoría espectral preliminar SRC15 2021,Alerta exploratoria; no constituye validación temática definitiva
12298,S2SR_SRC15_PAN_2021_000010861,SRC15_0012298,PAN_FCL_0049662,SRC15_PAN_2021__XY__1aae8236b435,SRC15_PAN_2021__XYY__15257fe69de6,SRC15_PAN_2021__XYC__2a0b0f999e83,-81.951944,8.645861,Panamá,PAN,MIAMBIENTE - Cultivos Mapa Panamá,15,2021,1,1,Bosque latifoliado mixto maduro,Bosque y vegetación natural,1,12,2021.0,2021.0,0,12,0,0.0,0.0,,,,,,,,,,,,,,,1,1,1,1,Bosque latifoliado mixto maduro,1,Bosque y vegetación natural,0,0,0,0,Panamá,PAN,MIAMBIENTE - Cultivos Mapa Panamá,15,2021,1,1,Bosque latifoliado mixto maduro,Bosque y vegetación natural,vegetacion_forestal_esperada,1,0,1,0,none,Sin NDVI/NDRE anual disponible,0,0,False,False,False,0.6430119869024382,0.9528057309230518,0.43437644555877897,0.6993464704424021,0,0,0,2,alta_sin_datos,Revisar disponibilidad satelital o excluir de análisis espectral,sin_datos_espectrales,1,1,Auditoría espectral preliminar SRC15 2021,Alerta exploratoria; no constituye validación temática definitiva
12299,S2SR_SRC15_PAN_2021_000010962,SRC15_0012299,PAN_FCL_0049664,SRC15_PAN_2021__XY__15a47e3e674b,SRC15_PAN_2021__XYY__c5be8427a84c,SRC15_PAN_2021__XYC__addf4252a501,-81.9474,8.645872,Panamá,PAN,MIAMBIENTE - Cultivos Mapa Panamá,15,2021,1,1,Bosque latifoliado mixto maduro,Bosque y vegetación natural,1,12,2021.0,2021.0,3,9,4,0.3333333333333333,0.0,26.0,27.666666666666668,0.7578180687946859,0.8330612244897959,0.59897949342195,0.841413488472312,0.7744541760162074,0.8471028037383178,0.6183995466355264,0.857860177674778,0.5490629964514935,0.5935067086301143,0.4339478109653103,0.6197344697590559,1,1,1,1,Bosque latifoliado mixto maduro,1,Bosque y vegetación natural,0,0,0,0,Panamá,PAN,MIAMBIENTE - Cultivos Mapa Panamá,15,2021,1,1,Bosque latifoliado mixto maduro,Bosque y vegetación natural,vegetacion_forestal_esperada,0,1,0,0,none,Senal compatible con bosque o plantacion forestal,0,0,False,False,False,0.6430119869024382,0.9528057309230518,0.43437644555877897,0.6993464704424021,0,0,0,1,baja,Revisar si pertenece a clase o fuente prioritaria,baja_cantidad_meses_observados,1,0,Auditoría espectral preliminar SRC15 2021,Alerta exploratoria; no constituye validación temática definitiva
12301,S2SR_SRC15_PAN_2021_000011164,SRC15_0012301,PAN_FCL_0049668,SRC15_PAN_2021__XY__3767bf51a7ec,SRC15_PAN_2021__XYY__dc166db167f3,SRC15_PAN_2021__XYC__dbf934f1cd88,-81.938312,8.645894,Panamá,PAN,MIAMBIENTE - Cultivos Mapa Panamá,15,2021,1,1,Bosque latifoliado mixto maduro,Bosque y vegetación natural,1,12,2021.0,2021.0,3,9,3,0.25,0.0,24.0,23.666666666666668,0.6614193667317704,0.6327354260089685,0.6056253740275284,0.7458973001588143,0.684216703348004,0.6622680412371135,0.6249288560045532,0.7654532128023456,0.4773667688610801,0.4573391178597252,0.4415551628376673,0.5332060258858478,1,1,1,1,Bosque latifoliado mixto maduro,1,Bosque y vegetación natural,0,0,0,0,Panamá,PAN,MIAMBIENTE - Cultivos Mapa Panamá,15,2021,1,1,Bosque latifoliado mixto maduro,Bosque y vegetación natural,vegetacion_forestal_esperada,0,1,1,0,none,Senal compatible con bosque o plantacion forestal,0,0,False,True,False,0.6430119869024382,0.9528057309230518,0.43437644555877897,0.6993464704424021,1,0,0,3,media,Revisar en control de calidad temático/espectral,rareza_espectral_por_clase_anio,1,1,Auditoría espectral preliminar SRC15 2021,Alerta exploratoria; no constituye validación temática definitiva
12302,S2SR_SRC15_PAN_2021_000011265,SRC15_0012302,PAN_FCL_0049670,SRC15_PAN_2021__XY__a42037e0942e,SRC15_PAN_2021__XYY__480e1ebc4885,SRC15_PAN_2021__XYC__3f93435af4ab,-81.933768,8.645905,Panamá,PAN,MIAMBIENTE - Cultivos Mapa Panamá,15,2021,1,1,Bosque latifoliado mixto maduro,Bosque y vegetación natural,1,12,2021.0,2021.0,2,10,2,0.16666666666666666,0.0,14.0,14.0,0.6919133891838916,0.6919133891838916,0.6741214057507987,0.7097053726169844,0.6836166562932859,0.6836166562932859,0.6350190839694656,0.7322142286171064,0.45966743255585796,0.45966743255585796,0.4129045557616986,0.5064303093500173,1,1,1,1,Bosque latifoliado mixto maduro,1,Bosque y vegetación natural,0,0,0,0,Panamá,PAN,MIAMBIENTE - Cultivos Mapa Panamá,15,2021,1,1,Bosque latifoliado mixto maduro,Bosque y vegetación natural,vegetacion_forestal_esperada,0,1,1,0,none,Senal compatible con bosque o plantacion forestal,0,0,False,False,False,0.6430119869024382,0.9528057309230518,0.43437644555877897,0.6993464704424021,0,0,0,2,media,Revisar en control de calidad temático/espectral,baja_cantidad_meses_observados,1,1,Auditoría espectral preliminar SRC15 2021,Alerta exploratoria; no constituye validación temática definitiva
12303,S2SR_SRC15_PAN_2021_000011366,SRC15_0012303,PAN_FCL_0049672,SRC15_PAN_2021__XY__7f42cc91e6f1,SRC15_PAN_2021__XYY__57ea13833738,SRC15_PAN_2021__XYC__8bcb1d237082,-81.929224,8.645916,Panamá,PAN,MIAMBIENTE - Cultivos Mapa Panamá,15,2021,1,1,Bosque latifoliado mixto maduro,Bosque y vegetación natural,1,12,2021.0,2021.0,2,10,2,0.16666666666666666,0.0,22.5,22.5,0.5652471825080281,0.5652471825080281,0.4793315743183817,0.6511627906976744,0.5851343316111028,0.5851343316111028,0.5007379295804343,0.6695307336417713,0.42154883274680277,0.42154883274680277,0.349895695050256,0.4932019704433496,1,1,1,1,Bosque latifoliado mixto maduro,1,Bosque y vegetación natural,0,0,0,0,Panamá,PAN,MIAMBIENTE - Cultivos Mapa Panamá,15,2021,1,1,Bosque latifoliado mixto maduro,Bosque y vegetación natural,vegetacion_forestal_esperada,0,1,1,0,none,Senal compatible con bosque o plantacion forestal,0,0,False,True,True,0.6430119869024382,0.9528057309230518,0.43437644555877897,0.6993464704424021,1,0,0,3,media,Revisar en control de calidad temático/espectral,rareza_espectral_por_clase_anio,1,1,Auditoría espectral preliminar SRC15 2021,Alerta exploratoria; no constituye validación temática definitiva
12304,S2SR_SRC15_PAN_2021_000011467,SRC15_0012304,PAN_FCL_0049674,SRC15_PAN_2021__XY__3fa2e3f56e47,SRC15_PAN_2021__XYY__d8efbbb7b6d5,SRC15_PAN_2021__XYC__352de8d011b7,-81.92468,8.645927,Panamá,PAN,MIAMBIENTE - Cultivos Mapa Panamá,15,2021,1,1,Bosque latifoliado mixto maduro,Bosque y vegetación natural,1,12,2021.0,2021.0,1,11,1,0.08333333333333333,0.0,9.0,9.0,0.7503059975520195,0.7503059975520195,0.7503059975520195,0.7503059975520195,0.7572391907973027,0.7572391907973027,0.7572391907973027,0.7572391907973027,0.5365938258758238,0.5365938258758238,0.5365938258758238,0.5365938258758238,1,1,1,1,Bosque latifoliado mixto maduro,1,Bosque y vegetación natural,0,0,0,0,Panamá,PAN,MIAMBIENTE - Cultivos Mapa Panamá,15,2021,1,1,Bosque latifoliado mixto maduro,Bosque y vegetación natural,vegetacion_forestal_esperada,0,1,1,0,none,Senal compatible con bosque o plantacion forestal,0,0,False,False,False,0.6430119869024382,0.9528057309230518,0.43437644555877897,0.6993464704424021,0,0,0,2,media,Revisar en control de calidad temático/espectral,baja_cantidad_meses_observados,1,1,Auditoría espectral preliminar SRC15 2021,Alerta exploratoria; no constituye validación temática definitiva
12305,S2SR_SRC15_PAN_2021_000011569,SRC15_0012305,PAN_FCL_0049676,SRC15_PAN_2021__XY__0c19c170543a,SRC15_PAN_2021__XYY__0bcb149b08cf,SRC15_PAN_2021__XYC__d2f0224d96c4,-81.920136,8.645938,Panamá,PAN,MIAMBIENTE - Cultivos Mapa Panamá,15,2021,1,1,Bosque latifoliado mixto maduro,Bosque y vegetación natural,1,12,2021.0,2021.0,0,12,0,0.0,0.0,,,,,,,,,,,,,,,1,1,1,1,Bosque latifoliado mixto maduro,1,Bosque y vegetación natural,0,0,0,0,Panamá,PAN,MIAMBIENTE - Cultivos Mapa Panamá,15,2021,1,1,Bosque latifoliado mixto maduro,Bosque y vegetación natural,vegetacion_forestal_esperada,1,0,1,0,none,Sin NDVI/NDRE anual disponible,0,0,False,False,False,0.6430119869024382,0.9528057309230518,0.43437644555877897,0.6993464704424021,0,0,0,2,alta_sin_datos,Revisar disponibilidad satelital o excluir de análisis espectral,sin_datos_espectrales,1,1,Auditoría espectral preliminar SRC15 2021,Alerta exploratoria; no constituye validación temática definitiva
12306,S2SR_SRC15_PAN_2021_000011670,SRC15_0012306,PAN_FCL_0049678,SRC15_PAN_2021__XY__12b127327f6e,SRC15_PAN_2021__XYY__6c4c32ae892a,SRC15_PAN_2021__XYC__60eaaaad56a2,-81.915592,8.645949,Panamá,PAN,MIAMBIENTE - Cultivos Mapa Panamá,15,2021,1,1,Bosque latifoliado mixto maduro,Bosque y vegetación natural,1,12,2021.0,2021.0,0,12,0,0.0,0.0,,,,,,,,,,,,,,,1,1,1,1,Bosque latifoliado mixto maduro,1,Bosque y vegetación natural,0,0,0,0,Panamá,PAN,MIAMBIENTE - Cultivos Mapa Panamá,15,2021,1,1,Bosque latifoliado mixto maduro,Bosque y vegetación natural,vegetacion_forestal_esperada,1,0,1,0,none,Sin NDVI/NDRE anual disponible,0,0,False,False,False,0.6430119869024382,0.9528057309230518,0.43437644555877897,0.6993464704424021,0,0,0,2,alta_sin_datos,Revisar disponibilidad satelital o excluir de análisis espectral,sin_datos_espectrales,1,1,Auditoría espectral preliminar SRC15 2021,Alerta exploratoria; no constituye validación temática definitiva
12307,S2SR_SRC15_PAN_2021_000011773,SRC15_0012307,PAN_FCL_0049680,SRC15_PAN_2021__XY__7e93c5ce672c,SRC15_PAN_2021__XYY__445497128702,SRC15_PAN_2021__XYC__1596e7cb368f,-81.911048,8.64596,Panamá,PAN,MIAMBIENTE - Cultivos Mapa Panamá,15,2021,1,1,Bosque latifoliado mixto maduro,Bosque y vegetación natural,1,12,2021.0,2021.0,0,12,0,0.0,0.0,,,,,,,,,,,,,,,1,1,1,1,Bosque latifoliado mixto maduro,1,Bosque y vegetación natural,0,0,0,0,Panamá,PAN,MIAMBIENTE - Cultivos Mapa Panamá,15,2021,1,1,Bosque latifoliado mixto maduro,Bosque y vegetación natural,vegetacion_forestal_esperada,1,0,1,0,none,Sin NDVI/NDRE anual disponible,0,0,False,False,False,0.6430119869024382,0.9528057309230518,0.43437644555877897,0.6993464704424021,0,0,0,2,alta_sin_datos,Revisar disponibilidad satelital o excluir de análisis espectral,sin_datos_espectrales,1,1,Auditoría espectral preliminar SRC15 2021,Alerta exploratoria; no constituye validación temática definitiva
12308,S2SR_SRC15_PAN_2021_000011877,SRC15_0012308,PAN_FCL_0049682,SRC15_PAN_2021__XY__5cda2ac6363f,SRC15_PAN_2021__XYY__4643e0b3560f,SRC15_PAN_2021__XYC__2900ec1313e9,-81.906504,8.645971,Panamá,PAN,MIAMBIENTE - Cultivos Mapa Panamá,15,2021,1,1,Bosque latifoliado mixto maduro,Bosque y vegetación natural,1,12,2021.0,2021.0,2,10,4,0.3333333333333333,0.0,14.0,14.0,0.8144381785157463,0.8144381785157463,0.759383431606302,0.8694929254251906,0.8294416380754377,0.8294416380754377,0.7776194764056159,0.8812637997452594,0.5712126360110286,0.5712126360110286,0.5556810602130398,0.5867442118090174,1,1,1,1,Bosque latifoliado mixto maduro,1,Bosque y vegetación natural,0,0,0,0,Panamá,PAN,MIAMBIENTE - Cultivos Mapa Panamá,15,2021,1,1,Bosque latifoliado mixto maduro,Bosque y vegetación natural,vegetacion_forestal_esperada,0,1,0,0,none,Senal compatible con bosque o plantacion forestal,0,0,False,False,False,0.6430119869024382,0.9528057309230518,0.43437644555877897,0.6993464704424021,0,0,0,1,baja,Revisar si pertenece a clase o fuente prioritaria,baja_cantidad_meses_observados,1,0,Auditoría espectral preliminar SRC15 2021,Alerta exploratoria; no constituye validación temática definitiva
12309,S2SR_SRC15_PAN_2021_000011981,SRC15_0012309,PAN_FCL_0049684,SRC15_PAN_2021__XY__b03d6daf8d42,SRC15_PAN_2021__XYY__7b39cdb006fc,SRC15_PAN_2021__XYC__c4b0dbae98a3,-81.901959,8.645982,Panamá,PAN,MIAMBIENTE - Cultivos Mapa Panamá,15,2021,1,1,Bosque latifoliado mixto maduro,Bosque y vegetación natural,1,12,2021.0,2021.0,3,9,10,0.8333333333333334,0.0,20.0,17.5,0.8350883553945182,0.8443137254901961,0.7934789349009687,0.8674724057923899,0.8442703570278768,0.858755478314535,0.7961185703387506,0.8779370224303449,0.6017536003331275,0.6211645222776557,0.5527510196417305,0.6313452590799962,1,1,1,1,Bosque latifoliado mixto maduro,1,Bosque y vegetación natural,0,0,0,0,Panamá,PAN,MIAMBIENTE - Cultivos Mapa Panamá,15,2021,1,1,Bosque latifoliado mixto maduro,Bosque y vegetación natural,vegetacion_forestal_esperada,0,1,0,0,none,Senal compatible con bosque o plantacion forestal,0,0,False,False,False,0.6430119869024382,0.9528057309230518,0.43437644555877897,0.6993464704424021,0,0,0,1,baja,Revisar si pertenece a clase o fuente prioritaria,baja_cantidad_meses_observados,1,0,Auditoría espectral preliminar SRC15 2021,Alerta exploratoria; no constituye validación temática definitiva
12348,S2SR_SRC15_PAN_2021_000007143,SRC15_0012348,PAN_FCL_0049858,SRC15_PAN_2021__XY__b2a87759d110,SRC15_PAN_2021__XYY__3a0e6b7b05ec,SRC15_PAN_2021__XYC__dd70bf163728,-82.129164,8.64764,Panamá,PAN,MIAMBIENTE - Cultivos Mapa Panamá,15,2021,1,1,Bosque latifoliado mixto maduro,Bosque y vegetación natural,1,12,2021.0,2021.0,3,9,3,0.25,0.0,10.0,12.333333333333334,0.7349283001898939,0.7741347905282331,0.6396508728179551,0.7909992372234935,0.7597370573714963,0.795712954333644,0.6583924349881796,0.8251057827926657,0.5520376263488139,0.5404541093700033,0.4961343641695548,0.6195244055068836,1,1,1,1,Bosque latifoliado mixto maduro,1,Bosque y vegetación natural,0,0,0,0,Panamá,PAN,MIAMBIENTE - Cultivos Mapa Panamá,15,2021,1,1,Bosque latifoliado mixto maduro,Bosque y vegetación natural,vegetacion_forestal_esperada,0,1,1,0,none,Senal compatible con bosque o plantacion forestal,0,0,False,False,False,0.6430119869024382,0.9528057309230518,0.43437644555877897,0.6993464704424021,0,0,0,2,media,Revisar en control de calidad temático/espectral,baja_cantidad_meses_observados,1,1,Auditoría espectral preliminar SRC15 2021,Alerta exploratoria; no constituye validación temática definitiva
12349,S2SR_SRC15_PAN_2021_000007241,SRC15_0012349,PAN_FCL_0049860,SRC15_PAN_2021__XY__9af3aa620080,SRC15_PAN_2021__XYY__a2c6138179eb,SRC15_PAN_2021__XYC__c6ba10d84048,-82.12462,8.647653,Panamá,PAN,MIAMBIENTE - Cultivos Mapa Panamá,15,2021,1,1,Bosque latifoliado mixto maduro,Bosque y vegetación natural,1,12,2021.0,2021.0,0,12,0,0.0,0.0,,,,,,,,,,,,,,,1,1,1,1,Bosque latifoliado mixto maduro,1,Bosque y vegetación natural,0,0,0,0,Panamá,PAN,MIAMBIENTE - Cultivos Mapa Panamá,15,2021,1,1,Bosque latifoliado mixto maduro,Bosque y vegetación natural,vegetacion_forestal_esperada,1,0,1,0,none,Sin NDVI/NDRE anual disponible,0,0,False,False,False,0.6430119869024382,0.9528057309230518,0.43437644555877897,0.6993464704424021,0,0,0,2,alta_sin_datos,Revisar disponibilidad satelital o excluir de análisis espectral,sin_datos_espectrales,1,1,Auditoría espectral preliminar SRC15 2021,Alerta exploratoria; no constituye validación temática definitiva
12350,S2SR_SRC15_PAN_2021_000007434,SRC15_0012350,PAN_FCL_0049864,SRC15_PAN_2021__XY__281869159a6f,SRC15_PAN_2021__XYY__8d2fc8442eb0,SRC15_PAN_2021__XYC__c662d539464b,-82.115532,8.64768,Panamá,PAN,MIAMBIENTE - Cultivos Mapa Panamá,15,2021,1,1,Bosque latifoliado mixto maduro,Bosque y vegetación natural,1,12,2021.0,2021.0,1,11,1,0.08333333333333333,0.0,5.0,5.0,0.8487212830515822,0.8487212830515822,0.8487212830515822,0.8487212830515822,0.8469298245614035,0.8469298245614035,0.8469298245614035,0.8469298245614035,0.5677587490692481,0.5677587490692481,0.5677587490692481,0.5677587490692481,1,1,1,1,Bosque latifoliado mixto maduro,1,Bosque y vegetación natural,0,0,0,0,Panamá,PAN,MIAMBIENTE - Cultivos Mapa Panamá,15,2021,1,1,Bosque latifoliado mixto maduro,Bosque y vegetación natural,vegetacion_forestal_esperada,0,1,1,0,none,Senal compatible con bosque o plantacion forestal,0,0,False,False,False,0.6430119869024382,0.9528057309230518,0.43437644555877897,0.6993464704424021,0,0,0,2,media,Revisar en control de calidad temático/espectral,baja_cantidad_meses_observados,1,1,Auditoría espectral preliminar SRC15 2021,Alerta exploratoria; no constituye validación temática definitiva
12351,S2SR_SRC15_PAN_2021_000007713,SRC15_0012351,PAN_FCL_0049870,SRC15_PAN_2021__XY__41f31e66cdf4,SRC15_PAN_2021__XYY__b4bd98cf2231,SRC15_PAN_2021__XYC__42c42b16b955,-82.101901,8.647719,Panamá,PAN,MIAMBIENTE - Cultivos Mapa Panamá,15,2021,1,1,Bosque latifoliado mixto maduro,Bosque y vegetación natural,1,12,2021.0,2021.0,1,11,1,0.08333333333333333,0.0,32.0,32.0,0.7241379310344829,0.7241379310344829,0.7241379310344829,0.7241379310344829,0.7680155810430643,0.7680155810430643,0.7680155810430643,0.7680155810430643,0.5633371603520857,0.5633371603520857,0.5633371603520857,0.5633371603520857,1,1,1,1,Bosque latifoliado mixto maduro,1,Bosque y vegetación natural,0,0,0,0,Panamá,PAN,MIAMBIENTE - Cultivos Mapa Panamá,15,2021,1,1,Bosque latifoliado mixto maduro,Bosque y vegetación natural,vegetacion_forestal_esperada,0,1,1,0,none,Senal compatible con bosque o plantacion forestal,0,0,False,False,False,0.6430119869024382,0.9528057309230518,0.43437644555877897,0.6993464704424021,0,0,0,2,media,Revisar en control de calidad temático/espectral,baja_cantidad_meses_observados,1,1,Auditoría espectral preliminar SRC15 2021,Alerta exploratoria; no constituye validación temática definitiva
12352,S2SR_SRC15_PAN_2021_000007899,SRC15_0012352,PAN_FCL_0049874,SRC15_PAN_2021__XY__06c29e778f1d,SRC15_PAN_2021__XYY__9cac8ce9151d,SRC15_PAN_2021__XYC__6498e190cd25,-82.092813,8.647745,Panamá,PAN,MIAMBIENTE - Cultivos Mapa Panamá,15,2021,1,1,Bosque latifoliado mixto maduro,Bosque y vegetación natural,1,12,2021.0,2021.0,1,11,1,0.08333333333333333,0.0,8.0,8.0,0.8222386133136641,0.8222386133136641,0.8222386133136641,0.8222386133136641,0.8496803368158428,0.8496803368158428,0.8496803368158428,0.8496803368158428,0.630739620566401,0.630739620566401,0.630739620566401,0.630739620566401,1,1,1,1,Bosque latifoliado mixto maduro,1,Bosque y vegetación natural,0,0,0,0,Panamá,PAN,MIAMBIENTE - Cultivos Mapa Panamá,15,2021,1,1,Bosque latifoliado mixto maduro,Bosque y vegetación natural,vegetacion_forestal_esperada,0,1,1,0,none,Senal compatible con bosque o plantacion forestal,0,0,False,False,False,0.6430119869024382,0.9528057309230518,0.43437644555877897,0.6993464704424021,0,0,0,2,media,Revisar en control de calidad temático/espectral,baja_cantidad_meses_observados,1,1,Auditoría espectral preliminar SRC15 2021,Alerta exploratoria; no constituye validación temática definitiva
12353,S2SR_SRC15_PAN_2021_000008270,SRC15_0012353,PAN_FCL_0049882,SRC15_PAN_2021__XY__73898129a4aa,SRC15_PAN_2021__XYY__a5259e204177,SRC15_PAN_2021__XYC__9daa722a6c81,-82.074638,8.647797,Panamá,PAN,MIAMBIENTE - Cultivos Mapa Panamá,15,2021,1,1,Bosque latifoliado mixto maduro,Bosque y vegetación natural,1,12,2021.0,2021.0,1,11,1,0.08333333333333333,0.0,43.0,43.0,0.522645179216449,0.522645179216449,0.522645179216449,0.522645179216449,0.5515531192900026,0.5515531192900026,0.5515531192900026,0.5515531192900026,0.4128832897551699,0.4128832897551699,0.4128832897551699,0.4128832897551699,1,1,1,1,Bosque latifoliado mixto maduro,1,Bosque y vegetación natural,0,0,0,0,Panamá,PAN,MIAMBIENTE - Cultivos Mapa Panamá,15,2021,1,1,Bosque latifoliado mixto maduro,Bosque y vegetación natural,vegetacion_forestal_esperada,0,1,1,0,none,Senal compatible con bosque o plantacion forestal,0,0,False,True,True,0.6430119869024382,0.9528057309230518,0.43437644555877897,0.6993464704424021,1,0,0,3,media,Revisar en control de calidad temático/espectral,rareza_espectral_por_clase_anio,1,1,Auditoría espectral preliminar SRC15 2021,Alerta exploratoria; no constituye validación temática definitiva
12357,S2SR_SRC15_PAN_2021_000009867,SRC15_0012357,PAN_FCL_0049916,SRC15_PAN_2021__XY__5968a9d2d3f5,SRC15_PAN_2021__XYY__a7090cdd2184,SRC15_PAN_2021__XYC__43e85fff385e,-81.99739,8.648006,Panamá,PAN,MIAMBIENTE - Cultivos Mapa Panamá,15,2021,1,1,Bosque latifoliado mixto maduro,Bosque y vegetación natural,1,12,2021.0,2021.0,2,10,2,0.16666666666666666,0.0,2.5,2.5,0.8073959984536461,0.8073959984536461,0.801049233252623,0.8137427636546691,0.8200534583742725,0.8200534583742725,0.8194139194139194,0.8206929973346255,0.5795605123601094,0.5795605123601094,0.5719665271966528,0.5871544975235661,1,1,1,1,Bosque latifoliado mixto maduro,1,Bosque y vegetación natural,0,0,0,0,Panamá,PAN,MIAMBIENTE - Cultivos Mapa Panamá,15,2021,1,1,Bosque latifoliado mixto maduro,Bosque y vegetación natural,vegetacion_forestal_esperada,0,1,1,0,none,Senal compatible con bosque o plantacion forestal,0,0,False,False,False,0.6430119869024382,0.9528057309230518,0.43437644555877897,0.6993464704424021,0,0,0,2,media,Revisar en control de calidad temático/espectral,baja_cantidad_meses_observados,1,1,Auditoría espectral preliminar SRC15 2021,Alerta exploratoria; no constituye validación temática definitiva
12358,S2SR_SRC15_PAN_2021_000009966,SRC15_0012358,PAN_FCL_0049918,SRC15_PAN_2021__XY__722fff8de58a,SRC15_PAN_2021__XYY__eaaba4544a02,SRC15_PAN_2021__XYC__bded75aabee8,-81.992846,8.648018,Panamá,PAN,MIAMBIENTE - Cultivos Mapa Panamá,15,2021,1,1,Bosque latifoliado mixto maduro,Bosque y vegetación natural,1,12,2021.0,2021.0,3,9,3,0.25,0.0,21.0,18.333333333333332,0.7290360794535203,0.7606871753895326,0.6234225138818779,0.8029985490891504,0.7497418387036023,0.7656494522691707,0.6606005459508644,0.8229755178907721,0.5274298317057003,0.531907671418873,0.4801297648012976,0.5702520588969303,1,1,1,1,Bosque latifoliado mixto maduro,1,Bosque y vegetación natural,0,0,0,0,Panamá,PAN,MIAMBIENTE - Cultivos Mapa Panamá,15,2021,1,1,Bosque latifoliado mixto maduro,Bosque y vegetación natural,vegetacion_forestal_esperada,0,1,1,0,none,Senal compatible con bosque o plantacion forestal,0,0,False,False,False,0.6430119869024382,0.9528057309230518,0.43437644555877897,0.6993464704424021,0,0,0,2,media,Revisar en control de calidad temático/espectral,baja_cantidad_meses_observados,1,1,Auditoría espectral preliminar SRC15 2021,Alerta exploratoria; no constituye validación temática definitiva
12360,S2SR_SRC15_PAN_2021_000010263,SRC15_0012360,PAN_FCL_0049924,SRC15_PAN_2021__XY__f1c44ecb260d,SRC15_PAN_2021__XYY__beac10e98fe7,SRC15_PAN_2021__XYC__2d5e5fb90fc5,-81.979214,8.648053,Panamá,PAN,MIAMBIENTE - Cultivos Mapa Panamá,15,2021,1,1,Bosque latifoliado mixto maduro,Bosque y vegetación natural,1,12,2021.0,2021.0,2,10,2,0.16666666666666666,0.0,3.0,3.0,0.8027890203403902,0.8027890203403902,0.7534090909090909,0.8521689497716897,0.811579764517442,0.811579764517442,0.7667293738242408,0.8564301552106431,0.5687766922053394,0.5687766922053394,0.5563446969696969,0.5812086874409821,1,1,1,1,Bosque latifoliado mixto maduro,1,Bosque y vegetación natural,0,0,0,0,Panamá,PAN,MIAMBIENTE - Cultivos Mapa Panamá,15,2021,1,1,Bosque latifoliado mixto maduro,Bosque y vegetación natural,vegetacion_forestal_esperada,0,1,1,0,none,Senal compatible con bosque o plantacion forestal,0,0,False,False,False,0.6430119869024382,0.9528057309230518,0.43437644555877897,0.6993464704424021,0,0,0,2,media,Revisar en control de calidad temático/espectral,baja_cantidad_meses_observados,1,1,Auditoría espectral preliminar SRC15 2021,Alerta exploratoria; no constituye validación temática definitiva
12361,S2SR_SRC15_PAN_2021_000010362,SRC15_0012361,PAN_FCL_0049926,SRC15_PAN_2021__XY__c04da5aa9c58,SRC15_PAN_2021__XYY__0860ed52739a,SRC15_PAN_2021__XYC__0ab3380c5538,-81.97467,8.648064,Panamá,PAN,MIAMBIENTE - Cultivos Mapa Panamá,15,2021,1,1,Bosque latifoliado mixto maduro,Bosque y vegetación natural,1,12,2021.0,2021.0,1,11,1,0.08333333333333333,0.0,4.0,4.0,0.8168840758060546,0.8168840758060546,0.8168840758060546,0.8168840758060546,0.8342245989304813,0.8342245989304813,0.8342245989304813,0.8342245989304813,0.5668062428625809,0.5668062428625809,0.5668062428625809,0.5668062428625809,1,1,1,1,Bosque latifoliado mixto maduro,1,Bosque y vegetación natural,0,0,0,0,Panamá,PAN,MIAMBIENTE - Cultivos Mapa Panamá,15,2021,1,1,Bosque latifoliado mixto maduro,Bosque y vegetación natural,vegetacion_forestal_esperada,0,1,1,0,none,Senal compatible con bosque o plantacion forestal,0,0,False,False,False,0.6430119869024382,0.9528057309230518,0.43437644555877897,0.6993464704424021,0,0,0,2,media,Revisar en control de calidad temático/espectral,baja_cantidad_meses_observados,1,1,Auditoría espectral preliminar SRC15 2021,Alerta exploratoria; no constituye validación temática definitiva
12362,S2SR_SRC15_PAN_2021_000010461,SRC15_0012362,PAN_FCL_0049928,SRC15_PAN_2021__XY__7458fb3c3e5d,SRC15_PAN_2021__XYY__7c34788f6ea8,SRC15_PAN_2021__XYC__5d7c0008df6e,-81.970126,8.648076,Panamá,PAN,MIAMBIENTE - Cultivos Mapa Panamá,15,2021,1,1,Bosque latifoliado mixto maduro,Bosque y vegetación natural,1,12,2021.0,2021.0,2,10,2,0.16666666666666666,0.0,10.0,10.0,0.686341578327444,0.686341578327444,0.580683156654888,0.792,0.7055479282151722,0.7055479282151722,0.6120313862249346,0.7990644702054098,0.4981172826359248,0.4981172826359248,0.4338891043039937,0.5623454609678559,1,1,1,1,Bosque latifoliado mixto maduro,1,Bosque y vegetación natural,0,0,0,0,Panamá,PAN,MIAMBIENTE - Cultivos Mapa Panamá,15,2021,1,1,Bosque latifoliado mixto maduro,Bosque y vegetación natural,vegetacion_forestal_esperada,0,1,1,0,none,Senal compatible con bosque o plantacion forestal,0,0,False,False,False,0.6430119869024382,0.9528057309230518,0.43437644555877897,0.6993464704424021,0,0,0,2,media,Revisar en control de calidad temático/espectral,baja_cantidad_meses_observados,1,1,Auditoría espectral preliminar SRC15 2021,Alerta exploratoria; no constituye validación temática definitiva
12363,S2SR_SRC15_PAN_2021_000010560,SRC15_0012363,PAN_FCL_0049930,SRC15_PAN_2021__XY__4038402a4c62,SRC15_PAN_2021__XYY__275d07d8d7c8,SRC15_PAN_2021__XYC__73e9a548cc0d,-81.965582,8.648088,Panamá,PAN,MIAMBIENTE - Cultivos Mapa Panamá,15,2021,1,1,Bosque latifoliado mixto maduro,Bosque y vegetación natural,1,12,2021.0,2021.0,3,9,3,0.25,0.0,20.0,16.666666666666668,0.8085952235650214,0.8221248630887185,0.7687776141384389,0.8348831934679066,0.8221310889669718,0.8349928876244664,0.7790677220756377,0.8523326572008114,0.5687627999670948,0.560933448573898,0.5488514548238898,0.5965034965034964,1,1,1,1,Bosque latifoliado mixto maduro,1,Bosque y vegetación natural,0,0,0,0,Panamá,PAN,MIAMBIENTE - Cultivos Mapa Panamá,15,2021,1,1,Bosque latifoliado mixto maduro,Bosque y vegetación natural,vegetacion_forestal_esperada,0,1,1,0,none,Senal compatible con bosque o plantacion forestal,0,0,False,False,False,0.6430119869024382,0.9528057309230518,0.43437644555877897,0.6993464704424021,0,0,0,2,media,Revisar en control de calidad temático/espectral,baja_cantidad_meses_observados,1,1,Auditoría espectral preliminar SRC15 2021,Alerta exploratoria; no constituye validación temática definitiva
12364,S2SR_SRC15_PAN_2021_000012400,SRC15_0012364,PAN_FCL_0049966,SRC15_PAN_2021__XY__be15a98aea9c,SRC15_PAN_2021__XYY__e664560e7ceb,SRC15_PAN_2021__XYC__e8640d239aae,-81.883788,8.648285,Panamá,PAN,MIAMBIENTE - Cultivos Mapa Panamá,15,2021,1,1,Bosque latifoliado mixto maduro,Bosque y vegetación natural,1,12,2021.0,2021.0,0,12,0,0.0,0.0,,,,,,,,,,,,,,,1,1,1,1,Bosque latifoliado mixto maduro,1,Bosque y vegetación natural,0,0,0,0,Panamá,PAN,MIAMBIENTE - Cultivos Mapa Panamá,15,2021,1,1,Bosque latifoliado mixto maduro,Bosque y vegetación natural,vegetacion_forestal_esperada,1,0,1,0,none,Sin NDVI/NDRE anual disponible,0,0,False,False,False,0.6430119869024382,0.9528057309230518,0.43437644555877897,0.6993464704424021,0,0,0,2,alta_sin_datos,Revisar disponibilidad satelital o excluir de análisis espectral,sin_datos_espectrales,1,1,Auditoría espectral preliminar SRC15 2021,Alerta exploratoria; no constituye validación temática definitiva
12365,S2SR_SRC15_PAN_2021_000012506,SRC15_0012365,PAN_FCL_0049968,SRC15_PAN_2021__XY__e566e5c159bc,SRC15_PAN_2021__XYY__ec1b3a458c36,SRC15_PAN_2021__XYC__c6f941e3ea52,-81.879244,8.648296,Panamá,PAN,MIAMBIENTE - Cultivos Mapa Panamá,15,2021,1,1,Bosque latifoliado mixto maduro,Bosque y vegetación natural,1,12,2021.0,2021.0,0,12,0,0.0,0.0,,,,,,,,,,,,,,,1,1,1,1,Bosque latifoliado mixto maduro,1,Bosque y vegetación natural,0,0,0,0,Panamá,PAN,MIAMBIENTE - Cultivos Mapa Panamá,15,2021,1,1,Bosque latifoliado mixto maduro,Bosque y vegetación natural,vegetacion_forestal_esperada,1,0,1,0,none,Sin NDVI/NDRE anual disponible,0,0,False,False,False,0.6430119869024382,0.9528057309230518,0.43437644555877897,0.6993464704424021,0,0,0,2,alta_sin_datos,Revisar disponibilidad satelital o excluir de análisis espectral,sin_datos_espectrales,1,1,Auditoría espectral preliminar SRC15 2021,Alerta exploratoria; no constituye validación temática definitiva
12412,S2SR_SRC15_PAN_2021_000007337,SRC15_0012412,PAN_FCL_0050136,SRC15_PAN_2021__XY__51d25a26c293,SRC15_PAN_2021__XYY__7b75c24d61fc,SRC15_PAN_2021__XYC__405718362a48,-82.120083,8.649928,Panamá,PAN,MIAMBIENTE - Cultivos Mapa Panamá,15,2021,1,1,Bosque latifoliado mixto maduro,Bosque y vegetación natural,1,12,2021.0,2021.0,0,12,0,0.0,0.0,,,,,,,,,,,,,,,1,1,1,1,Bosque latifoliado mixto maduro,1,Bosque y vegetación natural,0,0,0,0,Panamá,PAN,MIAMBIENTE - Cultivos Mapa Panamá,15,2021,1,1,Bosque latifoliado mixto maduro,Bosque y vegetación natural,vegetacion_forestal_esperada,1,0,1,0,none,Sin NDVI/NDRE anual disponible,0,0,False,False,False,0.6430119869024382,0.9528057309230518,0.43437644555877897,0.6993464704424021,0,0,0,2,alta_sin_datos,Revisar disponibilidad satelital o excluir de análisis espectral,sin_datos_espectrales,1,1,Auditoría espectral preliminar SRC15 2021,Alerta exploratoria; no constituye validación temática definitiva
12414,S2SR_SRC15_PAN_2021_000007620,SRC15_0012414,PAN_FCL_0050142,SRC15_PAN_2021__XY__0afc635eb729,SRC15_PAN_2021__XYY__1ec460d88b8a,SRC15_PAN_2021__XYC__fad8266d403d,-82.106451,8.649967,Panamá,PAN,MIAMBIENTE - Cultivos Mapa Panamá,15,2021,1,1,Bosque latifoliado mixto maduro,Bosque y vegetación natural,1,12,2021.0,2021.0,1,11,1,0.08333333333333333,0.0,24.0,24.0,0.7356297093649085,0.7356297093649085,0.7356297093649085,0.7356297093649085,0.7514673143088444,0.7514673143088444,0.7514673143088444,0.7514673143088444,0.5260095221301357,0.5260095221301357,0.5260095221301357,0.5260095221301357,1,1,1,1,Bosque latifoliado mixto maduro,1,Bosque y vegetación natural,0,0,0,0,Panamá,PAN,MIAMBIENTE - Cultivos Mapa Panamá,15,2021,1,1,Bosque latifoliado mixto maduro,Bosque y vegetación natural,vegetacion_forestal_esperada,0,1,1,0,none,Senal compatible con bosque o plantacion forestal,0,0,False,False,False,0.6430119869024382,0.9528057309230518,0.43437644555877897,0.6993464704424021,0,0,0,2,media,Revisar en control de calidad temático/espectral,baja_cantidad_meses_observados,1,1,Auditoría espectral preliminar SRC15 2021,Alerta exploratoria; no constituye validación temática definitiva
12415,S2SR_SRC15_PAN_2021_000007806,SRC15_0012415,PAN_FCL_0050146,SRC15_PAN_2021__XY__d726c20c0616,SRC15_PAN_2021__XYY__b225eda3a93b,SRC15_PAN_2021__XYC__bcd5c0d174c8,-82.097364,8.649993,Panamá,PAN,MIAMBIENTE - Cultivos Mapa Panamá,15,2021,1,1,Bosque latifoliado mixto maduro,Bosque y vegetación natural,1,12,2021.0,2021.0,2,10,2,0.16666666666666666,0.0,45.5,45.5,0.562436842375355,0.562436842375355,0.4609471857178279,0.663926499032882,0.5866084418165323,0.5866084418165323,0.4752594738112479,0.6979574098218165,0.4255214419132214,0.4255214419132214,0.3561127135566896,0.4949301702697532,1,1,1,1,Bosque latifoliado mixto maduro,1,Bosque y vegetación natural,0,0,0,0,Panamá,PAN,MIAMBIENTE - Cultivos Mapa Panamá,15,2021,1,1,Bosque latifoliado mixto maduro,Bosque y vegetación natural,vegetacion_forestal_esperada,0,1,1,0,none,Senal compatible con bosque o plantacion forestal,0,0,False,True,True,0.6430119869024382,0.9528057309230518,0.43437644555877897,0.6993464704424021,1,0,0,3,media,Revisar en control de calidad temático/espectral,rareza_espectral_por_clase_anio,1,1,Auditoría espectral preliminar SRC15 2021,Alerta exploratoria; no constituye validación temática definitiva
12416,S2SR_SRC15_PAN_2021_000007991,SRC15_0012416,PAN_FCL_0050150,SRC15_PAN_2021__XY__d7008409a291,SRC15_PAN_2021__XYY__11866c55ea09,SRC15_PAN_2021__XYC__0603b0682750,-82.088276,8.650019,Panamá,PAN,MIAMBIENTE - Cultivos Mapa Panamá,15,2021,1,1,Bosque latifoliado mixto maduro,Bosque y vegetación natural,1,12,2021.0,2021.0,2,10,2,0.16666666666666666,0.0,35.5,35.5,0.6388888404518362,0.6388888404518362,0.5241280458671762,0.7536496350364964,0.6555667042936577,0.6555667042936577,0.5350140056022409,0.7761194029850746,0.49291190103660576,0.49291190103660576,0.3997445721583653,0.5860792299148463,1,1,1,1,Bosque latifoliado mixto maduro,1,Bosque y vegetación natural,0,0,0,0,Panamá,PAN,MIAMBIENTE - Cultivos Mapa Panamá,15,2021,1,1,Bosque latifoliado mixto maduro,Bosque y vegetación natural,vegetacion_forestal_esperada,0,1,1,0,none,Senal compatible con bosque o plantacion forestal,0,0,False,True,False,0.6430119869024382,0.9528057309230518,0.43437644555877897,0.6993464704424021,1,0,0,3,media,Revisar en control de calidad temático/espectral,rareza_espectral_por_clase_anio,1,1,Auditoría espectral preliminar SRC15 2021,Alerta exploratoria; no constituye validación temática definitiva
12417,S2SR_SRC15_PAN_2021_000008083,SRC15_0012417,PAN_FCL_0050152,SRC15_PAN_2021__XY__e30514380ac4,SRC15_PAN_2021__XYY__4f5cb63b1e5d,SRC15_PAN_2021__XYC__b9afba52560b,-82.083732,8.650032,Panamá,PAN,MIAMBIENTE - Cultivos Mapa Panamá,15,2021,1,1,Bosque latifoliado mixto maduro,Bosque y vegetación natural,1,12,2021.0,2021.0,1,11,1,0.08333333333333333,0.0,37.0,37.0,0.5072886297376094,0.5072886297376094,0.5072886297376094,0.5072886297376094,0.5182897862232779,0.5182897862232779,0.5182897862232779,0.5182897862232779,0.3809592395218206,0.3809592395218206,0.3809592395218206,0.3809592395218206,1,1,1,1,Bosque latifoliado mixto maduro,1,Bosque y vegetación natural,0,0,0,0,Panamá,PAN,MIAMBIENTE - Cultivos Mapa Panamá,15,2021,1,1,Bosque latifoliado mixto maduro,Bosque y vegetación natural,vegetacion_forestal_esperada,0,1,1,0,none,Senal compatible con bosque o plantacion forestal,0,0,False,True,True,0.6430119869024382,0.9528057309230518,0.43437644555877897,0.6993464704424021,1,0,0,3,media,Revisar en control de calidad temático/espectral,rareza_espectral_por_clase_anio,1,1,Auditoría espectral preliminar SRC15 2021,Alerta exploratoria; no constituye validación temática definitiva
12418,S2SR_SRC15_PAN_2021_000008176,SRC15_0012418,PAN_FCL_0050154,SRC15_PAN_2021__XY__cfa18a17372d,SRC15_PAN_2021__XYY__9d612336886f,SRC15_PAN_2021__XYC__7cedaec39194,-82.079188,8.650045,Panamá,PAN,MIAMBIENTE - Cultivos Mapa Panamá,15,2021,1,1,Bosque latifoliado mixto maduro,Bosque y vegetación natural,1,12,2021.0,2021.0,0,12,0,0.0,0.0,,,,,,,,,,,,,,,1,1,1,1,Bosque latifoliado mixto maduro,1,Bosque y vegetación natural,0,0,0,0,Panamá,PAN,MIAMBIENTE - Cultivos Mapa Panamá,15,2021,1,1,Bosque latifoliado mixto maduro,Bosque y vegetación natural,vegetacion_forestal_esperada,1,0,1,0,none,Sin NDVI/NDRE anual disponible,0,0,False,False,False,0.6430119869024382,0.9528057309230518,0.43437644555877897,0.6993464704424021,0,0,0,2,alta_sin_datos,Revisar disponibilidad satelital o excluir de análisis espectral,sin_datos_espectrales,1,1,Auditoría espectral preliminar SRC15 2021,Alerta exploratoria; no constituye validación temática definitiva
12420,S2SR_SRC15_PAN_2021_000008638,SRC15_0012420,PAN_FCL_0050164,SRC15_PAN_2021__XY__769576d90390,SRC15_PAN_2021__XYY__9678bcf16e4a,SRC15_PAN_2021__XYC__91c290efcead,-82.056468,8.650108,Panamá,PAN,MIAMBIENTE - Cultivos Mapa Panamá,15,2021,1,1,Bosque latifoliado mixto maduro,Bosque y vegetación natural,1,12,2021.0,2021.0,2,10,4,0.3333333333333333,0.0,20.75,20.75,0.7819430733004262,0.7819430733004262,0.7411100901398361,0.8227760564610163,0.7958415643522229,0.7958415643522229,0.7590721257556958,0.8326110029487499,0.5696363859227094,0.5696363859227094,0.5577730774190641,0.5814996944263547,1,1,1,1,Bosque latifoliado mixto maduro,1,Bosque y vegetación natural,0,0,0,0,Panamá,PAN,MIAMBIENTE - Cultivos Mapa Panamá,15,2021,1,1,Bosque latifoliado mixto maduro,Bosque y vegetación natural,vegetacion_forestal_esperada,0,1,0,0,none,Senal compatible con bosque o plantacion forestal,0,0,False,False,False,0.6430119869024382,0.9528057309230518,0.43437644555877897,0.6993464704424021,0,0,0,1,baja,Revisar si pertenece a clase o fuente prioritaria,baja_cantidad_meses_observados,1,0,Auditoría espectral preliminar SRC15 2021,Alerta exploratoria; no constituye validación temática definitiva
12422,S2SR_SRC15_PAN_2021_000008822,SRC15_0012422,PAN_FCL_0050168,SRC15_PAN_2021__XY__668b352e292f,SRC15_PAN_2021__XYY__10e36485d2b6,SRC15_PAN_2021__XYC__29b5ef1a5859,-82.04738,8.650133,Panamá,PAN,MIAMBIENTE - Cultivos Mapa Panamá,15,2021,1,1,Bosque latifoliado mixto maduro,Bosque y vegetación natural,1,12,2021.0,2021.0,3,9,3,0.25,0.0,18.0,20.333333333333332,0.6354535909812646,0.6214582546278805,0.4929067310594626,0.7919957872564508,0.6615796116997128,0.6440497335701598,0.5247524752475247,0.815936626281454,0.49049596670037915,0.4854758465735838,0.3963730569948187,0.589638996532735,1,1,1,1,Bosque latifoliado mixto maduro,1,Bosque y vegetación natural,0,0,0,0,Panamá,PAN,MIAMBIENTE - Cultivos Mapa Panamá,15,2021,1,1,Bosque latifoliado mixto maduro,Bosque y vegetación natural,vegetacion_forestal_esperada,0,1,1,0,none,Senal compatible con bosque o plantacion forestal,0,0,False,True,False,0.6430119869024382,0.9528057309230518,0.43437644555877897,0.6993464704424021,1,0,0,3,media,Revisar en control de calidad temático/espectral,rareza_espectral_por_clase_anio,1,1,Auditoría espectral preliminar SRC15 2021,Alerta exploratoria; no constituye validación temática definitiva
12423,S2SR_SRC15_PAN_2021_000008914,SRC15_0012423,PAN_FCL_0050170,SRC15_PAN_2021__XY__08a38d6c301e,SRC15_PAN_2021__XYY__d893b4747906,SRC15_PAN_2021__XYC__b9a9e512b189,-82.042836,8.650146,Panamá,PAN,MIAMBIENTE - Cultivos Mapa Panamá,15,2021,1,1,Bosque latifoliado mixto maduro,Bosque y vegetación natural,1,12,2021.0,2021.0,2,10,2,0.16666666666666666,0.0,9.5,9.5,0.740210133712971,0.740210133712971,0.6460132046724226,0.8344070627535194,0.7479690967196639,0.7479690967196639,0.6595017098192477,0.83643648362008,0.5088327127988229,0.5088327127988229,0.4648555411815438,0.552809884416102,1,1,1,1,Bosque latifoliado mixto maduro,1,Bosque y vegetación natural,0,0,0,0,Panamá,PAN,MIAMBIENTE - Cultivos Mapa Panamá,15,2021,1,1,Bosque latifoliado mixto maduro,Bosque y vegetación natural,vegetacion_forestal_esperada,0,1,1,0,none,Senal compatible con bosque o plantacion forestal,0,0,False,False,False,0.6430119869024382,0.9528057309230518,0.43437644555877897,0.6993464704424021,0,0,0,2,media,Revisar en control de calidad temático/espectral,baja_cantidad_meses_observados,1,1,Auditoría espectral preliminar SRC15 2021,Alerta exploratoria; no constituye validación temática definitiva
12424,S2SR_SRC15_PAN_2021_000009007,SRC15_0012424,PAN_FCL_0050172,SRC15_PAN_2021__XY__ffdf3ebe48ed,SRC15_PAN_2021__XYY__4e2e22e1250c,SRC15_PAN_2021__XYC__a82ddc3f442b,-82.038292,8.650158,Panamá,PAN,MIAMBIENTE - Cultivos Mapa Panamá,15,2021,1,1,Bosque latifoliado mixto maduro,Bosque y vegetación natural,1,12,2021.0,2021.0,2,10,2,0.16666666666666666,0.0,12.0,12.0,0.6723327239132338,0.6723327239132338,0.6605166051660517,0.684148842660416,0.69649064171123,0.69649064171123,0.6899509803921569,0.703030303030303,0.48079016497389715,0.48079016497389715,0.4638882311153208,0.4976920988324735,1,1,1,1,Bosque latifoliado mixto maduro,1,Bosque y vegetación natural,0,0,0,0,Panamá,PAN,MIAMBIENTE - Cultivos Mapa Panamá,15,2021,1,1,Bosque latifoliado mixto maduro,Bosque y vegetación natural,vegetacion_forestal_esperada,0,1,1,0,none,Senal compatible con bosque o plantacion forestal,0,0,False,False,False,0.6430119869024382,0.9528057309230518,0.43437644555877897,0.6993464704424021,0,0,0,2,media,Revisar en control de calidad temático/espectral,baja_cantidad_meses_observados,1,1,Auditoría espectral preliminar SRC15 2021,Alerta exploratoria; no constituye validación temática definitiva
12425,S2SR_SRC15_PAN_2021_000009100,SRC15_0012425,PAN_FCL_0050174,SRC15_PAN_2021__XY__c32b0c3822a5,SRC15_PAN_2021__XYY__ceaa6f7bba86,SRC15_PAN_2021__XYC__f792cec3d2e6,-82.033748,8.65017,Panamá,PAN,MIAMBIENTE - Cultivos Mapa Panamá,15,2021,1,1,Bosque latifoliado mixto maduro,Bosque y vegetación natural,1,12,2021.0,2021.0,2,10,2,0.16666666666666666,0.0,14.5,14.5,0.7654347665889261,0.7654347665889261,0.6899383983572895,0.8409311348205626,0.7728394299398365,0.7728394299398365,0.701757851076437,0.8439210088032358,0.5406101187766962,0.5406101187766962,0.4796496651210715,0.6015705724323208,1,1,1,1,Bosque latifoliado mixto maduro,1,Bosque y vegetación natural,0,0,0,0,Panamá,PAN,MIAMBIENTE - Cultivos Mapa Panamá,15,2021,1,1,Bosque latifoliado mixto maduro,Bosque y vegetación natural,vegetacion_forestal_esperada,0,1,1,0,none,Senal compatible con bosque o plantacion forestal,0,0,False,False,False,0.6430119869024382,0.9528057309230518,0.43437644555877897,0.6993464704424021,0,0,0,2,media,Revisar en control de calidad temático/espectral,baja_cantidad_meses_observados,1,1,Auditoría espectral preliminar SRC15 2021,Alerta exploratoria; no constituye validación temática definitiva
12426,S2SR_SRC15_PAN_2021_000009194,SRC15_0012426,PAN_FCL_0050176,SRC15_PAN_2021__XY__26ff49b95122,SRC15_PAN_2021__XYY__50d8a9a503be,SRC15_PAN_2021__XYC__4c313907fd83,-82.029204,8.650183,Panamá,PAN,MIAMBIENTE - Cultivos Mapa Panamá,15,2021,1,1,Bosque latifoliado mixto maduro,Bosque y vegetación natural,1,12,2021.0,2021.0,2,10,3,0.25,0.0,6.5,6.5,0.8017798247522538,0.8017798247522538,0.7436694802310083,0.8598901692734994,0.8148333764226068,0.8148333764226068,0.7644417228005717,0.865225030044642,0.5464597616059604,0.5464597616059604,0.5391737891737891,0.5537457340381318,1,1,1,1,Bosque latifoliado mixto maduro,1,Bosque y vegetación natural,0,0,0,0,Panamá,PAN,MIAMBIENTE - Cultivos Mapa Panamá,15,2021,1,1,Bosque latifoliado mixto maduro,Bosque y vegetación natural,vegetacion_forestal_esperada,0,1,1,0,none,Senal compatible con bosque o plantacion forestal,0,0,False,False,False,0.6430119869024382,0.9528057309230518,0.43437644555877897,0.6993464704424021,0,0,0,2,media,Revisar en control de calidad temático/espectral,baja_cantidad_meses_observados,1,1,Auditoría espectral preliminar SRC15 2021,Alerta exploratoria; no constituye validación temática definitiva
12428,S2SR_SRC15_PAN_2021_000009384,SRC15_0012428,PAN_FCL_0050180,SRC15_PAN_2021__XY__ce393fe5e5b5,SRC15_PAN_2021__XYY__c06e653bc2d9,SRC15_PAN_2021__XYC__2f669ee84018,-82.020116,8.650207,Panamá,PAN,MIAMBIENTE - Cultivos Mapa Panamá,15,2021,1,1,Bosque latifoliado mixto maduro,Bosque y vegetación natural,1,12,2021.0,2021.0,2,10,2,0.16666666666666666,0.0,19.0,19.0,0.6799266311974184,0.6799266311974184,0.5320020481310803,0.8278512142637564,0.6971063592955612,0.6971063592955612,0.5599422243620606,0.8342704942290617,0.47819961434255165,0.47819961434255165,0.3971539456662354,0.5592452830188679,1,1,1,1,Bosque latifoliado mixto maduro,1,Bosque y vegetación natural,0,0,0,0,Panamá,PAN,MIAMBIENTE - Cultivos Mapa Panamá,15,2021,1,1,Bosque latifoliado mixto maduro,Bosque y vegetación natural,vegetacion_forestal_esperada,0,1,1,0,none,Senal compatible con bosque o plantacion forestal,0,0,False,False,False,0.6430119869024382,0.9528057309230518,0.43437644555877897,0.6993464704424021,0,0,0,2,media,Revisar en control de calidad temático/espectral,baja_cantidad_meses_observados,1,1,Auditoría espectral preliminar SRC15 2021,Alerta exploratoria; no constituye validación temática definitiva
12429,S2SR_SRC15_PAN_2021_000009480,SRC15_0012429,PAN_FCL_0050182,SRC15_PAN_2021__XY__c66c6ee1b964,SRC15_PAN_2021__XYY__3da5d0a9388a,SRC15_PAN_2021__XYC__f3606a3e3995,-82.015572,8.650219,Panamá,PAN,MIAMBIENTE - Cultivos Mapa Panamá,15,2021,1,1,Bosque latifoliado mixto maduro,Bosque y vegetación natural,1,12,2021.0,2021.0,2,10,2,0.16666666666666666,0.0,5.5,5.5,0.8030317899129158,0.8030317899129158,0.7932367149758454,0.8128268648499861,0.815231203174856,0.815231203174856,0.8082866741321388,0.8221757322175731,0.5402968771294906,0.5402968771294906,0.5280090840272521,0.5525846702317291,1,1,1,1,Bosque latifoliado mixto maduro,1,Bosque y vegetación natural,0,0,0,0,Panamá,PAN,MIAMBIENTE - Cultivos Mapa Panamá,15,2021,1,1,Bosque latifoliado mixto maduro,Bosque y vegetación natural,vegetacion_forestal_esperada,0,1,1,0,none,Senal compatible con bosque o plantacion forestal,0,0,False,False,False,0.6430119869024382,0.9528057309230518,0.43437644555877897,0.6993464704424021,0,0,0,2,media,Revisar en control de calidad temático/espectral,baja_cantidad_meses_observados,1,1,Auditoría espectral preliminar SRC15 2021,Alerta exploratoria; no constituye validación temática definitiva
12431,S2SR_SRC15_PAN_2021_000009672,SRC15_0012431,PAN_FCL_0050186,SRC15_PAN_2021__XY__9c3e51cea8c9,SRC15_PAN_2021__XYY__717457c25e41,SRC15_PAN_2021__XYC__b5399cbfa3f8,-82.006484,8.650243,Panamá,PAN,MIAMBIENTE - Cultivos Mapa Panamá,15,2021,1,1,Bosque latifoliado mixto maduro,Bosque y vegetación natural,1,12,2021.0,2021.0,2,10,2,0.16666666666666666,0.0,2.0,2.0,0.8298813272678794,0.8298813272678794,0.798944227679596,0.8608184268561628,0.841090982942617,0.841090982942617,0.8132992327365729,0.8688827331486612,0.5407981776226667,0.5407981776226667,0.5119957348498312,0.5696006203955021,1,1,1,1,Bosque latifoliado mixto maduro,1,Bosque y vegetación natural,0,0,0,0,Panamá,PAN,MIAMBIENTE - Cultivos Mapa Panamá,15,2021,1,1,Bosque latifoliado mixto maduro,Bosque y vegetación natural,vegetacion_forestal_esperada,0,1,1,0,none,Senal compatible con bosque o plantacion forestal,0,0,False,False,False,0.6430119869024382,0.9528057309230518,0.43437644555877897,0.6993464704424021,0,0,0,2,media,Revisar en control de calidad temático/espectral,baja_cantidad_meses_observados,1,1,Auditoría espectral preliminar SRC15 2021,Alerta exploratoria; no constituye validación temática definitiva
12432,S2SR_SRC15_PAN_2021_000010064,SRC15_0012432,PAN_FCL_0050194,SRC15_PAN_2021__XY__8c1b3c911378,SRC15_PAN_2021__XYY__7f972341f237,SRC15_PAN_2021__XYC__4eaf7ab2b860,-81.988308,8.650291,Panamá,PAN,MIAMBIENTE - Cultivos Mapa Panamá,15,2021,1,1,Bosque latifoliado mixto maduro,Bosque y vegetación natural,1,12,2021.0,2021.0,3,9,3,0.25,0.0,15.0,12.0,0.7775923414766388,0.7842809364548494,0.746195808211312,0.8023002797637551,0.7894740123558575,0.7964764659479358,0.7593903102885138,0.812555260831123,0.5482368461375232,0.5513169845594914,0.5324798482693219,0.5609137055837563,1,1,1,1,Bosque latifoliado mixto maduro,1,Bosque y vegetación natural,0,0,0,0,Panamá,PAN,MIAMBIENTE - Cultivos Mapa Panamá,15,2021,1,1,Bosque latifoliado mixto maduro,Bosque y vegetación natural,vegetacion_forestal_esperada,0,1,1,0,none,Senal compatible con bosque o plantacion forestal,0,0,False,False,False,0.6430119869024382,0.9528057309230518,0.43437644555877897,0.6993464704424021,0,0,0,2,media,Revisar en control de calidad temático/espectral,baja_cantidad_meses_observados,1,1,Auditoría espectral preliminar SRC15 2021,Alerta exploratoria; no constituye validación temática definitiva
12433,S2SR_SRC15_PAN_2021_000010659,SRC15_0012433,PAN_FCL_0050206,SRC15_PAN_2021__XY__06fc4fa08e77,SRC15_PAN_2021__XYY__e849b707c1d3,SRC15_PAN_2021__XYC__1742dc200af8,-81.961044,8.65036,Panamá,PAN,MIAMBIENTE - Cultivos Mapa Panamá,15,2021,1,1,Bosque latifoliado mixto maduro,Bosque y vegetación natural,1,12,2021.0,2021.0,1,11,1,0.08333333333333333,0.0,24.0,24.0,0.615890926187118,0.615890926187118,0.615890926187118,0.615890926187118,0.641430765854729,0.641430765854729,0.641430765854729,0.641430765854729,0.4727308525300255,0.4727308525300255,0.4727308525300255,0.4727308525300255,1,1,1,1,Bosque latifoliado mixto maduro,1,Bosque y vegetación natural,0,0,0,0,Panamá,PAN,MIAMBIENTE - Cultivos Mapa Panamá,15,2021,1,1,Bosque latifoliado mixto maduro,Bosque y vegetación natural,vegetacion_forestal_esperada,0,1,1,0,none,Senal compatible con bosque o plantacion forestal,0,0,False,True,False,0.6430119869024382,0.9528057309230518,0.43437644555877897,0.6993464704424021,1,0,0,3,media,Revisar en control de calidad temático/espectral,rareza_espectral_por_clase_anio,1,1,Auditoría espectral preliminar SRC15 2021,Alerta exploratoria; no constituye validación temática definitiva
12434,S2SR_SRC15_PAN_2021_000010759,SRC15_0012434,PAN_FCL_0050208,SRC15_PAN_2021__XY__ea77bb63514d,SRC15_PAN_2021__XYY__b6bc905ba3dd,SRC15_PAN_2021__XYC__bc4787a35b90,-81.9565,8.650371,Panamá,PAN,MIAMBIENTE - Cultivos Mapa Panamá,15,2021,1,1,Bosque latifoliado mixto maduro,Bosque y vegetación natural,1,12,2021.0,2021.0,1,11,1,0.08333333333333333,0.0,5.0,5.0,0.7735748534896112,0.7735748534896112,0.7735748534896112,0.7735748534896112,0.78610971313538,0.78610971313538,0.78610971313538,0.78610971313538,0.54337899543379,0.54337899543379,0.54337899543379,0.54337899543379,1,1,1,1,Bosque latifoliado mixto maduro,1,Bosque y vegetación natural,0,0,0,0,Panamá,PAN,MIAMBIENTE - Cultivos Mapa Panamá,15,2021,1,1,Bosque latifoliado mixto maduro,Bosque y vegetación natural,vegetacion_forestal_esperada,0,1,1,0,none,Senal compatible con bosque o plantacion forestal,0,0,False,False,False,0.6430119869024382,0.9528057309230518,0.43437644555877897,0.6993464704424021,0,0,0,2,media,Revisar en control de calidad temático/espectral,baja_cantidad_meses_observados,1,1,Auditoría espectral preliminar SRC15 2021,Alerta exploratoria; no constituye validación temática definitiva
12435,S2SR_SRC15_PAN_2021_000010860,SRC15_0012435,PAN_FCL_0050210,SRC15_PAN_2021__XY__f10c0e45629d,SRC15_PAN_2021__XYY__ff90706ce8b5,SRC15_PAN_2021__XYC__181fa479ec6d,-81.951956,8.650383,Panamá,PAN,MIAMBIENTE - Cultivos Mapa Panamá,15,2021,1,1,Bosque latifoliado mixto maduro,Bosque y vegetación natural,1,12,2021.0,2021.0,0,12,0,0.0,0.0,,,,,,,,,,,,,,,1,1,1,1,Bosque latifoliado mixto maduro,1,Bosque y vegetación natural,0,0,0,0,Panamá,PAN,MIAMBIENTE - Cultivos Mapa Panamá,15,2021,1,1,Bosque latifoliado mixto maduro,Bosque y vegetación natural,vegetacion_forestal_esperada,1,0,1,0,none,Sin NDVI/NDRE anual disponible,0,0,False,False,False,0.6430119869024382,0.9528057309230518,0.43437644555877897,0.6993464704424021,0,0,0,2,alta_sin_datos,Revisar disponibilidad satelital o excluir de análisis espectral,sin_datos_espectrales,1,1,Auditoría espectral preliminar SRC15 2021,Alerta exploratoria; no constituye validación temática definitiva
12436,S2SR_SRC15_PAN_2021_000010961,SRC15_0012436,PAN_FCL_0050212,SRC15_PAN_2021__XY__b468c9554128,SRC15_PAN_2021__XYY__5749eab191a3,SRC15_PAN_2021__XYC__22987301c73f,-81.947412,8.650394,Panamá,PAN,MIAMBIENTE - Cultivos Mapa Panamá,15,2021,1,1,Bosque latifoliado mixto maduro,Bosque y vegetación natural,1,12,2021.0,2021.0,2,10,3,0.25,0.0,37.75,37.75,0.7560585815585938,0.7560585815585938,0.7422434367541766,0.7698737263630112,0.7751310084534053,0.7751310084534053,0.7545025354082882,0.7957594814985226,0.546968131357576,0.546968131357576,0.5233034765447092,0.5706327861704429,1,1,1,1,Bosque latifoliado mixto maduro,1,Bosque y vegetación natural,0,0,0,0,Panamá,PAN,MIAMBIENTE - Cultivos Mapa Panamá,15,2021,1,1,Bosque latifoliado mixto maduro,Bosque y vegetación natural,vegetacion_forestal_esperada,0,1,1,0,none,Senal compatible con bosque o plantacion forestal,0,0,False,False,False,0.6430119869024382,0.9528057309230518,0.43437644555877897,0.6993464704424021,0,0,0,2,media,Revisar en control de calidad temático/espectral,baja_cantidad_meses_observados,1,1,Auditoría espectral preliminar SRC15 2021,Alerta exploratoria; no constituye validación temática definitiva
12437,S2SR_SRC15_PAN_2021_000011062,SRC15_0012437,PAN_FCL_0050214,SRC15_PAN_2021__XY__b7fc125959c7,SRC15_PAN_2021__XYY__cd34b6b93a77,SRC15_PAN_2021__XYC__b821ddb0c447,-81.942867,8.650405,Panamá,PAN,MIAMBIENTE - Cultivos Mapa Panamá,15,2021,1,1,Bosque latifoliado mixto maduro,Bosque y vegetación natural,1,12,2021.0,2021.0,3,9,4,0.3333333333333333,0.0,48.0,41.5,0.7439895561224436,0.7579127459366981,0.691109074243813,0.7829468481868196,0.7685186679006676,0.7791219512195122,0.727346278317152,0.7990877741653387,0.559258486578348,0.5681079021262776,0.5228245363766048,0.5868430212321616,1,1,1,1,Bosque latifoliado mixto maduro,1,Bosque y vegetación natural,0,0,0,0,Panamá,PAN,MIAMBIENTE - Cultivos Mapa Panamá,15,2021,1,1,Bosque latifoliado mixto maduro,Bosque y vegetación natural,vegetacion_forestal_esperada,0,1,0,0,none,Senal compatible con bosque o plantacion forestal,0,0,False,False,False,0.6430119869024382,0.9528057309230518,0.43437644555877897,0.6993464704424021,0,0,0,1,baja,Revisar si pertenece a clase o fuente prioritaria,baja_cantidad_meses_observados,1,0,Auditoría espectral preliminar SRC15 2021,Alerta exploratoria; no constituye validación temática definitiva
12438,S2SR_SRC15_PAN_2021_000011163,SRC15_0012438,PAN_FCL_0050216,SRC15_PAN_2021__XY__f8891006d82f,SRC15_PAN_2021__XYY__cbf464595cc4,SRC15_PAN_2021__XYC__10d40315b18c,-81.938323,8.650416,Panamá,PAN,MIAMBIENTE - Cultivos Mapa Panamá,15,2021,1,1,Bosque latifoliado mixto maduro,Bosque y vegetación natural,1,12,2021.0,2021.0,2,10,2,0.16666666666666666,0.0,22.0,22.0,0.7123079536597994,0.7123079536597994,0.6919602529358628,0.7326556543837358,0.7268906431652287,0.7268906431652287,0.697695035460993,0.7560862508694645,0.49832270001429013,0.49832270001429013,0.4739272657302289,0.5227181342983513,1,1,1,1,Bosque latifoliado mixto maduro,1,Bosque y vegetación natural,0,0,0,0,Panamá,PAN,MIAMBIENTE - Cultivos Mapa Panamá,15,2021,1,1,Bosque latifoliado mixto maduro,Bosque y vegetación natural,vegetacion_forestal_esperada,0,1,1,0,none,Senal compatible con bosque o plantacion forestal,0,0,False,False,False,0.6430119869024382,0.9528057309230518,0.43437644555877897,0.6993464704424021,0,0,0,2,media,Revisar en control de calidad temático/espectral,baja_cantidad_meses_observados,1,1,Auditoría espectral preliminar SRC15 2021,Alerta exploratoria; no constituye validación temática definitiva
12439,S2SR_SRC15_PAN_2021_000011264,SRC15_0012439,PAN_FCL_0050218,SRC15_PAN_2021__XY__c2400835d2d7,SRC15_PAN_2021__XYY__63e13a6b6d3b,SRC15_PAN_2021__XYC__0e2a40c2777d,-81.933779,8.650427,Panamá,PAN,MIAMBIENTE - Cultivos Mapa Panamá,15,2021,1,1,Bosque latifoliado mixto maduro,Bosque y vegetación natural,1,12,2021.0,2021.0,2,10,2,0.16666666666666666,0.0,10.5,10.5,0.7251638882586807,0.7251638882586807,0.7200584225900681,0.7302693539272933,0.7468278496743176,0.7468278496743176,0.7429593205185516,0.7506963788300836,0.5309587132271185,0.5309587132271185,0.52782131661442,0.534096109839817,1,1,1,1,Bosque latifoliado mixto maduro,1,Bosque y vegetación natural,0,0,0,0,Panamá,PAN,MIAMBIENTE - Cultivos Mapa Panamá,15,2021,1,1,Bosque latifoliado mixto maduro,Bosque y vegetación natural,vegetacion_forestal_esperada,0,1,1,0,none,Senal compatible con bosque o plantacion forestal,0,0,False,False,False,0.6430119869024382,0.9528057309230518,0.43437644555877897,0.6993464704424021,0,0,0,2,media,Revisar en control de calidad temático/espectral,baja_cantidad_meses_observados,1,1,Auditoría espectral preliminar SRC15 2021,Alerta exploratoria; no constituye validación temática definitiva
12440,S2SR_SRC15_PAN_2021_000011365,SRC15_0012440,PAN_FCL_0050220,SRC15_PAN_2021__XY__83fe1abd2b18,SRC15_PAN_2021__XYY__f64a7dc8cabc,SRC15_PAN_2021__XYC__f3c7ad744064,-81.929235,8.650438,Panamá,PAN,MIAMBIENTE - Cultivos Mapa Panamá,15,2021,1,1,Bosque latifoliado mixto maduro,Bosque y vegetación natural,1,12,2021.0,2021.0,2,10,2,0.16666666666666666,0.0,8.5,8.5,0.7157525046749573,0.7157525046749573,0.6868501529051987,0.7446548564447161,0.7333585859467461,0.7333585859467461,0.7009345794392523,0.7657825924542399,0.49450692447907696,0.49450692447907696,0.4658947898313617,0.5231190591267922,1,1,1,1,Bosque latifoliado mixto maduro,1,Bosque y vegetación natural,0,0,0,0,Panamá,PAN,MIAMBIENTE - Cultivos Mapa Panamá,15,2021,1,1,Bosque latifoliado mixto maduro,Bosque y vegetación natural,vegetacion_forestal_esperada,0,1,1,0,none,Senal compatible con bosque o plantacion forestal,0,0,False,False,False,0.6430119869024382,0.9528057309230518,0.43437644555877897,0.6993464704424021,0,0,0,2,media,Revisar en control de calidad temático/espectral,baja_cantidad_meses_observados,1,1,Auditoría espectral preliminar SRC15 2021,Alerta exploratoria; no constituye validación temática definitiva
12441,S2SR_SRC15_PAN_2021_000011466,SRC15_0012441,PAN_FCL_0050222,SRC15_PAN_2021__XY__82503176eec5,SRC15_PAN_2021__XYY__4a33dab6409b,SRC15_PAN_2021__XYC__86280cae07a8,-81.924691,8.650449,Panamá,PAN,MIAMBIENTE - Cultivos Mapa Panamá,15,2021,1,1,Bosque latifoliado mixto maduro,Bosque y vegetación natural,1,12,2021.0,2021.0,1,11,1,0.08333333333333333,0.0,51.0,51.0,0.5281564908120926,0.5281564908120926,0.5281564908120926,0.5281564908120926,0.5528089887640449,0.5528089887640449,0.5528089887640449,0.5528089887640449,0.4011490368367692,0.4011490368367692,0.4011490368367692,0.4011490368367692,1,1,1,1,Bosque latifoliado mixto maduro,1,Bosque y vegetación natural,0,0,0,0,Panamá,PAN,MIAMBIENTE - Cultivos Mapa Panamá,15,2021,1,1,Bosque latifoliado mixto maduro,Bosque y vegetación natural,vegetacion_forestal_esperada,0,1,1,0,none,Senal compatible con bosque o plantacion forestal,0,0,False,True,True,0.6430119869024382,0.9528057309230518,0.43437644555877897,0.6993464704424021,1,0,0,3,media,Revisar en control de calidad temático/espectral,rareza_espectral_por_clase_anio,1,1,Auditoría espectral preliminar SRC15 2021,Alerta exploratoria; no constituye validación temática definitiva
12442,S2SR_SRC15_PAN_2021_000011568,SRC15_0012442,PAN_FCL_0050224,SRC15_PAN_2021__XY__6ee4774e52c5,SRC15_PAN_2021__XYY__8e1f968e5d65,SRC15_PAN_2021__XYC__bc05ee8bed9b,-81.920147,8.65046,Panamá,PAN,MIAMBIENTE - Cultivos Mapa Panamá,15,2021,1,1,Bosque latifoliado mixto maduro,Bosque y vegetación natural,1,12,2021.0,2021.0,1,11,1,0.08333333333333333,0.0,27.0,27.0,0.5731209943678385,0.5731209943678385,0.5731209943678385,0.5731209943678385,0.6005815009994548,0.6005815009994548,0.6005815009994548,0.6005815009994548,0.4501152453078695,0.4501152453078695,0.4501152453078695,0.4501152453078695,1,1,1,1,Bosque latifoliado mixto maduro,1,Bosque y vegetación natural,0,0,0,0,Panamá,PAN,MIAMBIENTE - Cultivos Mapa Panamá,15,2021,1,1,Bosque latifoliado mixto maduro,Bosque y vegetación natural,vegetacion_forestal_esperada,0,1,1,0,none,Senal compatible con bosque o plantacion forestal,0,0,False,True,False,0.6430119869024382,0.9528057309230518,0.43437644555877897,0.6993464704424021,1,0,0,3,media,Revisar en control de calidad temático/espectral,rareza_espectral_por_clase_anio,1,1,Auditoría espectral preliminar SRC15 2021,Alerta exploratoria; no constituye validación temática definitiva
12443,S2SR_SRC15_PAN_2021_000011669,SRC15_0012443,PAN_FCL_0050226,SRC15_PAN_2021__XY__a6fc21f92398,SRC15_PAN_2021__XYY__d0e3e1a429ed,SRC15_PAN_2021__XYC__8b658e49f932,-81.915603,8.650471,Panamá,PAN,MIAMBIENTE - Cultivos Mapa Panamá,15,2021,1,1,Bosque latifoliado mixto maduro,Bosque y vegetación natural,1,12,2021.0,2021.0,0,12,0,0.0,0.0,,,,,,,,,,,,,,,1,1,1,1,Bosque latifoliado mixto maduro,1,Bosque y vegetación natural,0,0,0,0,Panamá,PAN,MIAMBIENTE - Cultivos Mapa Panamá,15,2021,1,1,Bosque latifoliado mixto maduro,Bosque y vegetación natural,vegetacion_forestal_esperada,1,0,1,0,none,Sin NDVI/NDRE anual disponible,0,0,False,False,False,0.6430119869024382,0.9528057309230518,0.43437644555877897,0.6993464704424021,0,0,0,2,alta_sin_datos,Revisar disponibilidad satelital o excluir de análisis espectral,sin_datos_espectrales,1,1,Auditoría espectral preliminar SRC15 2021,Alerta exploratoria; no constituye validación temática definitiva
12444,S2SR_SRC15_PAN_2021_000011772,SRC15_0012444,PAN_FCL_0050228,SRC15_PAN_2021__XY__f433363fa76a,SRC15_PAN_2021__XYY__86ca52a29159,SRC15_PAN_2021__XYC__e768a37eefb2,-81.911059,8.650482,Panamá,PAN,MIAMBIENTE - Cultivos Mapa Panamá,15,2021,1,1,Bosque latifoliado mixto maduro,Bosque y vegetación natural,1,12,2021.0,2021.0,1,11,1,0.08333333333333333,0.0,20.0,20.0,0.7320362591200531,0.7320362591200531,0.7320362591200531,0.7320362591200531,0.7396907216494846,0.7396907216494846,0.7396907216494846,0.7396907216494846,0.4829732698645185,0.4829732698645185,0.4829732698645185,0.4829732698645185,1,1,1,1,Bosque latifoliado mixto maduro,1,Bosque y vegetación natural,0,0,0,0,Panamá,PAN,MIAMBIENTE - Cultivos Mapa Panamá,15,2021,1,1,Bosque latifoliado mixto maduro,Bosque y vegetación natural,vegetacion_forestal_esperada,0,1,1,0,none,Senal compatible con bosque o plantacion forestal,0,0,False,False,False,0.6430119869024382,0.9528057309230518,0.43437644555877897,0.6993464704424021,0,0,0,2,media,Revisar en control de calidad temático/espectral,baja_cantidad_meses_observados,1,1,Auditoría espectral preliminar SRC15 2021,Alerta exploratoria; no constituye validación temática definitiva
12445,S2SR_SRC15_PAN_2021_000011876,SRC15_0012445,PAN_FCL_0050230,SRC15_PAN_2021__XY__cd8d926aec93,SRC15_PAN_2021__XYY__23acdcbb5dfc,SRC15_PAN_2021__XYC__32534a2a0a17,-81.906514,8.650493,Panamá,PAN,MIAMBIENTE - Cultivos Mapa Panamá,15,2021,1,1,Bosque latifoliado mixto maduro,Bosque y vegetación natural,1,12,2021.0,2021.0,0,12,0,0.0,0.0,,,,,,,,,,,,,,,1,1,1,1,Bosque latifoliado mixto maduro,1,Bosque y vegetación natural,0,0,0,0,Panamá,PAN,MIAMBIENTE - Cultivos Mapa Panamá,15,2021,1,1,Bosque latifoliado mixto maduro,Bosque y vegetación natural,vegetacion_forestal_esperada,1,0,1,0,none,Sin NDVI/NDRE anual disponible,0,0,False,False,False,0.6430119869024382,0.9528057309230518,0.43437644555877897,0.6993464704424021,0,0,0,2,alta_sin_datos,Revisar disponibilidad satelital o excluir de análisis espectral,sin_datos_espectrales,1,1,Auditoría espectral preliminar SRC15 2021,Alerta exploratoria; no constituye validación temática definitiva
12446,S2SR_SRC15_PAN_2021_000011980,SRC15_0012446,PAN_FCL_0050232,SRC15_PAN_2021__XY__33dc19452ac9,SRC15_PAN_2021__XYY__4d553db3dc43,SRC15_PAN_2021__XYC__59257c59a8fb,-81.90197,8.650504,Panamá,PAN,MIAMBIENTE - Cultivos Mapa Panamá,15,2021,1,1,Bosque latifoliado mixto maduro,Bosque y vegetación natural,1,12,2021.0,2021.0,2,10,4,0.3333333333333333,0.0,7.0,7.0,0.8439127475242099,0.8439127475242099,0.8403677979922954,0.8474576970561243,0.8538167341114014,0.8538167341114014,0.8503789934322519,0.8572544747905507,0.6018860822292731,0.6018860822292731,0.591844835065265,0.6119273293932813,1,1,1,1,Bosque latifoliado mixto maduro,1,Bosque y vegetación natural,0,0,0,0,Panamá,PAN,MIAMBIENTE - Cultivos Mapa Panamá,15,2021,1,1,Bosque latifoliado mixto maduro,Bosque y vegetación natural,vegetacion_forestal_esperada,0,1,0,0,none,Senal compatible con bosque o plantacion forestal,0,0,False,False,False,0.6430119869024382,0.9528057309230518,0.43437644555877897,0.6993464704424021,0,0,0,1,baja,Revisar si pertenece a clase o fuente prioritaria,baja_cantidad_meses_observados,1,0,Auditoría espectral preliminar SRC15 2021,Alerta exploratoria; no constituye validación temática definitiva
12447,S2SR_SRC15_PAN_2021_000012083,SRC15_0012447,PAN_FCL_0050234,SRC15_PAN_2021__XY__164623a2f9fa,SRC15_PAN_2021__XYY__9d4977cbb12b,SRC15_PAN_2021__XYC__a71e5771c05a,-81.897426,8.650514,Panamá,PAN,MIAMBIENTE - Cultivos Mapa Panamá,15,2021,1,1,Bosque latifoliado mixto maduro,Bosque y vegetación natural,1,12,2021.0,2021.0,2,10,4,0.3333333333333333,0.0,12.5,12.5,0.7398834984113527,0.7398834984113527,0.7391839995497793,0.7405829972729262,0.7422858290864423,0.7422858290864423,0.7320040446352482,0.7525676135376362,0.5385639341460555,0.5385639341460555,0.5330630790399862,0.5440647892521249,1,1,1,1,Bosque latifoliado mixto maduro,1,Bosque y vegetación natural,0,0,0,0,Panamá,PAN,MIAMBIENTE - Cultivos Mapa Panamá,15,2021,1,1,Bosque latifoliado mixto maduro,Bosque y vegetación natural,vegetacion_forestal_esperada,0,1,0,0,none,Senal compatible con bosque o plantacion forestal,0,0,False,False,False,0.6430119869024382,0.9528057309230518,0.43437644555877897,0.6993464704424021,0,0,0,1,baja,Revisar si pertenece a clase o fuente prioritaria,baja_cantidad_meses_observados,1,0,Auditoría espectral preliminar SRC15 2021,Alerta exploratoria; no constituye validación temática definitiva
12448,S2SR_SRC15_PAN_2021_000012187,SRC15_0012448,PAN_FCL_0050236,SRC15_PAN_2021__XY__e51f37efeebc,SRC15_PAN_2021__XYY__381ae4ae6dd4,SRC15_PAN_2021__XYC__140bc3bd3e2a,-81.892882,8.650525,Panamá,PAN,MIAMBIENTE - Cultivos Mapa Panamá,15,2021,1,1,Bosque latifoliado mixto maduro,Bosque y vegetación natural,1,12,2021.0,2021.0,2,10,4,0.3333333333333333,0.0,20.25,20.25,0.7045682454026656,0.7045682454026656,0.6553484170172574,0.7537880737880738,0.7029519910606634,0.7029519910606634,0.6548107819027454,0.7510932002185815,0.49768464750869923,0.49768464750869923,0.4834913695919032,0.5118779254254953,1,1,1,1,Bosque latifoliado mixto maduro,1,Bosque y vegetación natural,0,0,0,0,Panamá,PAN,MIAMBIENTE - Cultivos Mapa Panamá,15,2021,1,1,Bosque latifoliado mixto maduro,Bosque y vegetación natural,vegetacion_forestal_esperada,0,1,0,0,none,Senal compatible con bosque o plantacion forestal,0,0,False,False,False,0.6430119869024382,0.9528057309230518,0.43437644555877897,0.6993464704424021,0,0,0,1,baja,Revisar si pertenece a clase o fuente prioritaria,baja_cantidad_meses_observados,1,0,Auditoría espectral preliminar SRC15 2021,Alerta exploratoria; no constituye validación temática definitiva
12449,S2SR_SRC15_PAN_2021_000012293,SRC15_0012449,PAN_FCL_0050238,SRC15_PAN_2021__XY__eebba575aedb,SRC15_PAN_2021__XYY__d69c5b8cf7bc,SRC15_PAN_2021__XYC__4d12397af8bc,-81.888338,8.650536,Panamá,PAN,MIAMBIENTE - Cultivos Mapa Panamá,15,2021,1,1,Bosque latifoliado mixto maduro,Bosque y vegetación natural,1,12,2021.0,2021.0,3,9,6,0.5,0.0,22.0,18.0,0.6918312131005774,0.7421467091783457,0.4792583476309599,0.8540885824924268,0.703676549981814,0.7517048575706426,0.4926105071006568,0.8667142852741425,0.5231758783481371,0.5478964318685573,0.371588534161823,0.6500426690140308,1,1,1,1,Bosque latifoliado mixto maduro,1,Bosque y vegetación natural,0,0,0,0,Panamá,PAN,MIAMBIENTE - Cultivos Mapa Panamá,15,2021,1,1,Bosque latifoliado mixto maduro,Bosque y vegetación natural,vegetacion_forestal_esperada,0,1,0,0,none,Senal compatible con bosque o plantacion forestal,0,0,False,False,False,0.6430119869024382,0.9528057309230518,0.43437644555877897,0.6993464704424021,0,0,0,1,baja,Revisar si pertenece a clase o fuente prioritaria,baja_cantidad_meses_observados,1,0,Auditoría espectral preliminar SRC15 2021,Alerta exploratoria; no constituye validación temática definitiva
12481,S2SR_SRC15_PAN_2021_000006552,SRC15_0012481,PAN_FCL_0050394,SRC15_PAN_2021__XY__7133ee925914,SRC15_PAN_2021__XYY__12232bf7f9e1,SRC15_PAN_2021__XYC__df37ecd3794e,-82.15644,8.65208,Panamá,PAN,MIAMBIENTE - Cultivos Mapa Panamá,15,2021,1,1,Bosque latifoliado mixto maduro,Bosque y vegetación natural,1,12,2021.0,2021.0,3,9,4,0.3333333333333333,0.0,13.0,20.333333333333332,0.7614822344049932,0.7862123177229658,0.6484284051222351,0.8498059803697786,0.7684281103425539,0.8011224364607823,0.6558796718322698,0.8482822227346093,0.5415741109115635,0.5580174927113702,0.4871060171919771,0.5795988228313431,1,1,1,1,Bosque latifoliado mixto maduro,1,Bosque y vegetación natural,0,0,0,0,Panamá,PAN,MIAMBIENTE - Cultivos Mapa Panamá,15,2021,1,1,Bosque latifoliado mixto maduro,Bosque y vegetación natural,vegetacion_forestal_esperada,0,1,0,0,none,Senal compatible con bosque o plantacion forestal,0,0,False,False,False,0.6430119869024382,0.9528057309230518,0.43437644555877897,0.6993464704424021,0,0,0,1,baja,Revisar si pertenece a clase o fuente prioritaria,baja_cantidad_meses_observados,1,0,Auditoría espectral preliminar SRC15 2021,Alerta exploratoria; no constituye validación temática definitiva
12482,S2SR_SRC15_PAN_2021_000006648,SRC15_0012482,PAN_FCL_0050396,SRC15_PAN_2021__XY__d5efa691df95,SRC15_PAN_2021__XYY__56051e8a23ca,SRC15_PAN_2021__XYC__035568391eeb,-82.151897,8.652094,Panamá,PAN,MIAMBIENTE - Cultivos Mapa Panamá,15,2021,1,1,Bosque latifoliado mixto maduro,Bosque y vegetación natural,1,12,2021.0,2021.0,3,9,4,0.3333333333333333,0.0,14.0,14.5,0.7843995688159099,0.7538022813688212,0.712477402558544,0.8869190225203641,0.7888166166726173,0.7583955223880596,0.7193488336425253,0.8887054939872672,0.5583623363299243,0.5620468199709965,0.5132798534885189,0.5997603355302576,1,1,1,1,Bosque latifoliado mixto maduro,1,Bosque y vegetación natural,0,0,0,0,Panamá,PAN,MIAMBIENTE - Cultivos Mapa Panamá,15,2021,1,1,Bosque latifoliado mixto maduro,Bosque y vegetación natural,vegetacion_forestal_esperada,0,1,0,0,none,Senal compatible con bosque o plantacion forestal,0,0,False,False,False,0.6430119869024382,0.9528057309230518,0.43437644555877897,0.6993464704424021,0,0,0,1,baja,Revisar si pertenece a clase o fuente prioritaria,baja_cantidad_meses_observados,1,0,Auditoría espectral preliminar SRC15 2021,Alerta exploratoria; no constituye validación temática definitiva
12484,S2SR_SRC15_PAN_2021_000007046,SRC15_0012484,PAN_FCL_0050404,SRC15_PAN_2021__XY__4aa2554daec2,SRC15_PAN_2021__XYY__080ef10afea7,SRC15_PAN_2021__XYC__60aebb5271b1,-82.133721,8.652148,Panamá,PAN,MIAMBIENTE - Cultivos Mapa Panamá,15,2021,1,1,Bosque latifoliado mixto maduro,Bosque y vegetación natural,1,12,2021.0,2021.0,2,10,2,0.16666666666666666,0.0,7.0,7.0,0.8190745644571852,0.8190745644571852,0.8082045817794351,0.8299445471349353,0.8246987169615331,0.8246987169615331,0.8075895243185464,0.8418079096045198,0.5627666141792949,0.5627666141792949,0.5549425287356322,0.5705906996229576,1,1,1,1,Bosque latifoliado mixto maduro,1,Bosque y vegetación natural,0,0,0,0,Panamá,PAN,MIAMBIENTE - Cultivos Mapa Panamá,15,2021,1,1,Bosque latifoliado mixto maduro,Bosque y vegetación natural,vegetacion_forestal_esperada,0,1,1,0,none,Senal compatible con bosque o plantacion forestal,0,0,False,False,False,0.6430119869024382,0.9528057309230518,0.43437644555877897,0.6993464704424021,0,0,0,2,media,Revisar en control de calidad temático/espectral,baja_cantidad_meses_observados,1,1,Auditoría espectral preliminar SRC15 2021,Alerta exploratoria; no constituye validación temática definitiva
12485,S2SR_SRC15_PAN_2021_000007142,SRC15_0012485,PAN_FCL_0050406,SRC15_PAN_2021__XY__5aee5d6e70f5,SRC15_PAN_2021__XYY__073e4df81022,SRC15_PAN_2021__XYC__b00184cbf7c1,-82.129177,8.652162,Panamá,PAN,MIAMBIENTE - Cultivos Mapa Panamá,15,2021,1,1,Bosque latifoliado mixto maduro,Bosque y vegetación natural,1,12,2021.0,2021.0,0,12,0,0.0,0.0,,,,,,,,,,,,,,,1,1,1,1,Bosque latifoliado mixto maduro,1,Bosque y vegetación natural,0,0,0,0,Panamá,PAN,MIAMBIENTE - Cultivos Mapa Panamá,15,2021,1,1,Bosque latifoliado mixto maduro,Bosque y vegetación natural,vegetacion_forestal_esperada,1,0,1,0,none,Sin NDVI/NDRE anual disponible,0,0,False,False,False,0.6430119869024382,0.9528057309230518,0.43437644555877897,0.6993464704424021,0,0,0,2,alta_sin_datos,Revisar disponibilidad satelital o excluir de análisis espectral,sin_datos_espectrales,1,1,Auditoría espectral preliminar SRC15 2021,Alerta exploratoria; no constituye validación temática definitiva
12486,S2SR_SRC15_PAN_2021_000007240,SRC15_0012486,PAN_FCL_0050408,SRC15_PAN_2021__XY__00edc33385a0,SRC15_PAN_2021__XYY__db620d4dfc63,SRC15_PAN_2021__XYC__5876bea37877,-82.124633,8.652175,Panamá,PAN,MIAMBIENTE - Cultivos Mapa Panamá,15,2021,1,1,Bosque latifoliado mixto maduro,Bosque y vegetación natural,1,12,2021.0,2021.0,0,12,0,0.0,0.0,,,,,,,,,,,,,,,1,1,1,1,Bosque latifoliado mixto maduro,1,Bosque y vegetación natural,0,0,0,0,Panamá,PAN,MIAMBIENTE - Cultivos Mapa Panamá,15,2021,1,1,Bosque latifoliado mixto maduro,Bosque y vegetación natural,vegetacion_forestal_esperada,1,0,1,0,none,Sin NDVI/NDRE anual disponible,0,0,False,False,False,0.6430119869024382,0.9528057309230518,0.43437644555877897,0.6993464704424021,0,0,0,2,alta_sin_datos,Revisar disponibilidad satelital o excluir de análisis espectral,sin_datos_espectrales,1,1,Auditoría espectral preliminar SRC15 2021,Alerta exploratoria; no constituye validación temática definitiva
12487,S2SR_SRC15_PAN_2021_000007433,SRC15_0012487,PAN_FCL_0050412,SRC15_PAN_2021__XY__bee5945812fb,SRC15_PAN_2021__XYY__0c1a259e5ad6,SRC15_PAN_2021__XYC__751239d959d7,-82.115546,8.652202,Panamá,PAN,MIAMBIENTE - Cultivos Mapa Panamá,15,2021,1,1,Bosque latifoliado mixto maduro,Bosque y vegetación natural,1,12,2021.0,2021.0,2,10,2,0.16666666666666666,0.0,11.0,11.0,0.8213138716946085,0.8213138716946085,0.7635579759473565,0.8790697674418604,0.8248523530100986,0.8248523530100986,0.7719912472647703,0.8777134587554268,0.6364757154309126,0.6364757154309126,0.5724271844660195,0.7005242463958059,1,1,1,1,Bosque latifoliado mixto maduro,1,Bosque y vegetación natural,0,0,0,0,Panamá,PAN,MIAMBIENTE - Cultivos Mapa Panamá,15,2021,1,1,Bosque latifoliado mixto maduro,Bosque y vegetación natural,vegetacion_forestal_esperada,0,1,1,0,none,Senal compatible con bosque o plantacion forestal,0,0,False,False,False,0.6430119869024382,0.9528057309230518,0.43437644555877897,0.6993464704424021,0,0,0,2,media,Revisar en control de calidad temático/espectral,baja_cantidad_meses_observados,1,1,Auditoría espectral preliminar SRC15 2021,Alerta exploratoria; no constituye validación temática definitiva
12488,S2SR_SRC15_PAN_2021_000007712,SRC15_0012488,PAN_FCL_0050418,SRC15_PAN_2021__XY__7fa66b830ae6,SRC15_PAN_2021__XYY__5cfc6b9eaeaf,SRC15_PAN_2021__XYC__cf899bfb5016,-82.101914,8.652241,Panamá,PAN,MIAMBIENTE - Cultivos Mapa Panamá,15,2021,1,1,Bosque latifoliado mixto maduro,Bosque y vegetación natural,1,12,2021.0,2021.0,0,12,0,0.0,0.0,,,,,,,,,,,,,,,1,1,1,1,Bosque latifoliado mixto maduro,1,Bosque y vegetación natural,0,0,0,0,Panamá,PAN,MIAMBIENTE - Cultivos Mapa Panamá,15,2021,1,1,Bosque latifoliado mixto maduro,Bosque y vegetación natural,vegetacion_forestal_esperada,1,0,1,0,none,Sin NDVI/NDRE anual disponible,0,0,False,False,False,0.6430119869024382,0.9528057309230518,0.43437644555877897,0.6993464704424021,0,0,0,2,alta_sin_datos,Revisar disponibilidad satelital o excluir de análisis espectral,sin_datos_espectrales,1,1,Auditoría espectral preliminar SRC15 2021,Alerta exploratoria; no constituye validación temática definitiva
12489,S2SR_SRC15_PAN_2021_000007898,SRC15_0012489,PAN_FCL_0050422,SRC15_PAN_2021__XY__d2b7968da479,SRC15_PAN_2021__XYY__b7e92973e5f6,SRC15_PAN_2021__XYC__5c185d3860ee,-82.092826,8.652267,Panamá,PAN,MIAMBIENTE - Cultivos Mapa Panamá,15,2021,1,1,Bosque latifoliado mixto maduro,Bosque y vegetación natural,1,12,2021.0,2021.0,0,12,0,0.0,0.0,,,,,,,,,,,,,,,1,1,1,1,Bosque latifoliado mixto maduro,1,Bosque y vegetación natural,0,0,0,0,Panamá,PAN,MIAMBIENTE - Cultivos Mapa Panamá,15,2021,1,1,Bosque latifoliado mixto maduro,Bosque y vegetación natural,vegetacion_forestal_esperada,1,0,1,0,none,Sin NDVI/NDRE anual disponible,0,0,False,False,False,0.6430119869024382,0.9528057309230518,0.43437644555877897,0.6993464704424021,0,0,0,2,alta_sin_datos,Revisar disponibilidad satelital o excluir de análisis espectral,sin_datos_espectrales,1,1,Auditoría espectral preliminar SRC15 2021,Alerta exploratoria; no constituye validación temática definitiva
12490,S2SR_SRC15_PAN_2021_000008269,SRC15_0012490,PAN_FCL_0050430,SRC15_PAN_2021__XY__30ee7254ae53,SRC15_PAN_2021__XYY__72ab29cdb607,SRC15_PAN_2021__XYC__fb006d19b6f9,-82.07465,8.652319,Panamá,PAN,MIAMBIENTE - Cultivos Mapa Panamá,15,2021,1,1,Bosque latifoliado mixto maduro,Bosque y vegetación natural,1,12,2021.0,2021.0,1,11,1,0.08333333333333333,0.0,17.0,17.0,0.7865919379176547,0.7865919379176547,0.7865919379176547,0.7865919379176547,0.79314667781028,0.79314667781028,0.79314667781028,0.79314667781028,0.5746788990825689,0.5746788990825689,0.5746788990825689,0.5746788990825689,1,1,1,1,Bosque latifoliado mixto maduro,1,Bosque y vegetación natural,0,0,0,0,Panamá,PAN,MIAMBIENTE - Cultivos Mapa Panamá,15,2021,1,1,Bosque latifoliado mixto maduro,Bosque y vegetación natural,vegetacion_forestal_esperada,0,1,1,0,none,Senal compatible con bosque o plantacion forestal,0,0,False,False,False,0.6430119869024382,0.9528057309230518,0.43437644555877897,0.6993464704424021,0,0,0,2,media,Revisar en control de calidad temático/espectral,baja_cantidad_meses_observados,1,1,Auditoría espectral preliminar SRC15 2021,Alerta exploratoria; no constituye validación temática definitiva
12492,S2SR_SRC15_PAN_2021_000008545,SRC15_0012492,PAN_FCL_0050436,SRC15_PAN_2021__XY__0263bb7430cb,SRC15_PAN_2021__XYY__6466250a8639,SRC15_PAN_2021__XYC__e7228c7c48e8,-82.061019,8.652357,Panamá,PAN,MIAMBIENTE - Cultivos Mapa Panamá,15,2021,1,1,Bosque latifoliado mixto maduro,Bosque y vegetación natural,1,12,2021.0,2021.0,3,9,5,0.4166666666666667,0.0,15.0,22.166666666666668,0.7578601312032897,0.7953741177862484,0.6226345765203014,0.8555716993033193,0.7677973550853229,0.7995736714874069,0.6416608513607815,0.8621575424077804,0.5265896479643476,0.5358068309554691,0.4575588599752168,0.5864032529623571,1,1,1,1,Bosque latifoliado mixto maduro,1,Bosque y vegetación natural,0,0,0,0,Panamá,PAN,MIAMBIENTE - Cultivos Mapa Panamá,15,2021,1,1,Bosque latifoliado mixto maduro,Bosque y vegetación natural,vegetacion_forestal_esperada,0,1,0,0,none,Senal compatible con bosque o plantacion forestal,0,0,False,False,False,0.6430119869024382,0.9528057309230518,0.43437644555877897,0.6993464704424021,0,0,0,1,baja,Revisar si pertenece a clase o fuente prioritaria,baja_cantidad_meses_observados,1,0,Auditoría espectral preliminar SRC15 2021,Alerta exploratoria; no constituye validación temática definitiva
12494,S2SR_SRC15_PAN_2021_000009866,SRC15_0012494,PAN_FCL_0050464,SRC15_PAN_2021__XY__14841e488501,SRC15_PAN_2021__XYY__58e54715636a,SRC15_PAN_2021__XYC__cab5e4d6ece3,-81.997402,8.652528,Panamá,PAN,MIAMBIENTE - Cultivos Mapa Panamá,15,2021,1,1,Bosque latifoliado mixto maduro,Bosque y vegetación natural,1,12,2021.0,2021.0,1,11,1,0.08333333333333333,0.0,7.0,7.0,0.7648894668400519,0.7648894668400519,0.7648894668400519,0.7648894668400519,0.7658637658637658,0.7658637658637658,0.7658637658637658,0.7658637658637658,0.5342034203420343,0.5342034203420343,0.5342034203420343,0.5342034203420343,1,1,1,1,Bosque latifoliado mixto maduro,1,Bosque y vegetación natural,0,0,0,0,Panamá,PAN,MIAMBIENTE - Cultivos Mapa Panamá,15,2021,1,1,Bosque latifoliado mixto maduro,Bosque y vegetación natural,vegetacion_forestal_esperada,0,1,1,0,none,Senal compatible con bosque o plantacion forestal,0,0,False,False,False,0.6430119869024382,0.9528057309230518,0.43437644555877897,0.6993464704424021,0,0,0,2,media,Revisar en control de calidad temático/espectral,baja_cantidad_meses_observados,1,1,Auditoría espectral preliminar SRC15 2021,Alerta exploratoria; no constituye validación temática definitiva
12495,S2SR_SRC15_PAN_2021_000009965,SRC15_0012495,PAN_FCL_0050466,SRC15_PAN_2021__XY__cbdb5a9e0b83,SRC15_PAN_2021__XYY__a9d2c838cfc5,SRC15_PAN_2021__XYC__90376b95461a,-81.992858,8.65254,Panamá,PAN,MIAMBIENTE - Cultivos Mapa Panamá,15,2021,1,1,Bosque latifoliado mixto maduro,Bosque y vegetación natural,1,12,2021.0,2021.0,2,10,2,0.16666666666666666,0.0,32.0,32.0,0.7070357574609576,0.7070357574609576,0.5639523899489892,0.8501191249729261,0.7084987739720723,0.7084987739720723,0.5706046511627907,0.846392896781354,0.4987804818955088,0.4987804818955088,0.4107620320855615,0.586798931705456,1,1,1,1,Bosque latifoliado mixto maduro,1,Bosque y vegetación natural,0,0,0,0,Panamá,PAN,MIAMBIENTE - Cultivos Mapa Panamá,15,2021,1,1,Bosque latifoliado mixto maduro,Bosque y vegetación natural,vegetacion_forestal_esperada,0,1,1,0,none,Senal compatible con bosque o plantacion forestal,0,0,False,False,False,0.6430119869024382,0.9528057309230518,0.43437644555877897,0.6993464704424021,0,0,0,2,media,Revisar en control de calidad temático/espectral,baja_cantidad_meses_observados,1,1,Auditoría espectral preliminar SRC15 2021,Alerta exploratoria; no constituye validación temática definitiva
12496,S2SR_SRC15_PAN_2021_000010163,SRC15_0012496,PAN_FCL_0050470,SRC15_PAN_2021__XY__44a11e89a48c,SRC15_PAN_2021__XYY__012d4f3dea84,SRC15_PAN_2021__XYC__d6a37074fd67,-81.98377,8.652563,Panamá,PAN,MIAMBIENTE - Cultivos Mapa Panamá,15,2021,1,1,Bosque latifoliado mixto maduro,Bosque y vegetación natural,1,12,2021.0,2021.0,3,9,3,0.25,0.0,11.0,16.666666666666668,0.6858603414855869,0.6826347305389222,0.614923384410393,0.7600229095074457,0.7071522463918685,0.6997167138810199,0.6441982148353339,0.7775418104592514,0.4817301378410222,0.4771048744460856,0.4473042535898131,0.5207812854871678,1,1,1,1,Bosque latifoliado mixto maduro,1,Bosque y vegetación natural,0,0,0,0,Panamá,PAN,MIAMBIENTE - Cultivos Mapa Panamá,15,2021,1,1,Bosque latifoliado mixto maduro,Bosque y vegetación natural,vegetacion_forestal_esperada,0,1,1,0,none,Senal compatible con bosque o plantacion forestal,0,0,False,False,False,0.6430119869024382,0.9528057309230518,0.43437644555877897,0.6993464704424021,0,0,0,2,media,Revisar en control de calidad temático/espectral,baja_cantidad_meses_observados,1,1,Auditoría espectral preliminar SRC15 2021,Alerta exploratoria; no constituye validación temática definitiva
12497,S2SR_SRC15_PAN_2021_000010262,SRC15_0012497,PAN_FCL_0050472,SRC15_PAN_2021__XY__7a9ba6e5e5f6,SRC15_PAN_2021__XYY__bce9386ddedc,SRC15_PAN_2021__XYC__9e388b75e6ff,-81.979226,8.652575,Panamá,PAN,MIAMBIENTE - Cultivos Mapa Panamá,15,2021,1,1,Bosque latifoliado mixto maduro,Bosque y vegetación natural,1,12,2021.0,2021.0,2,10,2,0.16666666666666666,0.0,30.5,30.5,0.6719428839164046,0.6719428839164046,0.5495382031905962,0.7943475646422128,0.6877279722937486,0.6877279722937486,0.569939879759519,0.8055160648279783,0.471104546738337,0.471104546738337,0.4031882500447787,0.5390208434318953,1,1,1,1,Bosque latifoliado mixto maduro,1,Bosque y vegetación natural,0,0,0,0,Panamá,PAN,MIAMBIENTE - Cultivos Mapa Panamá,15,2021,1,1,Bosque latifoliado mixto maduro,Bosque y vegetación natural,vegetacion_forestal_esperada,0,1,1,0,none,Senal compatible con bosque o plantacion forestal,0,0,False,False,False,0.6430119869024382,0.9528057309230518,0.43437644555877897,0.6993464704424021,0,0,0,2,media,Revisar en control de calidad temático/espectral,baja_cantidad_meses_observados,1,1,Auditoría espectral preliminar SRC15 2021,Alerta exploratoria; no constituye validación temática definitiva
12498,S2SR_SRC15_PAN_2021_000010361,SRC15_0012498,PAN_FCL_0050474,SRC15_PAN_2021__XY__c4e4909ad04c,SRC15_PAN_2021__XYY__03178606b2ac,SRC15_PAN_2021__XYC__1932a364922e,-81.974682,8.652586,Panamá,PAN,MIAMBIENTE - Cultivos Mapa Panamá,15,2021,1,1,Bosque latifoliado mixto maduro,Bosque y vegetación natural,1,12,2021.0,2021.0,1,11,1,0.08333333333333333,0.0,26.0,26.0,0.7379014989293363,0.7379014989293363,0.7379014989293363,0.7379014989293363,0.753821399839099,0.753821399839099,0.753821399839099,0.753821399839099,0.5154675008689606,0.5154675008689606,0.5154675008689606,0.5154675008689606,1,1,1,1,Bosque latifoliado mixto maduro,1,Bosque y vegetación natural,0,0,0,0,Panamá,PAN,MIAMBIENTE - Cultivos Mapa Panamá,15,2021,1,1,Bosque latifoliado mixto maduro,Bosque y vegetación natural,vegetacion_forestal_esperada,0,1,1,0,none,Senal compatible con bosque o plantacion forestal,0,0,False,False,False,0.6430119869024382,0.9528057309230518,0.43437644555877897,0.6993464704424021,0,0,0,2,media,Revisar en control de calidad temático/espectral,baja_cantidad_meses_observados,1,1,Auditoría espectral preliminar SRC15 2021,Alerta exploratoria; no constituye validación temática definitiva
12499,S2SR_SRC15_PAN_2021_000010460,SRC15_0012499,PAN_FCL_0050476,SRC15_PAN_2021__XY__d59d38f756c8,SRC15_PAN_2021__XYY__101c6f2b60e9,SRC15_PAN_2021__XYC__6824b4702145,-81.970138,8.652598,Panamá,PAN,MIAMBIENTE - Cultivos Mapa Panamá,15,2021,1,1,Bosque latifoliado mixto maduro,Bosque y vegetación natural,1,12,2021.0,2021.0,2,10,2,0.16666666666666666,0.0,3.0,3.0,0.8089126094854407,0.8089126094854407,0.7805471124620059,0.8372781065088756,0.8289811829485656,0.8289811829485656,0.8018660812294182,0.8560962846677131,0.5709566608655112,0.5709566608655112,0.5566619250829777,0.5852513966480447,1,1,1,1,Bosque latifoliado mixto maduro,1,Bosque y vegetación natural,0,0,0,0,Panamá,PAN,MIAMBIENTE - Cultivos Mapa Panamá,15,2021,1,1,Bosque latifoliado mixto maduro,Bosque y vegetación natural,vegetacion_forestal_esperada,0,1,1,0,none,Senal compatible con bosque o plantacion forestal,0,0,False,False,False,0.6430119869024382,0.9528057309230518,0.43437644555877897,0.6993464704424021,0,0,0,2,media,Revisar en control de calidad temático/espectral,baja_cantidad_meses_observados,1,1,Auditoría espectral preliminar SRC15 2021,Alerta exploratoria; no constituye validación temática definitiva
12500,S2SR_SRC15_PAN_2021_000010559,SRC15_0012500,PAN_FCL_0050478,SRC15_PAN_2021__XY__05c60ff6fb55,SRC15_PAN_2021__XYY__c533db0fb7ed,SRC15_PAN_2021__XYC__b449f6da6861,-81.965594,8.652609,Panamá,PAN,MIAMBIENTE - Cultivos Mapa Panamá,15,2021,1,1,Bosque latifoliado mixto maduro,Bosque y vegetación natural,1,12,2021.0,2021.0,3,9,3,0.25,0.0,5.0,15.666666666666666,0.7912412435383063,0.7689454160042394,0.7505309905387141,0.8542473240719652,0.8064414302657675,0.7902837902837901,0.7660268018833757,0.8630136986301369,0.5521798940153798,0.547936507936508,0.5383343666046704,0.5702688075049612,1,1,1,1,Bosque latifoliado mixto maduro,1,Bosque y vegetación natural,0,0,0,0,Panamá,PAN,MIAMBIENTE - Cultivos Mapa Panamá,15,2021,1,1,Bosque latifoliado mixto maduro,Bosque y vegetación natural,vegetacion_forestal_esperada,0,1,1,0,none,Senal compatible con bosque o plantacion forestal,0,0,False,False,False,0.6430119869024382,0.9528057309230518,0.43437644555877897,0.6993464704424021,0,0,0,2,media,Revisar en control de calidad temático/espectral,baja_cantidad_meses_observados,1,1,Auditoría espectral preliminar SRC15 2021,Alerta exploratoria; no constituye validación temática definitiva
12501,S2SR_SRC15_PAN_2021_000012399,SRC15_0012501,PAN_FCL_0050514,SRC15_PAN_2021__XY__204c8509bdc1,SRC15_PAN_2021__XYY__d21828bdd48a,SRC15_PAN_2021__XYC__2a33992168b8,-81.883799,8.652807,Panamá,PAN,MIAMBIENTE - Cultivos Mapa Panamá,15,2021,1,1,Bosque latifoliado mixto maduro,Bosque y vegetación natural,1,12,2021.0,2021.0,1,11,2,0.16666666666666666,0.0,10.0,10.0,0.7831151353995234,0.7831151353995234,0.7831151353995234,0.7831151353995234,0.8014655294301545,0.8014655294301545,0.8014655294301545,0.8014655294301545,0.5401726999630607,0.5401726999630607,0.5401726999630607,0.5401726999630607,1,1,1,1,Bosque latifoliado mixto maduro,1,Bosque y vegetación natural,0,0,0,0,Panamá,PAN,MIAMBIENTE - Cultivos Mapa Panamá,15,2021,1,1,Bosque latifoliado mixto maduro,Bosque y vegetación natural,vegetacion_forestal_esperada,0,1,1,0,none,Senal compatible con bosque o plantacion forestal,0,0,False,False,False,0.6430119869024382,0.9528057309230518,0.43437644555877897,0.6993464704424021,0,0,0,2,media,Revisar en control de calidad temático/espectral,baja_cantidad_meses_observados,1,1,Auditoría espectral preliminar SRC15 2021,Alerta exploratoria; no constituye validación temática definitiva
12502,S2SR_SRC15_PAN_2021_000012505,SRC15_0012502,PAN_FCL_0050516,SRC15_PAN_2021__XY__9190008cbf35,SRC15_PAN_2021__XYY__435c2d197ad6,SRC15_PAN_2021__XYC__06c7ad6042a7,-81.879255,8.652818,Panamá,PAN,MIAMBIENTE - Cultivos Mapa Panamá,15,2021,1,1,Bosque latifoliado mixto maduro,Bosque y vegetación natural,1,12,2021.0,2021.0,1,11,2,0.16666666666666666,0.0,16.0,16.0,0.8174449160167037,0.8174449160167037,0.8174449160167037,0.8174449160167037,0.82609807071397,0.82609807071397,0.82609807071397,0.82609807071397,0.5819611777219234,0.5819611777219234,0.5819611777219234,0.5819611777219234,1,1,1,1,Bosque latifoliado mixto maduro,1,Bosque y vegetación natural,0,0,0,0,Panamá,PAN,MIAMBIENTE - Cultivos Mapa Panamá,15,2021,1,1,Bosque latifoliado mixto maduro,Bosque y vegetación natural,vegetacion_forestal_esperada,0,1,1,0,none,Senal compatible con bosque o plantacion forestal,0,0,False,False,False,0.6430119869024382,0.9528057309230518,0.43437644555877897,0.6993464704424021,0,0,0,2,media,Revisar en control de calidad temático/espectral,baja_cantidad_meses_observados,1,1,Auditoría espectral preliminar SRC15 2021,Alerta exploratoria; no constituye validación temática definitiva
12546,S2SR_SRC15_PAN_2021_000006455,SRC15_0012546,PAN_FCL_0050666,SRC15_PAN_2021__XY__5865b3f4521d,SRC15_PAN_2021__XYY__366670f64d48,SRC15_PAN_2021__XYC__61f111a3c422,-82.160991,8.654327,Panamá,PAN,MIAMBIENTE - Cultivos Mapa Panamá,15,2021,1,1,Bosque latifoliado mixto maduro,Bosque y vegetación natural,1,12,2021.0,2021.0,2,10,3,0.25,0.0,25.0,25.0,0.6869062083013944,0.6869062083013944,0.5710575139146566,0.8027549026881321,0.6974328705780151,0.6974328705780151,0.5831981251126734,0.8116676160433566,0.4779626722756545,0.4779626722756545,0.380817610062893,0.5751077344884159,1,1,1,1,Bosque latifoliado mixto maduro,1,Bosque y vegetación natural,0,0,0,0,Panamá,PAN,MIAMBIENTE - Cultivos Mapa Panamá,15,2021,1,1,Bosque latifoliado mixto maduro,Bosque y vegetación natural,vegetacion_forestal_esperada,0,1,1,0,none,Senal compatible con bosque o plantacion forestal,0,0,False,False,False,0.6430119869024382,0.9528057309230518,0.43437644555877897,0.6993464704424021,0,0,0,2,media,Revisar en control de calidad temático/espectral,baja_cantidad_meses_observados,1,1,Auditoría espectral preliminar SRC15 2021,Alerta exploratoria; no constituye validación temática definitiva
12547,S2SR_SRC15_PAN_2021_000006747,SRC15_0012547,PAN_FCL_0050672,SRC15_PAN_2021__XY__7d1bd937f2de,SRC15_PAN_2021__XYY__b66a158e8280,SRC15_PAN_2021__XYC__4b0c86acdddf,-82.14736,8.654369,Panamá,PAN,MIAMBIENTE - Cultivos Mapa Panamá,15,2021,1,1,Bosque latifoliado mixto maduro,Bosque y vegetación natural,1,12,2021.0,2021.0,1,11,1,0.08333333333333333,0.0,6.0,6.0,0.7981990302470561,0.7981990302470561,0.7981990302470561,0.7981990302470561,0.8108634494698117,0.8108634494698117,0.8108634494698117,0.8108634494698117,0.5658682634730539,0.5658682634730539,0.5658682634730539,0.5658682634730539,1,1,1,1,Bosque latifoliado mixto maduro,1,Bosque y vegetación natural,0,0,0,0,Panamá,PAN,MIAMBIENTE - Cultivos Mapa Panamá,15,2021,1,1,Bosque latifoliado mixto maduro,Bosque y vegetación natural,vegetacion_forestal_esperada,0,1,1,0,none,Senal compatible con bosque o plantacion forestal,0,0,False,False,False,0.6430119869024382,0.9528057309230518,0.43437644555877897,0.6993464704424021,0,0,0,2,media,Revisar en control de calidad temático/espectral,baja_cantidad_meses_observados,1,1,Auditoría espectral preliminar SRC15 2021,Alerta exploratoria; no constituye validación temática definitiva
12549,S2SR_SRC15_PAN_2021_000007336,SRC15_0012549,PAN_FCL_0050684,SRC15_PAN_2021__XY__89ac84f43f6c,SRC15_PAN_2021__XYY__ab72945ebcff,SRC15_PAN_2021__XYC__0bd1ed733052,-82.120096,8.654449,Panamá,PAN,MIAMBIENTE - Cultivos Mapa Panamá,15,2021,1,1,Bosque latifoliado mixto maduro,Bosque y vegetación natural,1,12,2021.0,2021.0,1,11,1,0.08333333333333333,0.0,27.0,27.0,0.8093285494618144,0.8093285494618144,0.8093285494618144,0.8093285494618144,0.8107833163784334,0.8107833163784334,0.8107833163784334,0.8107833163784334,0.555944055944056,0.555944055944056,0.555944055944056,0.555944055944056,1,1,1,1,Bosque latifoliado mixto maduro,1,Bosque y vegetación natural,0,0,0,0,Panamá,PAN,MIAMBIENTE - Cultivos Mapa Panamá,15,2021,1,1,Bosque latifoliado mixto maduro,Bosque y vegetación natural,vegetacion_forestal_esperada,0,1,1,0,none,Senal compatible con bosque o plantacion forestal,0,0,False,False,False,0.6430119869024382,0.9528057309230518,0.43437644555877897,0.6993464704424021,0,0,0,2,media,Revisar en control de calidad temático/espectral,baja_cantidad_meses_observados,1,1,Auditoría espectral preliminar SRC15 2021,Alerta exploratoria; no constituye validación temática definitiva
12550,S2SR_SRC15_PAN_2021_000007526,SRC15_0012550,PAN_FCL_0050688,SRC15_PAN_2021__XY__8ddd93d40961,SRC15_PAN_2021__XYY__6398d158c716,SRC15_PAN_2021__XYC__209c60f6a047,-82.111008,8.654476,Panamá,PAN,MIAMBIENTE - Cultivos Mapa Panamá,15,2021,1,1,Bosque latifoliado mixto maduro,Bosque y vegetación natural,1,12,2021.0,2021.0,2,10,2,0.16666666666666666,0.0,11.5,11.5,0.8203649584857486,0.8203649584857486,0.7962737950587282,0.8444561219127692,0.8358010068698142,0.8358010068698142,0.8117867165575304,0.8598152971820979,0.5986905191378971,0.5986905191378971,0.5756589651806052,0.6217220730951889,1,1,1,1,Bosque latifoliado mixto maduro,1,Bosque y vegetación natural,0,0,0,0,Panamá,PAN,MIAMBIENTE - Cultivos Mapa Panamá,15,2021,1,1,Bosque latifoliado mixto maduro,Bosque y vegetación natural,vegetacion_forestal_esperada,0,1,1,0,none,Senal compatible con bosque o plantacion forestal,0,0,False,False,False,0.6430119869024382,0.9528057309230518,0.43437644555877897,0.6993464704424021,0,0,0,2,media,Revisar en control de calidad temático/espectral,baja_cantidad_meses_observados,1,1,Auditoría espectral preliminar SRC15 2021,Alerta exploratoria; no constituye validación temática definitiva
12551,S2SR_SRC15_PAN_2021_000007619,SRC15_0012551,PAN_FCL_0050690,SRC15_PAN_2021__XY__bbd064d35008,SRC15_PAN_2021__XYY__ddd3f326c2b1,SRC15_PAN_2021__XYC__f70fb98bdc00,-82.106465,8.654489,Panamá,PAN,MIAMBIENTE - Cultivos Mapa Panamá,15,2021,1,1,Bosque latifoliado mixto maduro,Bosque y vegetación natural,1,12,2021.0,2021.0,1,11,1,0.08333333333333333,0.0,17.0,17.0,0.7773089545241445,0.7773089545241445,0.7773089545241445,0.7773089545241445,0.8,0.8,0.8,0.8,0.5804066543438078,0.5804066543438078,0.5804066543438078,0.5804066543438078,1,1,1,1,Bosque latifoliado mixto maduro,1,Bosque y vegetación natural,0,0,0,0,Panamá,PAN,MIAMBIENTE - Cultivos Mapa Panamá,15,2021,1,1,Bosque latifoliado mixto maduro,Bosque y vegetación natural,vegetacion_forestal_esperada,0,1,1,0,none,Senal compatible con bosque o plantacion forestal,0,0,False,False,False,0.6430119869024382,0.9528057309230518,0.43437644555877897,0.6993464704424021,0,0,0,2,media,Revisar en control de calidad temático/espectral,baja_cantidad_meses_observados,1,1,Auditoría espectral preliminar SRC15 2021,Alerta exploratoria; no constituye validación temática definitiva
