original_record_row_id,extract_id,id_registro,id_muestra_original,xy_group_id,xy_year_group_id,xy_class_group_id,Longitud,Latitud,Pais_es,Pais_cod3,Fuente,id_fuente,Año,Clase,GranClase,nombre_clase,nombre_gran_clase,n_records_extract_unit,s2_n_month_rows,s2_year_ref,s2_year_extraction,s2yr_months_obs,s2yr_months_zero_obs,s2yr_obs_total,s2yr_obs_mean,s2yr_obs_median,s2yr_cloudprob_median,s2yr_cloudprob_mean,s2yr_ndvi_mean,s2yr_ndvi_median,s2yr_ndvi_min,s2yr_ndvi_max,s2yr_ndvi8a_mean,s2yr_ndvi8a_median,s2yr_ndvi8a_min,s2yr_ndvi8a_max,s2yr_ndre_mean,s2yr_ndre_median,s2yr_ndre_min,s2yr_ndre_max,n_records_same_extract_id,n_unique_class_code_extract_unit,n_unique_class_group_code_extract_unit,class_codes_extract_unit,class_names_extract_unit,class_group_codes_extract_unit,class_group_names_extract_unit,flag_context_multiple_records_extract_unit,flag_context_multiple_class_code,flag_context_multiple_class_group_code,flag_context_thematic_conflict,audit_country,audit_country_code,audit_source,audit_source_id,audit_year,audit_class_code,audit_class_group_code,audit_class_name,audit_class_group_name,expected_signal_group,flag_no_spectral_data,flag_low_months_obs,flag_low_total_obs,flag_high_cloudprob,class_rule_alert_level,class_rule_reason,flag_class_rule_high,flag_class_rule_medium,flag_class_rule_triggered,flag_ndvi_rare_by_class_year,flag_ndre_rare_by_class_year,ndvi_class_iqr_low,ndvi_class_iqr_high,ndre_class_iqr_low,ndre_class_iqr_high,flag_rare_spectral_value,flag_conflict_and_rare,flag_conflict_and_class_rule,spectral_alert_count,spectral_alert_level,recommended_action,main_alert_reason,flag_spectral_class_review,flag_spectral_priority,audit_scope,audit_interpretation
53,S2SR_SRC15_PAN_2021_000006847,SRC15_0000053,PAN_FCL_0000093,SRC15_PAN_2021__XY__4c275ffec0a6,SRC15_PAN_2021__XYY__f88515d7fadf,SRC15_PAN_2021__XYC__8efddde56473,-82.143719,8.188633,Panamá,PAN,MIAMBIENTE - Cultivos Mapa Panamá,15,2021,2,1,Bosque latifoliado mixto secundario,Bosque y vegetación natural,1,12,2021.0,2021.0,11,1,26,2.1666666666666665,2.0,4.5,5.818181818181818,0.7093966617329147,0.699531136297284,0.6715350223546945,0.7604355716878402,0.7357810288432556,0.72526827326918,0.7059756742464305,0.7788327282881875,0.4674096947699109,0.4686131386861313,0.4350858369098712,0.5055542424958639,1,1,1,2,Bosque latifoliado mixto secundario,1,Bosque y vegetación natural,0,0,0,0,Panamá,PAN,MIAMBIENTE - Cultivos Mapa Panamá,15,2021,2,1,Bosque latifoliado mixto secundario,Bosque y vegetación natural,vegetacion_forestal_esperada,0,0,0,0,none,Senal compatible con bosque o plantacion forestal,0,0,False,True,False,0.7156951618451342,0.9456522260291946,0.46775220877215595,0.7284626845622189,1,0,0,1,media,Revisar en control de calidad temático/espectral,rareza_espectral_por_clase_anio,1,1,Auditoría espectral preliminar SRC15 2021,Alerta exploratoria; no constituye validación temática definitiva
109,S2SR_SRC15_PAN_2021_000010959,SRC15_0000109,PAN_FCL_0000302,SRC15_PAN_2021__XY__6c823ddfa8a1,SRC15_PAN_2021__XYY__9d731595df47,SRC15_PAN_2021__XYC__b24ffaeb0744,-81.948581,8.198183,Panamá,PAN,MIAMBIENTE - Cultivos Mapa Panamá,15,2021,3,1,Bosque de mangle,Bosque y vegetación natural,1,12,2021.0,2021.0,11,1,30,2.5,2.5,4.0,4.2727272727272725,0.7272531011528858,0.7211048538482168,0.6607003891050583,0.7931835786212239,0.746156701557689,0.7438144329896906,0.6829090909090909,0.8189216683621566,0.5212107885423165,0.521817363922627,0.468584726041887,0.6156626506024095,1,1,1,3,Bosque de mangle,1,Bosque y vegetación natural,0,0,0,0,Panamá,PAN,MIAMBIENTE - Cultivos Mapa Panamá,15,2021,3,1,Bosque de mangle,Bosque y vegetación natural,vegetacion_humeda_mixta,0,0,0,0,none,Senal compatible con manglar,0,0,False,True,False,0.7306333285840758,0.9636628309113238,0.37114068966053376,0.7698878166607483,1,0,0,1,media,Revisar en control de calidad temático/espectral,rareza_espectral_por_clase_anio,1,1,Auditoría espectral preliminar SRC15 2021,Alerta exploratoria; no constituye validación temática definitiva
136,S2SR_SRC15_PAN_2021_000006744,SRC15_0000136,PAN_FCL_0000418,SRC15_PAN_2021__XY__04c24ac75aef,SRC15_PAN_2021__XYY__3c7a7edbef58,SRC15_PAN_2021__XYC__c0076e0a504a,-82.148297,8.202185,Panamá,PAN,MIAMBIENTE - Cultivos Mapa Panamá,15,2021,2,1,Bosque latifoliado mixto secundario,Bosque y vegetación natural,1,12,2021.0,2021.0,11,1,27,2.25,2.0,8.5,11.409090909090908,0.6009059050812102,0.6415575870107815,0.4093451825665701,0.7184271103394761,0.6412405272710153,0.6776809501521114,0.4472078346667841,0.7509161561811399,0.3696816641990987,0.3865679534637758,0.2661177925489714,0.4809458667187805,1,1,1,2,Bosque latifoliado mixto secundario,1,Bosque y vegetación natural,0,0,0,0,Panamá,PAN,MIAMBIENTE - Cultivos Mapa Panamá,15,2021,2,1,Bosque latifoliado mixto secundario,Bosque y vegetación natural,vegetacion_forestal_esperada,0,0,0,0,none,Senal compatible con bosque o plantacion forestal,0,0,False,True,True,0.7156951618451342,0.9456522260291946,0.46775220877215595,0.7284626845622189,1,0,0,1,media,Revisar en control de calidad temático/espectral,rareza_espectral_por_clase_anio,1,1,Auditoría espectral preliminar SRC15 2021,Alerta exploratoria; no constituye validación temática definitiva
178,S2SR_SRC15_PAN_2021_000005723,SRC15_0000178,PAN_FCL_0000581,SRC15_PAN_2021__XY__b7ddaf9a7d83,SRC15_PAN_2021__XYY__baa255b4d822,SRC15_PAN_2021__XYC__45582c275087,-82.195965,8.206568,Panamá,PAN,MIAMBIENTE - Cultivos Mapa Panamá,15,2021,3,1,Bosque de mangle,Bosque y vegetación natural,1,12,2021.0,2021.0,10,2,29,2.4166666666666665,2.0,9.0,9.75,0.588804597829212,0.6241207699881126,0.4406842692450725,0.6693177061532022,0.6454351436127141,0.6691506124359059,0.5163987138263666,0.7394459102902374,0.4325357431665444,0.45510725711250244,0.3125475423227302,0.5085812356979404,1,1,1,3,Bosque de mangle,1,Bosque y vegetación natural,0,0,0,0,Panamá,PAN,MIAMBIENTE - Cultivos Mapa Panamá,15,2021,3,1,Bosque de mangle,Bosque y vegetación natural,vegetacion_humeda_mixta,0,0,0,0,none,Senal compatible con manglar,0,0,False,True,False,0.7306333285840758,0.9636628309113238,0.37114068966053376,0.7698878166607483,1,0,0,1,media,Revisar en control de calidad temático/espectral,rareza_espectral_por_clase_anio,1,1,Auditoría espectral preliminar SRC15 2021,Alerta exploratoria; no constituye validación temática definitiva
200,S2SR_SRC15_PAN_2021_000012395,SRC15_0000200,PAN_FCL_0000649,SRC15_PAN_2021__XY__61ce8056a4ff,SRC15_PAN_2021__XYY__7c3cfb3066ac,SRC15_PAN_2021__XYC__65bc2bd5cfff,-81.885057,8.207371,Panamá,PAN,MIAMBIENTE - Cultivos Mapa Panamá,15,2021,2,1,Bosque latifoliado mixto secundario,Bosque y vegetación natural,1,12,2021.0,2021.0,10,2,52,4.333333333333333,4.0,4.0,8.2,0.6904138411381148,0.7030464635215758,0.5455324895890796,0.8257453751455163,0.7164783806953758,0.7219612565068749,0.5740162729009469,0.8436905769304928,0.47446409583320764,0.4888549306963826,0.3591941746330104,0.5726242009590761,1,1,1,2,Bosque latifoliado mixto secundario,1,Bosque y vegetación natural,0,0,0,0,Panamá,PAN,MIAMBIENTE - Cultivos Mapa Panamá,15,2021,2,1,Bosque latifoliado mixto secundario,Bosque y vegetación natural,vegetacion_forestal_esperada,0,0,0,0,none,Senal compatible con bosque o plantacion forestal,0,0,False,True,False,0.7156951618451342,0.9456522260291946,0.46775220877215595,0.7284626845622189,1,0,0,1,media,Revisar en control de calidad temático/espectral,rareza_espectral_por_clase_anio,1,1,Auditoría espectral preliminar SRC15 2021,Alerta exploratoria; no constituye validación temática definitiva
210,S2SR_SRC15_PAN_2021_000005302,SRC15_0000210,PAN_FCL_0000680,SRC15_PAN_2021__XY__aa23dad59345,SRC15_PAN_2021__XYY__47ac42539aba,SRC15_PAN_2021__XYC__569b74626687,-82.216395,8.208768,Panamá,PAN,MIAMBIENTE - Cultivos Mapa Panamá,15,2021,2,1,Bosque latifoliado mixto secundario,Bosque y vegetación natural,1,12,2021.0,2021.0,11,1,27,2.25,2.0,13.0,13.545454545454545,0.6582302437085037,0.6689774696707105,0.4614946499283848,0.8496083550913839,0.6859326650748807,0.7026080186843129,0.4995988870368244,0.8498044328552804,0.45288699343000793,0.4597238204833142,0.3043340063426512,0.6097118221012026,1,1,1,2,Bosque latifoliado mixto secundario,1,Bosque y vegetación natural,0,0,0,0,Panamá,PAN,MIAMBIENTE - Cultivos Mapa Panamá,15,2021,2,1,Bosque latifoliado mixto secundario,Bosque y vegetación natural,vegetacion_forestal_esperada,0,0,0,0,none,Senal compatible con bosque o plantacion forestal,0,0,False,True,True,0.7156951618451342,0.9456522260291946,0.46775220877215595,0.7284626845622189,1,0,0,1,media,Revisar en control de calidad temático/espectral,rareza_espectral_por_clase_anio,1,1,Auditoría espectral preliminar SRC15 2021,Alerta exploratoria; no constituye validación temática definitiva
285,S2SR_SRC15_PAN_2021_000007377,SRC15_0000285,PAN_FCL_0000956,SRC15_PAN_2021__XY__21da2f4d7739,SRC15_PAN_2021__XYY__ff3976cd3cc1,SRC15_PAN_2021__XYC__e9640b0385a9,-82.118827,8.213573,Panamá,PAN,MIAMBIENTE - Cultivos Mapa Panamá,15,2021,26,3,Pasto,Pasto,1,12,2021.0,2021.0,9,3,28,2.3333333333333335,2.0,7.0,11.88888888888889,0.3617716712643254,0.4050228030601995,0.2356084726873981,0.4831603473840288,0.40258074447758574,0.4447094339094721,0.2691545981065307,0.5088566827697263,0.26209632733703175,0.2953952933922846,0.1681625811124885,0.3338645418326694,1,1,1,26,Pasto,3,Pasto,0,0,0,0,Panamá,PAN,MIAMBIENTE - Cultivos Mapa Panamá,15,2021,26,3,Pasto,Pasto,vegetacion_herbacea_estacional,0,0,0,0,none,Senal compatible con pasto,0,0,False,True,False,0.4252056828884969,0.9411504739649379,0.27553044066185495,0.6659670380747192,1,0,0,1,media,Revisar en control de calidad temático/espectral,rareza_espectral_por_clase_anio,1,1,Auditoría espectral preliminar SRC15 2021,Alerta exploratoria; no constituye validación temática definitiva
324,S2SR_SRC15_PAN_2021_000010204,SRC15_0000324,PAN_FCL_0001122,SRC15_PAN_2021__XY__9a94c5ab4ece,SRC15_PAN_2021__XYY__ddc33d2dc54b,SRC15_PAN_2021__XYC__ece176c74bf8,-81.982667,8.216189,Panamá,PAN,MIAMBIENTE - Cultivos Mapa Panamá,15,2021,3,1,Bosque de mangle,Bosque y vegetación natural,1,12,2021.0,2021.0,11,1,31,2.5833333333333335,2.5,4.0,5.954545454545454,0.7083256448017099,0.7176573426573427,0.6380013512683496,0.7729257641921397,0.7326816081898667,0.7432993582483957,0.6651265450787432,0.7913170375775266,0.41135100975424455,0.4190281547343226,0.3601508485229415,0.4608747396608153,1,1,1,3,Bosque de mangle,1,Bosque y vegetación natural,0,0,0,0,Panamá,PAN,MIAMBIENTE - Cultivos Mapa Panamá,15,2021,3,1,Bosque de mangle,Bosque y vegetación natural,vegetacion_humeda_mixta,0,0,0,0,none,Senal compatible con manglar,0,0,False,True,False,0.7306333285840758,0.9636628309113238,0.37114068966053376,0.7698878166607483,1,0,0,1,media,Revisar en control de calidad temático/espectral,rareza_espectral_por_clase_anio,1,1,Auditoría espectral preliminar SRC15 2021,Alerta exploratoria; no constituye validación temática definitiva
360,S2SR_SRC15_PAN_2021_000008400,SRC15_0000360,PAN_FCL_0001248,SRC15_PAN_2021__XY__c1f4f6c23159,SRC15_PAN_2021__XYY__ba8332dbe54a,SRC15_PAN_2021__XYC__ca38ba11b447,-82.068913,8.21823,Panamá,PAN,MIAMBIENTE - Cultivos Mapa Panamá,15,2021,26,3,Pasto,Pasto,1,12,2021.0,2021.0,10,2,31,2.5833333333333335,2.5,5.0,5.95,0.22755880055404734,0.24784551785354775,0.1330760235652181,0.2866010733452594,0.28249213510781546,0.3135635970409292,0.1633036118110744,0.3566683699540112,0.18225879597097377,0.2014473302226953,0.093632518968565,0.2307692307692307,1,1,1,26,Pasto,3,Pasto,0,0,0,0,Panamá,PAN,MIAMBIENTE - Cultivos Mapa Panamá,15,2021,26,3,Pasto,Pasto,vegetacion_herbacea_estacional,0,0,0,0,medium,Pasto con NDVI bajo o muy alto,0,1,True,True,True,0.4252056828884969,0.9411504739649379,0.27553044066185495,0.6659670380747192,1,0,0,2,media,Revisar en control de calidad temático/espectral,regla_clase_media: Pasto con NDVI bajo o muy alto,1,1,Auditoría espectral preliminar SRC15 2021,Alerta exploratoria; no constituye validación temática definitiva
367,S2SR_SRC15_PAN_2021_000011304,SRC15_0000367,PAN_FCL_0001299,SRC15_PAN_2021__XY__5602cd9faf67,SRC15_PAN_2021__XYY__635316b57ef0,SRC15_PAN_2021__XYC__f6bff21e5068,-81.932743,8.218569,Panamá,PAN,MIAMBIENTE - Cultivos Mapa Panamá,15,2021,26,3,Pasto,Pasto,1,12,2021.0,2021.0,11,1,26,2.1666666666666665,2.0,6.0,8.045454545454545,0.29121273728477043,0.2892561983471075,0.0976540007058429,0.519071052067029,0.33300885401251973,0.3488794669897032,0.1195865019159414,0.5585392982213113,0.20052049331766292,0.2266593225006885,0.0506128235164186,0.3376746047651782,1,1,1,26,Pasto,3,Pasto,0,0,0,0,Panamá,PAN,MIAMBIENTE - Cultivos Mapa Panamá,15,2021,26,3,Pasto,Pasto,vegetacion_herbacea_estacional,0,0,0,0,none,Senal compatible con pasto,0,0,False,True,True,0.4252056828884969,0.9411504739649379,0.27553044066185495,0.6659670380747192,1,0,0,1,media,Revisar en control de calidad temático/espectral,rareza_espectral_por_clase_anio,1,1,Auditoría espectral preliminar SRC15 2021,Alerta exploratoria; no constituye validación temática definitiva
372,S2SR_SRC15_PAN_2021_000011917,SRC15_0000372,PAN_FCL_0001311,SRC15_PAN_2021__XY__682de06efc86,SRC15_PAN_2021__XYY__1782d2758994,SRC15_PAN_2021__XYC__0ee998e0a3d7,-81.905508,8.218631,Panamá,PAN,MIAMBIENTE - Cultivos Mapa Panamá,15,2021,2,1,Bosque latifoliado mixto secundario,Bosque y vegetación natural,1,12,2021.0,2021.0,10,2,49,4.083333333333333,4.0,4.5,9.1,0.6470763570599962,0.7152245580766907,0.3511174511326375,0.8692940265462596,0.67829577320708,0.7400176929293606,0.3891618490244183,0.8782965299193182,0.4846046508175805,0.5101083311729213,0.2858663948121088,0.6345741410387362,1,1,1,2,Bosque latifoliado mixto secundario,1,Bosque y vegetación natural,0,0,0,0,Panamá,PAN,MIAMBIENTE - Cultivos Mapa Panamá,15,2021,2,1,Bosque latifoliado mixto secundario,Bosque y vegetación natural,vegetacion_forestal_esperada,0,0,0,0,none,Senal compatible con bosque o plantacion forestal,0,0,False,True,False,0.7156951618451342,0.9456522260291946,0.46775220877215595,0.7284626845622189,1,0,0,1,media,Revisar en control de calidad temático/espectral,rareza_espectral_por_clase_anio,1,1,Auditoría espectral preliminar SRC15 2021,Alerta exploratoria; no constituye validación temática definitiva
394,S2SR_SRC15_PAN_2021_000006743,SRC15_0000394,PAN_FCL_0001393,SRC15_PAN_2021__XY__8caef1bed00d,SRC15_PAN_2021__XYY__383dbdb158f8,SRC15_PAN_2021__XYC__49efd1c19e38,-82.148349,8.220272,Panamá,PAN,MIAMBIENTE - Cultivos Mapa Panamá,15,2021,2,1,Bosque latifoliado mixto secundario,Bosque y vegetación natural,1,12,2021.0,2021.0,11,1,26,2.1666666666666665,2.0,5.0,6.045454545454546,0.6747379146319722,0.6472765732416711,0.5917398528364586,0.8006449721489298,0.7138845967947213,0.7203214695752009,0.6343537414965986,0.8264863485583055,0.45633102230656847,0.4685099846390169,0.3892959639482185,0.538031800601633,1,1,1,2,Bosque latifoliado mixto secundario,1,Bosque y vegetación natural,0,0,0,0,Panamá,PAN,MIAMBIENTE - Cultivos Mapa Panamá,15,2021,2,1,Bosque latifoliado mixto secundario,Bosque y vegetación natural,vegetacion_forestal_esperada,0,0,0,0,none,Senal compatible con bosque o plantacion forestal,0,0,False,True,False,0.7156951618451342,0.9456522260291946,0.46775220877215595,0.7284626845622189,1,0,0,1,media,Revisar en control de calidad temático/espectral,rareza_espectral_por_clase_anio,1,1,Auditoría espectral preliminar SRC15 2021,Alerta exploratoria; no constituye validación temática definitiva
396,S2SR_SRC15_PAN_2021_000007937,SRC15_0000396,PAN_FCL_0001407,SRC15_PAN_2021__XY__e7165d9986ba,SRC15_PAN_2021__XYY__777d137a820e,SRC15_PAN_2021__XYC__511f42192efc,-82.091613,8.22043,Panamá,PAN,MIAMBIENTE - Cultivos Mapa Panamá,15,2021,26,3,Pasto,Pasto,1,12,2021.0,2021.0,10,2,29,2.4166666666666665,2.0,6.0,8.6,0.3174670499621238,0.32438372259879644,0.2229387379087977,0.4053932636273823,0.3527794349702949,0.3580636870934042,0.2663622526636225,0.441629444591554,0.254530130535159,0.25879585796180615,0.1764705882352941,0.3114026236125126,1,1,1,26,Pasto,3,Pasto,0,0,0,0,Panamá,PAN,MIAMBIENTE - Cultivos Mapa Panamá,15,2021,26,3,Pasto,Pasto,vegetacion_herbacea_estacional,0,0,0,0,none,Senal compatible con pasto,0,0,False,True,True,0.4252056828884969,0.9411504739649379,0.27553044066185495,0.6659670380747192,1,0,0,1,media,Revisar en control de calidad temático/espectral,rareza_espectral_por_clase_anio,1,1,Auditoría espectral preliminar SRC15 2021,Alerta exploratoria; no constituye validación temática definitiva
408,S2SR_SRC15_PAN_2021_000010203,SRC15_0000408,PAN_FCL_0001455,SRC15_PAN_2021__XY__8078f046228e,SRC15_PAN_2021__XYY__a5e824759deb,SRC15_PAN_2021__XYC__180bc8ffbc02,-81.982678,8.220711,Panamá,PAN,MIAMBIENTE - Cultivos Mapa Panamá,15,2021,3,1,Bosque de mangle,Bosque y vegetación natural,1,12,2021.0,2021.0,10,2,31,2.5833333333333335,2.5,3.5,5.75,0.7004103864504085,0.7190208003952723,0.5340323534506962,0.7890349470984291,0.7164750544124205,0.7359195073155689,0.5444299615074195,0.8000607718018841,0.4156057832380191,0.42754674164201967,0.3181649073735572,0.4843397644700576,1,1,1,3,Bosque de mangle,1,Bosque y vegetación natural,0,0,0,0,Panamá,PAN,MIAMBIENTE - Cultivos Mapa Panamá,15,2021,3,1,Bosque de mangle,Bosque y vegetación natural,vegetacion_humeda_mixta,0,0,0,0,none,Senal compatible con manglar,0,0,False,True,False,0.7306333285840758,0.9636628309113238,0.37114068966053376,0.7698878166607483,1,0,0,1,media,Revisar en control de calidad temático/espectral,rareza_espectral_por_clase_anio,1,1,Auditoría espectral preliminar SRC15 2021,Alerta exploratoria; no constituye validación temática definitiva
526,S2SR_SRC15_PAN_2021_000006644,SRC15_0000526,PAN_FCL_0001918,SRC15_PAN_2021__XY__5e8050091685,SRC15_PAN_2021__XYY__0323f24dcb02,SRC15_PAN_2021__XYC__0ace7f244c6d,-82.152907,8.227042,Panamá,PAN,MIAMBIENTE - Cultivos Mapa Panamá,15,2021,2,1,Bosque latifoliado mixto secundario,Bosque y vegetación natural,1,12,2021.0,2021.0,10,2,27,2.25,2.0,4.5,5.0,0.6179580670441658,0.6621131039940646,0.4418077301824449,0.7096543504171633,0.6538577659511969,0.6963043719489275,0.4898866218440503,0.7376130978026713,0.3989247974759379,0.42291863048816863,0.3140284050715567,0.4496390554049734,1,1,1,2,Bosque latifoliado mixto secundario,1,Bosque y vegetación natural,0,0,0,0,Panamá,PAN,MIAMBIENTE - Cultivos Mapa Panamá,15,2021,2,1,Bosque latifoliado mixto secundario,Bosque y vegetación natural,vegetacion_forestal_esperada,0,0,0,0,none,Senal compatible con bosque o plantacion forestal,0,0,False,True,True,0.7156951618451342,0.9456522260291946,0.46775220877215595,0.7284626845622189,1,0,0,1,media,Revisar en control de calidad temático/espectral,rareza_espectral_por_clase_anio,1,1,Auditoría espectral preliminar SRC15 2021,Alerta exploratoria; no constituye validación temática definitiva
553,S2SR_SRC15_PAN_2021_000002235,SRC15_0000553,PAN_FCL_0002048,SRC15_PAN_2021__XY__77282b65ca13,SRC15_PAN_2021__XYY__abf4264e40b4,SRC15_PAN_2021__XYC__649bc5ef3d64,-82.379848,8.228588,Panamá,PAN,MIAMBIENTE - Cultivos Mapa Panamá,15,2021,3,1,Bosque de mangle,Bosque y vegetación natural,1,12,2021.0,2021.0,10,2,32,2.6666666666666665,2.0,24.5,23.6,0.27335095228713663,0.2760755538395804,0.1102056278228403,0.4270623742454728,0.3336048650088645,0.33647469022804066,0.1644180827202279,0.4737814737814738,0.23119927965437595,0.24347053084842754,0.1229399231288541,0.3189017951425554,1,1,1,3,Bosque de mangle,1,Bosque y vegetación natural,0,0,0,0,Panamá,PAN,MIAMBIENTE - Cultivos Mapa Panamá,15,2021,3,1,Bosque de mangle,Bosque y vegetación natural,vegetacion_humeda_mixta,0,0,0,0,high,Manglar con NDVI < 0.30 o NDRE < 0.05,1,0,True,True,True,0.7306333285840758,0.9636628309113238,0.37114068966053376,0.7698878166607483,1,0,0,2,alta,Priorizar revisión temática y espectral,regla_clase_alta: Manglar con NDVI < 0.30 o NDRE < 0.05,1,1,Auditoría espectral preliminar SRC15 2021,Alerta exploratoria; no constituye validación temática definitiva
572,S2SR_SRC15_PAN_2021_000007525,SRC15_0000572,PAN_FCL_0002120,SRC15_PAN_2021__XY__4a7ab673d009,SRC15_PAN_2021__XYY__d726d7c6f72c,SRC15_PAN_2021__XYC__eca431e55484,-82.112063,8.229418,Panamá,PAN,MIAMBIENTE - Cultivos Mapa Panamá,15,2021,3,1,Bosque de mangle,Bosque y vegetación natural,1,12,2021.0,2021.0,10,2,25,2.0833333333333335,1.5,4.5,6.4,0.7045904214255337,0.6990839171926508,0.6013381729378254,0.7684377478191912,0.7340876956314653,0.7236238778238366,0.6592848266565567,0.790079079798706,0.4100915003838999,0.4099546582958905,0.370858541163474,0.4438386041439477,1,1,1,3,Bosque de mangle,1,Bosque y vegetación natural,0,0,0,0,Panamá,PAN,MIAMBIENTE - Cultivos Mapa Panamá,15,2021,3,1,Bosque de mangle,Bosque y vegetación natural,vegetacion_humeda_mixta,0,0,0,0,none,Senal compatible con manglar,0,0,False,True,False,0.7306333285840758,0.9636628309113238,0.37114068966053376,0.7698878166607483,1,0,0,1,media,Revisar en control de calidad temático/espectral,rareza_espectral_por_clase_anio,1,1,Auditoría espectral preliminar SRC15 2021,Alerta exploratoria; no constituye validación temática definitiva
579,S2SR_SRC15_PAN_2021_000008859,SRC15_0000579,PAN_FCL_0002149,SRC15_PAN_2021__XY__0de1f43624f6,SRC15_PAN_2021__XYY__17cafc79ae2b,SRC15_PAN_2021__XYC__eac8a5728e6b,-82.046248,8.229595,Panamá,PAN,MIAMBIENTE - Cultivos Mapa Panamá,15,2021,26,3,Pasto,Pasto,1,12,2021.0,2021.0,10,2,26,2.1666666666666665,2.0,3.0,2.8,0.4395666318811163,0.41377936063661996,0.2218534592800612,0.7435258964143426,0.48442703908420953,0.4619259757276043,0.2814710042432814,0.76146364057434,0.3004588217836839,0.27915317395844996,0.1640256959314774,0.5025681548794944,1,1,1,26,Pasto,3,Pasto,0,0,0,0,Panamá,PAN,MIAMBIENTE - Cultivos Mapa Panamá,15,2021,26,3,Pasto,Pasto,vegetacion_herbacea_estacional,0,0,0,0,none,Senal compatible con pasto,0,0,False,True,False,0.4252056828884969,0.9411504739649379,0.27553044066185495,0.6659670380747192,1,0,0,1,media,Revisar en control de calidad temático/espectral,rareza_espectral_por_clase_anio,1,1,Auditoría espectral preliminar SRC15 2021,Alerta exploratoria; no constituye validación temática definitiva
580,S2SR_SRC15_PAN_2021_000009045,SRC15_0000580,PAN_FCL_0002153,SRC15_PAN_2021__XY__b051dfaf9694,SRC15_PAN_2021__XYY__911e58584162,SRC15_PAN_2021__XYC__6e6bebbf80bb,-82.03717,8.229619,Panamá,PAN,MIAMBIENTE - Cultivos Mapa Panamá,15,2021,3,1,Bosque de mangle,Bosque y vegetación natural,1,12,2021.0,2021.0,11,1,29,2.4166666666666665,2.5,7.0,8.090909090909092,0.6997902530572714,0.7158999192897497,0.5973385904386398,0.801081081081081,0.7384262372256196,0.7477417196386751,0.6553491351697629,0.8251504592968006,0.5456620981434133,0.5469351495410126,0.4997098084735926,0.5957450739329935,1,1,1,3,Bosque de mangle,1,Bosque y vegetación natural,0,0,0,0,Panamá,PAN,MIAMBIENTE - Cultivos Mapa Panamá,15,2021,3,1,Bosque de mangle,Bosque y vegetación natural,vegetacion_humeda_mixta,0,0,0,0,none,Senal compatible con manglar,0,0,False,True,False,0.7306333285840758,0.9636628309113238,0.37114068966053376,0.7698878166607483,1,0,0,1,media,Revisar en control de calidad temático/espectral,rareza_espectral_por_clase_anio,1,1,Auditoría espectral preliminar SRC15 2021,Alerta exploratoria; no constituye validación temática definitiva
584,S2SR_SRC15_PAN_2021_000009670,SRC15_0000584,PAN_FCL_0002166,SRC15_PAN_2021__XY__3f80c96201b1,SRC15_PAN_2021__XYY__d1729af82435,SRC15_PAN_2021__XYC__8bdbfd20458d,-82.007665,8.229694,Panamá,PAN,MIAMBIENTE - Cultivos Mapa Panamá,15,2021,3,1,Bosque de mangle,Bosque y vegetación natural,1,12,2021.0,2021.0,11,1,24,2.0,1.5,7.0,7.0,0.5358177625994404,0.5865272938443671,0.1517647058823529,0.7501626545217958,0.655971724109529,0.710215235441249,0.3501577287066246,0.8051750380517504,0.49517705604929996,0.5257289879931389,0.3333333333333333,0.5865921787709497,1,1,1,3,Bosque de mangle,1,Bosque y vegetación natural,0,0,0,0,Panamá,PAN,MIAMBIENTE - Cultivos Mapa Panamá,15,2021,3,1,Bosque de mangle,Bosque y vegetación natural,vegetacion_humeda_mixta,0,0,0,0,none,Senal compatible con manglar,0,0,False,True,False,0.7306333285840758,0.9636628309113238,0.37114068966053376,0.7698878166607483,1,0,0,1,media,Revisar en control de calidad temático/espectral,rareza_espectral_por_clase_anio,1,1,Auditoría espectral preliminar SRC15 2021,Alerta exploratoria; no constituye validación temática definitiva
605,S2SR_SRC15_PAN_2021_000002326,SRC15_0000605,PAN_FCL_0002235,SRC15_PAN_2021__XY__f606def269c1,SRC15_PAN_2021__XYY__0c588814a43a,SRC15_PAN_2021__XYC__035dea8fda25,-82.375317,8.230864,Panamá,PAN,MIAMBIENTE - Cultivos Mapa Panamá,15,2021,3,1,Bosque de mangle,Bosque y vegetación natural,1,12,2021.0,2021.0,10,2,29,2.4166666666666665,2.0,14.5,19.0,0.514461324097638,0.5314962633842284,0.3304157549234135,0.5964847376589698,0.5500017880313737,0.5546583608772748,0.3982300884955752,0.6651383472169345,0.3444716311575001,0.34376823184692573,0.267379679144385,0.4398519762737349,1,1,1,3,Bosque de mangle,1,Bosque y vegetación natural,0,0,0,0,Panamá,PAN,MIAMBIENTE - Cultivos Mapa Panamá,15,2021,3,1,Bosque de mangle,Bosque y vegetación natural,vegetacion_humeda_mixta,0,0,0,0,none,Senal compatible con manglar,0,0,False,True,True,0.7306333285840758,0.9636628309113238,0.37114068966053376,0.7698878166607483,1,0,0,1,media,Revisar en control de calidad temático/espectral,rareza_espectral_por_clase_anio,1,1,Auditoría espectral preliminar SRC15 2021,Alerta exploratoria; no constituye validación temática definitiva
633,S2SR_SRC15_PAN_2021_000011201,SRC15_0000633,PAN_FCL_0002377,SRC15_PAN_2021__XY__1e4229a1de94,SRC15_PAN_2021__XYY__30e4d56b27de,SRC15_PAN_2021__XYC__2f5d8890cfa3,-81.937314,8.232125,Panamá,PAN,MIAMBIENTE - Cultivos Mapa Panamá,15,2021,16,2,Palma aceitera,Cultivos,1,12,2021.0,2021.0,10,2,27,2.25,2.0,2.5,3.85,0.6034956436519774,0.613905696858541,0.4419353343000083,0.7358653431160983,0.6388481782170758,0.6510171201773467,0.4859402077097395,0.753821399839099,0.38864628917715344,0.40844339474621727,0.2871786338449005,0.4523636059219081,1,1,1,16,Palma aceitera,2,Cultivos,0,0,0,0,Panamá,PAN,MIAMBIENTE - Cultivos Mapa Panamá,15,2021,16,2,Palma aceitera,Cultivos,vegetacion_agricola_variable,0,0,0,0,none,Senal compatible con palma aceitera,0,0,False,True,True,0.717724680527742,0.9814566350820637,0.45011941830504815,0.8560503909228345,1,0,0,1,media,Revisar en control de calidad temático/espectral,rareza_espectral_por_clase_anio,1,1,Auditoría espectral preliminar SRC15 2021,Alerta exploratoria; no constituye validación temática definitiva
641,S2SR_SRC15_PAN_2021_000001735,SRC15_0000641,PAN_FCL_0002404,SRC15_PAN_2021__XY__05d8b5212751,SRC15_PAN_2021__XYY__cb40d5a05515,SRC15_PAN_2021__XYC__fe719cc727e4,-82.404825,8.233023,Panamá,PAN,MIAMBIENTE - Cultivos Mapa Panamá,15,2021,2,1,Bosque latifoliado mixto secundario,Bosque y vegetación natural,1,12,2021.0,2021.0,10,2,33,2.75,2.5,20.5,21.1,0.1996868265755822,0.19469998531991559,-0.2288109981154524,0.5053055009159071,0.26315074351981166,0.2814122213545806,-0.1938326135322601,0.5474666368678864,0.17114503647358434,0.176940486645775,-0.2059344633958194,0.4104099364776775,1,1,1,2,Bosque latifoliado mixto secundario,1,Bosque y vegetación natural,0,0,0,0,Panamá,PAN,MIAMBIENTE - Cultivos Mapa Panamá,15,2021,2,1,Bosque latifoliado mixto secundario,Bosque y vegetación natural,vegetacion_forestal_esperada,0,0,0,0,high,Bosque/plantacion forestal con NDVI < 0.30 o NDRE < 0.06,1,0,True,True,True,0.7156951618451342,0.9456522260291946,0.46775220877215595,0.7284626845622189,1,0,0,2,alta,Priorizar revisión temática y espectral,regla_clase_alta: Bosque/plantacion forestal con NDVI < 0.30 o NDRE < 0.06,1,1,Auditoría espectral preliminar SRC15 2021,Alerta exploratoria; no constituye validación temática definitiva
719,S2SR_SRC15_PAN_2021_000008268,SRC15_0000719,PAN_FCL_0002674,SRC15_PAN_2021__XY__9f69f5128426,SRC15_PAN_2021__XYY__6736b561c09b,SRC15_PAN_2021__XYC__ed06035ccabf,-82.07577,8.2363,Panamá,PAN,MIAMBIENTE - Cultivos Mapa Panamá,15,2021,16,2,Palma aceitera,Cultivos,1,12,2021.0,2021.0,9,3,27,2.25,2.0,4.0,5.0,0.718920762716635,0.7140254688102893,0.5336411075217766,0.9193989071038252,0.7404935464512815,0.7320714842682465,0.5680649016331847,0.9280341532831876,0.5545447526149307,0.5528881387550246,0.4047662089127981,0.7094448449891854,1,1,1,16,Palma aceitera,2,Cultivos,0,0,0,0,Panamá,PAN,MIAMBIENTE - Cultivos Mapa Panamá,15,2021,16,2,Palma aceitera,Cultivos,vegetacion_agricola_variable,0,0,0,0,none,Senal compatible con palma aceitera,0,0,False,True,False,0.717724680527742,0.9814566350820637,0.45011941830504815,0.8560503909228345,1,0,0,1,media,Revisar en control de calidad temático/espectral,rareza_espectral_por_clase_anio,1,1,Auditoría espectral preliminar SRC15 2021,Alerta exploratoria; no constituye validación temática definitiva
739,S2SR_SRC15_PAN_2021_000002553,SRC15_0000739,PAN_FCL_0002782,SRC15_PAN_2021__XY__1a8c243cad1b,SRC15_PAN_2021__XYY__a5763b383bb4,SRC15_PAN_2021__XYC__e3317733980e,-82.363994,8.237685,Panamá,PAN,MIAMBIENTE - Cultivos Mapa Panamá,15,2021,3,1,Bosque de mangle,Bosque y vegetación natural,1,12,2021.0,2021.0,10,2,24,2.0,2.0,12.75,15.45,0.21704447284143047,0.2119196624968001,0.1133855749240364,0.3572170301142263,0.3119106651778667,0.3045688728336129,0.1713091218156341,0.4665069473537214,0.19403573275684854,0.18905765995251345,0.0798903164186461,0.3265567363937665,1,1,1,3,Bosque de mangle,1,Bosque y vegetación natural,0,0,0,0,Panamá,PAN,MIAMBIENTE - Cultivos Mapa Panamá,15,2021,3,1,Bosque de mangle,Bosque y vegetación natural,vegetacion_humeda_mixta,0,0,0,0,high,Manglar con NDVI < 0.30 o NDRE < 0.05,1,0,True,True,True,0.7306333285840758,0.9636628309113238,0.37114068966053376,0.7698878166607483,1,0,0,2,alta,Priorizar revisión temática y espectral,regla_clase_alta: Manglar con NDVI < 0.30 o NDRE < 0.05,1,1,Auditoría espectral preliminar SRC15 2021,Alerta exploratoria; no constituye validación temática definitiva
751,S2SR_SRC15_PAN_2021_000007428,SRC15_0000751,PAN_FCL_0002844,SRC15_PAN_2021__XY__3a8b83f3adc2,SRC15_PAN_2021__XYY__4899410b254a,SRC15_PAN_2021__XYC__bf9ba5199505,-82.116628,8.238449,Panamá,PAN,MIAMBIENTE - Cultivos Mapa Panamá,15,2021,3,1,Bosque de mangle,Bosque y vegetación natural,1,12,2021.0,2021.0,9,3,24,2.0,1.5,6.0,9.333333333333334,0.732007392094875,0.7214690829664934,0.6646808510638299,0.8147251987556171,0.7551653607681135,0.7488172043010752,0.6901703800786371,0.8285348688419706,0.43917939355058144,0.4281682190234265,0.4061215616449227,0.4855681402995981,1,1,1,3,Bosque de mangle,1,Bosque y vegetación natural,0,0,0,0,Panamá,PAN,MIAMBIENTE - Cultivos Mapa Panamá,15,2021,3,1,Bosque de mangle,Bosque y vegetación natural,vegetacion_humeda_mixta,0,0,0,0,none,Senal compatible con manglar,0,0,False,True,False,0.7306333285840758,0.9636628309113238,0.37114068966053376,0.7698878166607483,1,0,0,1,media,Revisar en control de calidad temático/espectral,rareza_espectral_por_clase_anio,1,1,Auditoría espectral preliminar SRC15 2021,Alerta exploratoria; no constituye validación temática definitiva
753,S2SR_SRC15_PAN_2021_000007616,SRC15_0000753,PAN_FCL_0002848,SRC15_PAN_2021__XY__e789234bc363,SRC15_PAN_2021__XYY__2f56c5eecf14,SRC15_PAN_2021__XYC__2c320e18a0bf,-82.107549,8.238475,Panamá,PAN,MIAMBIENTE - Cultivos Mapa Panamá,15,2021,3,1,Bosque de mangle,Bosque y vegetación natural,1,12,2021.0,2021.0,8,4,23,1.9166666666666667,2.0,4.25,8.75,0.6611760075241725,0.6866647868497764,0.4883163571000599,0.7493312953763851,0.6919825617701555,0.7126394467053198,0.5501711877798261,0.7708697170799861,0.3999834559113657,0.40320575731009833,0.3613095238095238,0.4539718956122741,1,1,1,3,Bosque de mangle,1,Bosque y vegetación natural,0,0,0,0,Panamá,PAN,MIAMBIENTE - Cultivos Mapa Panamá,15,2021,3,1,Bosque de mangle,Bosque y vegetación natural,vegetacion_humeda_mixta,0,0,0,0,none,Senal compatible con manglar,0,0,False,True,False,0.7306333285840758,0.9636628309113238,0.37114068966053376,0.7698878166607483,1,0,0,1,media,Revisar en control de calidad temático/espectral,rareza_espectral_por_clase_anio,1,1,Auditoría espectral preliminar SRC15 2021,Alerta exploratoria; no constituye validación temática definitiva
794,S2SR_SRC15_PAN_2021_000003179,SRC15_0000794,PAN_FCL_0002985,SRC15_PAN_2021__XY__172ca1bb54ba,SRC15_PAN_2021__XYY__4bbc5ad41136,SRC15_PAN_2021__XYC__baf48b48ed03,-82.332231,8.240052,Panamá,PAN,MIAMBIENTE - Cultivos Mapa Panamá,15,2021,2,1,Bosque latifoliado mixto secundario,Bosque y vegetación natural,1,12,2021.0,2021.0,10,2,28,2.3333333333333335,2.0,4.5,8.65,0.6404328040279739,0.6417645094479714,0.5676117775354417,0.7028257354004048,0.6802303128917621,0.6805147012088932,0.6056688214818499,0.738499886698391,0.42858451188259333,0.4230616057318949,0.3869333331336093,0.4739673390970221,1,1,1,2,Bosque latifoliado mixto secundario,1,Bosque y vegetación natural,0,0,0,0,Panamá,PAN,MIAMBIENTE - Cultivos Mapa Panamá,15,2021,2,1,Bosque latifoliado mixto secundario,Bosque y vegetación natural,vegetacion_forestal_esperada,0,0,0,0,none,Senal compatible con bosque o plantacion forestal,0,0,False,True,True,0.7156951618451342,0.9456522260291946,0.46775220877215595,0.7284626845622189,1,0,0,1,media,Revisar en control de calidad temático/espectral,rareza_espectral_por_clase_anio,1,1,Auditoría espectral preliminar SRC15 2021,Alerta exploratoria; no constituye validación temática definitiva
812,S2SR_SRC15_PAN_2021_000008360,SRC15_0000812,PAN_FCL_0003052,SRC15_PAN_2021__XY__4ddb937c76d3,SRC15_PAN_2021__XYY__0b73e5e5466b,SRC15_PAN_2021__XYC__629d6a0ba3ed,-82.071243,8.240834,Panamá,PAN,MIAMBIENTE - Cultivos Mapa Panamá,15,2021,26,3,Pasto,Pasto,1,12,2021.0,2021.0,10,2,28,2.3333333333333335,2.0,5.0,5.35,0.8935636650359218,0.9025756002200924,0.8238238238238239,0.9440860215053762,0.9031026070780758,0.9098980808180085,0.8390047566776436,0.9504834456489892,0.7164425147628298,0.7216087788673397,0.6511169513797636,0.7541501976284584,1,1,1,26,Pasto,3,Pasto,0,0,0,0,Panamá,PAN,MIAMBIENTE - Cultivos Mapa Panamá,15,2021,26,3,Pasto,Pasto,vegetacion_herbacea_estacional,0,0,0,0,medium,Pasto con NDVI bajo o muy alto,0,1,True,False,True,0.4252056828884969,0.9411504739649379,0.27553044066185495,0.6659670380747192,1,0,0,2,media,Revisar en control de calidad temático/espectral,regla_clase_media: Pasto con NDVI bajo o muy alto,1,1,Auditoría espectral preliminar SRC15 2021,Alerta exploratoria; no constituye validación temática definitiva
846,S2SR_SRC15_PAN_2021_000007564,SRC15_0000846,PAN_FCL_0003223,SRC15_PAN_2021__XY__e9e0412c3cf7,SRC15_PAN_2021__XYY__28de3067221b,SRC15_PAN_2021__XYC__369747111018,-82.109832,8.24299,Panamá,PAN,MIAMBIENTE - Cultivos Mapa Panamá,15,2021,3,1,Bosque de mangle,Bosque y vegetación natural,1,12,2021.0,2021.0,8,4,20,1.6666666666666667,1.5,3.75,3.875,0.7274035241450401,0.7135618332243624,0.6966556759302873,0.7701593880447064,0.7507378850617048,0.7463173574858144,0.7250866134547785,0.7836134453781513,0.4104921259333023,0.41300979351348077,0.3580343213728549,0.4541821296031972,1,1,1,3,Bosque de mangle,1,Bosque y vegetación natural,0,0,0,0,Panamá,PAN,MIAMBIENTE - Cultivos Mapa Panamá,15,2021,3,1,Bosque de mangle,Bosque y vegetación natural,vegetacion_humeda_mixta,0,0,0,0,none,Senal compatible con manglar,0,0,False,True,False,0.7306333285840758,0.9636628309113238,0.37114068966053376,0.7698878166607483,1,0,0,1,media,Revisar en control de calidad temático/espectral,rareza_espectral_por_clase_anio,1,1,Auditoría espectral preliminar SRC15 2021,Alerta exploratoria; no constituye validación temática definitiva
867,S2SR_SRC15_PAN_2021_000010795,SRC15_0000867,PAN_FCL_0003291,SRC15_PAN_2021__XY__9367b1f42615,SRC15_PAN_2021__XYY__e77d9f2c4906,SRC15_PAN_2021__XYC__11fcd4d1207f,-81.955498,8.243387,Panamá,PAN,MIAMBIENTE - Cultivos Mapa Panamá,15,2021,3,1,Bosque de mangle,Bosque y vegetación natural,1,12,2021.0,2021.0,10,2,27,2.25,2.0,2.5,3.5,0.6066675150032672,0.6158924783293224,0.3737827715355805,0.7384448069603047,0.6459955168853176,0.65546736310258,0.4430379746835443,0.7709523809523808,0.43158143771370316,0.44855991804570383,0.3139217470427662,0.5026262626262626,1,1,1,3,Bosque de mangle,1,Bosque y vegetación natural,0,0,0,0,Panamá,PAN,MIAMBIENTE - Cultivos Mapa Panamá,15,2021,3,1,Bosque de mangle,Bosque y vegetación natural,vegetacion_humeda_mixta,0,0,0,0,none,Senal compatible con manglar,0,0,False,True,False,0.7306333285840758,0.9636628309113238,0.37114068966053376,0.7698878166607483,1,0,0,1,media,Revisar en control de calidad temático/espectral,rareza_espectral_por_clase_anio,1,1,Auditoría espectral preliminar SRC15 2021,Alerta exploratoria; no constituye validación temática definitiva
896,S2SR_SRC15_PAN_2021_000007041,SRC15_0000896,PAN_FCL_0003401,SRC15_PAN_2021__XY__2553d2eda06e,SRC15_PAN_2021__XYY__2a2d6ec5e2f9,SRC15_PAN_2021__XYC__d28c14fe3b1b,-82.134803,8.245181,Panamá,PAN,MIAMBIENTE - Cultivos Mapa Panamá,15,2021,3,1,Bosque de mangle,Bosque y vegetación natural,1,12,2021.0,2021.0,8,4,23,1.9166666666666667,2.0,4.25,7.6875,0.6835140766393717,0.6857244778280852,0.5188355220823097,0.7644645055395979,0.7068064103912137,0.7052135906367497,0.5508125168135872,0.7786752827140548,0.4111808557478003,0.40879902996512263,0.3329690940308051,0.4649006622516555,1,1,1,3,Bosque de mangle,1,Bosque y vegetación natural,0,0,0,0,Panamá,PAN,MIAMBIENTE - Cultivos Mapa Panamá,15,2021,3,1,Bosque de mangle,Bosque y vegetación natural,vegetacion_humeda_mixta,0,0,0,0,none,Senal compatible con manglar,0,0,False,True,False,0.7306333285840758,0.9636628309113238,0.37114068966053376,0.7698878166607483,1,0,0,1,media,Revisar en control de calidad temático/espectral,rareza_espectral_por_clase_anio,1,1,Auditoría espectral preliminar SRC15 2021,Alerta exploratoria; no constituye validación temática definitiva
917,S2SR_SRC15_PAN_2021_000011809,SRC15_0000917,PAN_FCL_0003500,SRC15_PAN_2021__XY__5798fac24253,SRC15_PAN_2021__XYY__47e8ef88b92a,SRC15_PAN_2021__XYC__c5fff7384554,-81.910109,8.245754,Panamá,PAN,MIAMBIENTE - Cultivos Mapa Panamá,15,2021,8,1,Bosque plantado de latifoliadas,Bosque y vegetación natural,1,12,2021.0,2021.0,10,2,26,2.1666666666666665,2.0,2.5,6.15,0.5030350077141825,0.48089699905733807,0.0416842105263157,0.8619246861924688,0.5394211598046501,0.5187359195432887,0.1329523809523809,0.8749111584932482,0.35205416749372653,0.32097525796384946,0.0705543556515479,0.5818508894663202,1,1,1,8,Bosque plantado de latifoliadas,1,Bosque y vegetación natural,0,0,0,0,Panamá,PAN,MIAMBIENTE - Cultivos Mapa Panamá,15,2021,8,1,Bosque plantado de latifoliadas,Bosque y vegetación natural,vegetacion_forestal_esperada,0,0,0,0,none,Senal compatible con bosque o plantacion forestal,0,0,False,True,False,0.5494441783136137,0.9919102667301891,0.28936788450146167,0.751324151319606,1,0,0,1,media,Revisar en control de calidad temático/espectral,rareza_espectral_por_clase_anio,1,1,Auditoría espectral preliminar SRC15 2021,Alerta exploratoria; no constituye validación temática definitiva
918,S2SR_SRC15_PAN_2021_000011913,SRC15_0000918,PAN_FCL_0003502,SRC15_PAN_2021__XY__79a920c068ba,SRC15_PAN_2021__XYY__ee8439e5f48e,SRC15_PAN_2021__XYC__52cbb4d6b455,-81.90557,8.245764,Panamá,PAN,MIAMBIENTE - Cultivos Mapa Panamá,15,2021,2,1,Bosque latifoliado mixto secundario,Bosque y vegetación natural,1,12,2021.0,2021.0,9,3,46,3.8333333333333335,3.0,2.0,8.5,0.6654321333704045,0.6588149697881822,0.5651566679194748,0.7690444900632171,0.6952469536470196,0.687703657493136,0.6074886415796128,0.8011559275816251,0.4321718769888203,0.4219994837115626,0.3815768603281065,0.5228268301408843,1,1,1,2,Bosque latifoliado mixto secundario,1,Bosque y vegetación natural,0,0,0,0,Panamá,PAN,MIAMBIENTE - Cultivos Mapa Panamá,15,2021,2,1,Bosque latifoliado mixto secundario,Bosque y vegetación natural,vegetacion_forestal_esperada,0,0,0,0,none,Senal compatible con bosque o plantacion forestal,0,0,False,True,True,0.7156951618451342,0.9456522260291946,0.46775220877215595,0.7284626845622189,1,0,0,1,media,Revisar en control de calidad temático/espectral,rareza_espectral_por_clase_anio,1,1,Auditoría espectral preliminar SRC15 2021,Alerta exploratoria; no constituye validación temática definitiva
942,S2SR_SRC15_PAN_2021_000007522,SRC15_0000942,PAN_FCL_0003607,SRC15_PAN_2021__XY__e5ed77bcb93a,SRC15_PAN_2021__XYY__606196b4810b,SRC15_PAN_2021__XYC__fde6e45d1456,-82.112114,8.247506,Panamá,PAN,MIAMBIENTE - Cultivos Mapa Panamá,15,2021,8,1,Bosque plantado de latifoliadas,Bosque y vegetación natural,1,12,2021.0,2021.0,8,4,21,1.75,1.5,3.5,4.3125,0.40286804664718806,0.44168711737360367,0.2878429330042233,0.5065852875040154,0.4477026821684349,0.4806980667281824,0.3325824828400188,0.5514018691588785,0.2486986493454999,0.26434135894336674,0.1667314520175555,0.3213930348258706,1,1,1,8,Bosque plantado de latifoliadas,1,Bosque y vegetación natural,0,0,0,0,Panamá,PAN,MIAMBIENTE - Cultivos Mapa Panamá,15,2021,8,1,Bosque plantado de latifoliadas,Bosque y vegetación natural,vegetacion_forestal_esperada,0,0,0,0,none,Senal compatible con bosque o plantacion forestal,0,0,False,True,True,0.5494441783136137,0.9919102667301891,0.28936788450146167,0.751324151319606,1,0,0,1,media,Revisar en control de calidad temático/espectral,rareza_espectral_por_clase_anio,1,1,Auditoría espectral preliminar SRC15 2021,Alerta exploratoria; no constituye validación temática definitiva
1013,S2SR_SRC15_PAN_2021_000011705,SRC15_0001013,PAN_FCL_0003891,SRC15_PAN_2021__XY__d4f3fe8c2dc5,SRC15_PAN_2021__XYY__ad7edeced1f4,SRC15_PAN_2021__XYC__91002991906a,-81.914659,8.250266,Panamá,PAN,MIAMBIENTE - Cultivos Mapa Panamá,15,2021,3,1,Bosque de mangle,Bosque y vegetación natural,1,12,2021.0,2021.0,9,3,24,2.0,2.0,2.0,8.166666666666666,0.515656390485892,0.4914835843001728,0.2043460091934809,0.8308803853358308,0.5546860339127228,0.5255642561031781,0.2981938813122005,0.8483510776421709,0.39974796385683437,0.3712450979838779,0.2233414379993052,0.6286049237983588,1,1,1,3,Bosque de mangle,1,Bosque y vegetación natural,0,0,0,0,Panamá,PAN,MIAMBIENTE - Cultivos Mapa Panamá,15,2021,3,1,Bosque de mangle,Bosque y vegetación natural,vegetacion_humeda_mixta,0,0,0,0,none,Senal compatible con manglar,0,0,False,True,False,0.7306333285840758,0.9636628309113238,0.37114068966053376,0.7698878166607483,1,0,0,1,media,Revisar en control de calidad temático/espectral,rareza_espectral_por_clase_anio,1,1,Auditoría espectral preliminar SRC15 2021,Alerta exploratoria; no constituye validación temática definitiva
1039,S2SR_SRC15_PAN_2021_000007801,SRC15_0001039,PAN_FCL_0004005,SRC15_PAN_2021__XY__4b6a6d1c9895,SRC15_PAN_2021__XYY__4d3698e5364d,SRC15_PAN_2021__XYC__bec437fe02d3,-82.098509,8.252065,Panamá,PAN,MIAMBIENTE - Cultivos Mapa Panamá,15,2021,3,1,Bosque de mangle,Bosque y vegetación natural,1,12,2021.0,2021.0,8,4,24,2.0,2.0,4.0,4.125,0.6621149971297023,0.6777903098012857,0.55357833655706,0.729113924050633,0.6992928777618612,0.7146879327456708,0.5853499018966645,0.7608047690014902,0.4342522187233265,0.4437034233870847,0.3792318634423897,0.4899117276166456,1,1,1,3,Bosque de mangle,1,Bosque y vegetación natural,0,0,0,0,Panamá,PAN,MIAMBIENTE - Cultivos Mapa Panamá,15,2021,3,1,Bosque de mangle,Bosque y vegetación natural,vegetacion_humeda_mixta,0,0,0,0,none,Senal compatible con manglar,0,0,False,True,False,0.7306333285840758,0.9636628309113238,0.37114068966053376,0.7698878166607483,1,0,0,1,media,Revisar en control de calidad temático/espectral,rareza_espectral_por_clase_anio,1,1,Auditoría espectral preliminar SRC15 2021,Alerta exploratoria; no constituye validación temática definitiva
1128,S2SR_SRC15_PAN_2021_000006590,SRC15_0001128,PAN_FCL_0004367,SRC15_PAN_2021__XY__8f5128d3f7c7,SRC15_PAN_2021__XYY__3e8fe1f4f4d9,SRC15_PAN_2021__XYC__e36d7278eafe,-82.155262,8.256427,Panamá,PAN,MIAMBIENTE - Cultivos Mapa Panamá,15,2021,3,1,Bosque de mangle,Bosque y vegetación natural,1,12,2021.0,2021.0,11,1,27,2.25,2.0,4.5,7.181818181818182,0.6128847810511812,0.6248246635834624,0.5069137981759342,0.6983840576189011,0.6406663772956253,0.6455577315877724,0.5331476323119778,0.7208111440372298,0.4165008764761662,0.4198127506633435,0.3480284104824884,0.4778409090909091,1,1,1,3,Bosque de mangle,1,Bosque y vegetación natural,0,0,0,0,Panamá,PAN,MIAMBIENTE - Cultivos Mapa Panamá,15,2021,3,1,Bosque de mangle,Bosque y vegetación natural,vegetacion_humeda_mixta,0,0,0,0,none,Senal compatible con manglar,0,0,False,True,False,0.7306333285840758,0.9636628309113238,0.37114068966053376,0.7698878166607483,1,0,0,1,media,Revisar en control de calidad temático/espectral,rareza_espectral_por_clase_anio,1,1,Auditoría espectral preliminar SRC15 2021,Alerta exploratoria; no constituye validación temática definitiva
1129,S2SR_SRC15_PAN_2021_000006838,SRC15_0001129,PAN_FCL_0004372,SRC15_PAN_2021__XY__05c1ef8bacda,SRC15_PAN_2021__XYY__af317f533c3a,SRC15_PAN_2021__XYC__0c1c7b89ee99,-82.143914,8.25646,Panamá,PAN,MIAMBIENTE - Cultivos Mapa Panamá,15,2021,3,1,Bosque de mangle,Bosque y vegetación natural,1,12,2021.0,2021.0,9,3,24,2.0,2.0,5.0,6.166666666666667,0.7068529944947349,0.7038461538461538,0.5513442044953725,0.7903905540164661,0.7385436722730723,0.7288551821348899,0.6438068579426172,0.8059497454115314,0.4345574690242838,0.4533609712762808,0.3748215815015702,0.4856119875856718,1,1,1,3,Bosque de mangle,1,Bosque y vegetación natural,0,0,0,0,Panamá,PAN,MIAMBIENTE - Cultivos Mapa Panamá,15,2021,3,1,Bosque de mangle,Bosque y vegetación natural,vegetacion_humeda_mixta,0,0,0,0,none,Senal compatible con manglar,0,0,False,True,False,0.7306333285840758,0.9636628309113238,0.37114068966053376,0.7698878166607483,1,0,0,1,media,Revisar en control de calidad temático/espectral,rareza_espectral_por_clase_anio,1,1,Auditoría espectral preliminar SRC15 2021,Alerta exploratoria; no constituye validación temática definitiva
1138,S2SR_SRC15_PAN_2021_000008726,SRC15_0001138,PAN_FCL_0004412,SRC15_PAN_2021__XY__c6f1de30ac29,SRC15_PAN_2021__XYY__2a3097ff08a9,SRC15_PAN_2021__XYC__3a16fe6d625d,-82.053128,8.256709,Panamá,PAN,MIAMBIENTE - Cultivos Mapa Panamá,15,2021,26,3,Pasto,Pasto,1,12,2021.0,2021.0,11,1,27,2.25,2.0,8.0,7.909090909090909,0.4640908446186076,0.3735231431083966,0.2188247806434459,0.8110850897736144,0.5146851156714091,0.447686044685823,0.2865468674113647,0.827060505002382,0.3154838847060292,0.2479890534562051,0.1819075712881022,0.5423285743012266,1,1,1,26,Pasto,3,Pasto,0,0,0,0,Panamá,PAN,MIAMBIENTE - Cultivos Mapa Panamá,15,2021,26,3,Pasto,Pasto,vegetacion_herbacea_estacional,0,0,0,0,none,Senal compatible con pasto,0,0,False,True,True,0.4252056828884969,0.9411504739649379,0.27553044066185495,0.6659670380747192,1,0,0,1,media,Revisar en control de calidad temático/espectral,rareza_espectral_por_clase_anio,1,1,Auditoría espectral preliminar SRC15 2021,Alerta exploratoria; no constituye validación temática definitiva
1152,S2SR_SRC15_PAN_2021_000010655,SRC15_0001152,PAN_FCL_0004452,SRC15_PAN_2021__XY__7ee7fe8b477c,SRC15_PAN_2021__XYY__a6cd694b6b67,SRC15_PAN_2021__XYC__c40c266b841d,-81.96234,8.256937,Panamá,PAN,MIAMBIENTE - Cultivos Mapa Panamá,15,2021,26,3,Pasto,Pasto,1,12,2021.0,2021.0,9,3,21,1.75,2.0,2.5,4.888888888888889,0.3933305645216892,0.3183029223894981,0.08934764934046,0.8045728038507821,0.43965059042275634,0.3656946045930729,0.1550137952661287,0.8230936819172112,0.2879853803692962,0.2359890471667489,0.0868818118818118,0.6388562475518997,1,1,1,26,Pasto,3,Pasto,0,0,0,0,Panamá,PAN,MIAMBIENTE - Cultivos Mapa Panamá,15,2021,26,3,Pasto,Pasto,vegetacion_herbacea_estacional,0,0,0,0,none,Senal compatible con pasto,0,0,False,True,True,0.4252056828884969,0.9411504739649379,0.27553044066185495,0.6659670380747192,1,0,0,1,media,Revisar en control de calidad temático/espectral,rareza_espectral_por_clase_anio,1,1,Auditoría espectral preliminar SRC15 2021,Alerta exploratoria; no constituye validación temática definitiva
1183,S2SR_SRC15_PAN_2021_000006686,SRC15_0001183,PAN_FCL_0004562,SRC15_PAN_2021__XY__2f48ca3a0845,SRC15_PAN_2021__XYY__9a339e450f51,SRC15_PAN_2021__XYC__c8b7cd9e83e2,-82.150729,8.258701,Panamá,PAN,MIAMBIENTE - Cultivos Mapa Panamá,15,2021,3,1,Bosque de mangle,Bosque y vegetación natural,1,12,2021.0,2021.0,8,4,23,1.9166666666666667,1.5,5.0,7.6875,0.5804495861253708,0.6088933801947923,0.4617551462621885,0.6543463381245721,0.6135992336847065,0.6478232343201182,0.4716322971815095,0.6841776110068793,0.37986039331790605,0.4045073544980218,0.2926725094001612,0.4241472171133815,1,1,1,3,Bosque de mangle,1,Bosque y vegetación natural,0,0,0,0,Panamá,PAN,MIAMBIENTE - Cultivos Mapa Panamá,15,2021,3,1,Bosque de mangle,Bosque y vegetación natural,vegetacion_humeda_mixta,0,0,0,0,none,Senal compatible con manglar,0,0,False,True,False,0.7306333285840758,0.9636628309113238,0.37114068966053376,0.7698878166607483,1,0,0,1,media,Revisar en control de calidad temático/espectral,rareza_espectral_por_clase_anio,1,1,Auditoría espectral preliminar SRC15 2021,Alerta exploratoria; no constituye validación temática definitiva
1188,S2SR_SRC15_PAN_2021_000007613,SRC15_0001188,PAN_FCL_0004581,SRC15_PAN_2021__XY__02d0517f7b2d,SRC15_PAN_2021__XYY__d99c317994c5,SRC15_PAN_2021__XYC__271504c9bb10,-82.107606,8.258823,Panamá,PAN,MIAMBIENTE - Cultivos Mapa Panamá,15,2021,8,1,Bosque plantado de latifoliadas,Bosque y vegetación natural,1,12,2021.0,2021.0,9,3,25,2.0833333333333335,2.0,2.0,4.777777777777778,0.49677855496877515,0.4942684124386252,0.3626315789473685,0.6366711772665764,0.5393981797507083,0.5579354431831213,0.4059212136041105,0.6639549436795995,0.3114659335770604,0.3263993948562783,0.2257624032771962,0.3720588235294118,1,1,1,8,Bosque plantado de latifoliadas,1,Bosque y vegetación natural,0,0,0,0,Panamá,PAN,MIAMBIENTE - Cultivos Mapa Panamá,15,2021,8,1,Bosque plantado de latifoliadas,Bosque y vegetación natural,vegetacion_forestal_esperada,0,0,0,0,none,Senal compatible con bosque o plantacion forestal,0,0,False,True,False,0.5494441783136137,0.9919102667301891,0.28936788450146167,0.751324151319606,1,0,0,1,media,Revisar en control de calidad temático/espectral,rareza_espectral_por_clase_anio,1,1,Auditoría espectral preliminar SRC15 2021,Alerta exploratoria; no constituye validación temática definitiva
1196,S2SR_SRC15_PAN_2021_000009042,SRC15_0001196,PAN_FCL_0004612,SRC15_PAN_2021__XY__c49f0f473578,SRC15_PAN_2021__XYY__9573e4992759,SRC15_PAN_2021__XYC__7ef954434d8a,-82.037246,8.259011,Panamá,PAN,MIAMBIENTE - Cultivos Mapa Panamá,15,2021,26,3,Pasto,Pasto,1,12,2021.0,2021.0,11,1,26,2.1666666666666665,2.0,8.0,7.090909090909091,0.40140986468056233,0.3131140538231525,0.2037746977292833,0.8032953105196451,0.44302165803191296,0.3560272326792151,0.2669019820798262,0.8262038073908174,0.265955793825809,0.1856878470080197,0.1482396541074738,0.5960070463887257,1,1,1,26,Pasto,3,Pasto,0,0,0,0,Panamá,PAN,MIAMBIENTE - Cultivos Mapa Panamá,15,2021,26,3,Pasto,Pasto,vegetacion_herbacea_estacional,0,0,0,0,none,Senal compatible con pasto,0,0,False,True,True,0.4252056828884969,0.9411504739649379,0.27553044066185495,0.6659670380747192,1,0,0,1,media,Revisar en control de calidad temático/espectral,rareza_espectral_por_clase_anio,1,1,Auditoría espectral preliminar SRC15 2021,Alerta exploratoria; no constituye validación temática definitiva
1203,S2SR_SRC15_PAN_2021_000011500,SRC15_0001203,PAN_FCL_0004662,SRC15_PAN_2021__XY__29eb16d8db31,SRC15_PAN_2021__XYY__79bb5d3d1310,SRC15_PAN_2021__XYC__1efd3c2d5712,-81.923759,8.259289,Panamá,PAN,MIAMBIENTE - Cultivos Mapa Panamá,15,2021,3,1,Bosque de mangle,Bosque y vegetación natural,1,12,2021.0,2021.0,9,3,26,2.1666666666666665,2.0,8.0,8.555555555555555,0.6311560361737689,0.6208308952603863,0.5344528083381587,0.7465940054495912,0.6614803027973117,0.6559608056614044,0.5975020972547658,0.7594827586206896,0.4053489549567968,0.3919863597612958,0.3783414003111728,0.4588992137240887,1,1,1,3,Bosque de mangle,1,Bosque y vegetación natural,0,0,0,0,Panamá,PAN,MIAMBIENTE - Cultivos Mapa Panamá,15,2021,3,1,Bosque de mangle,Bosque y vegetación natural,vegetacion_humeda_mixta,0,0,0,0,none,Senal compatible con manglar,0,0,False,True,False,0.7306333285840758,0.9636628309113238,0.37114068966053376,0.7698878166607483,1,0,0,1,media,Revisar en control de calidad temático/espectral,rareza_espectral_por_clase_anio,1,1,Auditoría espectral preliminar SRC15 2021,Alerta exploratoria; no constituye validación temática definitiva
1217,S2SR_SRC15_PAN_2021_000006062,SRC15_0001217,PAN_FCL_0004731,SRC15_PAN_2021__XY__b15925bd6c09,SRC15_PAN_2021__XYY__e7d23857006d,SRC15_PAN_2021__XYC__c002baf9b929,-82.180241,8.260876,Panamá,PAN,MIAMBIENTE - Cultivos Mapa Panamá,15,2021,26,3,Pasto,Pasto,1,12,2021.0,2021.0,10,2,26,2.1666666666666665,2.0,3.75,4.65,0.43549574646642897,0.34540652025577134,0.1698571862655727,0.897357600139038,0.4817812326591964,0.39658591747710653,0.2306392565474514,0.906179613723923,0.3248388785307264,0.23920880022252106,0.1277419354838709,0.6904059967469711,1,1,1,26,Pasto,3,Pasto,0,0,0,0,Panamá,PAN,MIAMBIENTE - Cultivos Mapa Panamá,15,2021,26,3,Pasto,Pasto,vegetacion_herbacea_estacional,0,0,0,0,none,Senal compatible con pasto,0,0,False,True,True,0.4252056828884969,0.9411504739649379,0.27553044066185495,0.6659670380747192,1,0,0,1,media,Revisar en control de calidad temático/espectral,rareza_espectral_por_clase_anio,1,1,Auditoría espectral preliminar SRC15 2021,Alerta exploratoria; no constituye validación temática definitiva
1223,S2SR_SRC15_PAN_2021_000007424,SRC15_0001223,PAN_FCL_0004759,SRC15_PAN_2021__XY__f967d2c0eed4,SRC15_PAN_2021__XYY__6d3326b19bf6,SRC15_PAN_2021__XYC__56dd7b88a3e6,-82.116691,8.261059,Panamá,PAN,MIAMBIENTE - Cultivos Mapa Panamá,15,2021,8,1,Bosque plantado de latifoliadas,Bosque y vegetación natural,1,12,2021.0,2021.0,9,3,20,1.6666666666666667,1.0,4.0,7.222222222222222,0.41956450149350577,0.4152870729129975,0.3332387159363956,0.5207313091740124,0.46419705007464795,0.4578706727629,0.3953724937733147,0.5542058912845429,0.2725290374359008,0.273394495412844,0.2210767468499427,0.3283155982351414,1,1,1,8,Bosque plantado de latifoliadas,1,Bosque y vegetación natural,0,0,0,0,Panamá,PAN,MIAMBIENTE - Cultivos Mapa Panamá,15,2021,8,1,Bosque plantado de latifoliadas,Bosque y vegetación natural,vegetacion_forestal_esperada,0,0,0,0,none,Senal compatible con bosque o plantacion forestal,0,0,False,True,True,0.5494441783136137,0.9919102667301891,0.28936788450146167,0.751324151319606,1,0,0,1,media,Revisar en control de calidad temático/espectral,rareza_espectral_por_clase_anio,1,1,Auditoría espectral preliminar SRC15 2021,Alerta exploratoria; no constituye validación temática definitiva
1230,S2SR_SRC15_PAN_2021_000008725,SRC15_0001230,PAN_FCL_0004787,SRC15_PAN_2021__XY__a3facd0994f1,SRC15_PAN_2021__XYY__afbeae51703f,SRC15_PAN_2021__XYC__593a7f230eda,-82.05314,8.261231,Panamá,PAN,MIAMBIENTE - Cultivos Mapa Panamá,15,2021,26,3,Pasto,Pasto,1,12,2021.0,2021.0,11,1,28,2.3333333333333335,2.0,8.0,8.681818181818182,0.3047075236848473,0.3417496701675411,0.0466936740304121,0.8318700614574188,0.3421467641099911,0.3742194469223908,0.0704138282513994,0.8475925189017112,0.18884948819057898,0.1604519774011299,0.0194638330290267,0.6331340133661626,1,1,1,26,Pasto,3,Pasto,0,0,0,0,Panamá,PAN,MIAMBIENTE - Cultivos Mapa Panamá,15,2021,26,3,Pasto,Pasto,vegetacion_herbacea_estacional,0,0,0,0,none,Senal compatible con pasto,0,0,False,True,True,0.4252056828884969,0.9411504739649379,0.27553044066185495,0.6659670380747192,1,0,0,1,media,Revisar en control de calidad temático/espectral,rareza_espectral_por_clase_anio,1,1,Auditoría espectral preliminar SRC15 2021,Alerta exploratoria; no constituye validación temática definitiva
1232,S2SR_SRC15_PAN_2021_000009135,SRC15_0001232,PAN_FCL_0004796,SRC15_PAN_2021__XY__eaf3b8a731ea,SRC15_PAN_2021__XYY__8a6a04488c2c,SRC15_PAN_2021__XYC__d460ae9e7cc1,-82.032713,8.261284,Panamá,PAN,MIAMBIENTE - Cultivos Mapa Panamá,15,2021,26,3,Pasto,Pasto,1,12,2021.0,2021.0,10,2,27,2.25,2.0,7.0,6.85,0.405912762299281,0.30534852010324476,0.1245981514968856,0.8713037009484843,0.4345740507245427,0.34452736916335824,0.1668401406004109,0.8815474152687437,0.29541817987181346,0.2179515402680604,0.086811728733782,0.6677287209831588,1,1,1,26,Pasto,3,Pasto,0,0,0,0,Panamá,PAN,MIAMBIENTE - Cultivos Mapa Panamá,15,2021,26,3,Pasto,Pasto,vegetacion_herbacea_estacional,0,0,0,0,none,Senal compatible con pasto,0,0,False,True,True,0.4252056828884969,0.9411504739649379,0.27553044066185495,0.6659670380747192,1,0,0,1,media,Revisar en control de calidad temático/espectral,rareza_espectral_por_clase_anio,1,1,Auditoría espectral preliminar SRC15 2021,Alerta exploratoria; no constituye validación temática definitiva
1263,S2SR_SRC15_PAN_2021_000002998,SRC15_0001263,PAN_FCL_0004890,SRC15_PAN_2021__XY__e21d6a96c5ce,SRC15_PAN_2021__XYY__2957bb48992b,SRC15_PAN_2021__XYC__824957a53be7,-82.341385,8.262629,Panamá,PAN,MIAMBIENTE - Cultivos Mapa Panamá,15,2021,3,1,Bosque de mangle,Bosque y vegetación natural,1,12,2021.0,2021.0,8,4,21,1.75,1.5,2.0,5.0,-0.3175226743049868,-0.29028168542336547,-0.7822402822402823,-0.0089303861788618,-0.4662243094288748,-0.336156102249796,-0.9931865202514524,0.0141843971631205,-0.45631766980123706,-0.3351905063180326,-0.9873672855277352,-0.0271758516140538,1,1,1,3,Bosque de mangle,1,Bosque y vegetación natural,0,0,0,0,Panamá,PAN,MIAMBIENTE - Cultivos Mapa Panamá,15,2021,3,1,Bosque de mangle,Bosque y vegetación natural,vegetacion_humeda_mixta,0,0,0,0,high,Manglar con NDVI < 0.30 o NDRE < 0.05,1,0,True,True,True,0.7306333285840758,0.9636628309113238,0.37114068966053376,0.7698878166607483,1,0,0,2,alta,Priorizar revisión temática y espectral,regla_clase_alta: Manglar con NDVI < 0.30 o NDRE < 0.05,1,1,Auditoría espectral preliminar SRC15 2021,Alerta exploratoria; no constituye validación temática definitiva
1275,S2SR_SRC15_PAN_2021_000006986,SRC15_0001275,PAN_FCL_0004935,SRC15_PAN_2021__XY__0830c2a84da5,SRC15_PAN_2021__XYY__1d6a8c80525f,SRC15_PAN_2021__XYC__1ebbd055e814,-82.137124,8.263262,Panamá,PAN,MIAMBIENTE - Cultivos Mapa Panamá,15,2021,16,2,Palma aceitera,Cultivos,1,12,2021.0,2021.0,8,4,22,1.8333333333333333,1.5,4.0,5.625,0.6182435536550729,0.6410015706100626,0.4803916562469922,0.6989634582364553,0.6491679877902832,0.6728440644297621,0.5121334021301533,0.7213034247436282,0.4116775202049108,0.42223660653494516,0.3212783084768821,0.4685364169485085,1,1,1,16,Palma aceitera,2,Cultivos,0,0,0,0,Panamá,PAN,MIAMBIENTE - Cultivos Mapa Panamá,15,2021,16,2,Palma aceitera,Cultivos,vegetacion_agricola_variable,0,0,0,0,none,Senal compatible con palma aceitera,0,0,False,True,True,0.717724680527742,0.9814566350820637,0.45011941830504815,0.8560503909228345,1,0,0,1,media,Revisar en control de calidad temático/espectral,rareza_espectral_por_clase_anio,1,1,Auditoría espectral preliminar SRC15 2021,Alerta exploratoria; no constituye validación temática definitiva
1281,S2SR_SRC15_PAN_2021_000008077,SRC15_0001281,PAN_FCL_0004958,SRC15_PAN_2021__XY__b205c3d18787,SRC15_PAN_2021__XYY__c50abd4a0515,SRC15_PAN_2021__XYC__83fcc337c905,-82.084922,8.263407,Panamá,PAN,MIAMBIENTE - Cultivos Mapa Panamá,15,2021,16,2,Palma aceitera,Cultivos,1,12,2021.0,2021.0,8,4,23,1.9166666666666667,1.5,4.5,9.4375,0.5960397938559503,0.6216148499187493,0.4254467858095491,0.7802309663118894,0.6313738396025401,0.6579950303126239,0.4682096970003542,0.7960660469606289,0.4381240754819824,0.4712357553353249,0.3013785790031813,0.5613365241669386,1,1,1,16,Palma aceitera,2,Cultivos,0,0,0,0,Panamá,PAN,MIAMBIENTE - Cultivos Mapa Panamá,15,2021,16,2,Palma aceitera,Cultivos,vegetacion_agricola_variable,0,0,0,0,none,Senal compatible con palma aceitera,0,0,False,True,False,0.717724680527742,0.9814566350820637,0.45011941830504815,0.8560503909228345,1,0,0,1,media,Revisar en control de calidad temático/espectral,rareza_espectral_por_clase_anio,1,1,Auditoría espectral preliminar SRC15 2021,Alerta exploratoria; no constituye validación temática definitiva
1282,S2SR_SRC15_PAN_2021_000008170,SRC15_0001282,PAN_FCL_0004960,SRC15_PAN_2021__XY__e0de7257dc8d,SRC15_PAN_2021__XYY__c50f66741f30,SRC15_PAN_2021__XYC__9cfaf6eeb4ac,-82.080382,8.263419,Panamá,PAN,MIAMBIENTE - Cultivos Mapa Panamá,15,2021,26,3,Pasto,Pasto,1,12,2021.0,2021.0,8,4,24,2.0,1.5,3.0,4.1875,0.40130288689207555,0.3837495674464839,0.3013788135849619,0.5225395631461736,0.43932095088308576,0.42485356604854396,0.3433992594517147,0.5493459245708407,0.25209599118190174,0.2445228056424011,0.1801672160573535,0.326212239142085,1,1,1,26,Pasto,3,Pasto,0,0,0,0,Panamá,PAN,MIAMBIENTE - Cultivos Mapa Panamá,15,2021,26,3,Pasto,Pasto,vegetacion_herbacea_estacional,0,0,0,0,none,Senal compatible con pasto,0,0,False,True,True,0.4252056828884969,0.9411504739649379,0.27553044066185495,0.6659670380747192,1,0,0,1,media,Revisar en control de calidad temático/espectral,rareza_espectral_por_clase_anio,1,1,Auditoría espectral preliminar SRC15 2021,Alerta exploratoria; no constituye validación temática definitiva
1285,S2SR_SRC15_PAN_2021_000008817,SRC15_0001285,PAN_FCL_0004974,SRC15_PAN_2021__XY__8cae5e9f7b53,SRC15_PAN_2021__XYY__ffa4b8b49537,SRC15_PAN_2021__XYC__306992171043,-82.048607,8.263504,Panamá,PAN,MIAMBIENTE - Cultivos Mapa Panamá,15,2021,26,3,Pasto,Pasto,1,12,2021.0,2021.0,11,1,29,2.4166666666666665,2.0,8.0,9.954545454545455,0.31176112461365596,0.3500095095550355,0.1639543356813213,0.4563440860215053,0.36533884707914993,0.3837402228016117,0.2067331011790055,0.5311572700296735,0.22337666350303056,0.2182804674457428,0.120756547041707,0.3755414861712762,1,1,1,26,Pasto,3,Pasto,0,0,0,0,Panamá,PAN,MIAMBIENTE - Cultivos Mapa Panamá,15,2021,26,3,Pasto,Pasto,vegetacion_herbacea_estacional,0,0,0,0,none,Senal compatible con pasto,0,0,False,True,True,0.4252056828884969,0.9411504739649379,0.27553044066185495,0.6659670380747192,1,0,0,1,media,Revisar en control de calidad temático/espectral,rareza_espectral_por_clase_anio,1,1,Auditoría espectral preliminar SRC15 2021,Alerta exploratoria; no constituye validación temática definitiva
1286,S2SR_SRC15_PAN_2021_000009002,SRC15_0001286,PAN_FCL_0004978,SRC15_PAN_2021__XY__17fe710e1bab,SRC15_PAN_2021__XYY__35ce82d5d556,SRC15_PAN_2021__XYC__494d005d4c9f,-82.039528,8.263527,Panamá,PAN,MIAMBIENTE - Cultivos Mapa Panamá,15,2021,26,3,Pasto,Pasto,1,12,2021.0,2021.0,10,2,27,2.25,2.0,6.5,9.25,0.34222907695765703,0.2808754587953625,0.0681113476483004,0.7846172287016084,0.37880655925644013,0.3274190128298011,0.0954494731222897,0.8040461707461068,0.21843620498992808,0.16838595174155097,0.0394516692203057,0.5403276117298745,1,1,1,26,Pasto,3,Pasto,0,0,0,0,Panamá,PAN,MIAMBIENTE - Cultivos Mapa Panamá,15,2021,26,3,Pasto,Pasto,vegetacion_herbacea_estacional,0,0,0,0,none,Senal compatible con pasto,0,0,False,True,True,0.4252056828884969,0.9411504739649379,0.27553044066185495,0.6659670380747192,1,0,0,1,media,Revisar en control de calidad temático/espectral,rareza_espectral_por_clase_anio,1,1,Auditoría espectral preliminar SRC15 2021,Alerta exploratoria; no constituye validación temática definitiva
1288,S2SR_SRC15_PAN_2021_000009667,SRC15_0001288,PAN_FCL_0004992,SRC15_PAN_2021__XY__d11338d7dd74,SRC15_PAN_2021__XYY__656c098bbf57,SRC15_PAN_2021__XYC__2f4e6875f778,-82.007751,8.263609,Panamá,PAN,MIAMBIENTE - Cultivos Mapa Panamá,15,2021,2,1,Bosque latifoliado mixto secundario,Bosque y vegetación natural,1,12,2021.0,2021.0,10,2,23,1.9166666666666667,2.0,3.0,6.25,0.6355268289612906,0.6442771865186541,0.4543666404405979,0.785645933014354,0.66404618469372,0.670175611320518,0.503579098067287,0.8020764303070466,0.4276624749659789,0.42428864634574964,0.3006191950464396,0.5389549141671384,1,1,1,2,Bosque latifoliado mixto secundario,1,Bosque y vegetación natural,0,0,0,0,Panamá,PAN,MIAMBIENTE - Cultivos Mapa Panamá,15,2021,2,1,Bosque latifoliado mixto secundario,Bosque y vegetación natural,vegetacion_forestal_esperada,0,0,0,0,none,Senal compatible con bosque o plantacion forestal,0,0,False,True,True,0.7156951618451342,0.9456522260291946,0.46775220877215595,0.7284626845622189,1,0,0,1,media,Revisar en control de calidad temático/espectral,rareza_espectral_por_clase_anio,1,1,Auditoría espectral preliminar SRC15 2021,Alerta exploratoria; no constituye validación temática definitiva
1323,S2SR_SRC15_PAN_2021_000008539,SRC15_0001323,PAN_FCL_0005159,SRC15_PAN_2021__XY__24ab6f3aad3d,SRC15_PAN_2021__XYY__f58697e564e9,SRC15_PAN_2021__XYC__428c4a83e00d,-82.062231,8.265729,Panamá,PAN,MIAMBIENTE - Cultivos Mapa Panamá,15,2021,2,1,Bosque latifoliado mixto secundario,Bosque y vegetación natural,1,12,2021.0,2021.0,11,1,26,2.1666666666666665,1.0,3.0,10.272727272727273,0.7103761861950953,0.7138516080020259,0.5784609916474143,0.8181386514719848,0.7329096343359042,0.7289138798461083,0.6215698787492022,0.8346643643427585,0.49037023423951653,0.479748427672956,0.430835734870317,0.5488338192419825,1,1,1,2,Bosque latifoliado mixto secundario,1,Bosque y vegetación natural,0,0,0,0,Panamá,PAN,MIAMBIENTE - Cultivos Mapa Panamá,15,2021,2,1,Bosque latifoliado mixto secundario,Bosque y vegetación natural,vegetacion_forestal_esperada,0,0,0,0,none,Senal compatible con bosque o plantacion forestal,0,0,False,True,False,0.7156951618451342,0.9456522260291946,0.46775220877215595,0.7284626845622189,1,0,0,1,media,Revisar en control de calidad temático/espectral,rareza_espectral_por_clase_anio,1,1,Auditoría espectral preliminar SRC15 2021,Alerta exploratoria; no constituye validación temática definitiva
1421,S2SR_SRC15_PAN_2021_000008723,SRC15_0001421,PAN_FCL_0005550,SRC15_PAN_2021__XY__0fa44b3a78b5,SRC15_PAN_2021__XYY__781db8832aa5,SRC15_PAN_2021__XYC__4d66bd1ad2f0,-82.053164,8.270275,Panamá,PAN,MIAMBIENTE - Cultivos Mapa Panamá,15,2021,26,3,Pasto,Pasto,1,12,2021.0,2021.0,10,2,26,2.1666666666666665,2.0,11.5,14.2,0.133675754548274,0.12795555264863256,0.0234933605720123,0.3160663698907324,0.14305412041415083,0.14510070862408944,0.0326983224338925,0.2978811798919817,0.07791526897833344,0.0849098175256158,0.0040581321483397,0.170449948951781,1,1,1,26,Pasto,3,Pasto,0,0,0,0,Panamá,PAN,MIAMBIENTE - Cultivos Mapa Panamá,15,2021,26,3,Pasto,Pasto,vegetacion_herbacea_estacional,0,0,0,0,high,Pasto con NDVI < 0.18,1,0,True,True,True,0.4252056828884969,0.9411504739649379,0.27553044066185495,0.6659670380747192,1,0,0,2,alta,Priorizar revisión temática y espectral,regla_clase_alta: Pasto con NDVI < 0.18,1,1,Auditoría espectral preliminar SRC15 2021,Alerta exploratoria; no constituye validación temática definitiva
1435,S2SR_SRC15_PAN_2021_000010593,SRC15_0001435,PAN_FCL_0005589,SRC15_PAN_2021__XY__63244bdff5c8,SRC15_PAN_2021__XYY__0553b6e14796,SRC15_PAN_2021__XYC__b10cedbb5385,-81.964642,8.270498,Panamá,PAN,MIAMBIENTE - Cultivos Mapa Panamá,15,2021,2,1,Bosque latifoliado mixto secundario,Bosque y vegetación natural,1,12,2021.0,2021.0,10,2,24,2.0,2.0,6.0,9.9,0.651539109308072,0.6887374502183319,0.459159339166584,0.6944541332403209,0.7003579482280247,0.7242469524977523,0.4834288942955621,0.7575923013606662,0.45858249482600166,0.46270935197135354,0.3348210284340449,0.5287525803597759,1,1,1,2,Bosque latifoliado mixto secundario,1,Bosque y vegetación natural,0,0,0,0,Panamá,PAN,MIAMBIENTE - Cultivos Mapa Panamá,15,2021,2,1,Bosque latifoliado mixto secundario,Bosque y vegetación natural,vegetacion_forestal_esperada,0,0,0,0,none,Senal compatible con bosque o plantacion forestal,0,0,False,True,True,0.7156951618451342,0.9456522260291946,0.46775220877215595,0.7284626845622189,1,0,0,1,media,Revisar en control de calidad temático/espectral,rareza_espectral_por_clase_anio,1,1,Auditoría espectral preliminar SRC15 2021,Alerta exploratoria; no constituye validación temática definitiva
1453,S2SR_SRC15_PAN_2021_000002637,SRC15_0001453,PAN_FCL_0005656,SRC15_PAN_2021__XY__5ad489d1b60f,SRC15_PAN_2021__XYY__646a20db7e81,SRC15_PAN_2021__XYC__87edf8b73a6f,-82.359572,8.271611,Panamá,PAN,MIAMBIENTE - Cultivos Mapa Panamá,15,2021,3,1,Bosque de mangle,Bosque y vegetación natural,1,12,2021.0,2021.0,10,2,26,2.1666666666666665,2.0,14.25,21.7,0.6110576560927119,0.613783580622874,0.4980268350434095,0.7322472063739461,0.6083771954598417,0.612406193063147,0.4990153603781015,0.6972017309532523,0.37263740294096076,0.36386396070526084,0.3373313343328335,0.4433768016472204,1,1,1,3,Bosque de mangle,1,Bosque y vegetación natural,0,0,0,0,Panamá,PAN,MIAMBIENTE - Cultivos Mapa Panamá,15,2021,3,1,Bosque de mangle,Bosque y vegetación natural,vegetacion_humeda_mixta,0,0,0,0,none,Senal compatible con manglar,0,0,False,True,True,0.7306333285840758,0.9636628309113238,0.37114068966053376,0.7698878166607483,1,0,0,1,media,Revisar en control de calidad temático/espectral,rareza_espectral_por_clase_anio,1,1,Auditoría espectral preliminar SRC15 2021,Alerta exploratoria; no constituye validación temática definitiva
1471,S2SR_SRC15_PAN_2021_000006940,SRC15_0001471,PAN_FCL_0005710,SRC15_PAN_2021__XY__9dda7cfd423b,SRC15_PAN_2021__XYY__3ea8ffa85f26,SRC15_PAN_2021__XYC__5956501e3909,-82.13942,8.272299,Panamá,PAN,MIAMBIENTE - Cultivos Mapa Panamá,15,2021,3,1,Bosque de mangle,Bosque y vegetación natural,1,12,2021.0,2021.0,9,3,21,1.75,1.0,3.0,9.333333333333334,0.46469679524371327,0.4628298637791149,0.3804244535951853,0.5687143761874603,0.5024101988714961,0.4962737473513027,0.3782912412681353,0.6098539100544257,0.3063828931388445,0.3039018730289341,0.2276355628956785,0.3633812733214323,1,1,1,3,Bosque de mangle,1,Bosque y vegetación natural,0,0,0,0,Panamá,PAN,MIAMBIENTE - Cultivos Mapa Panamá,15,2021,3,1,Bosque de mangle,Bosque y vegetación natural,vegetacion_humeda_mixta,0,0,0,0,none,Senal compatible con manglar,0,0,False,True,True,0.7306333285840758,0.9636628309113238,0.37114068966053376,0.7698878166607483,1,0,0,1,media,Revisar en control de calidad temático/espectral,rareza_espectral_por_clase_anio,1,1,Auditoría espectral preliminar SRC15 2021,Alerta exploratoria; no constituye validación temática definitiva
1481,S2SR_SRC15_PAN_2021_000008815,SRC15_0001481,PAN_FCL_0005750,SRC15_PAN_2021__XY__501a90a01c0f,SRC15_PAN_2021__XYY__1e1f2b635b2a,SRC15_PAN_2021__XYC__97fb88fa60fc,-82.04863,8.272548,Panamá,PAN,MIAMBIENTE - Cultivos Mapa Panamá,15,2021,26,3,Pasto,Pasto,1,12,2021.0,2021.0,9,3,27,2.25,2.0,7.0,8.722222222222221,0.45942163502845823,0.4185851724891907,0.2112115253807273,0.8481709607240326,0.49446966390423785,0.447189570973316,0.2569647621357541,0.8593579651418031,0.3059403858036776,0.2717853906381398,0.14728880385038,0.659369517644339,1,1,1,26,Pasto,3,Pasto,0,0,0,0,Panamá,PAN,MIAMBIENTE - Cultivos Mapa Panamá,15,2021,26,3,Pasto,Pasto,vegetacion_herbacea_estacional,0,0,0,0,none,Senal compatible con pasto,0,0,False,True,True,0.4252056828884969,0.9411504739649379,0.27553044066185495,0.6659670380747192,1,0,0,1,media,Revisar en control de calidad temático/espectral,rareza_espectral_por_clase_anio,1,1,Auditoría espectral preliminar SRC15 2021,Alerta exploratoria; no constituye validación temática definitiva
1510,S2SR_SRC15_PAN_2021_000006735,SRC15_0001510,PAN_FCL_0005908,SRC15_PAN_2021__XY__9f3940f0d03f,SRC15_PAN_2021__XYY__84daf895591b,SRC15_PAN_2021__XYC__b96b9295685d,-82.148505,8.274534,Panamá,PAN,MIAMBIENTE - Cultivos Mapa Panamá,15,2021,3,1,Bosque de mangle,Bosque y vegetación natural,1,12,2021.0,2021.0,9,3,24,2.0,2.0,4.0,4.611111111111111,0.4673867399338931,0.4168028767571101,0.3489827856025038,0.5800548465351756,0.4880609472586726,0.4468217054263566,0.3916349809885932,0.6103553041626368,0.2666784020036075,0.250201992997576,0.1831371475499589,0.3531981573127465,1,1,1,3,Bosque de mangle,1,Bosque y vegetación natural,0,0,0,0,Panamá,PAN,MIAMBIENTE - Cultivos Mapa Panamá,15,2021,3,1,Bosque de mangle,Bosque y vegetación natural,vegetacion_humeda_mixta,0,0,0,0,none,Senal compatible con manglar,0,0,False,True,True,0.7306333285840758,0.9636628309113238,0.37114068966053376,0.7698878166607483,1,0,0,1,media,Revisar en control de calidad temático/espectral,rareza_espectral_por_clase_anio,1,1,Auditoría espectral preliminar SRC15 2021,Alerta exploratoria; no constituye validación temática definitiva
1518,S2SR_SRC15_PAN_2021_000008580,SRC15_0001518,PAN_FCL_0005947,SRC15_PAN_2021__XY__7aeb70a620ea,SRC15_PAN_2021__XYY__bdfd4e5de5e0,SRC15_PAN_2021__XYC__872dafccf5cb,-82.059985,8.274779,Panamá,PAN,MIAMBIENTE - Cultivos Mapa Panamá,15,2021,2,1,Bosque latifoliado mixto secundario,Bosque y vegetación natural,1,12,2021.0,2021.0,10,2,24,2.0,1.5,4.5,6.4,0.7002890475545243,0.7077909889084355,0.5864699898270601,0.7786357786357787,0.7313551183691411,0.7358781678413111,0.6124880838894186,0.8093549102194636,0.5234121248943486,0.5074280922927776,0.4651364226938068,0.5882658359293873,1,1,1,2,Bosque latifoliado mixto secundario,1,Bosque y vegetación natural,0,0,0,0,Panamá,PAN,MIAMBIENTE - Cultivos Mapa Panamá,15,2021,2,1,Bosque latifoliado mixto secundario,Bosque y vegetación natural,vegetacion_forestal_esperada,0,0,0,0,none,Senal compatible con bosque o plantacion forestal,0,0,False,True,False,0.7156951618451342,0.9456522260291946,0.46775220877215595,0.7284626845622189,1,0,0,1,media,Revisar en control de calidad temático/espectral,rareza_espectral_por_clase_anio,1,1,Auditoría espectral preliminar SRC15 2021,Alerta exploratoria; no constituye validación temática definitiva
1524,S2SR_SRC15_PAN_2021_000009473,SRC15_0001524,PAN_FCL_0005966,SRC15_PAN_2021__XY__b6525c3c4c64,SRC15_PAN_2021__XYY__029751550a5b,SRC15_PAN_2021__XYC__70d20ae27634,-82.016859,8.274891,Panamá,PAN,MIAMBIENTE - Cultivos Mapa Panamá,15,2021,9,1,Rastrojo y vegetación arbustiva,Bosque y vegetación natural,1,12,2021.0,2021.0,9,3,25,2.0833333333333335,2.0,2.0,4.833333333333333,0.4691636291912357,0.4418423287777006,0.4048038061915114,0.6320571057754704,0.517300114307964,0.4983692106979777,0.4504371993700072,0.6722543352601157,0.34757233886530847,0.333385693783076,0.3180500318406989,0.4389455359363342,1,1,1,9,Rastrojo y vegetación arbustiva,1,Bosque y vegetación natural,0,0,0,0,Panamá,PAN,MIAMBIENTE - Cultivos Mapa Panamá,15,2021,9,1,Rastrojo y vegetación arbustiva,Bosque y vegetación natural,vegetacion_natural_baja,0,0,0,0,none,Senal compatible con arbustos,0,0,False,True,True,0.617925271847997,0.9511712918895013,0.4049992993142226,0.6939244937723441,1,0,0,1,media,Revisar en control de calidad temático/espectral,rareza_espectral_por_clase_anio,1,1,Auditoría espectral preliminar SRC15 2021,Alerta exploratoria; no constituye validación temática definitiva
1543,S2SR_SRC15_PAN_2021_000012496,SRC15_0001543,PAN_FCL_0006026,SRC15_PAN_2021__XY__03c3344ecabe,SRC15_PAN_2021__XYY__603ddc9dd3db,SRC15_PAN_2021__XYC__df947b98c537,-81.880668,8.275214,Panamá,PAN,MIAMBIENTE - Cultivos Mapa Panamá,15,2021,26,3,Pasto,Pasto,1,12,2021.0,2021.0,9,3,44,3.6666666666666665,4.0,5.0,8.666666666666666,0.16904762784457864,0.1697190819067738,0.0817342031889819,0.2423997847726661,0.22997772205434025,0.245318973895548,0.1354011057691199,0.3223631856627452,0.13373012881054436,0.1314995639142318,0.0684252323181001,0.2258626255965352,1,1,1,26,Pasto,3,Pasto,0,0,0,0,Panamá,PAN,MIAMBIENTE - Cultivos Mapa Panamá,15,2021,26,3,Pasto,Pasto,vegetacion_herbacea_estacional,0,0,0,0,high,Pasto con NDVI < 0.18,1,0,True,True,True,0.4252056828884969,0.9411504739649379,0.27553044066185495,0.6659670380747192,1,0,0,2,alta,Priorizar revisión temática y espectral,regla_clase_alta: Pasto con NDVI < 0.18,1,1,Auditoría espectral preliminar SRC15 2021,Alerta exploratoria; no constituye validación temática definitiva
1568,S2SR_SRC15_PAN_2021_000006836,SRC15_0001568,PAN_FCL_0006106,SRC15_PAN_2021__XY__ded9f1f6389b,SRC15_PAN_2021__XYY__1253f02934b0,SRC15_PAN_2021__XYC__8bd71aa582b4,-82.143972,8.276808,Panamá,PAN,MIAMBIENTE - Cultivos Mapa Panamá,15,2021,26,3,Pasto,Pasto,1,12,2021.0,2021.0,9,3,22,1.8333333333333333,1.0,3.0,3.7222222222222223,0.42255327526489533,0.4630932785149791,0.2357807652533609,0.5067817509247842,0.4523622557453366,0.4910075420614968,0.2457259504975759,0.5334345392628982,0.2448901214333294,0.267275409869074,0.0567099567099567,0.3256509321303734,1,1,1,26,Pasto,3,Pasto,0,0,0,0,Panamá,PAN,MIAMBIENTE - Cultivos Mapa Panamá,15,2021,26,3,Pasto,Pasto,vegetacion_herbacea_estacional,0,0,0,0,none,Senal compatible con pasto,0,0,False,False,True,0.4252056828884969,0.9411504739649379,0.27553044066185495,0.6659670380747192,1,0,0,1,media,Revisar en control de calidad temático/espectral,rareza_espectral_por_clase_anio,1,1,Auditoría espectral preliminar SRC15 2021,Alerta exploratoria; no constituye validación temática definitiva
1570,S2SR_SRC15_PAN_2021_000007036,SRC15_0001570,PAN_FCL_0006110,SRC15_PAN_2021__XY__8943f8883ea0,SRC15_PAN_2021__XYY__29a485c7e7df,SRC15_PAN_2021__XYC__c26510896aab,-82.134893,8.276834,Panamá,PAN,MIAMBIENTE - Cultivos Mapa Panamá,15,2021,8,1,Bosque plantado de latifoliadas,Bosque y vegetación natural,1,12,2021.0,2021.0,7,5,21,1.75,1.5,4.0,9.0,0.547982950809695,0.5462924172601592,0.4408736349453979,0.6396704340955212,0.5811492461779466,0.5860882858780814,0.5102487018311014,0.6660783280183011,0.38203110132642953,0.3755386145177328,0.3399014778325123,0.4425482761134101,1,1,1,8,Bosque plantado de latifoliadas,1,Bosque y vegetación natural,0,0,0,0,Panamá,PAN,MIAMBIENTE - Cultivos Mapa Panamá,15,2021,8,1,Bosque plantado de latifoliadas,Bosque y vegetación natural,vegetacion_forestal_esperada,0,0,0,0,none,Senal compatible con bosque o plantacion forestal,0,0,False,True,False,0.5494441783136137,0.9919102667301891,0.28936788450146167,0.751324151319606,1,0,0,1,media,Revisar en control de calidad temático/espectral,rareza_espectral_por_clase_anio,1,1,Auditoría espectral preliminar SRC15 2021,Alerta exploratoria; no constituye validación temática definitiva
1582,S2SR_SRC15_PAN_2021_000009569,SRC15_0001582,PAN_FCL_0006164,SRC15_PAN_2021__XY__af7a62d68657,SRC15_PAN_2021__XYY__80cf4b67282e,SRC15_PAN_2021__XYC__e4b4fdcd4f8a,-82.012325,8.277163,Panamá,PAN,MIAMBIENTE - Cultivos Mapa Panamá,15,2021,9,1,Rastrojo y vegetación arbustiva,Bosque y vegetación natural,1,12,2021.0,2021.0,10,2,24,2.0,1.5,2.5,5.5,0.5293688170287225,0.5458184071540556,0.381953731951493,0.641304347826087,0.57287629450722,0.5938525116525897,0.4519181608320257,0.6802087215803205,0.3862430170456952,0.40798950290077507,0.301705921914598,0.4570135746606336,1,1,1,9,Rastrojo y vegetación arbustiva,1,Bosque y vegetación natural,0,0,0,0,Panamá,PAN,MIAMBIENTE - Cultivos Mapa Panamá,15,2021,9,1,Rastrojo y vegetación arbustiva,Bosque y vegetación natural,vegetacion_natural_baja,0,0,0,0,none,Senal compatible con arbustos,0,0,False,True,False,0.617925271847997,0.9511712918895013,0.4049992993142226,0.6939244937723441,1,0,0,1,media,Revisar en control de calidad temático/espectral,rareza_espectral_por_clase_anio,1,1,Auditoría espectral preliminar SRC15 2021,Alerta exploratoria; no constituye validación temática definitiva
1621,S2SR_SRC15_PAN_2021_000009472,SRC15_0001621,PAN_FCL_0006355,SRC15_PAN_2021__XY__7f304f1b2336,SRC15_PAN_2021__XYY__b00cf12f209d,SRC15_PAN_2021__XYC__b0659eff464c,-82.016871,8.279413,Panamá,PAN,MIAMBIENTE - Cultivos Mapa Panamá,15,2021,9,1,Rastrojo y vegetación arbustiva,Bosque y vegetación natural,1,12,2021.0,2021.0,8,4,22,1.8333333333333333,1.5,1.75,2.25,0.5389462900726092,0.5372543054466488,0.5024051737960769,0.5847619047619048,0.5797819824897078,0.5822554414132476,0.535754015679377,0.6180798878766643,0.37102787470104404,0.36474883956971815,0.3487791048511838,0.409465505062397,1,1,1,9,Rastrojo y vegetación arbustiva,1,Bosque y vegetación natural,0,0,0,0,Panamá,PAN,MIAMBIENTE - Cultivos Mapa Panamá,15,2021,9,1,Rastrojo y vegetación arbustiva,Bosque y vegetación natural,vegetacion_natural_baja,0,0,0,0,none,Senal compatible con arbustos,0,0,False,True,True,0.617925271847997,0.9511712918895013,0.4049992993142226,0.6939244937723441,1,0,0,1,media,Revisar en control de calidad temático/espectral,rareza_espectral_por_clase_anio,1,1,Auditoría espectral preliminar SRC15 2021,Alerta exploratoria; no constituye validación temática definitiva
1626,S2SR_SRC15_PAN_2021_000010156,SRC15_0001626,PAN_FCL_0006369,SRC15_PAN_2021__XY__a52e31758125,SRC15_PAN_2021__XYY__2ccc20e83d29,SRC15_PAN_2021__XYC__07e1fa9db397,-81.985093,8.279492,Panamá,PAN,MIAMBIENTE - Cultivos Mapa Panamá,15,2021,2,1,Bosque latifoliado mixto secundario,Bosque y vegetación natural,1,12,2021.0,2021.0,10,2,26,2.1666666666666665,1.5,5.25,11.65,0.6347874111397552,0.6317116584898073,0.4816921436189122,0.8209077872542205,0.6522288078082168,0.6429548074639209,0.5094212651413189,0.8208435276042564,0.4570815087968917,0.440366824902672,0.3413059076775891,0.6274290819745366,1,1,1,2,Bosque latifoliado mixto secundario,1,Bosque y vegetación natural,0,0,0,0,Panamá,PAN,MIAMBIENTE - Cultivos Mapa Panamá,15,2021,2,1,Bosque latifoliado mixto secundario,Bosque y vegetación natural,vegetacion_forestal_esperada,0,0,0,0,none,Senal compatible con bosque o plantacion forestal,0,0,False,True,True,0.7156951618451342,0.9456522260291946,0.46775220877215595,0.7284626845622189,1,0,0,1,media,Revisar en control de calidad temático/espectral,rareza_espectral_por_clase_anio,1,1,Auditoría espectral preliminar SRC15 2021,Alerta exploratoria; no constituye validación temática definitiva
1661,S2SR_SRC15_PAN_2021_000006588,SRC15_0001661,PAN_FCL_0006482,SRC15_PAN_2021__XY__8c98da88ab78,SRC15_PAN_2021__XYY__a2db223479f6,SRC15_PAN_2021__XYC__e367eb7a19fb,-82.155334,8.281297,Panamá,PAN,MIAMBIENTE - Cultivos Mapa Panamá,15,2021,26,3,Pasto,Pasto,1,12,2021.0,2021.0,9,3,25,2.0833333333333335,2.0,2.0,3.6666666666666665,0.38484666458751104,0.3770264011116257,0.2840962718263332,0.52565445026178,0.42750839570482396,0.4201336494934253,0.3149695190787988,0.5596597812879708,0.25527701316438606,0.2383458646616541,0.1777553083923154,0.3324847200494992,1,1,1,26,Pasto,3,Pasto,0,0,0,0,Panamá,PAN,MIAMBIENTE - Cultivos Mapa Panamá,15,2021,26,3,Pasto,Pasto,vegetacion_herbacea_estacional,0,0,0,0,none,Senal compatible con pasto,0,0,False,True,True,0.4252056828884969,0.9411504739649379,0.27553044066185495,0.6659670380747192,1,0,0,1,media,Revisar en control de calidad temático/espectral,rareza_espectral_por_clase_anio,1,1,Auditoría espectral preliminar SRC15 2021,Alerta exploratoria; no constituye validación temática definitiva
1670,S2SR_SRC15_PAN_2021_000008075,SRC15_0001670,PAN_FCL_0006513,SRC15_PAN_2021__XY__59492c895cbc,SRC15_PAN_2021__XYY__b5e6bda67530,SRC15_PAN_2021__XYC__3bb863c96404,-82.084971,8.281495,Panamá,PAN,MIAMBIENTE - Cultivos Mapa Panamá,15,2021,26,3,Pasto,Pasto,1,12,2021.0,2021.0,10,2,23,1.9166666666666667,1.0,4.0,9.3,0.38672638781334284,0.3275927924202925,0.1518858307849133,0.8802970729576235,0.4283369518371611,0.3798491427348674,0.2021098058019659,0.8928850664581705,0.2824497804216294,0.250971687484543,0.1257296811854513,0.717325766979961,1,1,1,26,Pasto,3,Pasto,0,0,0,0,Panamá,PAN,MIAMBIENTE - Cultivos Mapa Panamá,15,2021,26,3,Pasto,Pasto,vegetacion_herbacea_estacional,0,0,0,0,none,Senal compatible con pasto,0,0,False,True,True,0.4252056828884969,0.9411504739649379,0.27553044066185495,0.6659670380747192,1,0,0,1,media,Revisar en control de calidad temático/espectral,rareza_espectral_por_clase_anio,1,1,Auditoría espectral preliminar SRC15 2021,Alerta exploratoria; no constituye validación temática definitiva
1693,S2SR_SRC15_PAN_2021_000003761,SRC15_0001693,PAN_FCL_0006641,SRC15_PAN_2021__XY__b293bc97356b,SRC15_PAN_2021__XYY__7a291e83020d,SRC15_PAN_2021__XYC__8afdd4683c52,-82.300601,8.283111,Panamá,PAN,MIAMBIENTE - Cultivos Mapa Panamá,15,2021,3,1,Bosque de mangle,Bosque y vegetación natural,1,12,2021.0,2021.0,10,2,29,2.4166666666666665,2.0,7.0,7.8,0.685740919040337,0.7019070697550404,0.6171052631578947,0.735488991295443,0.6839551250969872,0.6866292479393679,0.6093829678735339,0.7367624810892587,0.40879231174850783,0.40122131450242055,0.3429240548678487,0.5168674698795181,1,1,1,3,Bosque de mangle,1,Bosque y vegetación natural,0,0,0,0,Panamá,PAN,MIAMBIENTE - Cultivos Mapa Panamá,15,2021,3,1,Bosque de mangle,Bosque y vegetación natural,vegetacion_humeda_mixta,0,0,0,0,none,Senal compatible con manglar,0,0,False,True,False,0.7306333285840758,0.9636628309113238,0.37114068966053376,0.7698878166607483,1,0,0,1,media,Revisar en control de calidad temático/espectral,rareza_espectral_por_clase_anio,1,1,Auditoría espectral preliminar SRC15 2021,Alerta exploratoria; no constituye validación temática definitiva
1749,S2SR_SRC15_PAN_2021_000003679,SRC15_0001749,PAN_FCL_0006830,SRC15_PAN_2021__XY__21d0eef4a11b,SRC15_PAN_2021__XYY__44af5b0460e0,SRC15_PAN_2021__XYC__e3a029942f1f,-82.305147,8.285357,Panamá,PAN,MIAMBIENTE - Cultivos Mapa Panamá,15,2021,3,1,Bosque de mangle,Bosque y vegetación natural,1,12,2021.0,2021.0,10,2,28,2.3333333333333335,2.0,5.0,5.5,0.6933435237951917,0.7087958792081104,0.6304141233866529,0.7520030522701259,0.7360466903341825,0.7387049970584775,0.6796794524261318,0.791198201092194,0.45398384094134003,0.4398891321477906,0.41173104434907,0.5127509495387955,1,1,1,3,Bosque de mangle,1,Bosque y vegetación natural,0,0,0,0,Panamá,PAN,MIAMBIENTE - Cultivos Mapa Panamá,15,2021,3,1,Bosque de mangle,Bosque y vegetación natural,vegetacion_humeda_mixta,0,0,0,0,none,Senal compatible con manglar,0,0,False,True,False,0.7306333285840758,0.9636628309113238,0.37114068966053376,0.7698878166607483,1,0,0,1,media,Revisar en control de calidad temático/espectral,rareza_espectral_por_clase_anio,1,1,Auditoría espectral preliminar SRC15 2021,Alerta exploratoria; no constituye validación temática definitiva
1773,S2SR_SRC15_PAN_2021_000011052,SRC15_0001773,PAN_FCL_0006956,SRC15_PAN_2021__XY__52fcf6f9be72,SRC15_PAN_2021__XYY__565a81143644,SRC15_PAN_2021__XYC__a4640a3d9d1a,-81.944252,8.286374,Panamá,PAN,MIAMBIENTE - Cultivos Mapa Panamá,15,2021,3,1,Bosque de mangle,Bosque y vegetación natural,1,12,2021.0,2021.0,9,3,26,2.1666666666666665,2.0,5.0,11.0,0.7516809532111561,0.6971288862457461,0.6335483870967742,0.8985544002028911,0.762510668243896,0.7079678781275256,0.6548371414681575,0.912010558732952,0.553489100470935,0.508628946810765,0.4637712319931197,0.7049823460180463,1,1,1,3,Bosque de mangle,1,Bosque y vegetación natural,0,0,0,0,Panamá,PAN,MIAMBIENTE - Cultivos Mapa Panamá,15,2021,3,1,Bosque de mangle,Bosque y vegetación natural,vegetacion_humeda_mixta,0,0,0,0,none,Senal compatible con manglar,0,0,False,True,False,0.7306333285840758,0.9636628309113238,0.37114068966053376,0.7698878166607483,1,0,0,1,media,Revisar en control de calidad temático/espectral,rareza_espectral_por_clase_anio,1,1,Auditoría espectral preliminar SRC15 2021,Alerta exploratoria; no constituye validación temática definitiva
1799,S2SR_SRC15_PAN_2021_000006683,SRC15_0001799,PAN_FCL_0007054,SRC15_PAN_2021__XY__8db6bbdb8ecf,SRC15_PAN_2021__XYY__eae59760f610,SRC15_PAN_2021__XYC__3c6e0756dbe8,-82.150814,8.288093,Panamá,PAN,MIAMBIENTE - Cultivos Mapa Panamá,15,2021,9,1,Rastrojo y vegetación arbustiva,Bosque y vegetación natural,1,12,2021.0,2021.0,9,3,24,2.0,1.5,3.5,5.388888888888889,0.5672100464379342,0.5916083916083916,0.413492677900185,0.6829733163913596,0.5985237416063435,0.6335341365461847,0.4455536713533768,0.7280653950953678,0.37285586468929105,0.414167753150804,0.2783817951959546,0.4436603687684953,1,1,1,9,Rastrojo y vegetación arbustiva,1,Bosque y vegetación natural,0,0,0,0,Panamá,PAN,MIAMBIENTE - Cultivos Mapa Panamá,15,2021,9,1,Rastrojo y vegetación arbustiva,Bosque y vegetación natural,vegetacion_natural_baja,0,0,0,0,none,Senal compatible con arbustos,0,0,False,True,False,0.617925271847997,0.9511712918895013,0.4049992993142226,0.6939244937723441,1,0,0,1,media,Revisar en control de calidad temático/espectral,rareza_espectral_por_clase_anio,1,1,Auditoría espectral preliminar SRC15 2021,Alerta exploratoria; no constituye validación temática definitiva
1892,S2SR_SRC15_PAN_2021_000004361,SRC15_0001892,PAN_FCL_0007420,SRC15_PAN_2021__XY__725abea58389,SRC15_PAN_2021__XYY__ce6e787a523e,SRC15_PAN_2021__XYC__b372f6547acc,-82.268855,8.292257,Panamá,PAN,MIAMBIENTE - Cultivos Mapa Panamá,15,2021,3,1,Bosque de mangle,Bosque y vegetación natural,1,12,2021.0,2021.0,10,2,32,2.6666666666666665,2.5,5.0,7.1,0.6737170279352314,0.6779621128139766,0.5868244323632874,0.7483391949980461,0.7289588153526927,0.7270116199782928,0.6458333333333334,0.815501171592582,0.4565591102408219,0.4565714403794598,0.4037301151947339,0.5244837758112094,1,1,1,3,Bosque de mangle,1,Bosque y vegetación natural,0,0,0,0,Panamá,PAN,MIAMBIENTE - Cultivos Mapa Panamá,15,2021,3,1,Bosque de mangle,Bosque y vegetación natural,vegetacion_humeda_mixta,0,0,0,0,none,Senal compatible con manglar,0,0,False,True,False,0.7306333285840758,0.9636628309113238,0.37114068966053376,0.7698878166607483,1,0,0,1,media,Revisar en control de calidad temático/espectral,rareza_espectral_por_clase_anio,1,1,Auditoría espectral preliminar SRC15 2021,Alerta exploratoria; no constituye validación temática definitiva
1957,S2SR_SRC15_PAN_2021_000005962,SRC15_0001957,PAN_FCL_0007657,SRC15_PAN_2021__XY__5300162771eb,SRC15_PAN_2021__XYY__ddd5bc73789b,SRC15_PAN_2021__XYC__8f6ddf7cea33,-82.184881,8.294776,Panamá,PAN,MIAMBIENTE - Cultivos Mapa Panamá,15,2021,2,1,Bosque latifoliado mixto secundario,Bosque y vegetación natural,1,12,2021.0,2021.0,9,3,28,2.3333333333333335,2.5,4.0,4.944444444444445,0.5967484192894392,0.6224437097483473,0.4468536661981862,0.6812920592193807,0.6302808466803012,0.6589401485293009,0.4899420887436754,0.7036295369211515,0.3986521692994571,0.4195462478184991,0.3167724655812588,0.4440908126458731,1,1,1,2,Bosque latifoliado mixto secundario,1,Bosque y vegetación natural,0,0,0,0,Panamá,PAN,MIAMBIENTE - Cultivos Mapa Panamá,15,2021,2,1,Bosque latifoliado mixto secundario,Bosque y vegetación natural,vegetacion_forestal_esperada,0,0,0,0,none,Senal compatible con bosque o plantacion forestal,0,0,False,True,True,0.7156951618451342,0.9456522260291946,0.46775220877215595,0.7284626845622189,1,0,0,1,media,Revisar en control de calidad temático/espectral,rareza_espectral_por_clase_anio,1,1,Auditoría espectral preliminar SRC15 2021,Alerta exploratoria; no constituye validación temática definitiva
2014,S2SR_SRC15_PAN_2021_000007227,SRC15_0002014,PAN_FCL_0007912,SRC15_PAN_2021__XY__4e9f3ae0b3e5,SRC15_PAN_2021__XYY__5205a353dd95,SRC15_PAN_2021__XYC__6a9d7dfed6fa,-82.125872,8.297208,Panamá,PAN,MIAMBIENTE - Cultivos Mapa Panamá,15,2021,2,1,Bosque latifoliado mixto secundario,Bosque y vegetación natural,1,12,2021.0,2021.0,9,3,22,1.8333333333333333,1.5,2.0,5.944444444444445,0.678403621844191,0.6878677812156915,0.5299564270152507,0.8232348194167141,0.7078104301585417,0.7157180901319856,0.569402228976697,0.8381613768829106,0.4818212481581738,0.5013691174328664,0.3720106288751107,0.5821346517026933,1,1,1,2,Bosque latifoliado mixto secundario,1,Bosque y vegetación natural,0,0,0,0,Panamá,PAN,MIAMBIENTE - Cultivos Mapa Panamá,15,2021,2,1,Bosque latifoliado mixto secundario,Bosque y vegetación natural,vegetacion_forestal_esperada,0,0,0,0,none,Senal compatible con bosque o plantacion forestal,0,0,False,True,False,0.7156951618451342,0.9456522260291946,0.46775220877215595,0.7284626845622189,1,0,0,1,media,Revisar en control de calidad temático/espectral,rareza_espectral_por_clase_anio,1,1,Auditoría espectral preliminar SRC15 2021,Alerta exploratoria; no constituye validación temática definitiva
2015,S2SR_SRC15_PAN_2021_000007324,SRC15_0002015,PAN_FCL_0007914,SRC15_PAN_2021__XY__c0f0dc39f9c3,SRC15_PAN_2021__XYY__146d8af71806,SRC15_PAN_2021__XYC__fb163f86eb95,-82.121333,8.297221,Panamá,PAN,MIAMBIENTE - Cultivos Mapa Panamá,15,2021,26,3,Pasto,Pasto,1,12,2021.0,2021.0,8,4,22,1.8333333333333333,1.5,2.5,10.3125,0.36837574770743475,0.3818871006585024,0.214535666218035,0.5368369351669942,0.40058016997577045,0.4171497823112036,0.2554223016075529,0.5723356009070295,0.24809082112209352,0.2643329278443308,0.1571025399811853,0.3293711656441717,1,1,1,26,Pasto,3,Pasto,0,0,0,0,Panamá,PAN,MIAMBIENTE - Cultivos Mapa Panamá,15,2021,26,3,Pasto,Pasto,vegetacion_herbacea_estacional,0,0,0,0,none,Senal compatible con pasto,0,0,False,True,True,0.4252056828884969,0.9411504739649379,0.27553044066185495,0.6659670380747192,1,0,0,1,media,Revisar en control de calidad temático/espectral,rareza_espectral_por_clase_anio,1,1,Auditoría espectral preliminar SRC15 2021,Alerta exploratoria; no constituye validación temática definitiva
2030,S2SR_SRC15_PAN_2021_000010096,SRC15_0002030,PAN_FCL_0007973,SRC15_PAN_2021__XY__e26cbf2cea61,SRC15_PAN_2021__XYY__99b4d9981491,SRC15_PAN_2021__XYC__d64db83ea3c4,-81.987408,8.297575,Panamá,PAN,MIAMBIENTE - Cultivos Mapa Panamá,15,2021,26,3,Pasto,Pasto,1,12,2021.0,2021.0,11,1,24,2.0,1.5,4.5,9.363636363636363,0.36680406858647036,0.3078369905956112,0.1815017404276479,0.6258115286248279,0.40142520074241933,0.3544129777288974,0.2322761194029851,0.654056020371044,0.25111827166800543,0.2262882748319641,0.1506968641114982,0.4418899635325829,1,1,1,26,Pasto,3,Pasto,0,0,0,0,Panamá,PAN,MIAMBIENTE - Cultivos Mapa Panamá,15,2021,26,3,Pasto,Pasto,vegetacion_herbacea_estacional,0,0,0,0,none,Senal compatible con pasto,0,0,False,True,True,0.4252056828884969,0.9411504739649379,0.27553044066185495,0.6659670380747192,1,0,0,1,media,Revisar en control de calidad temático/espectral,rareza_espectral_por_clase_anio,1,1,Auditoría espectral preliminar SRC15 2021,Alerta exploratoria; no constituye validación temática definitiva
2057,S2SR_SRC15_PAN_2021_000002543,SRC15_0002057,PAN_FCL_0008071,SRC15_PAN_2021__XY__0a422441d9ee,SRC15_PAN_2021__XYY__31d02336578d,SRC15_PAN_2021__XYC__69b8716d90c1,-82.364204,8.298724,Panamá,PAN,MIAMBIENTE - Cultivos Mapa Panamá,15,2021,3,1,Bosque de mangle,Bosque y vegetación natural,1,12,2021.0,2021.0,8,4,26,2.1666666666666665,1.5,6.25,6.875,0.5017501186330349,0.5168435423418837,0.2806324110671936,0.6537708185192674,0.5582232500773473,0.5626832829626718,0.4032786885245902,0.6709299943084803,0.33062726086028904,0.3412979936564271,0.2334293948126801,0.4156302521008403,1,1,1,3,Bosque de mangle,1,Bosque y vegetación natural,0,0,0,0,Panamá,PAN,MIAMBIENTE - Cultivos Mapa Panamá,15,2021,3,1,Bosque de mangle,Bosque y vegetación natural,vegetacion_humeda_mixta,0,0,0,0,none,Senal compatible con manglar,0,0,False,True,True,0.7306333285840758,0.9636628309113238,0.37114068966053376,0.7698878166607483,1,0,0,1,media,Revisar en control de calidad temático/espectral,rareza_espectral_por_clase_anio,1,1,Auditoría espectral preliminar SRC15 2021,Alerta exploratoria; no constituye validación temática definitiva
2060,S2SR_SRC15_PAN_2021_000002906,SRC15_0002060,PAN_FCL_0008079,SRC15_PAN_2021__XY__9ef1598bc078,SRC15_PAN_2021__XYY__adf6d58f840c,SRC15_PAN_2021__XYC__ac21db3eb52f,-82.346047,8.298786,Panamá,PAN,MIAMBIENTE - Cultivos Mapa Panamá,15,2021,3,1,Bosque de mangle,Bosque y vegetación natural,1,12,2021.0,2021.0,10,2,29,2.4166666666666665,2.0,8.0,11.45,0.65732203853089,0.6622016320560382,0.5080475857242827,0.7415557104682234,0.6853722902441308,0.6824377508413668,0.5790419161676646,0.7537261757849992,0.4157094961773778,0.40589372654397626,0.3485750996085281,0.5179422038742458,1,1,1,3,Bosque de mangle,1,Bosque y vegetación natural,0,0,0,0,Panamá,PAN,MIAMBIENTE - Cultivos Mapa Panamá,15,2021,3,1,Bosque de mangle,Bosque y vegetación natural,vegetacion_humeda_mixta,0,0,0,0,none,Senal compatible con manglar,0,0,False,True,False,0.7306333285840758,0.9636628309113238,0.37114068966053376,0.7698878166607483,1,0,0,1,media,Revisar en control de calidad temático/espectral,rareza_espectral_por_clase_anio,1,1,Auditoría espectral preliminar SRC15 2021,Alerta exploratoria; no constituye validación temática definitiva
2128,S2SR_SRC15_PAN_2021_000007079,SRC15_0002128,PAN_FCL_0008381,SRC15_PAN_2021__XY__d2d20bb8a856,SRC15_PAN_2021__XYY__99e5395dc701,SRC15_PAN_2021__XYC__eba78aafde55,-82.132695,8.30171,Panamá,PAN,MIAMBIENTE - Cultivos Mapa Panamá,15,2021,2,1,Bosque latifoliado mixto secundario,Bosque y vegetación natural,1,12,2021.0,2021.0,9,3,23,1.9166666666666667,1.5,4.0,8.166666666666666,0.6799792658130388,0.6537102473498234,0.598193057536852,0.751861718798972,0.705019890316634,0.6866228459761948,0.6208211801660309,0.7729492810087129,0.46455798530789433,0.4906578740775631,0.3964817320703653,0.517246887963321,1,1,1,2,Bosque latifoliado mixto secundario,1,Bosque y vegetación natural,0,0,0,0,Panamá,PAN,MIAMBIENTE - Cultivos Mapa Panamá,15,2021,2,1,Bosque latifoliado mixto secundario,Bosque y vegetación natural,vegetacion_forestal_esperada,0,0,0,0,none,Senal compatible con bosque o plantacion forestal,0,0,False,True,False,0.7156951618451342,0.9456522260291946,0.46775220877215595,0.7284626845622189,1,0,0,1,media,Revisar en control de calidad temático/espectral,rareza_espectral_por_clase_anio,1,1,Auditoría espectral preliminar SRC15 2021,Alerta exploratoria; no constituye validación temática definitiva
2181,S2SR_SRC15_PAN_2021_000003390,SRC15_0002181,PAN_FCL_0008561,SRC15_PAN_2021__XY__80f7da1059a7,SRC15_PAN_2021__XYY__553cd740480f,SRC15_PAN_2021__XYC__c9352c7cfc51,-82.321095,8.303391,Panamá,PAN,MIAMBIENTE - Cultivos Mapa Panamá,15,2021,3,1,Bosque de mangle,Bosque y vegetación natural,1,12,2021.0,2021.0,9,3,26,2.1666666666666665,2.0,5.5,6.0,0.708049030237511,0.7212444870060561,0.622615331252168,0.767175572519084,0.7272038543714127,0.7377236920800806,0.6440955184821721,0.7892918825561311,0.4264733056716097,0.4294273164387901,0.3693215339233037,0.4846660934365148,1,1,1,3,Bosque de mangle,1,Bosque y vegetación natural,0,0,0,0,Panamá,PAN,MIAMBIENTE - Cultivos Mapa Panamá,15,2021,3,1,Bosque de mangle,Bosque y vegetación natural,vegetacion_humeda_mixta,0,0,0,0,none,Senal compatible con manglar,0,0,False,True,False,0.7306333285840758,0.9636628309113238,0.37114068966053376,0.7698878166607483,1,0,0,1,media,Revisar en control de calidad temático/espectral,rareza_espectral_por_clase_anio,1,1,Auditoría espectral preliminar SRC15 2021,Alerta exploratoria; no constituye validación temática definitiva
2296,S2SR_SRC15_PAN_2021_000003081,SRC15_0002296,PAN_FCL_0009036,SRC15_PAN_2021__XY__c572d951727d,SRC15_PAN_2021__XYY__a8ad57ca00c7,SRC15_PAN_2021__XYC__42fce414d8ff,-82.336999,8.307859,Panamá,PAN,MIAMBIENTE - Cultivos Mapa Panamá,15,2021,3,1,Bosque de mangle,Bosque y vegetación natural,1,12,2021.0,2021.0,9,3,27,2.25,2.0,7.0,7.944444444444445,0.6233960999414568,0.6266907123534716,0.5321637426900584,0.7351611689517901,0.6502281394048572,0.625130890052356,0.5164835164835164,0.7874382151804455,0.421336033727777,0.4271264367816092,0.2556869881710646,0.5444704773167779,1,1,1,3,Bosque de mangle,1,Bosque y vegetación natural,0,0,0,0,Panamá,PAN,MIAMBIENTE - Cultivos Mapa Panamá,15,2021,3,1,Bosque de mangle,Bosque y vegetación natural,vegetacion_humeda_mixta,0,0,0,0,none,Senal compatible con manglar,0,0,False,True,False,0.7306333285840758,0.9636628309113238,0.37114068966053376,0.7698878166607483,1,0,0,1,media,Revisar en control de calidad temático/espectral,rareza_espectral_por_clase_anio,1,1,Auditoría espectral preliminar SRC15 2021,Alerta exploratoria; no constituye validación temática definitiva
2314,S2SR_SRC15_PAN_2021_000007323,SRC15_0002314,PAN_FCL_0009111,SRC15_PAN_2021__XY__7cadddd4aa0d,SRC15_PAN_2021__XYY__1057b9b64938,SRC15_PAN_2021__XYC__1960a42484db,-82.121365,8.308525,Panamá,PAN,MIAMBIENTE - Cultivos Mapa Panamá,15,2021,8,1,Bosque plantado de latifoliadas,Bosque y vegetación natural,1,12,2021.0,2021.0,9,3,22,1.8333333333333333,2.0,5.5,7.388888888888889,0.5052333991266865,0.5310678794732203,0.2771815212319178,0.6862190812720849,0.5396002255395266,0.5685572687224669,0.3209118807540552,0.7043285238623752,0.3311582983025262,0.3599709159342187,0.1970245275432247,0.4266072092159048,1,1,1,8,Bosque plantado de latifoliadas,1,Bosque y vegetación natural,0,0,0,0,Panamá,PAN,MIAMBIENTE - Cultivos Mapa Panamá,15,2021,8,1,Bosque plantado de latifoliadas,Bosque y vegetación natural,vegetacion_forestal_esperada,0,0,0,0,none,Senal compatible con bosque o plantacion forestal,0,0,False,True,False,0.5494441783136137,0.9919102667301891,0.28936788450146167,0.751324151319606,1,0,0,1,media,Revisar en control de calidad temático/espectral,rareza_espectral_por_clase_anio,1,1,Auditoría espectral preliminar SRC15 2021,Alerta exploratoria; no constituye validación temática definitiva
2349,S2SR_SRC15_PAN_2021_000002720,SRC15_0002349,PAN_FCL_0009277,SRC15_PAN_2021__XY__75636522aeb9,SRC15_PAN_2021__XYY__986b08b61976,SRC15_PAN_2021__XYC__0a30b1539ad3,-82.355164,8.310059,Panamá,PAN,MIAMBIENTE - Cultivos Mapa Panamá,15,2021,3,1,Bosque de mangle,Bosque y vegetación natural,1,12,2021.0,2021.0,8,4,27,2.25,2.0,5.25,6.625,0.7268311006508639,0.7277034091745822,0.5897570210580523,0.794455258929675,0.7513370593843879,0.7519070187796923,0.6207271816077631,0.8146069187665249,0.4455224399043508,0.4466970592521107,0.3700317114521385,0.4936875763644452,1,1,1,3,Bosque de mangle,1,Bosque y vegetación natural,0,0,0,0,Panamá,PAN,MIAMBIENTE - Cultivos Mapa Panamá,15,2021,3,1,Bosque de mangle,Bosque y vegetación natural,vegetacion_humeda_mixta,0,0,0,0,none,Senal compatible con manglar,0,0,False,True,False,0.7306333285840758,0.9636628309113238,0.37114068966053376,0.7698878166607483,1,0,0,1,media,Revisar en control de calidad temático/espectral,rareza_espectral_por_clase_anio,1,1,Auditoría espectral preliminar SRC15 2021,Alerta exploratoria; no constituye validación temática definitiva
2429,S2SR_SRC15_PAN_2021_000006201,SRC15_0002429,PAN_FCL_0009587,SRC15_PAN_2021__XY__1f217c51b965,SRC15_PAN_2021__XYY__e76ab7b1e488,SRC15_PAN_2021__XYC__c9311c5641ed,-82.173586,8.312897,Panamá,PAN,MIAMBIENTE - Cultivos Mapa Panamá,15,2021,2,1,Bosque latifoliado mixto secundario,Bosque y vegetación natural,1,12,2021.0,2021.0,10,2,26,2.1666666666666665,2.0,3.0,5.8,0.6715660090796889,0.7150383061926882,0.4350306359602788,0.7731843575418993,0.7007647915615183,0.7468926837956797,0.4832850241545893,0.7961847389558232,0.46922746988013425,0.4874334401231082,0.3207157604955264,0.5412979351032449,1,1,1,2,Bosque latifoliado mixto secundario,1,Bosque y vegetación natural,0,0,0,0,Panamá,PAN,MIAMBIENTE - Cultivos Mapa Panamá,15,2021,2,1,Bosque latifoliado mixto secundario,Bosque y vegetación natural,vegetacion_forestal_esperada,0,0,0,0,none,Senal compatible con bosque o plantacion forestal,0,0,False,True,False,0.7156951618451342,0.9456522260291946,0.46775220877215595,0.7284626845622189,1,0,0,1,media,Revisar en control de calidad temático/espectral,rareza_espectral_por_clase_anio,1,1,Auditoría espectral preliminar SRC15 2021,Alerta exploratoria; no constituye validación temática definitiva
2435,S2SR_SRC15_PAN_2021_000007322,SRC15_0002435,PAN_FCL_0009610,SRC15_PAN_2021__XY__9767df182be9,SRC15_PAN_2021__XYY__296971221727,SRC15_PAN_2021__XYC__f843fc84159e,-82.121378,8.313047,Panamá,PAN,MIAMBIENTE - Cultivos Mapa Panamá,15,2021,26,3,Pasto,Pasto,1,12,2021.0,2021.0,9,3,20,1.6666666666666667,1.5,5.5,7.611111111111111,0.33942972792715065,0.4142663934358135,0.155680224403927,0.4614055299539171,0.367120860117594,0.4494356636608658,0.1758263250537845,0.491156462585034,0.21072726577655165,0.2542915999084458,0.06840022611645,0.2816785065256897,1,1,1,26,Pasto,3,Pasto,0,0,0,0,Panamá,PAN,MIAMBIENTE - Cultivos Mapa Panamá,15,2021,26,3,Pasto,Pasto,vegetacion_herbacea_estacional,0,0,0,0,none,Senal compatible con pasto,0,0,False,True,True,0.4252056828884969,0.9411504739649379,0.27553044066185495,0.6659670380747192,1,0,0,1,media,Revisar en control de calidad temático/espectral,rareza_espectral_por_clase_anio,1,1,Auditoría espectral preliminar SRC15 2021,Alerta exploratoria; no constituye validación temática definitiva
2447,S2SR_SRC15_PAN_2021_000009565,SRC15_0002447,PAN_FCL_0009658,SRC15_PAN_2021__XY__a1cfd53fff61,SRC15_PAN_2021__XYY__4ec0f9000fa0,SRC15_PAN_2021__XYC__97a14bce679c,-82.012418,8.313339,Panamá,PAN,MIAMBIENTE - Cultivos Mapa Panamá,15,2021,9,1,Rastrojo y vegetación arbustiva,Bosque y vegetación natural,1,12,2021.0,2021.0,10,2,25,2.0833333333333335,2.0,5.25,8.95,0.6174030473738935,0.606768794776981,0.3874758283747048,0.8717131535087128,0.6433562147291726,0.6369486406145884,0.4302273508235691,0.8781478706222475,0.39267311618397177,0.38280086767095084,0.2413050035989594,0.6159786917504352,1,1,1,9,Rastrojo y vegetación arbustiva,1,Bosque y vegetación natural,0,0,0,0,Panamá,PAN,MIAMBIENTE - Cultivos Mapa Panamá,15,2021,9,1,Rastrojo y vegetación arbustiva,Bosque y vegetación natural,vegetacion_natural_baja,0,0,0,0,none,Senal compatible con arbustos,0,0,False,True,True,0.617925271847997,0.9511712918895013,0.4049992993142226,0.6939244937723441,1,0,0,1,media,Revisar en control de calidad temático/espectral,rareza_espectral_por_clase_anio,1,1,Auditoría espectral preliminar SRC15 2021,Alerta exploratoria; no constituye validación temática definitiva
2491,S2SR_SRC15_PAN_2021_000007224,SRC15_0002491,PAN_FCL_0009857,SRC15_PAN_2021__XY__bddb4a8a2793,SRC15_PAN_2021__XYY__7c2fef1b8262,SRC15_PAN_2021__XYC__d895b86783a5,-82.125924,8.315295,Panamá,PAN,MIAMBIENTE - Cultivos Mapa Panamá,15,2021,8,1,Bosque plantado de latifoliadas,Bosque y vegetación natural,1,12,2021.0,2021.0,7,5,18,1.5,1.0,3.0,12.642857142857142,0.511662658645213,0.4615142576994792,0.3810637054354179,0.703567989893551,0.5502892058875353,0.5067999037181774,0.4320193081255029,0.7389949954346391,0.34846150436684437,0.3052391799544419,0.2598540145985401,0.4743967357332357,1,1,1,8,Bosque plantado de latifoliadas,1,Bosque y vegetación natural,0,0,0,0,Panamá,PAN,MIAMBIENTE - Cultivos Mapa Panamá,15,2021,8,1,Bosque plantado de latifoliadas,Bosque y vegetación natural,vegetacion_forestal_esperada,0,0,0,0,none,Senal compatible con bosque o plantacion forestal,0,0,False,True,False,0.5494441783136137,0.9919102667301891,0.28936788450146167,0.751324151319606,1,0,0,1,media,Revisar en control de calidad temático/espectral,rareza_espectral_por_clase_anio,1,1,Auditoría espectral preliminar SRC15 2021,Alerta exploratoria; no constituye validación temática definitiva
2540,S2SR_SRC15_PAN_2021_000003218,SRC15_0002540,PAN_FCL_0010036,SRC15_PAN_2021__XY__ceec6bca8532,SRC15_PAN_2021__XYY__65ad08e95f5e,SRC15_PAN_2021__XYC__d129f2f65231,-82.33022,8.316925,Panamá,PAN,MIAMBIENTE - Cultivos Mapa Panamá,15,2021,3,1,Bosque de mangle,Bosque y vegetación natural,1,12,2021.0,2021.0,9,3,26,2.1666666666666665,1.5,8.0,9.555555555555555,0.6376974331853692,0.6417233560090703,0.5580601092896175,0.7391747325522159,0.6993266244584905,0.6977745872218234,0.6189349112426036,0.806060606060606,0.4978019539442032,0.4842280022136137,0.4306733320726876,0.5793251974156496,1,1,1,3,Bosque de mangle,1,Bosque y vegetación natural,0,0,0,0,Panamá,PAN,MIAMBIENTE - Cultivos Mapa Panamá,15,2021,3,1,Bosque de mangle,Bosque y vegetación natural,vegetacion_humeda_mixta,0,0,0,0,none,Senal compatible con manglar,0,0,False,True,False,0.7306333285840758,0.9636628309113238,0.37114068966053376,0.7698878166607483,1,0,0,1,media,Revisar en control de calidad temático/espectral,rareza_espectral_por_clase_anio,1,1,Auditoría espectral preliminar SRC15 2021,Alerta exploratoria; no constituye validación temática definitiva
2584,S2SR_SRC15_PAN_2021_000001595,SRC15_0002584,PAN_FCL_0010255,SRC15_PAN_2021__XY__31b4346bf35e,SRC15_PAN_2021__XYY__58230aff6123,SRC15_PAN_2021__XYC__4014e3f4b970,-82.411939,8.318904,Panamá,PAN,MIAMBIENTE - Cultivos Mapa Panamá,15,2021,3,1,Bosque de mangle,Bosque y vegetación natural,1,12,2021.0,2021.0,11,1,23,1.9166666666666667,1.5,12.0,14.863636363636363,0.6732394945078197,0.6706287487507285,0.3862508858965272,0.8243412797992472,0.711260469217993,0.7304556354916066,0.5283224400871459,0.8147331274812528,0.5516932893753613,0.5707420153973195,0.4382368016401846,0.6216003153330705,1,1,1,3,Bosque de mangle,1,Bosque y vegetación natural,0,0,0,0,Panamá,PAN,MIAMBIENTE - Cultivos Mapa Panamá,15,2021,3,1,Bosque de mangle,Bosque y vegetación natural,vegetacion_humeda_mixta,0,0,0,0,none,Senal compatible con manglar,0,0,False,True,False,0.7306333285840758,0.9636628309113238,0.37114068966053376,0.7698878166607483,1,0,0,1,media,Revisar en control de calidad temático/espectral,rareza_espectral_por_clase_anio,1,1,Auditoría espectral preliminar SRC15 2021,Alerta exploratoria; no constituye validación temática definitiva
2589,S2SR_SRC15_PAN_2021_000002272,SRC15_0002589,PAN_FCL_0010270,SRC15_PAN_2021__XY__62b3284e1f88,SRC15_PAN_2021__XYY__0b9fa459b0f0,SRC15_PAN_2021__XYC__d2fdaaf31ea4,-82.377893,8.319024,Panamá,PAN,MIAMBIENTE - Cultivos Mapa Panamá,15,2021,3,1,Bosque de mangle,Bosque y vegetación natural,1,12,2021.0,2021.0,7,5,23,1.9166666666666667,1.5,10.5,9.071428571428571,0.39125684419217543,0.4366534483981844,0.1929382093316519,0.4971116629684026,0.4848513945992044,0.5166000571260214,0.3509127789046653,0.5572772551189817,0.34933311887129187,0.3660619195458081,0.2758620689655173,0.4183467741935484,1,1,1,3,Bosque de mangle,1,Bosque y vegetación natural,0,0,0,0,Panamá,PAN,MIAMBIENTE - Cultivos Mapa Panamá,15,2021,3,1,Bosque de mangle,Bosque y vegetación natural,vegetacion_humeda_mixta,0,0,0,0,none,Senal compatible con manglar,0,0,False,True,True,0.7306333285840758,0.9636628309113238,0.37114068966053376,0.7698878166607483,1,0,0,1,media,Revisar en control de calidad temático/espectral,rareza_espectral_por_clase_anio,1,1,Auditoría espectral preliminar SRC15 2021,Alerta exploratoria; no constituye validación temática definitiva
2661,S2SR_SRC15_PAN_2021_000003884,SRC15_0002661,PAN_FCL_0010539,SRC15_PAN_2021__XY__6fbc5a45027a,SRC15_PAN_2021__XYY__7d3b553e3c7d,SRC15_PAN_2021__XYC__3d4a3b9765e0,-82.293918,8.321567,Panamá,PAN,MIAMBIENTE - Cultivos Mapa Panamá,15,2021,3,1,Bosque de mangle,Bosque y vegetación natural,1,12,2021.0,2021.0,10,2,25,2.0833333333333335,2.0,8.0,13.35,0.6299059204219037,0.6157411347297888,0.5260791366906475,0.7234242709313263,0.6767354416087117,0.6719545698438654,0.4903288201160542,0.7861040378319388,0.44139479631109946,0.43121145178646014,0.3388357949609036,0.5440251572327044,1,1,1,3,Bosque de mangle,1,Bosque y vegetación natural,0,0,0,0,Panamá,PAN,MIAMBIENTE - Cultivos Mapa Panamá,15,2021,3,1,Bosque de mangle,Bosque y vegetación natural,vegetacion_humeda_mixta,0,0,0,0,none,Senal compatible con manglar,0,0,False,True,False,0.7306333285840758,0.9636628309113238,0.37114068966053376,0.7698878166607483,1,0,0,1,media,Revisar en control de calidad temático/espectral,rareza_espectral_por_clase_anio,1,1,Auditoría espectral preliminar SRC15 2021,Alerta exploratoria; no constituye validación temática definitiva
2675,S2SR_SRC15_PAN_2021_000007698,SRC15_0002675,PAN_FCL_0010609,SRC15_PAN_2021__XY__5bc57a3d67d4,SRC15_PAN_2021__XYY__3ed784b450f4,SRC15_PAN_2021__XYC__0bfb39f182bf,-82.103243,8.322142,Panamá,PAN,MIAMBIENTE - Cultivos Mapa Panamá,15,2021,16,2,Palma aceitera,Cultivos,1,12,2021.0,2021.0,9,3,25,2.0833333333333335,2.0,11.0,10.61111111111111,0.6553429158491147,0.6387370977534912,0.4821040082038893,0.8234769687964338,0.6761757425263663,0.6686533320449641,0.5142435688251707,0.8302857142857143,0.48004340259635536,0.4906757537573792,0.3402061117632119,0.6312706900942194,1,1,1,16,Palma aceitera,2,Cultivos,0,0,0,0,Panamá,PAN,MIAMBIENTE - Cultivos Mapa Panamá,15,2021,16,2,Palma aceitera,Cultivos,vegetacion_agricola_variable,0,0,0,0,none,Senal compatible con palma aceitera,0,0,False,True,False,0.717724680527742,0.9814566350820637,0.45011941830504815,0.8560503909228345,1,0,0,1,media,Revisar en control de calidad temático/espectral,rareza_espectral_por_clase_anio,1,1,Auditoría espectral preliminar SRC15 2021,Alerta exploratoria; no constituye validación temática definitiva
2679,S2SR_SRC15_PAN_2021_000008069,SRC15_0002679,PAN_FCL_0010617,SRC15_PAN_2021__XY__c371c88733ed,SRC15_PAN_2021__XYY__8b29642f3f8d,SRC15_PAN_2021__XYC__4cf586bc82dd,-82.085083,8.322192,Panamá,PAN,MIAMBIENTE - Cultivos Mapa Panamá,15,2021,26,3,Pasto,Pasto,1,12,2021.0,2021.0,9,3,26,2.1666666666666665,2.0,3.0,8.666666666666666,0.3951011224520966,0.4001602694512909,0.2912225761887088,0.5004484304932736,0.44252866355469656,0.4479341985836157,0.3362188734439825,0.5362198168193172,0.2606387671447681,0.2673792831045719,0.1653117899922566,0.3294901819491982,1,1,1,26,Pasto,3,Pasto,0,0,0,0,Panamá,PAN,MIAMBIENTE - Cultivos Mapa Panamá,15,2021,26,3,Pasto,Pasto,vegetacion_herbacea_estacional,0,0,0,0,none,Senal compatible con pasto,0,0,False,True,True,0.4252056828884969,0.9411504739649379,0.27553044066185495,0.6659670380747192,1,0,0,1,media,Revisar en control de calidad temático/espectral,rareza_espectral_por_clase_anio,1,1,Auditoría espectral preliminar SRC15 2021,Alerta exploratoria; no constituye validación temática definitiva
2690,S2SR_SRC15_PAN_2021_000011352,SRC15_0002690,PAN_FCL_0010685,SRC15_PAN_2021__XY__b62eab1ff4f8,SRC15_PAN_2021__XYY__cc282405a660,SRC15_PAN_2021__XYC__e4519cddf852,-81.930717,8.322583,Panamá,PAN,MIAMBIENTE - Cultivos Mapa Panamá,15,2021,9,1,Rastrojo y vegetación arbustiva,Bosque y vegetación natural,1,12,2021.0,2021.0,11,1,26,2.1666666666666665,1.5,5.0,8.272727272727273,0.8913999147899812,0.9106149895456658,0.7558316982777414,0.9223261271358832,0.9006894964784871,0.9147110352502408,0.7831978319783197,0.927664592150029,0.694617817323718,0.7066666666666666,0.6082402234636871,0.7431290400608324,1,1,1,9,Rastrojo y vegetación arbustiva,1,Bosque y vegetación natural,0,0,0,0,Panamá,PAN,MIAMBIENTE - Cultivos Mapa Panamá,15,2021,9,1,Rastrojo y vegetación arbustiva,Bosque y vegetación natural,vegetacion_natural_baja,0,0,0,0,medium,Arbustos con senal baja o excepcionalmente alta,0,1,True,False,True,0.617925271847997,0.9511712918895013,0.4049992993142226,0.6939244937723441,1,0,0,2,media,Revisar en control de calidad temático/espectral,regla_clase_media: Arbustos con senal baja o excepcionalmente alta,1,1,Auditoría espectral preliminar SRC15 2021,Alerta exploratoria; no constituye validación temática definitiva
2793,S2SR_SRC15_PAN_2021_000007272,SRC15_0002793,PAN_FCL_0011101,SRC15_PAN_2021__XY__92cc48bf6bea,SRC15_PAN_2021__XYY__7d3b747e8bcc,SRC15_PAN_2021__XYC__d699d8e66e8b,-82.123686,8.326606,Panamá,PAN,MIAMBIENTE - Cultivos Mapa Panamá,15,2021,16,2,Palma aceitera,Cultivos,1,12,2021.0,2021.0,8,4,22,1.8333333333333333,2.0,2.5,6.9375,0.6908276129486457,0.7154862172445999,0.4939932601939388,0.8025514110844824,0.7054973411084907,0.7281698593391162,0.5260516350988478,0.8098216528510425,0.4837233491010824,0.4972668615888247,0.3706887876880183,0.5653269321515767,1,1,1,16,Palma aceitera,2,Cultivos,0,0,0,0,Panamá,PAN,MIAMBIENTE - Cultivos Mapa Panamá,15,2021,16,2,Palma aceitera,Cultivos,vegetacion_agricola_variable,0,0,0,0,none,Senal compatible con palma aceitera,0,0,False,True,False,0.717724680527742,0.9814566350820637,0.45011941830504815,0.8560503909228345,1,0,0,1,media,Revisar en control de calidad temático/espectral,rareza_espectral_por_clase_anio,1,1,Auditoría espectral preliminar SRC15 2021,Alerta exploratoria; no constituye validación temática definitiva
2805,S2SR_SRC15_PAN_2021_000009468,SRC15_0002805,PAN_FCL_0011148,SRC15_PAN_2021__XY__37f8dd5dd82e,SRC15_PAN_2021__XYY__6041071e070c,SRC15_PAN_2021__XYC__fb6d0066a80a,-82.016993,8.326894,Panamá,PAN,MIAMBIENTE - Cultivos Mapa Panamá,15,2021,26,3,Pasto,Pasto,1,12,2021.0,2021.0,11,1,27,2.25,2.0,3.0,8.363636363636363,0.32591256593241147,0.3265860281411997,0.1658792642250248,0.43087298613713,0.3782227824077301,0.3811252268602541,0.2181818181818182,0.4757038581856099,0.23968210175901172,0.2392973051460056,0.1255832403670657,0.3424460431654676,1,1,1,26,Pasto,3,Pasto,0,0,0,0,Panamá,PAN,MIAMBIENTE - Cultivos Mapa Panamá,15,2021,26,3,Pasto,Pasto,vegetacion_herbacea_estacional,0,0,0,0,none,Senal compatible con pasto,0,0,False,True,True,0.4252056828884969,0.9411504739649379,0.27553044066185495,0.6659670380747192,1,0,0,1,media,Revisar en control de calidad temático/espectral,rareza_espectral_por_clase_anio,1,1,Auditoría espectral preliminar SRC15 2021,Alerta exploratoria; no constituye validación temática definitiva
2831,S2SR_SRC15_PAN_2021_000003080,SRC15_0002831,PAN_FCL_0011281,SRC15_PAN_2021__XY__3c8300ee0131,SRC15_PAN_2021__XYY__ca7e4b994112,SRC15_PAN_2021__XYC__7610ce241367,-82.337068,8.328206,Panamá,PAN,MIAMBIENTE - Cultivos Mapa Panamá,15,2021,9,1,Rastrojo y vegetación arbustiva,Bosque y vegetación natural,1,12,2021.0,2021.0,8,4,27,2.25,2.0,3.75,5.6875,0.6071802873072145,0.6162607531487405,0.5110228493877736,0.6472026681988456,0.6392233761183751,0.6524135980903718,0.5449119271104098,0.6832131849481031,0.3854518285323226,0.39448805412075755,0.3392695336262098,0.4116673514202188,1,1,1,9,Rastrojo y vegetación arbustiva,1,Bosque y vegetación natural,0,0,0,0,Panamá,PAN,MIAMBIENTE - Cultivos Mapa Panamá,15,2021,9,1,Rastrojo y vegetación arbustiva,Bosque y vegetación natural,vegetacion_natural_baja,0,0,0,0,none,Senal compatible con arbustos,0,0,False,True,True,0.617925271847997,0.9511712918895013,0.4049992993142226,0.6939244937723441,1,0,0,1,media,Revisar en control de calidad temático/espectral,rareza_espectral_por_clase_anio,1,1,Auditoría espectral preliminar SRC15 2021,Alerta exploratoria; no constituye validación temática definitiva
2855,S2SR_SRC15_PAN_2021_000007557,SRC15_0002855,PAN_FCL_0011369,SRC15_PAN_2021__XY__e1884b355956,SRC15_PAN_2021__XYY__854b25168aae,SRC15_PAN_2021__XYC__93aca708ca51,-82.110072,8.328905,Panamá,PAN,MIAMBIENTE - Cultivos Mapa Panamá,15,2021,9,1,Rastrojo y vegetación arbustiva,Bosque y vegetación natural,1,12,2021.0,2021.0,10,2,23,1.9166666666666667,1.0,5.5,7.05,0.5881837260496943,0.6158473094237746,0.4184845005740528,0.6937119675456389,0.6254268824175514,0.6515358849162598,0.478641276376737,0.7270673294170809,0.4091966700476325,0.4295734143563432,0.3118721461187214,0.48021869975998,1,1,1,9,Rastrojo y vegetación arbustiva,1,Bosque y vegetación natural,0,0,0,0,Panamá,PAN,MIAMBIENTE - Cultivos Mapa Panamá,15,2021,9,1,Rastrojo y vegetación arbustiva,Bosque y vegetación natural,vegetacion_natural_baja,0,0,0,0,none,Senal compatible con arbustos,0,0,False,True,False,0.617925271847997,0.9511712918895013,0.4049992993142226,0.6939244937723441,1,0,0,1,media,Revisar en control de calidad temático/espectral,rareza_espectral_por_clase_anio,1,1,Auditoría espectral preliminar SRC15 2021,Alerta exploratoria; no constituye validación temática definitiva
2913,S2SR_SRC15_PAN_2021_000006102,SRC15_0002913,PAN_FCL_0011603,SRC15_PAN_2021__XY__23447c4652a9,SRC15_PAN_2021__XYY__e02601bb1ce7,SRC15_PAN_2021__XYC__2480033e8ef6,-82.17818,8.33097,Panamá,PAN,MIAMBIENTE - Cultivos Mapa Panamá,15,2021,16,2,Palma aceitera,Cultivos,1,12,2021.0,2021.0,9,3,24,2.0,2.0,2.5,2.888888888888889,0.6083704072964247,0.7020616271336731,0.3431989924433249,0.8164668893692276,0.6436445792296257,0.7284299858557285,0.40434037692747,0.8323460779034285,0.40830157216188345,0.4765823398616411,0.2504449529621154,0.5511320468013979,1,1,1,16,Palma aceitera,2,Cultivos,0,0,0,0,Panamá,PAN,MIAMBIENTE - Cultivos Mapa Panamá,15,2021,16,2,Palma aceitera,Cultivos,vegetacion_agricola_variable,0,0,0,0,none,Senal compatible con palma aceitera,0,0,False,True,False,0.717724680527742,0.9814566350820637,0.45011941830504815,0.8560503909228345,1,0,0,1,media,Revisar en control de calidad temático/espectral,rareza_espectral_por_clase_anio,1,1,Auditoría espectral preliminar SRC15 2021,Alerta exploratoria; no constituye validación temática definitiva
2942,S2SR_SRC15_PAN_2021_000000541,SRC15_0002942,PAN_FCL_0011748,SRC15_PAN_2021__XY__94c293e1b468,SRC15_PAN_2021__XYY__32134007d7af,SRC15_PAN_2021__XYC__e2005b8d1647,-82.471002,8.332254,Panamá,PAN,MIAMBIENTE - Cultivos Mapa Panamá,15,2021,26,3,Pasto,Pasto,1,12,2021.0,2021.0,9,3,28,2.3333333333333335,1.5,17.0,17.166666666666668,0.41781378804612995,0.4106281422638448,0.3518821603927987,0.5416802876757111,0.4566096786810399,0.4572546419916888,0.3783494105037514,0.5965467625899281,0.2995624476266067,0.2957922412054263,0.2423882957690787,0.4306343476018567,1,1,1,26,Pasto,3,Pasto,0,0,0,0,Panamá,PAN,MIAMBIENTE - Cultivos Mapa Panamá,15,2021,26,3,Pasto,Pasto,vegetacion_herbacea_estacional,0,0,0,0,none,Senal compatible con pasto,0,0,False,True,False,0.4252056828884969,0.9411504739649379,0.27553044066185495,0.6659670380747192,1,0,0,1,media,Revisar en control de calidad temático/espectral,rareza_espectral_por_clase_anio,1,1,Auditoría espectral preliminar SRC15 2021,Alerta exploratoria; no constituye validación temática definitiva
2957,S2SR_SRC15_PAN_2021_000003079,SRC15_0002957,PAN_FCL_0011807,SRC15_PAN_2021__XY__688159f88e81,SRC15_PAN_2021__XYY__c01693b69a83,SRC15_PAN_2021__XYC__415cf0f1399a,-82.337083,8.332727,Panamá,PAN,MIAMBIENTE - Cultivos Mapa Panamá,15,2021,9,1,Rastrojo y vegetación arbustiva,Bosque y vegetación natural,1,12,2021.0,2021.0,8,4,27,2.25,2.0,3.0,3.5625,0.585040514144884,0.594362717288048,0.4861367837338263,0.68406816337571,0.6190819509429297,0.6340898494427953,0.5110552763819096,0.7133742331288343,0.37761915611622277,0.38160503602531937,0.3089099954771596,0.4503531366846697,1,1,1,9,Rastrojo y vegetación arbustiva,1,Bosque y vegetación natural,0,0,0,0,Panamá,PAN,MIAMBIENTE - Cultivos Mapa Panamá,15,2021,9,1,Rastrojo y vegetación arbustiva,Bosque y vegetación natural,vegetacion_natural_baja,0,0,0,0,none,Senal compatible con arbustos,0,0,False,True,True,0.617925271847997,0.9511712918895013,0.4049992993142226,0.6939244937723441,1,0,0,1,media,Revisar en control de calidad temático/espectral,rareza_espectral_por_clase_anio,1,1,Auditoría espectral preliminar SRC15 2021,Alerta exploratoria; no constituye validación temática definitiva
3009,S2SR_SRC15_PAN_2021_000012214,SRC15_0003009,PAN_FCL_0011994,SRC15_PAN_2021__XY__7d99d22faf58,SRC15_PAN_2021__XYY__ca9089a71102,SRC15_PAN_2021__XYC__391988ec2723,-81.89215,8.333977,Panamá,PAN,MIAMBIENTE - Cultivos Mapa Panamá,15,2021,26,3,Pasto,Pasto,1,12,2021.0,2021.0,11,1,46,3.8333333333333335,2.0,2.0,5.090909090909091,0.2373053913594118,0.2432388629094593,0.1256283059248086,0.433411344611143,0.27143038440671413,0.2504541010867323,0.1416331181806377,0.4683695258857918,0.17507977758187754,0.1742017250326938,0.078039448330413,0.2920204349555549,1,1,1,26,Pasto,3,Pasto,0,0,0,0,Panamá,PAN,MIAMBIENTE - Cultivos Mapa Panamá,15,2021,26,3,Pasto,Pasto,vegetacion_herbacea_estacional,0,0,0,0,medium,Pasto con NDVI bajo o muy alto,0,1,True,True,True,0.4252056828884969,0.9411504739649379,0.27553044066185495,0.6659670380747192,1,0,0,2,media,Revisar en control de calidad temático/espectral,regla_clase_media: Pasto con NDVI bajo o muy alto,1,1,Auditoría espectral preliminar SRC15 2021,Alerta exploratoria; no constituye validación temática definitiva
3040,S2SR_SRC15_PAN_2021_000006055,SRC15_0003040,PAN_FCL_0012132,SRC15_PAN_2021__XY__a380f88cdb30,SRC15_PAN_2021__XYY__4c7de02ec9ce,SRC15_PAN_2021__XYC__25abb0c0bf16,-82.180463,8.335485,Panamá,PAN,MIAMBIENTE - Cultivos Mapa Panamá,15,2021,26,3,Pasto,Pasto,1,12,2021.0,2021.0,9,3,24,2.0,2.0,2.0,5.888888888888889,0.49916080235794463,0.3843137254901961,0.3159155236229044,0.7506912442396314,0.5396191228896562,0.4402852049910873,0.3671701913393756,0.7694929697486154,0.38119845738857044,0.2879397917264284,0.247106375160757,0.5580566497842806,1,1,1,26,Pasto,3,Pasto,0,0,0,0,Panamá,PAN,MIAMBIENTE - Cultivos Mapa Panamá,15,2021,26,3,Pasto,Pasto,vegetacion_herbacea_estacional,0,0,0,0,none,Senal compatible con pasto,0,0,False,True,False,0.4252056828884969,0.9411504739649379,0.27553044066185495,0.6659670380747192,1,0,0,1,media,Revisar en control de calidad temático/espectral,rareza_espectral_por_clase_anio,1,1,Auditoría espectral preliminar SRC15 2021,Alerta exploratoria; no constituye validación temática definitiva
3061,S2SR_SRC15_PAN_2021_000010886,SRC15_0003061,PAN_FCL_0012233,SRC15_PAN_2021__XY__76dba5812bd4,SRC15_PAN_2021__XYY__9fbf33410470,SRC15_PAN_2021__XYC__467b2942836c,-81.951181,8.336101,Panamá,PAN,MIAMBIENTE - Cultivos Mapa Panamá,15,2021,2,1,Bosque latifoliado mixto secundario,Bosque y vegetación natural,1,12,2021.0,2021.0,9,3,20,1.6666666666666667,1.5,4.0,7.888888888888889,0.7162315817780699,0.6857934309457855,0.5539879425485166,0.8565392467102227,0.7357289178484988,0.7075506445672191,0.5937089247098374,0.8710661648030974,0.4999193395570768,0.4607718789635802,0.3726447621697942,0.641059060441537,1,1,1,2,Bosque latifoliado mixto secundario,1,Bosque y vegetación natural,0,0,0,0,Panamá,PAN,MIAMBIENTE - Cultivos Mapa Panamá,15,2021,2,1,Bosque latifoliado mixto secundario,Bosque y vegetación natural,vegetacion_forestal_esperada,0,0,0,0,none,Senal compatible con bosque o plantacion forestal,0,0,False,True,True,0.7156951618451342,0.9456522260291946,0.46775220877215595,0.7284626845622189,1,0,0,1,media,Revisar en control de calidad temático/espectral,rareza_espectral_por_clase_anio,1,1,Auditoría espectral preliminar SRC15 2021,Alerta exploratoria; no constituye validación temática definitiva
3093,S2SR_SRC15_PAN_2021_000004666,SRC15_0003093,PAN_FCL_0012374,SRC15_PAN_2021__XY__ff2fed32cf3d,SRC15_PAN_2021__XYY__080b23d25d91,SRC15_PAN_2021__XYC__a22b5bf0369a,-82.25311,8.337523,Panamá,PAN,MIAMBIENTE - Cultivos Mapa Panamá,15,2021,2,1,Bosque latifoliado mixto secundario,Bosque y vegetación natural,1,12,2021.0,2021.0,8,4,21,1.75,1.5,2.0,4.9375,0.6948647938152445,0.7146415940157435,0.4072305593451569,0.8655462184873951,0.7252577104121173,0.7427287622939327,0.4678505817513779,0.8900721401580212,0.48941619349440685,0.503780472327803,0.3053922821364682,0.6395215467802721,1,1,1,2,Bosque latifoliado mixto secundario,1,Bosque y vegetación natural,0,0,0,0,Panamá,PAN,MIAMBIENTE - Cultivos Mapa Panamá,15,2021,2,1,Bosque latifoliado mixto secundario,Bosque y vegetación natural,vegetacion_forestal_esperada,0,0,0,0,none,Senal compatible con bosque o plantacion forestal,0,0,False,True,False,0.7156951618451342,0.9456522260291946,0.46775220877215595,0.7284626845622189,1,0,0,1,media,Revisar en control de calidad temático/espectral,rareza_espectral_por_clase_anio,1,1,Auditoría espectral preliminar SRC15 2021,Alerta exploratoria; no constituye validación temática definitiva
3111,S2SR_SRC15_PAN_2021_000008297,SRC15_0003111,PAN_FCL_0012444,SRC15_PAN_2021__XY__f13da92eb17c,SRC15_PAN_2021__XYY__b6f5f50b87a8,SRC15_PAN_2021__XYC__4497e856b1cf,-82.073776,8.338049,Panamá,PAN,MIAMBIENTE - Cultivos Mapa Panamá,15,2021,2,1,Bosque latifoliado mixto secundario,Bosque y vegetación natural,1,12,2021.0,2021.0,10,2,28,2.3333333333333335,2.0,4.25,6.0,0.7092560083435602,0.708934465911522,0.5773198083756625,0.821942091786488,0.7295849000125141,0.7242979095763047,0.6134401586866962,0.8379342441015197,0.48031899631268316,0.4789174170228428,0.368616735663669,0.5728405112401769,1,1,1,2,Bosque latifoliado mixto secundario,1,Bosque y vegetación natural,0,0,0,0,Panamá,PAN,MIAMBIENTE - Cultivos Mapa Panamá,15,2021,2,1,Bosque latifoliado mixto secundario,Bosque y vegetación natural,vegetacion_forestal_esperada,0,0,0,0,none,Senal compatible con bosque o plantacion forestal,0,0,False,True,False,0.7156951618451342,0.9456522260291946,0.46775220877215595,0.7284626845622189,1,0,0,1,media,Revisar en control de calidad temático/espectral,rareza_espectral_por_clase_anio,1,1,Auditoría espectral preliminar SRC15 2021,Alerta exploratoria; no constituye validación temática definitiva
3180,S2SR_SRC15_PAN_2021_000008203,SRC15_0003180,PAN_FCL_0012707,SRC15_PAN_2021__XY__dc9c954980da,SRC15_PAN_2021__XYY__c945904e71d7,SRC15_PAN_2021__XYC__a280c121666d,-82.078322,8.340298,Panamá,PAN,MIAMBIENTE - Cultivos Mapa Panamá,15,2021,26,3,Pasto,Pasto,1,12,2021.0,2021.0,8,4,21,1.75,1.0,8.0,11.9375,-0.12232215862722808,-0.038559188249852404,-0.5804195804195804,0.2695214105793451,-0.21224595682283406,-0.18851254957982633,-0.7633289986996099,0.1947194719471946,-0.08914603426222625,0.06647067229229175,-0.7184841453982986,0.3397326203208556,1,1,1,26,Pasto,3,Pasto,0,0,0,0,Panamá,PAN,MIAMBIENTE - Cultivos Mapa Panamá,15,2021,26,3,Pasto,Pasto,vegetacion_herbacea_estacional,0,0,0,0,high,Pasto con NDVI < 0.18,1,0,True,True,True,0.4252056828884969,0.9411504739649379,0.27553044066185495,0.6659670380747192,1,0,0,2,alta,Priorizar revisión temática y espectral,regla_clase_alta: Pasto con NDVI < 0.18,1,1,Auditoría espectral preliminar SRC15 2021,Alerta exploratoria; no constituye validación temática definitiva
3199,S2SR_SRC15_PAN_2021_000001252,SRC15_0003199,PAN_FCL_0012826,SRC15_PAN_2021__XY__1f1c483eedea,SRC15_PAN_2021__XYY__609743787e91,SRC15_PAN_2021__XYC__c61cb4f9649b,-82.430179,8.341446,Panamá,PAN,MIAMBIENTE - Cultivos Mapa Panamá,15,2021,3,1,Bosque de mangle,Bosque y vegetación natural,1,12,2021.0,2021.0,10,2,27,2.25,1.5,7.5,8.7,0.6359898593133766,0.6582427453200754,0.3692191053828658,0.756606222301127,0.6742065268617836,0.6858959383789055,0.4408602150537633,0.7781233799896319,0.4539028186979876,0.4569717649970183,0.3153374233128834,0.5513342379014021,1,1,1,3,Bosque de mangle,1,Bosque y vegetación natural,0,0,0,0,Panamá,PAN,MIAMBIENTE - Cultivos Mapa Panamá,15,2021,3,1,Bosque de mangle,Bosque y vegetación natural,vegetacion_humeda_mixta,0,0,0,0,none,Senal compatible con manglar,0,0,False,True,False,0.7306333285840758,0.9636628309113238,0.37114068966053376,0.7698878166607483,1,0,0,1,media,Revisar en control de calidad temático/espectral,rareza_espectral_por_clase_anio,1,1,Auditoría espectral preliminar SRC15 2021,Alerta exploratoria; no constituye validación temática definitiva
3221,S2SR_SRC15_PAN_2021_000004913,SRC15_0003221,PAN_FCL_0012910,SRC15_PAN_2021__XY__b7eed2a6e09c,SRC15_PAN_2021__XYY__f04b547a2815,SRC15_PAN_2021__XYC__a0962662078c,-82.239505,8.342088,Panamá,PAN,MIAMBIENTE - Cultivos Mapa Panamá,15,2021,8,1,Bosque plantado de latifoliadas,Bosque y vegetación natural,1,12,2021.0,2021.0,8,4,25,2.0833333333333335,2.0,4.0,4.375,0.482551455482292,0.5163188064910458,0.2166067111637628,0.8411033756941111,0.5229662506229842,0.5583402739477491,0.267393126571668,0.856550583346698,0.34355398542899296,0.3580827849833203,0.1780288274250096,0.5828328055499548,1,1,1,8,Bosque plantado de latifoliadas,1,Bosque y vegetación natural,0,0,0,0,Panamá,PAN,MIAMBIENTE - Cultivos Mapa Panamá,15,2021,8,1,Bosque plantado de latifoliadas,Bosque y vegetación natural,vegetacion_forestal_esperada,0,0,0,0,none,Senal compatible con bosque o plantacion forestal,0,0,False,True,False,0.5494441783136137,0.9919102667301891,0.28936788450146167,0.751324151319606,1,0,0,1,media,Revisar en control de calidad temático/espectral,rareza_espectral_por_clase_anio,1,1,Auditoría espectral preliminar SRC15 2021,Alerta exploratoria; no constituye validación temática definitiva
3222,S2SR_SRC15_PAN_2021_000004990,SRC15_0003222,PAN_FCL_0012912,SRC15_PAN_2021__XY__b37c2bc31872,SRC15_PAN_2021__XYY__9ef9ade65693,SRC15_PAN_2021__XYC__3970483e3b55,-82.234965,8.342102,Panamá,PAN,MIAMBIENTE - Cultivos Mapa Panamá,15,2021,8,1,Bosque plantado de latifoliadas,Bosque y vegetación natural,1,12,2021.0,2021.0,8,4,26,2.1666666666666665,2.0,2.0,2.75,0.49167683939530715,0.4827594786249157,0.2900699629059106,0.7864600875715729,0.5339861189938006,0.5181226387990392,0.3479639862343076,0.8115976331360947,0.33955230932564107,0.30609172058006706,0.2296340498002241,0.548765681910158,1,1,1,8,Bosque plantado de latifoliadas,1,Bosque y vegetación natural,0,0,0,0,Panamá,PAN,MIAMBIENTE - Cultivos Mapa Panamá,15,2021,8,1,Bosque plantado de latifoliadas,Bosque y vegetación natural,vegetacion_forestal_esperada,0,0,0,0,none,Senal compatible con bosque o plantacion forestal,0,0,False,True,False,0.5494441783136137,0.9919102667301891,0.28936788450146167,0.751324151319606,1,0,0,1,media,Revisar en control de calidad temático/espectral,rareza_espectral_por_clase_anio,1,1,Auditoría espectral preliminar SRC15 2021,Alerta exploratoria; no constituye validación temática definitiva
3289,S2SR_SRC15_PAN_2021_000003920,SRC15_0003289,PAN_FCL_0013152,SRC15_PAN_2021__XY__8df8f037bf93,SRC15_PAN_2021__XYY__48d89f9a7b72,SRC15_PAN_2021__XYC__7ddca479d0bb,-82.291722,8.344182,Panamá,PAN,MIAMBIENTE - Cultivos Mapa Panamá,15,2021,3,1,Bosque de mangle,Bosque y vegetación natural,1,12,2021.0,2021.0,8,4,24,2.0,2.0,4.5,5.0625,0.7204340704266925,0.7283284483245571,0.6767001114827202,0.7524354210288894,0.7425869612482048,0.7488951033706436,0.7003100241129866,0.7749088488778177,0.42137713488932327,0.4256500384945534,0.3780011166945841,0.4598644098644098,1,1,1,3,Bosque de mangle,1,Bosque y vegetación natural,0,0,0,0,Panamá,PAN,MIAMBIENTE - Cultivos Mapa Panamá,15,2021,3,1,Bosque de mangle,Bosque y vegetación natural,vegetacion_humeda_mixta,0,0,0,0,none,Senal compatible con manglar,0,0,False,True,False,0.7306333285840758,0.9636628309113238,0.37114068966053376,0.7698878166607483,1,0,0,1,media,Revisar en control de calidad temático/espectral,rareza_espectral_por_clase_anio,1,1,Auditoría espectral preliminar SRC15 2021,Alerta exploratoria; no constituye validación temática definitiva
3323,S2SR_SRC15_PAN_2021_000000703,SRC15_0003323,PAN_FCL_0013343,SRC15_PAN_2021__XY__1a5debf4791d,SRC15_PAN_2021__XYY__0a48088562e5,SRC15_PAN_2021__XYC__0c8c1db7ffa4,-82.461973,8.345851,Panamá,PAN,MIAMBIENTE - Cultivos Mapa Panamá,15,2021,3,1,Bosque de mangle,Bosque y vegetación natural,1,12,2021.0,2021.0,9,3,25,2.0833333333333335,1.5,12.0,12.777777777777779,0.5106704873810363,0.5434543454345434,0.3540051162576314,0.5891773069650799,0.5536247494047868,0.5903257650542941,0.371052501358817,0.6321766766993384,0.3814085798881852,0.3978375381203215,0.2576586344582859,0.4524770580636502,1,1,1,3,Bosque de mangle,1,Bosque y vegetación natural,0,0,0,0,Panamá,PAN,MIAMBIENTE - Cultivos Mapa Panamá,15,2021,3,1,Bosque de mangle,Bosque y vegetación natural,vegetacion_humeda_mixta,0,0,0,0,none,Senal compatible con manglar,0,0,False,True,False,0.7306333285840758,0.9636628309113238,0.37114068966053376,0.7698878166607483,1,0,0,1,media,Revisar en control de calidad temático/espectral,rareza_espectral_por_clase_anio,1,1,Auditoría espectral preliminar SRC15 2021,Alerta exploratoria; no constituye validación temática definitiva
3341,S2SR_SRC15_PAN_2021_000004180,SRC15_0003341,PAN_FCL_0013424,SRC15_PAN_2021__XY__0f8f022be9fb,SRC15_PAN_2021__XYY__cbcc8228fcb1,SRC15_PAN_2021__XYC__4b8450e1f943,-82.278109,8.346487,Panamá,PAN,MIAMBIENTE - Cultivos Mapa Panamá,15,2021,3,1,Bosque de mangle,Bosque y vegetación natural,1,12,2021.0,2021.0,8,4,27,2.25,2.5,5.75,5.6875,0.6304657830427937,0.6530009933132686,0.4404096834264432,0.7439068875519923,0.6418475430522331,0.6600260537738469,0.4732690622261174,0.7492523270422571,0.4263824465171238,0.4416688297974193,0.3415802075019952,0.4841881130456582,1,1,1,3,Bosque de mangle,1,Bosque y vegetación natural,0,0,0,0,Panamá,PAN,MIAMBIENTE - Cultivos Mapa Panamá,15,2021,3,1,Bosque de mangle,Bosque y vegetación natural,vegetacion_humeda_mixta,0,0,0,0,none,Senal compatible con manglar,0,0,False,True,False,0.7306333285840758,0.9636628309113238,0.37114068966053376,0.7698878166607483,1,0,0,1,media,Revisar en control de calidad temático/espectral,rareza_espectral_por_clase_anio,1,1,Auditoría espectral preliminar SRC15 2021,Alerta exploratoria; no constituye validación temática definitiva
3400,S2SR_SRC15_PAN_2021_000000620,SRC15_0003400,PAN_FCL_0013612,SRC15_PAN_2021__XY__1a3a9b092850,SRC15_PAN_2021__XYY__17f90d46bdd6,SRC15_PAN_2021__XYC__4292efea8e24,-82.466521,8.348095,Panamá,PAN,MIAMBIENTE - Cultivos Mapa Panamá,15,2021,3,1,Bosque de mangle,Bosque y vegetación natural,1,12,2021.0,2021.0,9,3,19,1.5833333333333333,1.0,12.0,11.833333333333334,0.5428119872636534,0.5638138138138138,0.4073405535499398,0.5977369165487978,0.588756188386496,0.6060606060606061,0.4416099773242631,0.6435076762945615,0.3938248131793109,0.3979591836734694,0.2951362363127069,0.4664499651729742,1,1,1,3,Bosque de mangle,1,Bosque y vegetación natural,0,0,0,0,Panamá,PAN,MIAMBIENTE - Cultivos Mapa Panamá,15,2021,3,1,Bosque de mangle,Bosque y vegetación natural,vegetacion_humeda_mixta,0,0,0,0,none,Senal compatible con manglar,0,0,False,True,False,0.7306333285840758,0.9636628309113238,0.37114068966053376,0.7698878166607483,1,0,0,1,media,Revisar en control de calidad temático/espectral,rareza_espectral_por_clase_anio,1,1,Auditoría espectral preliminar SRC15 2021,Alerta exploratoria; no constituye validación temática definitiva
3413,S2SR_SRC15_PAN_2021_000003039,SRC15_0003413,PAN_FCL_0013668,SRC15_PAN_2021__XY__3fcf0c2d5c0e,SRC15_PAN_2021__XYY__7b842405269c,SRC15_PAN_2021__XYC__b31ef989cdff,-82.339407,8.348545,Panamá,PAN,MIAMBIENTE - Cultivos Mapa Panamá,15,2021,3,1,Bosque de mangle,Bosque y vegetación natural,1,12,2021.0,2021.0,9,3,25,2.0833333333333335,1.5,8.0,8.88888888888889,0.718244358717646,0.7189068600111546,0.5481091431306846,0.8156167979002624,0.7463565648411691,0.7491289198606271,0.5979557069846679,0.8271399072031181,0.5109816534212588,0.5375191424196017,0.4328814206606836,0.5557541899441342,1,1,1,3,Bosque de mangle,1,Bosque y vegetación natural,0,0,0,0,Panamá,PAN,MIAMBIENTE - Cultivos Mapa Panamá,15,2021,3,1,Bosque de mangle,Bosque y vegetación natural,vegetacion_humeda_mixta,0,0,0,0,none,Senal compatible con manglar,0,0,False,True,False,0.7306333285840758,0.9636628309113238,0.37114068966053376,0.7698878166607483,1,0,0,1,media,Revisar en control de calidad temático/espectral,rareza_espectral_por_clase_anio,1,1,Auditoría espectral preliminar SRC15 2021,Alerta exploratoria; no constituye validación temática definitiva
3414,S2SR_SRC15_PAN_2021_000003126,SRC15_0003414,PAN_FCL_0013670,SRC15_PAN_2021__XY__3fabf9ea34a8,SRC15_PAN_2021__XYY__98ef00233df5,SRC15_PAN_2021__XYC__d25a389970fb,-82.334867,8.34856,Panamá,PAN,MIAMBIENTE - Cultivos Mapa Panamá,15,2021,9,1,Rastrojo y vegetación arbustiva,Bosque y vegetación natural,1,12,2021.0,2021.0,9,3,26,2.1666666666666665,2.0,3.0,5.5,0.6244997181364536,0.6189039718451482,0.5669004207573632,0.6686291914750774,0.6572465220859394,0.6502030146281773,0.5998963462036798,0.7017241379310346,0.389345143181675,0.3931949381652389,0.3528673093458297,0.4242424242424242,1,1,1,9,Rastrojo y vegetación arbustiva,1,Bosque y vegetación natural,0,0,0,0,Panamá,PAN,MIAMBIENTE - Cultivos Mapa Panamá,15,2021,9,1,Rastrojo y vegetación arbustiva,Bosque y vegetación natural,vegetacion_natural_baja,0,0,0,0,none,Senal compatible con arbustos,0,0,False,False,True,0.617925271847997,0.9511712918895013,0.4049992993142226,0.6939244937723441,1,0,0,1,media,Revisar en control de calidad temático/espectral,rareza_espectral_por_clase_anio,1,1,Auditoría espectral preliminar SRC15 2021,Alerta exploratoria; no constituye validación temática definitiva
3433,S2SR_SRC15_PAN_2021_000007647,SRC15_0003433,PAN_FCL_0013770,SRC15_PAN_2021__XY__c336cbba014f,SRC15_PAN_2021__XYY__74b058cbaec9,SRC15_PAN_2021__XYC__b334d32a0c8b,-82.105589,8.349266,Panamá,PAN,MIAMBIENTE - Cultivos Mapa Panamá,15,2021,26,3,Pasto,Pasto,1,12,2021.0,2021.0,10,2,26,2.1666666666666665,1.5,2.25,2.7,0.4374496299878771,0.42492075180191,0.1796075085324232,0.6494599040491201,0.48115547622668214,0.4652838755883581,0.2491214369386958,0.6933239722100896,0.30681646099581394,0.2897511836735879,0.1571712787122445,0.4464349461262226,1,1,1,26,Pasto,3,Pasto,0,0,0,0,Panamá,PAN,MIAMBIENTE - Cultivos Mapa Panamá,15,2021,26,3,Pasto,Pasto,vegetacion_herbacea_estacional,0,0,0,0,none,Senal compatible con pasto,0,0,False,True,False,0.4252056828884969,0.9411504739649379,0.27553044066185495,0.6659670380747192,1,0,0,1,media,Revisar en control de calidad temático/espectral,rareza_espectral_por_clase_anio,1,1,Auditoría espectral preliminar SRC15 2021,Alerta exploratoria; no constituye validación temática definitiva
3485,S2SR_SRC15_PAN_2021_000005426,SRC15_0003485,PAN_FCL_0013998,SRC15_PAN_2021__XY__4f3f8603fab7,SRC15_PAN_2021__XYY__0951dcd30d39,SRC15_PAN_2021__XYC__c53032bc4d08,-82.210022,8.351222,Panamá,PAN,MIAMBIENTE - Cultivos Mapa Panamá,15,2021,2,1,Bosque latifoliado mixto secundario,Bosque y vegetación natural,1,12,2021.0,2021.0,9,3,26,2.1666666666666665,2.0,6.0,8.0,0.6933910096818957,0.6916431650734245,0.5537450722733246,0.7991803278688524,0.7264000594852986,0.7296837222991401,0.5929033804842962,0.8236617183985605,0.5196025410331165,0.5227781271646796,0.4043956043956044,0.6074544012688342,1,1,1,2,Bosque latifoliado mixto secundario,1,Bosque y vegetación natural,0,0,0,0,Panamá,PAN,MIAMBIENTE - Cultivos Mapa Panamá,15,2021,2,1,Bosque latifoliado mixto secundario,Bosque y vegetación natural,vegetacion_forestal_esperada,0,0,0,0,none,Senal compatible con bosque o plantacion forestal,0,0,False,True,False,0.7156951618451342,0.9456522260291946,0.46775220877215595,0.7284626845622189,1,0,0,1,media,Revisar en control de calidad temático/espectral,rareza_espectral_por_clase_anio,1,1,Auditoría espectral preliminar SRC15 2021,Alerta exploratoria; no constituye validación temática definitiva
3593,S2SR_SRC15_PAN_2021_000002043,SRC15_0003593,PAN_FCL_0014467,SRC15_PAN_2021__XY__2d25854df0ca,SRC15_PAN_2021__XYY__43e5fe2f703d,SRC15_PAN_2021__XYC__1b734a38ae6d,-82.389369,8.355155,Panamá,PAN,MIAMBIENTE - Cultivos Mapa Panamá,15,2021,26,3,Pasto,Pasto,1,12,2021.0,2021.0,8,4,24,2.0,2.0,7.5,7.5,0.39350743758901197,0.2420322195224631,0.1033996191346541,0.8440910264692827,0.43250816400202446,0.2973267772970041,0.1516344259389968,0.8608725919086665,0.2743772512751378,0.1668267523280614,0.0804448767885063,0.6037620429594012,1,1,1,26,Pasto,3,Pasto,0,0,0,0,Panamá,PAN,MIAMBIENTE - Cultivos Mapa Panamá,15,2021,26,3,Pasto,Pasto,vegetacion_herbacea_estacional,0,0,0,0,medium,Pasto con NDVI bajo o muy alto,0,1,True,True,True,0.4252056828884969,0.9411504739649379,0.27553044066185495,0.6659670380747192,1,0,0,2,media,Revisar en control de calidad temático/espectral,regla_clase_media: Pasto con NDVI bajo o muy alto,1,1,Auditoría espectral preliminar SRC15 2021,Alerta exploratoria; no constituye validación temática definitiva
3604,S2SR_SRC15_PAN_2021_000004179,SRC15_0003604,PAN_FCL_0014516,SRC15_PAN_2021__XY__e1dd797d0af7,SRC15_PAN_2021__XYY__5355e50e7fb8,SRC15_PAN_2021__XYC__7e63880b010e,-82.278139,8.35553,Panamá,PAN,MIAMBIENTE - Cultivos Mapa Panamá,15,2021,2,1,Bosque latifoliado mixto secundario,Bosque y vegetación natural,1,12,2021.0,2021.0,8,4,22,1.8333333333333333,2.0,2.25,4.9375,0.7021965308404727,0.6920615920281834,0.5673024416321667,0.8392084106369819,0.7356389315758182,0.7327028284127963,0.6226651327755712,0.8575732675979183,0.4974787883489502,0.4866808229881324,0.4392691273631274,0.5922851562499999,1,1,1,2,Bosque latifoliado mixto secundario,1,Bosque y vegetación natural,0,0,0,0,Panamá,PAN,MIAMBIENTE - Cultivos Mapa Panamá,15,2021,2,1,Bosque latifoliado mixto secundario,Bosque y vegetación natural,vegetacion_forestal_esperada,0,0,0,0,none,Senal compatible con bosque o plantacion forestal,0,0,False,True,False,0.7156951618451342,0.9456522260291946,0.46775220877215595,0.7284626845622189,1,0,0,1,media,Revisar en control de calidad temático/espectral,rareza_espectral_por_clase_anio,1,1,Auditoría espectral preliminar SRC15 2021,Alerta exploratoria; no constituye validación temática definitiva
3608,S2SR_SRC15_PAN_2021_000004664,SRC15_0003608,PAN_FCL_0014527,SRC15_PAN_2021__XY__d2fa5eb45f2a,SRC15_PAN_2021__XYY__69e4f79ab470,SRC15_PAN_2021__XYC__0d0cd6225d02,-82.253168,8.35561,Panamá,PAN,MIAMBIENTE - Cultivos Mapa Panamá,15,2021,3,1,Bosque de mangle,Bosque y vegetación natural,1,12,2021.0,2021.0,8,4,23,1.9166666666666667,2.0,7.25,7.5,0.6997262867395099,0.6771870569004623,0.5426731078904992,0.8244191450778278,0.7225209033090036,0.7132927893061893,0.5896941969660486,0.8296943231441047,0.5094008519420565,0.5131604829532218,0.414613241911292,0.5852447387089146,1,1,1,3,Bosque de mangle,1,Bosque y vegetación natural,0,0,0,0,Panamá,PAN,MIAMBIENTE - Cultivos Mapa Panamá,15,2021,3,1,Bosque de mangle,Bosque y vegetación natural,vegetacion_humeda_mixta,0,0,0,0,none,Senal compatible con manglar,0,0,False,True,False,0.7306333285840758,0.9636628309113238,0.37114068966053376,0.7698878166607483,1,0,0,1,media,Revisar en control de calidad temático/espectral,rareza_espectral_por_clase_anio,1,1,Auditoría espectral preliminar SRC15 2021,Alerta exploratoria; no constituye validación temática definitiva
3628,S2SR_SRC15_PAN_2021_000008201,SRC15_0003628,PAN_FCL_0014604,SRC15_PAN_2021__XY__cfe4688f79a0,SRC15_PAN_2021__XYY__141f1708be24,SRC15_PAN_2021__XYC__5c0eb116c9fa,-82.078366,8.356124,Panamá,PAN,MIAMBIENTE - Cultivos Mapa Panamá,15,2021,2,1,Bosque latifoliado mixto secundario,Bosque y vegetación natural,1,12,2021.0,2021.0,10,2,28,2.3333333333333335,2.0,10.75,11.5,0.6728850535110888,0.680587612192664,0.4837060702875398,0.8367239169330867,0.7093148140713705,0.7173074032399455,0.5344281186977816,0.8436945921985816,0.4833103227718638,0.4678702925936618,0.3666923274313575,0.6070306380425083,1,1,1,2,Bosque latifoliado mixto secundario,1,Bosque y vegetación natural,0,0,0,0,Panamá,PAN,MIAMBIENTE - Cultivos Mapa Panamá,15,2021,2,1,Bosque latifoliado mixto secundario,Bosque y vegetación natural,vegetacion_forestal_esperada,0,0,0,0,none,Senal compatible con bosque o plantacion forestal,0,0,False,True,False,0.7156951618451342,0.9456522260291946,0.46775220877215595,0.7284626845622189,1,0,0,1,media,Revisar en control de calidad temático/espectral,rareza_espectral_por_clase_anio,1,1,Auditoría espectral preliminar SRC15 2021,Alerta exploratoria; no constituye validación temática definitiva
3631,S2SR_SRC15_PAN_2021_000008754,SRC15_0003631,PAN_FCL_0014616,SRC15_PAN_2021__XY__d810e13820a8,SRC15_PAN_2021__XYY__281754da7773,SRC15_PAN_2021__XYC__cf3ca02952c2,-82.051123,8.356198,Panamá,PAN,MIAMBIENTE - Cultivos Mapa Panamá,15,2021,2,1,Bosque latifoliado mixto secundario,Bosque y vegetación natural,1,12,2021.0,2021.0,10,2,30,2.5,2.0,6.5,9.1,0.6296670565170508,0.653667077910906,0.4673823286540049,0.7602031328673057,0.6652647119730136,0.6861348458639072,0.514946418499718,0.8038627069351788,0.4215781901716015,0.42537035294590686,0.3218045112781955,0.5391064884952388,1,1,1,2,Bosque latifoliado mixto secundario,1,Bosque y vegetación natural,0,0,0,0,Panamá,PAN,MIAMBIENTE - Cultivos Mapa Panamá,15,2021,2,1,Bosque latifoliado mixto secundario,Bosque y vegetación natural,vegetacion_forestal_esperada,0,0,0,0,none,Senal compatible con bosque o plantacion forestal,0,0,False,True,True,0.7156951618451342,0.9456522260291946,0.46775220877215595,0.7284626845622189,1,0,0,1,media,Revisar en control de calidad temático/espectral,rareza_espectral_por_clase_anio,1,1,Auditoría espectral preliminar SRC15 2021,Alerta exploratoria; no constituye validación temática definitiva
3643,S2SR_SRC15_PAN_2021_000010188,SRC15_0003643,PAN_FCL_0014646,SRC15_PAN_2021__XY__ee0aaa66e302,SRC15_PAN_2021__XYY__c5cebf00a559,SRC15_PAN_2021__XYC__a8f963ffad69,-81.983015,8.356373,Panamá,PAN,MIAMBIENTE - Cultivos Mapa Panamá,15,2021,2,1,Bosque latifoliado mixto secundario,Bosque y vegetación natural,1,12,2021.0,2021.0,9,3,22,1.8333333333333333,1.5,5.0,5.944444444444445,0.5976789050427038,0.6006382493731479,0.4568269102489388,0.8298949787298693,0.6195587850869434,0.6022727272727273,0.5118876619877286,0.841046056919938,0.4535584726702504,0.4133468954032493,0.3608806490560545,0.615610730502947,1,1,1,2,Bosque latifoliado mixto secundario,1,Bosque y vegetación natural,0,0,0,0,Panamá,PAN,MIAMBIENTE - Cultivos Mapa Panamá,15,2021,2,1,Bosque latifoliado mixto secundario,Bosque y vegetación natural,vegetacion_forestal_esperada,0,0,0,0,none,Senal compatible con bosque o plantacion forestal,0,0,False,True,True,0.7156951618451342,0.9456522260291946,0.46775220877215595,0.7284626845622189,1,0,0,1,media,Revisar en control de calidad temático/espectral,rareza_espectral_por_clase_anio,1,1,Auditoría espectral preliminar SRC15 2021,Alerta exploratoria; no constituye validación temática definitiva
3696,S2SR_SRC15_PAN_2021_000007738,SRC15_0003696,PAN_FCL_0014868,SRC15_PAN_2021__XY__1a303af57090,SRC15_PAN_2021__XYY__b08f94a8894a,SRC15_PAN_2021__XYC__acc53296cc21,-82.101074,8.358323,Panamá,PAN,MIAMBIENTE - Cultivos Mapa Panamá,15,2021,2,1,Bosque latifoliado mixto secundario,Bosque y vegetación natural,1,12,2021.0,2021.0,11,1,27,2.25,1.5,2.0,8.363636363636363,0.6394928245135731,0.6664429530201342,0.4953862378064856,0.7534246575342465,0.6680449195719723,0.6819620253164557,0.5256505576208178,0.7796143250688706,0.4196619679808682,0.4446757405924739,0.3133452678918613,0.4823580034423407,1,1,1,2,Bosque latifoliado mixto secundario,1,Bosque y vegetación natural,0,0,0,0,Panamá,PAN,MIAMBIENTE - Cultivos Mapa Panamá,15,2021,2,1,Bosque latifoliado mixto secundario,Bosque y vegetación natural,vegetacion_forestal_esperada,0,0,0,0,none,Senal compatible con bosque o plantacion forestal,0,0,False,True,True,0.7156951618451342,0.9456522260291946,0.46775220877215595,0.7284626845622189,1,0,0,1,media,Revisar en control de calidad temático/espectral,rareza_espectral_por_clase_anio,1,1,Auditoría espectral preliminar SRC15 2021,Alerta exploratoria; no constituye validación temática definitiva
3699,S2SR_SRC15_PAN_2021_000008386,SRC15_0003699,PAN_FCL_0014882,SRC15_PAN_2021__XY__1978e4a2c54c,SRC15_PAN_2021__XYY__6365e70e6ae1,SRC15_PAN_2021__XYC__1e2c9e6d791f,-82.069291,8.35841,Panamá,PAN,MIAMBIENTE - Cultivos Mapa Panamá,15,2021,2,1,Bosque latifoliado mixto secundario,Bosque y vegetación natural,1,12,2021.0,2021.0,9,3,24,2.0,1.0,1.5,2.1666666666666665,0.72417866683772,0.6946428571428571,0.6200852676456656,0.8695027306697327,0.7481654348905526,0.7225527312060572,0.6490153172866521,0.8844195519348269,0.48827140358104937,0.4649561783742726,0.4080717488789238,0.5997406526907283,1,1,1,2,Bosque latifoliado mixto secundario,1,Bosque y vegetación natural,0,0,0,0,Panamá,PAN,MIAMBIENTE - Cultivos Mapa Panamá,15,2021,2,1,Bosque latifoliado mixto secundario,Bosque y vegetación natural,vegetacion_forestal_esperada,0,0,0,0,none,Senal compatible con bosque o plantacion forestal,0,0,False,True,True,0.7156951618451342,0.9456522260291946,0.46775220877215595,0.7284626845622189,1,0,0,1,media,Revisar en control de calidad temático/espectral,rareza_espectral_por_clase_anio,1,1,Auditoría espectral preliminar SRC15 2021,Alerta exploratoria; no constituye validación temática definitiva
3801,S2SR_SRC15_PAN_2021_000002226,SRC15_0003801,PAN_FCL_0015293,SRC15_PAN_2021__XY__d3fd601058a3,SRC15_PAN_2021__XYY__b3db6cf60d13,SRC15_PAN_2021__XYC__b6063ec9f911,-82.380313,8.361969,Panamá,PAN,MIAMBIENTE - Cultivos Mapa Panamá,15,2021,20,2,Caña de azúcar,Cultivos,1,12,2021.0,2021.0,9,3,24,2.0,1.5,8.0,8.5,0.36583799571850356,0.2373507057546145,0.0558457211731619,0.7171507607192256,0.3875646187784543,0.2641944269851247,0.0016992353440951,0.739821882951654,0.22819189742870044,0.155351789807794,-0.0720188902007084,0.4699407281964436,1,1,1,20,Caña de azúcar,2,Cultivos,0,0,0,0,Panamá,PAN,MIAMBIENTE - Cultivos Mapa Panamá,15,2021,20,2,Caña de azúcar,Cultivos,vegetacion_agricola_estacional,0,0,0,0,none,Senal compatible con variabilidad agricola estacional,0,0,False,True,True,0.34847816867695913,0.8853018140620486,0.221210333077621,0.7019282820614661,1,0,0,1,media,Revisar en control de calidad temático/espectral,rareza_espectral_por_clase_anio,1,1,Auditoría espectral preliminar SRC15 2021,Alerta exploratoria; no constituye validación temática definitiva
3808,S2SR_SRC15_PAN_2021_000003591,SRC15_0003808,PAN_FCL_0015324,SRC15_PAN_2021__XY__43f4b3e07e77,SRC15_PAN_2021__XYY__7bb23a0c6143,SRC15_PAN_2021__XYC__629fd6c1025a,-82.309942,8.362208,Panamá,PAN,MIAMBIENTE - Cultivos Mapa Panamá,15,2021,2,1,Bosque latifoliado mixto secundario,Bosque y vegetación natural,1,12,2021.0,2021.0,10,2,27,2.25,2.0,3.75,7.2,0.724374648836448,0.7080579457981051,0.6135214266702157,0.8179400680339324,0.7516664870883052,0.748310615766813,0.6462217860647694,0.8384563494336037,0.502740474175833,0.5176641286006809,0.3949957832950657,0.6108982417739288,1,1,1,2,Bosque latifoliado mixto secundario,1,Bosque y vegetación natural,0,0,0,0,Panamá,PAN,MIAMBIENTE - Cultivos Mapa Panamá,15,2021,2,1,Bosque latifoliado mixto secundario,Bosque y vegetación natural,vegetacion_forestal_esperada,0,0,0,0,none,Senal compatible con bosque o plantacion forestal,0,0,False,True,False,0.7156951618451342,0.9456522260291946,0.46775220877215595,0.7284626845622189,1,0,0,1,media,Revisar en control de calidad temático/espectral,rareza_espectral_por_clase_anio,1,1,Auditoría espectral preliminar SRC15 2021,Alerta exploratoria; no constituye validación temática definitiva
3855,S2SR_SRC15_PAN_2021_000002315,SRC15_0003855,PAN_FCL_0015569,SRC15_PAN_2021__XY__3cae8aae925e,SRC15_PAN_2021__XYY__97f64604f9e7,SRC15_PAN_2021__XYC__e31d2ec925f7,-82.375781,8.364245,Panamá,PAN,MIAMBIENTE - Cultivos Mapa Panamá,15,2021,20,2,Caña de azúcar,Cultivos,1,12,2021.0,2021.0,9,3,24,2.0,2.0,7.5,10.333333333333334,0.3447573713731157,0.2620051105974476,0.0902595002493048,0.8184132552334025,0.37661537182175947,0.2992899444691726,0.111085279948815,0.832616959374801,0.23781089493640362,0.1881422345376714,0.0328046042248542,0.62223218049071,1,1,1,20,Caña de azúcar,2,Cultivos,0,0,0,0,Panamá,PAN,MIAMBIENTE - Cultivos Mapa Panamá,15,2021,20,2,Caña de azúcar,Cultivos,vegetacion_agricola_estacional,0,0,0,0,none,Senal compatible con variabilidad agricola estacional,0,0,False,True,True,0.34847816867695913,0.8853018140620486,0.221210333077621,0.7019282820614661,1,0,0,1,media,Revisar en control de calidad temático/espectral,rareza_espectral_por_clase_anio,1,1,Auditoría espectral preliminar SRC15 2021,Alerta exploratoria; no constituye validación temática definitiva
3903,S2SR_SRC15_PAN_2021_000010186,SRC15_0003903,PAN_FCL_0015742,SRC15_PAN_2021__XY__ac696dee8f5f,SRC15_PAN_2021__XYY__a1497fc2079f,SRC15_PAN_2021__XYC__4c9cfb97dcdd,-81.983037,8.365417,Panamá,PAN,MIAMBIENTE - Cultivos Mapa Panamá,15,2021,9,1,Rastrojo y vegetación arbustiva,Bosque y vegetación natural,1,12,2021.0,2021.0,10,2,23,1.9166666666666667,2.0,4.0,6.35,0.4804111003782145,0.4320345467413152,0.2406387665198238,0.7409489543512481,0.5282169948871742,0.47412013080785687,0.3099824868651489,0.759448736688244,0.3363238963845915,0.3245549771353354,0.2022962112514351,0.4349455040871933,1,1,1,9,Rastrojo y vegetación arbustiva,1,Bosque y vegetación natural,0,0,0,0,Panamá,PAN,MIAMBIENTE - Cultivos Mapa Panamá,15,2021,9,1,Rastrojo y vegetación arbustiva,Bosque y vegetación natural,vegetacion_natural_baja,0,0,0,0,none,Senal compatible con arbustos,0,0,False,True,True,0.617925271847997,0.9511712918895013,0.4049992993142226,0.6939244937723441,1,0,0,1,media,Revisar en control de calidad temático/espectral,rareza_espectral_por_clase_anio,1,1,Auditoría espectral preliminar SRC15 2021,Alerta exploratoria; no constituye validación temática definitiva
3939,S2SR_SRC15_PAN_2021_000003552,SRC15_0003939,PAN_FCL_0015871,SRC15_PAN_2021__XY__c4e0c9a323fc,SRC15_PAN_2021__XYY__336811b1c6ba,SRC15_PAN_2021__XYC__22ae02f694c7,-82.312227,8.366722,Panamá,PAN,MIAMBIENTE - Cultivos Mapa Panamá,15,2021,2,1,Bosque latifoliado mixto secundario,Bosque y vegetación natural,1,12,2021.0,2021.0,10,2,26,2.1666666666666665,2.0,4.5,8.3,0.7245486410086608,0.6833967120130717,0.5929478869587762,0.8734723220704528,0.7503858788359761,0.7145622602075137,0.636321519573778,0.8853420195439738,0.5002849106051372,0.48859543577137154,0.3993660855784469,0.6010179243195397,1,1,1,2,Bosque latifoliado mixto secundario,1,Bosque y vegetación natural,0,0,0,0,Panamá,PAN,MIAMBIENTE - Cultivos Mapa Panamá,15,2021,2,1,Bosque latifoliado mixto secundario,Bosque y vegetación natural,vegetacion_forestal_esperada,0,0,0,0,none,Senal compatible con bosque o plantacion forestal,0,0,False,True,False,0.7156951618451342,0.9456522260291946,0.46775220877215595,0.7284626845622189,1,0,0,1,media,Revisar en control de calidad temático/espectral,rareza_espectral_por_clase_anio,1,1,Auditoría espectral preliminar SRC15 2021,Alerta exploratoria; no constituye validación temática definitiva
3954,S2SR_SRC15_PAN_2021_000007413,SRC15_0003954,PAN_FCL_0015957,SRC15_PAN_2021__XY__08f8061650a3,SRC15_PAN_2021__XYY__d2a0a9b511c4,SRC15_PAN_2021__XYC__36e425a05da1,-82.116992,8.367322,Panamá,PAN,MIAMBIENTE - Cultivos Mapa Panamá,15,2021,2,1,Bosque latifoliado mixto secundario,Bosque y vegetación natural,1,12,2021.0,2021.0,10,2,26,2.1666666666666665,2.0,5.5,7.6,0.7234649246141369,0.6953421426872578,0.530870083432658,0.8889992830383217,0.7488245529905846,0.727904263609934,0.5714285714285715,0.8980659179365393,0.5213097805170845,0.5151687252376564,0.4006211180124224,0.6267637687756031,1,1,1,2,Bosque latifoliado mixto secundario,1,Bosque y vegetación natural,0,0,0,0,Panamá,PAN,MIAMBIENTE - Cultivos Mapa Panamá,15,2021,2,1,Bosque latifoliado mixto secundario,Bosque y vegetación natural,vegetacion_forestal_esperada,0,0,0,0,none,Senal compatible con bosque o plantacion forestal,0,0,False,True,False,0.7156951618451342,0.9456522260291946,0.46775220877215595,0.7284626845622189,1,0,0,1,media,Revisar en control de calidad temático/espectral,rareza_espectral_por_clase_anio,1,1,Auditoría espectral preliminar SRC15 2021,Alerta exploratoria; no constituye validación temática definitiva
3959,S2SR_SRC15_PAN_2021_000007974,SRC15_0003959,PAN_FCL_0015969,SRC15_PAN_2021__XY__4cf835ad2b52,SRC15_PAN_2021__XYY__e2b99c9eeed2,SRC15_PAN_2021__XYC__4bb29042badf,-82.089748,8.367398,Panamá,PAN,MIAMBIENTE - Cultivos Mapa Panamá,15,2021,9,1,Rastrojo y vegetación arbustiva,Bosque y vegetación natural,1,12,2021.0,2021.0,10,2,25,2.0833333333333335,1.5,2.0,10.35,0.5858961359041056,0.5823983039749709,0.3048391058707934,0.8206769650085133,0.6272993191589038,0.6171014881349548,0.3618940248027057,0.8319761129207384,0.4174793021867436,0.4225499192456338,0.2520729684908789,0.5805781800938281,1,1,1,9,Rastrojo y vegetación arbustiva,1,Bosque y vegetación natural,0,0,0,0,Panamá,PAN,MIAMBIENTE - Cultivos Mapa Panamá,15,2021,9,1,Rastrojo y vegetación arbustiva,Bosque y vegetación natural,vegetacion_natural_baja,0,0,0,0,none,Senal compatible con arbustos,0,0,False,True,False,0.617925271847997,0.9511712918895013,0.4049992993142226,0.6939244937723441,1,0,0,1,media,Revisar en control de calidad temático/espectral,rareza_espectral_por_clase_anio,1,1,Auditoría espectral preliminar SRC15 2021,Alerta exploratoria; no constituye validación temática definitiva
3961,S2SR_SRC15_PAN_2021_000008530,SRC15_0003961,PAN_FCL_0015981,SRC15_PAN_2021__XY__1c17eff9de28,SRC15_PAN_2021__XYY__0450bacb886d,SRC15_PAN_2021__XYC__a36646c57aae,-82.062505,8.367472,Panamá,PAN,MIAMBIENTE - Cultivos Mapa Panamá,15,2021,2,1,Bosque latifoliado mixto secundario,Bosque y vegetación natural,1,12,2021.0,2021.0,11,1,29,2.4166666666666665,1.5,2.0,4.545454545454546,0.6726568101436384,0.7025669642857143,0.5133987795171133,0.8100358422939068,0.7115726965423865,0.7371794871794871,0.5479418289376387,0.845085860431129,0.4623395893753281,0.4666944213155702,0.3340036869448634,0.5548029556650247,1,1,1,2,Bosque latifoliado mixto secundario,1,Bosque y vegetación natural,0,0,0,0,Panamá,PAN,MIAMBIENTE - Cultivos Mapa Panamá,15,2021,2,1,Bosque latifoliado mixto secundario,Bosque y vegetación natural,vegetacion_forestal_esperada,0,0,0,0,none,Senal compatible con bosque o plantacion forestal,0,0,False,True,True,0.7156951618451342,0.9456522260291946,0.46775220877215595,0.7284626845622189,1,0,0,1,media,Revisar en control de calidad temático/espectral,rareza_espectral_por_clase_anio,1,1,Auditoría espectral preliminar SRC15 2021,Alerta exploratoria; no constituye validación temática definitiva
3990,S2SR_SRC15_PAN_2021_000003076,SRC15_0003990,PAN_FCL_0016134,SRC15_PAN_2021__XY__a97cfb7b3843,SRC15_PAN_2021__XYY__bfc015db7902,SRC15_PAN_2021__XYC__cff12f224a9d,-82.337206,8.368899,Panamá,PAN,MIAMBIENTE - Cultivos Mapa Panamá,15,2021,9,1,Rastrojo y vegetación arbustiva,Bosque y vegetación natural,1,12,2021.0,2021.0,11,1,30,2.5,2.0,4.0,12.363636363636363,0.6371612565724333,0.6268754076973256,0.4878215342590485,0.7618761274804569,0.662357356157655,0.6509357200976404,0.4858318098720293,0.7851329354313618,0.4012462095328447,0.3967582804792107,0.3528705260629354,0.4703810438680754,1,1,1,9,Rastrojo y vegetación arbustiva,1,Bosque y vegetación natural,0,0,0,0,Panamá,PAN,MIAMBIENTE - Cultivos Mapa Panamá,15,2021,9,1,Rastrojo y vegetación arbustiva,Bosque y vegetación natural,vegetacion_natural_baja,0,0,0,0,none,Senal compatible con arbustos,0,0,False,False,True,0.617925271847997,0.9511712918895013,0.4049992993142226,0.6939244937723441,1,0,0,1,media,Revisar en control de calidad temático/espectral,rareza_espectral_por_clase_anio,1,1,Auditoría espectral preliminar SRC15 2021,Alerta exploratoria; no constituye validación temática definitiva
3991,S2SR_SRC15_PAN_2021_000003163,SRC15_0003991,PAN_FCL_0016136,SRC15_PAN_2021__XY__c3fe42170966,SRC15_PAN_2021__XYY__262e7da3f8ed,SRC15_PAN_2021__XYC__696de0c5fdeb,-82.332666,8.368914,Panamá,PAN,MIAMBIENTE - Cultivos Mapa Panamá,15,2021,9,1,Rastrojo y vegetación arbustiva,Bosque y vegetación natural,1,12,2021.0,2021.0,10,2,25,2.0833333333333335,1.5,3.25,7.05,0.5818074380535536,0.5736629521439649,0.4463072190081157,0.709853249475891,0.615605876590452,0.6045927341666497,0.4979134733762885,0.7373814041745731,0.3926111395191648,0.3900344087074359,0.3236100883284895,0.4885384490326777,1,1,1,9,Rastrojo y vegetación arbustiva,1,Bosque y vegetación natural,0,0,0,0,Panamá,PAN,MIAMBIENTE - Cultivos Mapa Panamá,15,2021,9,1,Rastrojo y vegetación arbustiva,Bosque y vegetación natural,vegetacion_natural_baja,0,0,0,0,none,Senal compatible con arbustos,0,0,False,True,True,0.617925271847997,0.9511712918895013,0.4049992993142226,0.6939244937723441,1,0,0,1,media,Revisar en control de calidad temático/espectral,rareza_espectral_por_clase_anio,1,1,Auditoría espectral preliminar SRC15 2021,Alerta exploratoria; no constituye validación temática definitiva
4011,S2SR_SRC15_PAN_2021_000005955,SRC15_0004011,PAN_FCL_0016201,SRC15_PAN_2021__XY__cf059f45392c,SRC15_PAN_2021__XYY__39afd68feca9,SRC15_PAN_2021__XYC__ef10205b6808,-82.185106,8.369384,Panamá,PAN,MIAMBIENTE - Cultivos Mapa Panamá,15,2021,2,1,Bosque latifoliado mixto secundario,Bosque y vegetación natural,1,12,2021.0,2021.0,7,5,23,1.9166666666666667,1.5,6.0,6.857142857142857,0.645587790486549,0.6963594113090629,0.4723151927519254,0.7585454545454545,0.6706941894179483,0.7153748411689961,0.5088676974540154,0.7840650406504065,0.44224486943755653,0.4683211129911637,0.3421712129531726,0.5356539371409261,1,1,1,2,Bosque latifoliado mixto secundario,1,Bosque y vegetación natural,0,0,0,0,Panamá,PAN,MIAMBIENTE - Cultivos Mapa Panamá,15,2021,2,1,Bosque latifoliado mixto secundario,Bosque y vegetación natural,vegetacion_forestal_esperada,0,0,0,0,none,Senal compatible con bosque o plantacion forestal,0,0,False,True,False,0.7156951618451342,0.9456522260291946,0.46775220877215595,0.7284626845622189,1,0,0,1,media,Revisar en control de calidad temático/espectral,rareza_espectral_por_clase_anio,1,1,Auditoría espectral preliminar SRC15 2021,Alerta exploratoria; no constituye validación temática definitiva
4125,S2SR_SRC15_PAN_2021_000003963,SRC15_0004125,PAN_FCL_0016703,SRC15_PAN_2021__XY__5b880b17079a,SRC15_PAN_2021__XYY__dd3aaa307f64,SRC15_PAN_2021__XYC__098834e41958,-82.289549,8.373579,Panamá,PAN,MIAMBIENTE - Cultivos Mapa Panamá,15,2021,9,1,Rastrojo y vegetación arbustiva,Bosque y vegetación natural,1,12,2021.0,2021.0,9,3,26,2.1666666666666665,2.0,4.0,7.0,0.6254321855916442,0.6029363243083115,0.4502152080344334,0.7869292748433304,0.6585903227874049,0.6375740123380239,0.501171569903671,0.8137715179968702,0.43520634853083134,0.4129190410892829,0.3233876520541657,0.5383200379193702,1,1,1,9,Rastrojo y vegetación arbustiva,1,Bosque y vegetación natural,0,0,0,0,Panamá,PAN,MIAMBIENTE - Cultivos Mapa Panamá,15,2021,9,1,Rastrojo y vegetación arbustiva,Bosque y vegetación natural,vegetacion_natural_baja,0,0,0,0,none,Senal compatible con arbustos,0,0,False,True,False,0.617925271847997,0.9511712918895013,0.4049992993142226,0.6939244937723441,1,0,0,1,media,Revisar en control de calidad temático/espectral,rareza_espectral_por_clase_anio,1,1,Auditoría espectral preliminar SRC15 2021,Alerta exploratoria; no constituye validación temática definitiva
4129,S2SR_SRC15_PAN_2021_000004401,SRC15_0004129,PAN_FCL_0016713,SRC15_PAN_2021__XY__1e06be72151a,SRC15_PAN_2021__XYY__a61e26a7d670,SRC15_PAN_2021__XYC__8fe9c59233f6,-82.266847,8.373653,Panamá,PAN,MIAMBIENTE - Cultivos Mapa Panamá,15,2021,2,1,Bosque latifoliado mixto secundario,Bosque y vegetación natural,1,12,2021.0,2021.0,9,3,20,1.6666666666666667,1.0,3.0,5.111111111111111,0.6407502253123508,0.6967592592592593,0.4331403363661428,0.7618243243243243,0.6712354281126686,0.7262992948550535,0.4880478087649402,0.7763679619349723,0.4721307557637224,0.5164028446891489,0.3148514851485148,0.5591647331786542,1,1,1,2,Bosque latifoliado mixto secundario,1,Bosque y vegetación natural,0,0,0,0,Panamá,PAN,MIAMBIENTE - Cultivos Mapa Panamá,15,2021,2,1,Bosque latifoliado mixto secundario,Bosque y vegetación natural,vegetacion_forestal_esperada,0,0,0,0,none,Senal compatible con bosque o plantacion forestal,0,0,False,True,False,0.7156951618451342,0.9456522260291946,0.46775220877215595,0.7284626845622189,1,0,0,1,media,Revisar en control de calidad temático/espectral,rareza_espectral_por_clase_anio,1,1,Auditoría espectral preliminar SRC15 2021,Alerta exploratoria; no constituye validación temática definitiva
4154,S2SR_SRC15_PAN_2021_000008660,SRC15_0004154,PAN_FCL_0016806,SRC15_PAN_2021__XY__a407b18458f5,SRC15_PAN_2021__XYY__1f89fb876ba7,SRC15_PAN_2021__XYC__2f9cb74ea4d0,-82.055712,8.374273,Panamá,PAN,MIAMBIENTE - Cultivos Mapa Panamá,15,2021,2,1,Bosque latifoliado mixto secundario,Bosque y vegetación natural,1,12,2021.0,2021.0,10,2,29,2.4166666666666665,1.5,1.5,4.6,0.6518338616476893,0.694598977497601,0.4293598233995585,0.8361425218689994,0.676702547087472,0.7192217111845578,0.4410810810810811,0.8554488989271598,0.47123361191626795,0.4977779198480977,0.2963773401410163,0.618187787261983,1,1,1,2,Bosque latifoliado mixto secundario,1,Bosque y vegetación natural,0,0,0,0,Panamá,PAN,MIAMBIENTE - Cultivos Mapa Panamá,15,2021,2,1,Bosque latifoliado mixto secundario,Bosque y vegetación natural,vegetacion_forestal_esperada,0,0,0,0,none,Senal compatible con bosque o plantacion forestal,0,0,False,True,False,0.7156951618451342,0.9456522260291946,0.46775220877215595,0.7284626845622189,1,0,0,1,media,Revisar en control de calidad temático/espectral,rareza_espectral_por_clase_anio,1,1,Auditoría espectral preliminar SRC15 2021,Alerta exploratoria; no constituye validación temática definitiva
4188,S2SR_SRC15_PAN_2021_000001007,SRC15_0004188,PAN_FCL_0016909,SRC15_PAN_2021__XY__19717b6fe562,SRC15_PAN_2021__XYY__2fcf5ec9bf21,SRC15_PAN_2021__XYC__acde957bf7dd,-82.443923,8.375306,Panamá,PAN,MIAMBIENTE - Cultivos Mapa Panamá,15,2021,3,1,Bosque de mangle,Bosque y vegetación natural,1,12,2021.0,2021.0,8,4,25,2.0833333333333335,1.5,12.0,11.625,0.34621721115333826,0.4459236915364025,-0.121,0.6504781205128467,0.47342185530131925,0.5696877104954712,0.0981496379726468,0.6847185608082247,0.36653400817448667,0.45780543964019327,0.0777733912356889,0.5255553197509903,1,1,1,3,Bosque de mangle,1,Bosque y vegetación natural,0,0,0,0,Panamá,PAN,MIAMBIENTE - Cultivos Mapa Panamá,15,2021,3,1,Bosque de mangle,Bosque y vegetación natural,vegetacion_humeda_mixta,0,0,0,0,none,Senal compatible con manglar,0,0,False,True,False,0.7306333285840758,0.9636628309113238,0.37114068966053376,0.7698878166607483,1,0,0,1,media,Revisar en control de calidad temático/espectral,rareza_espectral_por_clase_anio,1,1,Auditoría espectral preliminar SRC15 2021,Alerta exploratoria; no constituye validación temática definitiva
4192,S2SR_SRC15_PAN_2021_000001584,SRC15_0004192,PAN_FCL_0016923,SRC15_PAN_2021__XY__60f5a725d5c6,SRC15_PAN_2021__XYY__eb319e2bb841,SRC15_PAN_2021__XYC__85398385c969,-82.412142,8.375421,Panamá,PAN,MIAMBIENTE - Cultivos Mapa Panamá,15,2021,3,1,Bosque de mangle,Bosque y vegetación natural,1,12,2021.0,2021.0,8,4,27,2.25,2.0,7.75,14.25,0.6088328314909703,0.6913445376447944,0.3182810710987996,0.7880434782608695,0.666601635470882,0.7305440603159216,0.4281146422304542,0.8038969201759899,0.46979311080117503,0.5217385980331843,0.2872441124479671,0.5752911251975199,1,1,1,3,Bosque de mangle,1,Bosque y vegetación natural,0,0,0,0,Panamá,PAN,MIAMBIENTE - Cultivos Mapa Panamá,15,2021,3,1,Bosque de mangle,Bosque y vegetación natural,vegetacion_humeda_mixta,0,0,0,0,none,Senal compatible con manglar,0,0,False,True,False,0.7306333285840758,0.9636628309113238,0.37114068966053376,0.7698878166607483,1,0,0,1,media,Revisar en control de calidad temático/espectral,rareza_espectral_por_clase_anio,1,1,Auditoría espectral preliminar SRC15 2021,Alerta exploratoria; no constituye validación temática definitiva
4230,S2SR_SRC15_PAN_2021_000010943,SRC15_0004230,PAN_FCL_0017127,SRC15_PAN_2021__XY__020c23c61ba4,SRC15_PAN_2021__XYY__147b5f2c17a8,SRC15_PAN_2021__XYC__d198bca4d8c8,-81.949009,8.376805,Panamá,PAN,MIAMBIENTE - Cultivos Mapa Panamá,15,2021,9,1,Rastrojo y vegetación arbustiva,Bosque y vegetación natural,1,12,2021.0,2021.0,10,2,26,2.1666666666666665,2.0,3.0,3.7,0.5651438033672761,0.5244917965241707,0.3235202004384591,0.8438167576548778,0.6058396646226163,0.5868146056776903,0.3780593147135042,0.8537452767281619,0.4019063085474617,0.38321477349676913,0.2762131372332084,0.5835827276613939,1,1,1,9,Rastrojo y vegetación arbustiva,1,Bosque y vegetación natural,0,0,0,0,Panamá,PAN,MIAMBIENTE - Cultivos Mapa Panamá,15,2021,9,1,Rastrojo y vegetación arbustiva,Bosque y vegetación natural,vegetacion_natural_baja,0,0,0,0,none,Senal compatible con arbustos,0,0,False,True,True,0.617925271847997,0.9511712918895013,0.4049992993142226,0.6939244937723441,1,0,0,1,media,Revisar en control de calidad temático/espectral,rareza_espectral_por_clase_anio,1,1,Auditoría espectral preliminar SRC15 2021,Alerta exploratoria; no constituye validación temática definitiva
4235,S2SR_SRC15_PAN_2021_000000106,SRC15_0004235,PAN_FCL_0017161,SRC15_PAN_2021__XY__be300737a73e,SRC15_PAN_2021__XYY__269914d6129f,SRC15_PAN_2021__XYC__c3b4e98ef51e,-82.493871,8.37738,Panamá,PAN,MIAMBIENTE - Cultivos Mapa Panamá,15,2021,20,2,Caña de azúcar,Cultivos,1,12,2021.0,2021.0,8,4,23,1.9166666666666667,1.0,7.5,10.0625,0.45586569800526167,0.34656598632939817,0.21206717976269,0.8287594302260657,0.47548854572890215,0.335820590980147,0.27120778774777,0.8240104844151908,0.3399761693264956,0.2270651869557585,0.1767285326736546,0.6377175617474474,1,1,1,20,Caña de azúcar,2,Cultivos,0,0,0,0,Panamá,PAN,MIAMBIENTE - Cultivos Mapa Panamá,15,2021,20,2,Caña de azúcar,Cultivos,vegetacion_agricola_estacional,0,0,0,0,none,Senal compatible con variabilidad agricola estacional,0,0,False,True,False,0.34847816867695913,0.8853018140620486,0.221210333077621,0.7019282820614661,1,0,0,1,media,Revisar en control de calidad temático/espectral,rareza_espectral_por_clase_anio,1,1,Auditoría espectral preliminar SRC15 2021,Alerta exploratoria; no constituye validación temática definitiva
4248,S2SR_SRC15_PAN_2021_000002312,SRC15_0004248,PAN_FCL_0017213,SRC15_PAN_2021__XY__657458ae4fbc,SRC15_PAN_2021__XYY__26a65782dc55,SRC15_PAN_2021__XYC__6221691bb106,-82.375829,8.377809,Panamá,PAN,MIAMBIENTE - Cultivos Mapa Panamá,15,2021,2,1,Bosque latifoliado mixto secundario,Bosque y vegetación natural,1,12,2021.0,2021.0,7,5,24,2.0,1.5,5.5,5.785714285714286,0.7278964728419115,0.707053759296152,0.6207481499695564,0.8354622212600131,0.7447059622809682,0.7265472358889301,0.6421278882321333,0.84857541342897,0.5232761094004059,0.4888788016341353,0.4024420632942936,0.6331631754972716,1,1,1,2,Bosque latifoliado mixto secundario,1,Bosque y vegetación natural,0,0,0,0,Panamá,PAN,MIAMBIENTE - Cultivos Mapa Panamá,15,2021,2,1,Bosque latifoliado mixto secundario,Bosque y vegetación natural,vegetacion_forestal_esperada,0,0,0,0,none,Senal compatible con bosque o plantacion forestal,0,0,False,True,False,0.7156951618451342,0.9456522260291946,0.46775220877215595,0.7284626845622189,1,0,0,1,media,Revisar en control de calidad temático/espectral,rareza_espectral_por_clase_anio,1,1,Auditoría espectral preliminar SRC15 2021,Alerta exploratoria; no constituye validación temática definitiva
4256,S2SR_SRC15_PAN_2021_000003917,SRC15_0004256,PAN_FCL_0017250,SRC15_PAN_2021__XY__faa06b7c8719,SRC15_PAN_2021__XYY__af0bdf14bbdb,SRC15_PAN_2021__XYC__ff91d186a914,-82.291834,8.378093,Panamá,PAN,MIAMBIENTE - Cultivos Mapa Panamá,15,2021,2,1,Bosque latifoliado mixto secundario,Bosque y vegetación natural,1,12,2021.0,2021.0,8,4,23,1.9166666666666667,1.5,5.5,9.4375,0.606064318311027,0.6640109655197883,0.4105680972463408,0.7752305008721656,0.6377599079965339,0.6887818047249881,0.4547342192691029,0.7952791647753065,0.44345959462092016,0.4580824487315215,0.3386405388854869,0.5349678456591639,1,1,1,2,Bosque latifoliado mixto secundario,1,Bosque y vegetación natural,0,0,0,0,Panamá,PAN,MIAMBIENTE - Cultivos Mapa Panamá,15,2021,2,1,Bosque latifoliado mixto secundario,Bosque y vegetación natural,vegetacion_forestal_esperada,0,0,0,0,none,Senal compatible con bosque o plantacion forestal,0,0,False,True,True,0.7156951618451342,0.9456522260291946,0.46775220877215595,0.7284626845622189,1,0,0,1,media,Revisar en control de calidad temático/espectral,rareza_espectral_por_clase_anio,1,1,Auditoría espectral preliminar SRC15 2021,Alerta exploratoria; no constituye validación temática definitiva
4337,S2SR_SRC15_PAN_2021_000004986,SRC15_0004337,PAN_FCL_0017549,SRC15_PAN_2021__XY__a540e0747cf8,SRC15_PAN_2021__XYY__15edbc997f09,SRC15_PAN_2021__XYC__6b14d1cfcd2d,-82.235086,8.380536,Panamá,PAN,MIAMBIENTE - Cultivos Mapa Panamá,15,2021,2,1,Bosque latifoliado mixto secundario,Bosque y vegetación natural,1,12,2021.0,2021.0,8,4,24,2.0,1.5,3.0,3.9375,0.6962300943972335,0.7101171690863779,0.5042547351084272,0.8908507223113965,0.7232680461248577,0.7350895944395359,0.5546239210850802,0.8973391205887903,0.5232935717389458,0.5183313555557905,0.4096601073345259,0.6593497276778346,1,1,1,2,Bosque latifoliado mixto secundario,1,Bosque y vegetación natural,0,0,0,0,Panamá,PAN,MIAMBIENTE - Cultivos Mapa Panamá,15,2021,2,1,Bosque latifoliado mixto secundario,Bosque y vegetación natural,vegetacion_forestal_esperada,0,0,0,0,none,Senal compatible con bosque o plantacion forestal,0,0,False,True,False,0.7156951618451342,0.9456522260291946,0.46775220877215595,0.7284626845622189,1,0,0,1,media,Revisar en control de calidad temático/espectral,rareza_espectral_por_clase_anio,1,1,Auditoría espectral preliminar SRC15 2021,Alerta exploratoria; no constituye validación temática definitiva
4450,S2SR_SRC15_PAN_2021_000001005,SRC15_0004450,PAN_FCL_0018005,SRC15_PAN_2021__XY__e9f9eae1df21,SRC15_PAN_2021__XYY__58a3506cd260,SRC15_PAN_2021__XYC__5b2601e408eb,-82.443956,8.384348,Panamá,PAN,MIAMBIENTE - Cultivos Mapa Panamá,15,2021,9,1,Rastrojo y vegetación arbustiva,Bosque y vegetación natural,1,12,2021.0,2021.0,10,2,26,2.1666666666666665,2.0,5.75,6.3,0.5113037173686223,0.5059773103491794,0.4640984925471603,0.5879548733598599,0.5869708125357571,0.5893014557312959,0.5419161676646707,0.6337836061573873,0.4201103838555281,0.41727802540610304,0.3753753753753754,0.4695022201448937,1,1,1,9,Rastrojo y vegetación arbustiva,1,Bosque y vegetación natural,0,0,0,0,Panamá,PAN,MIAMBIENTE - Cultivos Mapa Panamá,15,2021,9,1,Rastrojo y vegetación arbustiva,Bosque y vegetación natural,vegetacion_natural_baja,0,0,0,0,none,Senal compatible con arbustos,0,0,False,True,False,0.617925271847997,0.9511712918895013,0.4049992993142226,0.6939244937723441,1,0,0,1,media,Revisar en control de calidad temático/espectral,rareza_espectral_por_clase_anio,1,1,Auditoría espectral preliminar SRC15 2021,Alerta exploratoria; no constituye validación temática definitiva
4451,S2SR_SRC15_PAN_2021_000001080,SRC15_0004451,PAN_FCL_0018007,SRC15_PAN_2021__XY__8aacba6936c3,SRC15_PAN_2021__XYY__07b02b770ccf,SRC15_PAN_2021__XYC__4f17999e4c3e,-82.439416,8.384365,Panamá,PAN,MIAMBIENTE - Cultivos Mapa Panamá,15,2021,9,1,Rastrojo y vegetación arbustiva,Bosque y vegetación natural,1,12,2021.0,2021.0,10,2,25,2.0833333333333335,1.5,8.5,10.85,0.582960259075323,0.6110720823252491,0.3614069853851869,0.762888749739094,0.6267161108038947,0.6494027997772682,0.4099336232547493,0.787822189017557,0.4238815207383809,0.4293149319417519,0.26736592123491,0.5731728288907997,1,1,1,9,Rastrojo y vegetación arbustiva,1,Bosque y vegetación natural,0,0,0,0,Panamá,PAN,MIAMBIENTE - Cultivos Mapa Panamá,15,2021,9,1,Rastrojo y vegetación arbustiva,Bosque y vegetación natural,vegetacion_natural_baja,0,0,0,0,none,Senal compatible con arbustos,0,0,False,True,False,0.617925271847997,0.9511712918895013,0.4049992993142226,0.6939244937723441,1,0,0,1,media,Revisar en control de calidad temático/espectral,rareza_espectral_por_clase_anio,1,1,Auditoría espectral preliminar SRC15 2021,Alerta exploratoria; no constituye validación temática definitiva
4464,S2SR_SRC15_PAN_2021_000003549,SRC15_0004464,PAN_FCL_0018063,SRC15_PAN_2021__XY__443fd383b862,SRC15_PAN_2021__XYY__a6bd9a793b97,SRC15_PAN_2021__XYC__8a532cc79f21,-82.312288,8.384808,Panamá,PAN,MIAMBIENTE - Cultivos Mapa Panamá,15,2021,2,1,Bosque latifoliado mixto secundario,Bosque y vegetación natural,1,12,2021.0,2021.0,9,3,25,2.0833333333333335,2.0,4.0,8.277777777777779,0.6132680496869152,0.5834531703469588,0.5021947455329522,0.7249931799918753,0.649555673468027,0.6441525484465935,0.5447189097103918,0.7505677305067588,0.44320404665474045,0.4298620173818239,0.37178517397882,0.5331042309444959,1,1,1,2,Bosque latifoliado mixto secundario,1,Bosque y vegetación natural,0,0,0,0,Panamá,PAN,MIAMBIENTE - Cultivos Mapa Panamá,15,2021,2,1,Bosque latifoliado mixto secundario,Bosque y vegetación natural,vegetacion_forestal_esperada,0,0,0,0,none,Senal compatible con bosque o plantacion forestal,0,0,False,True,True,0.7156951618451342,0.9456522260291946,0.46775220877215595,0.7284626845622189,1,0,0,1,media,Revisar en control de calidad temático/espectral,rareza_espectral_por_clase_anio,1,1,Auditoría espectral preliminar SRC15 2021,Alerta exploratoria; no constituye validación temática definitiva
4575,S2SR_SRC15_PAN_2021_000000019,SRC15_0004575,PAN_FCL_0018529,SRC15_PAN_2021__XY__46290e9717b3,SRC15_PAN_2021__XYY__2dbef4b87b24,SRC15_PAN_2021__XYC__edc769e8b294,-82.498454,8.388666,Panamá,PAN,MIAMBIENTE - Cultivos Mapa Panamá,15,2021,20,2,Caña de azúcar,Cultivos,1,12,2021.0,2021.0,9,3,21,1.75,1.0,4.5,11.222222222222221,0.359008590321993,0.2900318133616118,0.1260630315157578,0.7414281220509593,0.40954982784026694,0.3377843719090009,0.1838355524410184,0.7705192629815744,0.2666801062715177,0.2253680634201585,0.1180233840723582,0.5172248803827751,1,1,1,20,Caña de azúcar,2,Cultivos,0,0,0,0,Panamá,PAN,MIAMBIENTE - Cultivos Mapa Panamá,15,2021,20,2,Caña de azúcar,Cultivos,vegetacion_agricola_estacional,0,0,0,0,none,Senal compatible con variabilidad agricola estacional,0,0,False,True,False,0.34847816867695913,0.8853018140620486,0.221210333077621,0.7019282820614661,1,0,0,1,media,Revisar en control de calidad temático/espectral,rareza_espectral_por_clase_anio,1,1,Auditoría espectral preliminar SRC15 2021,Alerta exploratoria; no constituye validación temática definitiva
4578,S2SR_SRC15_PAN_2021_000000358,SRC15_0004578,PAN_FCL_0018537,SRC15_PAN_2021__XY__9fedff780b17,SRC15_PAN_2021__XYY__f4f1ad7d6529,SRC15_PAN_2021__XYC__2b4f4a26b5be,-82.480294,8.388735,Panamá,PAN,MIAMBIENTE - Cultivos Mapa Panamá,15,2021,20,2,Caña de azúcar,Cultivos,1,12,2021.0,2021.0,9,3,27,2.25,1.5,9.0,16.444444444444443,0.43105795458294033,0.3047525722684959,0.1851522560569015,0.8144409428843222,0.4561776209307712,0.3284429720776148,0.2321665928223305,0.8279440616427078,0.34023458586253263,0.2759090909090909,0.1546110352895301,0.6379313250035941,1,1,1,20,Caña de azúcar,2,Cultivos,0,0,0,0,Panamá,PAN,MIAMBIENTE - Cultivos Mapa Panamá,15,2021,20,2,Caña de azúcar,Cultivos,vegetacion_agricola_estacional,0,0,0,0,none,Senal compatible con variabilidad agricola estacional,0,0,False,True,False,0.34847816867695913,0.8853018140620486,0.221210333077621,0.7019282820614661,1,0,0,1,media,Revisar en control de calidad temático/espectral,rareza_espectral_por_clase_anio,1,1,Auditoría espectral preliminar SRC15 2021,Alerta exploratoria; no constituye validación temática definitiva
4586,S2SR_SRC15_PAN_2021_000001581,SRC15_0004586,PAN_FCL_0018567,SRC15_PAN_2021__XY__ea65ac14a0e5,SRC15_PAN_2021__XYY__ff9dea9fc7bd,SRC15_PAN_2021__XYC__a71c445096a9,-82.412191,8.388984,Panamá,PAN,MIAMBIENTE - Cultivos Mapa Panamá,15,2021,26,3,Pasto,Pasto,1,12,2021.0,2021.0,10,2,30,2.5,2.0,5.0,9.9,0.4209669353943867,0.4245640289950162,0.2408074981975486,0.5447437011294527,0.4843013714476053,0.5118235058229506,0.3405211141060197,0.5974682581077947,0.31683594411454563,0.35934427365830834,0.1931227508996401,0.411424844129605,1,1,1,26,Pasto,3,Pasto,0,0,0,0,Panamá,PAN,MIAMBIENTE - Cultivos Mapa Panamá,15,2021,26,3,Pasto,Pasto,vegetacion_herbacea_estacional,0,0,0,0,none,Senal compatible con pasto,0,0,False,True,False,0.4252056828884969,0.9411504739649379,0.27553044066185495,0.6659670380747192,1,0,0,1,media,Revisar en control de calidad temático/espectral,rareza_espectral_por_clase_anio,1,1,Auditoría espectral preliminar SRC15 2021,Alerta exploratoria; no constituye validación temática definitiva
4675,S2SR_SRC15_PAN_2021_000007971,SRC15_0004675,PAN_FCL_0018983,SRC15_PAN_2021__XY__594c54493266,SRC15_PAN_2021__XYY__5a7d1e0d0546,SRC15_PAN_2021__XYC__b17e94a39a37,-82.089818,8.392268,Panamá,PAN,MIAMBIENTE - Cultivos Mapa Panamá,15,2021,2,1,Bosque latifoliado mixto secundario,Bosque y vegetación natural,1,12,2021.0,2021.0,10,2,27,2.25,2.0,6.5,11.75,0.6660863728209968,0.7085051533377174,0.3960703205791106,0.8175584201186741,0.6886398267512835,0.7346296290030494,0.4207498512199961,0.8379133331146582,0.48137633701572335,0.5211855341694323,0.2685086787105916,0.5965372507869884,1,1,1,2,Bosque latifoliado mixto secundario,1,Bosque y vegetación natural,0,0,0,0,Panamá,PAN,MIAMBIENTE - Cultivos Mapa Panamá,15,2021,2,1,Bosque latifoliado mixto secundario,Bosque y vegetación natural,vegetacion_forestal_esperada,0,0,0,0,none,Senal compatible con bosque o plantacion forestal,0,0,False,True,False,0.7156951618451342,0.9456522260291946,0.46775220877215595,0.7284626845622189,1,0,0,1,media,Revisar en control de calidad temático/espectral,rareza_espectral_por_clase_anio,1,1,Auditoría espectral preliminar SRC15 2021,Alerta exploratoria; no constituye validación temática definitiva
4709,S2SR_SRC15_PAN_2021_000000187,SRC15_0004709,PAN_FCL_0019081,SRC15_PAN_2021__XY__bfdfa256d541,SRC15_PAN_2021__XYY__f07ab5333281,SRC15_PAN_2021__XYC__6f067d5d5900,-82.489391,8.393222,Panamá,PAN,MIAMBIENTE - Cultivos Mapa Panamá,15,2021,2,1,Bosque latifoliado mixto secundario,Bosque y vegetación natural,1,12,2021.0,2021.0,10,2,22,1.8333333333333333,1.0,5.5,12.7,0.7086372033659653,0.7101849866390664,0.4748340115656458,0.9074232813303617,0.7288165180987597,0.7309064287123195,0.505146316851665,0.9140811455847254,0.49938691637149085,0.47836539586806076,0.3950617283950617,0.6809361576062806,1,1,1,2,Bosque latifoliado mixto secundario,1,Bosque y vegetación natural,0,0,0,0,Panamá,PAN,MIAMBIENTE - Cultivos Mapa Panamá,15,2021,2,1,Bosque latifoliado mixto secundario,Bosque y vegetación natural,vegetacion_forestal_esperada,0,0,0,0,none,Senal compatible con bosque o plantacion forestal,0,0,False,True,False,0.7156951618451342,0.9456522260291946,0.46775220877215595,0.7284626845622189,1,0,0,1,media,Revisar en control de calidad temático/espectral,rareza_espectral_por_clase_anio,1,1,Auditoría espectral preliminar SRC15 2021,Alerta exploratoria; no constituye validación temática definitiva
4714,S2SR_SRC15_PAN_2021_000000928,SRC15_0004714,PAN_FCL_0019099,SRC15_PAN_2021__XY__e6098b65d4f8,SRC15_PAN_2021__XYY__b36fcc2c8d77,SRC15_PAN_2021__XYC__b825b85c909e,-82.44853,8.393374,Panamá,PAN,MIAMBIENTE - Cultivos Mapa Panamá,15,2021,2,1,Bosque latifoliado mixto secundario,Bosque y vegetación natural,1,12,2021.0,2021.0,9,3,25,2.0833333333333335,2.0,4.0,7.777777777777778,0.6653711796913356,0.6462809917355372,0.5295605437875434,0.7644692737430167,0.7053248320543292,0.7089425365521931,0.5767918088737201,0.7899142914092087,0.4846540695250971,0.4900417798688551,0.394912985274431,0.5424252834077635,1,1,1,2,Bosque latifoliado mixto secundario,1,Bosque y vegetación natural,0,0,0,0,Panamá,PAN,MIAMBIENTE - Cultivos Mapa Panamá,15,2021,2,1,Bosque latifoliado mixto secundario,Bosque y vegetación natural,vegetacion_forestal_esperada,0,0,0,0,none,Senal compatible con bosque o plantacion forestal,0,0,False,True,False,0.7156951618451342,0.9456522260291946,0.46775220877215595,0.7284626845622189,1,0,0,1,media,Revisar en control de calidad temático/espectral,rareza_espectral_por_clase_anio,1,1,Auditoría espectral preliminar SRC15 2021,Alerta exploratoria; no constituye validación temática definitiva
4794,S2SR_SRC15_PAN_2021_000004985,SRC15_0004794,PAN_FCL_0019467,SRC15_PAN_2021__XY__8b93b93fc7ed,SRC15_PAN_2021__XYY__2fc6ce8f51ae,SRC15_PAN_2021__XYC__40c468ccdb11,-82.235136,8.396361,Panamá,PAN,MIAMBIENTE - Cultivos Mapa Panamá,15,2021,2,1,Bosque latifoliado mixto secundario,Bosque y vegetación natural,1,12,2021.0,2021.0,8,4,20,1.6666666666666667,1.5,3.0,8.8125,0.6607360837300844,0.6804153888967703,0.4158374792703151,0.85569685958993,0.6899370798110693,0.7059682808686988,0.515807560137457,0.8659271762720039,0.48562486627770696,0.4931870881774988,0.3534826633936791,0.6097358019554816,1,1,1,2,Bosque latifoliado mixto secundario,1,Bosque y vegetación natural,0,0,0,0,Panamá,PAN,MIAMBIENTE - Cultivos Mapa Panamá,15,2021,2,1,Bosque latifoliado mixto secundario,Bosque y vegetación natural,vegetacion_forestal_esperada,0,0,0,0,none,Senal compatible con bosque o plantacion forestal,0,0,False,True,False,0.7156951618451342,0.9456522260291946,0.46775220877215595,0.7284626845622189,1,0,0,1,media,Revisar en control de calidad temático/espectral,rareza_espectral_por_clase_anio,1,1,Auditoría espectral preliminar SRC15 2021,Alerta exploratoria; no constituye validación temática definitiva
4820,S2SR_SRC15_PAN_2021_000009652,SRC15_0004820,PAN_FCL_0019567,SRC15_PAN_2021__XY__8dd5a33ab3aa,SRC15_PAN_2021__XYY__47831f6f55f6,SRC15_PAN_2021__XYC__55fa50ce935a,-82.008093,8.397008,Panamá,PAN,MIAMBIENTE - Cultivos Mapa Panamá,15,2021,2,1,Bosque latifoliado mixto secundario,Bosque y vegetación natural,1,12,2021.0,2021.0,10,2,26,2.1666666666666665,1.5,3.5,8.8,0.6443093641022507,0.6355981832489903,0.5471007121057986,0.7293642305978836,0.6807075850172544,0.669443953148257,0.5726626991745056,0.7674805771365151,0.49425483497698475,0.4973085369048592,0.4204267226302902,0.5643418467583498,1,1,1,2,Bosque latifoliado mixto secundario,1,Bosque y vegetación natural,0,0,0,0,Panamá,PAN,MIAMBIENTE - Cultivos Mapa Panamá,15,2021,2,1,Bosque latifoliado mixto secundario,Bosque y vegetación natural,vegetacion_forestal_esperada,0,0,0,0,none,Senal compatible con bosque o plantacion forestal,0,0,False,True,False,0.7156951618451342,0.9456522260291946,0.46775220877215595,0.7284626845622189,1,0,0,1,media,Revisar en control de calidad temático/espectral,rareza_espectral_por_clase_anio,1,1,Auditoría espectral preliminar SRC15 2021,Alerta exploratoria; no constituye validación temática definitiva
4843,S2SR_SRC15_PAN_2021_000000271,SRC15_0004843,PAN_FCL_0019631,SRC15_PAN_2021__XY__c69017eef128,SRC15_PAN_2021__XYY__a783707c7e79,SRC15_PAN_2021__XYC__f8d21b6a1446,-82.484868,8.39776,Panamá,PAN,MIAMBIENTE - Cultivos Mapa Panamá,15,2021,20,2,Caña de azúcar,Cultivos,1,12,2021.0,2021.0,9,3,20,1.6666666666666667,1.0,7.0,7.833333333333333,0.4046362783535511,0.3098503740648379,0.1191575275922533,0.8191906005221932,0.4441311616314238,0.3606699393589373,0.1709794437726723,0.8300163896043081,0.31772718386633053,0.2416337285902503,0.1044172451207626,0.6351861845655694,1,1,1,20,Caña de azúcar,2,Cultivos,0,0,0,0,Panamá,PAN,MIAMBIENTE - Cultivos Mapa Panamá,15,2021,20,2,Caña de azúcar,Cultivos,vegetacion_agricola_estacional,0,0,0,0,none,Senal compatible con variabilidad agricola estacional,0,0,False,True,False,0.34847816867695913,0.8853018140620486,0.221210333077621,0.7019282820614661,1,0,0,1,media,Revisar en control de calidad temático/espectral,rareza_espectral_por_clase_anio,1,1,Auditoría espectral preliminar SRC15 2021,Alerta exploratoria; no constituye validación temática definitiva
4878,S2SR_SRC15_PAN_2021_000007360,SRC15_0004878,PAN_FCL_0019792,SRC15_PAN_2021__XY__92e25fbb79df,SRC15_PAN_2021__XYY__38e56f5b67b0,SRC15_PAN_2021__XYC__b277adc4b156,-82.119353,8.398968,Panamá,PAN,MIAMBIENTE - Cultivos Mapa Panamá,15,2021,2,1,Bosque latifoliado mixto secundario,Bosque y vegetación natural,1,12,2021.0,2021.0,9,3,25,2.0833333333333335,2.0,2.0,4.055555555555555,0.6376435074551929,0.6325007177720356,0.4921011433985459,0.793806799147049,0.67499112156974,0.6769877675840978,0.5462890382241078,0.8281497706829792,0.4530520823354755,0.4583408413938346,0.3678558846879397,0.5620840748715222,1,1,1,2,Bosque latifoliado mixto secundario,1,Bosque y vegetación natural,0,0,0,0,Panamá,PAN,MIAMBIENTE - Cultivos Mapa Panamá,15,2021,2,1,Bosque latifoliado mixto secundario,Bosque y vegetación natural,vegetacion_forestal_esperada,0,0,0,0,none,Senal compatible con bosque o plantacion forestal,0,0,False,True,True,0.7156951618451342,0.9456522260291946,0.46775220877215595,0.7284626845622189,1,0,0,1,media,Revisar en control de calidad temático/espectral,rareza_espectral_por_clase_anio,1,1,Auditoría espectral preliminar SRC15 2021,Alerta exploratoria; no constituye validación temática definitiva
4897,S2SR_SRC15_PAN_2021_000000526,SRC15_0004897,PAN_FCL_0019911,SRC15_PAN_2021__XY__e02057fc2993,SRC15_PAN_2021__XYY__094b4f1f13e2,SRC15_PAN_2021__XYC__1a4d3f38ae10,-82.471256,8.400072,Panamá,PAN,MIAMBIENTE - Cultivos Mapa Panamá,15,2021,2,1,Bosque latifoliado mixto secundario,Bosque y vegetación natural,1,12,2021.0,2021.0,9,3,30,2.5,2.0,6.0,15.333333333333334,0.6477126827843072,0.645455868207089,0.4638533379453475,0.8164059527642016,0.6698566918208004,0.684686373965897,0.4526836158192091,0.8346460128088046,0.49266489748572906,0.5072264063085224,0.3422512234910278,0.614438952825005,1,1,1,2,Bosque latifoliado mixto secundario,1,Bosque y vegetación natural,0,0,0,0,Panamá,PAN,MIAMBIENTE - Cultivos Mapa Panamá,15,2021,2,1,Bosque latifoliado mixto secundario,Bosque y vegetación natural,vegetacion_forestal_esperada,0,0,0,0,none,Senal compatible con bosque o plantacion forestal,0,0,False,True,False,0.7156951618451342,0.9456522260291946,0.46775220877215595,0.7284626845622189,1,0,0,1,media,Revisar en control de calidad temático/espectral,rareza_espectral_por_clase_anio,1,1,Auditoría espectral preliminar SRC15 2021,Alerta exploratoria; no constituye validación temática definitiva
4948,S2SR_SRC15_PAN_2021_000009121,SRC15_0004948,PAN_FCL_0020104,SRC15_PAN_2021__XY__65a9ea5c8bc3,SRC15_PAN_2021__XYY__b9a5f70ccbf0,SRC15_PAN_2021__XYC__9eca31b61532,-82.03308,8.401465,Panamá,PAN,MIAMBIENTE - Cultivos Mapa Panamá,15,2021,9,1,Rastrojo y vegetación arbustiva,Bosque y vegetación natural,1,12,2021.0,2021.0,10,2,27,2.25,1.5,2.75,7.7,0.6242217731622229,0.6226033687433248,0.3656040370467949,0.8739884393063584,0.6555814588942762,0.6487939304353758,0.4238057838547626,0.8838778409090909,0.4251960139416548,0.3921120131389997,0.2734634917214907,0.579864694415778,1,1,1,9,Rastrojo y vegetación arbustiva,1,Bosque y vegetación natural,0,0,0,0,Panamá,PAN,MIAMBIENTE - Cultivos Mapa Panamá,15,2021,9,1,Rastrojo y vegetación arbustiva,Bosque y vegetación natural,vegetacion_natural_baja,0,0,0,0,none,Senal compatible con arbustos,0,0,False,False,True,0.617925271847997,0.9511712918895013,0.4049992993142226,0.6939244937723441,1,0,0,1,media,Revisar en control de calidad temático/espectral,rareza_espectral_por_clase_anio,1,1,Auditoría espectral preliminar SRC15 2021,Alerta exploratoria; no constituye validación temática definitiva
4999,S2SR_SRC15_PAN_2021_000004906,SRC15_0004999,PAN_FCL_0020287,SRC15_PAN_2021__XY__2acb86ba3daa,SRC15_PAN_2021__XYY__25f6da09c003,SRC15_PAN_2021__XYC__e9108da078e7,-82.239698,8.40313,Panamá,PAN,MIAMBIENTE - Cultivos Mapa Panamá,15,2021,2,1,Bosque latifoliado mixto secundario,Bosque y vegetación natural,1,12,2021.0,2021.0,10,2,25,2.0833333333333335,2.0,6.75,11.0,0.6081417505956701,0.6670829561021443,0.3860935524652338,0.7838208409506399,0.6433595545395834,0.685012804924588,0.4467988152198678,0.8023774037472668,0.4441496403998465,0.4605782726927232,0.2856853614091921,0.5784501845018449,1,1,1,2,Bosque latifoliado mixto secundario,1,Bosque y vegetación natural,0,0,0,0,Panamá,PAN,MIAMBIENTE - Cultivos Mapa Panamá,15,2021,2,1,Bosque latifoliado mixto secundario,Bosque y vegetación natural,vegetacion_forestal_esperada,0,0,0,0,none,Senal compatible con bosque o plantacion forestal,0,0,False,True,True,0.7156951618451342,0.9456522260291946,0.46775220877215595,0.7284626845622189,1,0,0,1,media,Revisar en control de calidad temático/espectral,rareza_espectral_por_clase_anio,1,1,Auditoría espectral preliminar SRC15 2021,Alerta exploratoria; no constituye validación temática definitiva
5051,S2SR_SRC15_PAN_2021_000004046,SRC15_0005051,PAN_FCL_0020541,SRC15_PAN_2021__XY__148125bdc649,SRC15_PAN_2021__XYY__5d629487d441,SRC15_PAN_2021__XYC__83b954d76acb,-82.285112,8.405245,Panamá,PAN,MIAMBIENTE - Cultivos Mapa Panamá,15,2021,26,3,Pasto,Pasto,1,12,2021.0,2021.0,9,3,21,1.75,1.0,3.0,9.166666666666666,0.3590222691144114,0.3178896313122338,0.1885621796601025,0.6734776056139029,0.40385700970024513,0.3631019361197145,0.2485635773170122,0.6855058771446161,0.2773747246023271,0.2493445107531083,0.1532071988924781,0.5015010461567622,1,1,1,26,Pasto,3,Pasto,0,0,0,0,Panamá,PAN,MIAMBIENTE - Cultivos Mapa Panamá,15,2021,26,3,Pasto,Pasto,vegetacion_herbacea_estacional,0,0,0,0,none,Senal compatible con pasto,0,0,False,True,True,0.4252056828884969,0.9411504739649379,0.27553044066185495,0.6659670380747192,1,0,0,1,media,Revisar en control de calidad temático/espectral,rareza_espectral_por_clase_anio,1,1,Auditoría espectral preliminar SRC15 2021,Alerta exploratoria; no constituye validación temática definitiva
5114,S2SR_SRC15_PAN_2021_000001000,SRC15_0005114,PAN_FCL_0020745,SRC15_PAN_2021__XY__c8119a84f733,SRC15_PAN_2021__XYY__9f1618c2721d,SRC15_PAN_2021__XYC__b5bfb960e8ab,-82.444039,8.406954,Panamá,PAN,MIAMBIENTE - Cultivos Mapa Panamá,15,2021,9,1,Rastrojo y vegetación arbustiva,Bosque y vegetación natural,1,12,2021.0,2021.0,9,3,25,2.0833333333333335,1.5,4.0,5.722222222222222,0.5350898934797498,0.5573533660791679,0.3419829906878211,0.6420281001832621,0.5719326933972134,0.5861696380334954,0.3913538812105606,0.6681766704416762,0.3462246706821551,0.3587786259541985,0.2306582205375106,0.4177093358999038,1,1,1,9,Rastrojo y vegetación arbustiva,1,Bosque y vegetación natural,0,0,0,0,Panamá,PAN,MIAMBIENTE - Cultivos Mapa Panamá,15,2021,9,1,Rastrojo y vegetación arbustiva,Bosque y vegetación natural,vegetacion_natural_baja,0,0,0,0,none,Senal compatible con arbustos,0,0,False,True,True,0.617925271847997,0.9511712918895013,0.4049992993142226,0.6939244937723441,1,0,0,1,media,Revisar en control de calidad temático/espectral,rareza_espectral_por_clase_anio,1,1,Auditoría espectral preliminar SRC15 2021,Alerta exploratoria; no constituye validación temática definitiva
5205,S2SR_SRC15_PAN_2021_000006971,SRC15_0005205,PAN_FCL_0021154,SRC15_PAN_2021__XY__c21e6bea5004,SRC15_PAN_2021__XYY__ebb55083dbf8,SRC15_PAN_2021__XYC__bc4c1aa61aae,-82.137549,8.410221,Panamá,PAN,MIAMBIENTE - Cultivos Mapa Panamá,15,2021,9,1,Rastrojo y vegetación arbustiva,Bosque y vegetación natural,1,12,2021.0,2021.0,9,3,24,2.0,1.5,2.0,9.277777777777779,0.6173155018221436,0.6361757105943152,0.4123477183563906,0.7552843108067876,0.6278864562670428,0.6635603345280764,0.4107238605898123,0.7742378467453995,0.38729982323564494,0.3699330972058245,0.262401870719893,0.511986301369863,1,1,1,9,Rastrojo y vegetación arbustiva,1,Bosque y vegetación natural,0,0,0,0,Panamá,PAN,MIAMBIENTE - Cultivos Mapa Panamá,15,2021,9,1,Rastrojo y vegetación arbustiva,Bosque y vegetación natural,vegetacion_natural_baja,0,0,0,0,none,Senal compatible con arbustos,0,0,False,False,True,0.617925271847997,0.9511712918895013,0.4049992993142226,0.6939244937723441,1,0,0,1,media,Revisar en control de calidad temático/espectral,rareza_espectral_por_clase_anio,1,1,Auditoría espectral preliminar SRC15 2021,Alerta exploratoria; no constituye validación temática definitiva
5258,S2SR_SRC15_PAN_2021_000002938,SRC15_0005258,PAN_FCL_0021337,SRC15_PAN_2021__XY__4b5bc5d42b82,SRC15_PAN_2021__XYY__32d9ad15b756,SRC15_PAN_2021__XYC__c6e26ec7fa35,-82.344164,8.41183,Panamá,PAN,MIAMBIENTE - Cultivos Mapa Panamá,15,2021,9,1,Rastrojo y vegetación arbustiva,Bosque y vegetación natural,1,12,2021.0,2021.0,9,3,24,2.0,2.0,18.0,23.88888888888889,0.4862083615257846,0.5195241789500904,0.3124221022019111,0.5623480928386289,0.5135554141894296,0.5304835254416275,0.3393213572854291,0.6072754867137972,0.3534273160565757,0.3772279303837282,0.2311926605504587,0.4223803238969034,1,1,1,9,Rastrojo y vegetación arbustiva,1,Bosque y vegetación natural,0,0,0,0,Panamá,PAN,MIAMBIENTE - Cultivos Mapa Panamá,15,2021,9,1,Rastrojo y vegetación arbustiva,Bosque y vegetación natural,vegetacion_natural_baja,0,0,0,0,none,Senal compatible con arbustos,0,0,False,True,True,0.617925271847997,0.9511712918895013,0.4049992993142226,0.6939244937723441,1,0,0,1,media,Revisar en control de calidad temático/espectral,rareza_espectral_por_clase_anio,1,1,Auditoría espectral preliminar SRC15 2021,Alerta exploratoria; no constituye validación temática definitiva
5259,S2SR_SRC15_PAN_2021_000003204,SRC15_0005259,PAN_FCL_0021343,SRC15_PAN_2021__XY__fc472d04e6a0,SRC15_PAN_2021__XYY__fb45d82a92fe,SRC15_PAN_2021__XYC__ada423cdd33c,-82.330542,8.411876,Panamá,PAN,MIAMBIENTE - Cultivos Mapa Panamá,15,2021,26,3,Pasto,Pasto,1,12,2021.0,2021.0,11,1,21,1.75,1.0,20.0,22.90909090909091,0.41687885502768024,0.4196733763767565,0.1818181818181817,0.6822483510180671,0.4433631788065069,0.4349044585987261,0.25,0.7159007127058244,0.2742945949537054,0.2870395332643143,0.1299195937367753,0.4798643493005511,1,1,1,26,Pasto,3,Pasto,0,0,0,0,Panamá,PAN,MIAMBIENTE - Cultivos Mapa Panamá,15,2021,26,3,Pasto,Pasto,vegetacion_herbacea_estacional,0,0,0,0,none,Senal compatible con pasto,0,0,False,True,False,0.4252056828884969,0.9411504739649379,0.27553044066185495,0.6659670380747192,1,0,0,1,media,Revisar en control de calidad temático/espectral,rareza_espectral_por_clase_anio,1,1,Auditoría espectral preliminar SRC15 2021,Alerta exploratoria; no constituye validación temática definitiva
5412,S2SR_SRC15_PAN_2021_000007262,SRC15_0005412,PAN_FCL_0021982,SRC15_PAN_2021__XY__34551a63f323,SRC15_PAN_2021__XYY__84e2d9125e46,SRC15_PAN_2021__XYC__cfd872d6e2f5,-82.123946,8.417043,Panamá,PAN,MIAMBIENTE - Cultivos Mapa Panamá,15,2021,2,1,Bosque latifoliado mixto secundario,Bosque y vegetación natural,1,12,2021.0,2021.0,9,3,22,1.8333333333333333,1.5,2.5,10.5,0.7312474308739638,0.7110515341078344,0.5940032414910859,0.8641554525544936,0.7627911429708463,0.7540567951318459,0.6461206896551724,0.8774178571617044,0.5523651007356931,0.5358501609599063,0.4405884571859675,0.6583822068723448,1,1,1,2,Bosque latifoliado mixto secundario,1,Bosque y vegetación natural,0,0,0,0,Panamá,PAN,MIAMBIENTE - Cultivos Mapa Panamá,15,2021,2,1,Bosque latifoliado mixto secundario,Bosque y vegetación natural,vegetacion_forestal_esperada,0,0,0,0,none,Senal compatible con bosque o plantacion forestal,0,0,False,True,False,0.7156951618451342,0.9456522260291946,0.46775220877215595,0.7284626845622189,1,0,0,1,media,Revisar en control de calidad temático/espectral,rareza_espectral_por_clase_anio,1,1,Auditoría espectral preliminar SRC15 2021,Alerta exploratoria; no constituye validación temática definitiva
5450,S2SR_SRC15_PAN_2021_000003870,SRC15_0005450,PAN_FCL_0022181,SRC15_PAN_2021__XY__3bf9a74e21bd,SRC15_PAN_2021__XYY__2985e182a8cf,SRC15_PAN_2021__XYC__170ed7ae95ae,-82.294239,8.41878,Panamá,PAN,MIAMBIENTE - Cultivos Mapa Panamá,15,2021,26,3,Pasto,Pasto,1,12,2021.0,2021.0,9,3,22,1.8333333333333333,1.0,3.0,4.555555555555555,0.48087097148045665,0.3568870852232035,0.2719877986781902,0.8547736441057823,0.5198739895727852,0.4067386038317551,0.3199631166436145,0.8662814692529922,0.3577520631337812,0.2621228813160043,0.2047128129602356,0.6701754385964912,1,1,1,26,Pasto,3,Pasto,0,0,0,0,Panamá,PAN,MIAMBIENTE - Cultivos Mapa Panamá,15,2021,26,3,Pasto,Pasto,vegetacion_herbacea_estacional,0,0,0,0,none,Senal compatible con pasto,0,0,False,True,True,0.4252056828884969,0.9411504739649379,0.27553044066185495,0.6659670380747192,1,0,0,1,media,Revisar en control de calidad temático/espectral,rareza_espectral_por_clase_anio,1,1,Auditoría espectral preliminar SRC15 2021,Alerta exploratoria; no constituye validación temática definitiva
5453,S2SR_SRC15_PAN_2021_000004216,SRC15_0005453,PAN_FCL_0022189,SRC15_PAN_2021__XY__5cc92c1f0b33,SRC15_PAN_2021__XYY__faaf0fae0957,SRC15_PAN_2021__XYC__31ab10f72aa2,-82.276075,8.418839,Panamá,PAN,MIAMBIENTE - Cultivos Mapa Panamá,15,2021,23,2,Piña,Cultivos,1,12,2021.0,2021.0,9,3,21,1.75,1.5,4.0,11.222222222222221,0.4657022253091848,0.4625156208542708,0.3162730631394461,0.5850938967136151,0.5003755867012827,0.5062912392050882,0.3791409561011095,0.6217228464419476,0.2934860026869124,0.2784853418911247,0.243302238365708,0.3594976452119309,1,1,1,23,Piña,2,Cultivos,0,0,0,0,Panamá,PAN,MIAMBIENTE - Cultivos Mapa Panamá,15,2021,23,2,Piña,Cultivos,vegetacion_agricola_variable,0,0,0,0,none,Senal compatible con variabilidad agricola estacional,0,0,False,True,True,0.46351294358833434,0.858344612634482,0.28376359668585527,0.6120608713785797,1,0,0,1,media,Revisar en control de calidad temático/espectral,rareza_espectral_por_clase_anio,1,1,Auditoría espectral preliminar SRC15 2021,Alerta exploratoria; no constituye validación temática definitiva
5471,S2SR_SRC15_PAN_2021_000006526,SRC15_0005471,PAN_FCL_0022241,SRC15_PAN_2021__XY__707c855c0c0f,SRC15_PAN_2021__XYY__614dea8c3ed4,SRC15_PAN_2021__XYC__b8505ebbb4a5,-82.15801,8.419205,Panamá,PAN,MIAMBIENTE - Cultivos Mapa Panamá,15,2021,9,1,Rastrojo y vegetación arbustiva,Bosque y vegetación natural,1,12,2021.0,2021.0,7,5,20,1.6666666666666667,1.0,4.0,9.071428571428571,0.6098335830589098,0.6145236857630083,0.4216416633806589,0.7400428265524626,0.6378014595258623,0.6386551501337213,0.4671952577467388,0.7551432029043971,0.4047141187497015,0.4265396710451324,0.3048553245379201,0.4764166949440109,1,1,1,9,Rastrojo y vegetación arbustiva,1,Bosque y vegetación natural,0,0,0,0,Panamá,PAN,MIAMBIENTE - Cultivos Mapa Panamá,15,2021,9,1,Rastrojo y vegetación arbustiva,Bosque y vegetación natural,vegetacion_natural_baja,0,0,0,0,none,Senal compatible con arbustos,0,0,False,True,False,0.617925271847997,0.9511712918895013,0.4049992993142226,0.6939244937723441,1,0,0,1,media,Revisar en control de calidad temático/espectral,rareza_espectral_por_clase_anio,1,1,Auditoría espectral preliminar SRC15 2021,Alerta exploratoria; no constituye validación temática definitiva
5486,S2SR_SRC15_PAN_2021_000009362,SRC15_0005486,PAN_FCL_0022301,SRC15_PAN_2021__XY__ea715d2fe7b3,SRC15_PAN_2021__XYY__d846d4453bee,SRC15_PAN_2021__XYC__bc865c752b26,-82.021775,8.419582,Panamá,PAN,MIAMBIENTE - Cultivos Mapa Panamá,15,2021,9,1,Rastrojo y vegetación arbustiva,Bosque y vegetación natural,1,12,2021.0,2021.0,9,3,26,2.1666666666666665,1.5,1.0,5.944444444444445,0.5615023133812482,0.5678978061649542,0.3100415343268995,0.7773289573340068,0.6030412837885829,0.6084549572219426,0.3915104503339797,0.7935876433419145,0.39156849171759367,0.3740326741186586,0.2517929831362667,0.5179243414537533,1,1,1,9,Rastrojo y vegetación arbustiva,1,Bosque y vegetación natural,0,0,0,0,Panamá,PAN,MIAMBIENTE - Cultivos Mapa Panamá,15,2021,9,1,Rastrojo y vegetación arbustiva,Bosque y vegetación natural,vegetacion_natural_baja,0,0,0,0,none,Senal compatible con arbustos,0,0,False,True,True,0.617925271847997,0.9511712918895013,0.4049992993142226,0.6939244937723441,1,0,0,1,media,Revisar en control de calidad temático/espectral,rareza_espectral_por_clase_anio,1,1,Auditoría espectral preliminar SRC15 2021,Alerta exploratoria; no constituye validación temática definitiva
5510,S2SR_SRC15_PAN_2021_000000181,SRC15_0005510,PAN_FCL_0022369,SRC15_PAN_2021__XY__98485f6be517,SRC15_PAN_2021__XYY__120cb6e18777,SRC15_PAN_2021__XYC__7bbdcff01aa7,-82.489495,8.420349,Panamá,PAN,MIAMBIENTE - Cultivos Mapa Panamá,15,2021,26,3,Pasto,Pasto,1,12,2021.0,2021.0,7,5,17,1.4166666666666667,1.0,13.0,13.857142857142858,0.08141601039980162,0.0462388192785419,-0.000783279871886216,0.3466461853558627,0.12688837494102384,0.0835708950512581,0.0296349163390362,0.3871277617675311,0.06600412277620549,0.0346478152335522,-0.0066916268342112,0.2556521739130434,1,1,1,26,Pasto,3,Pasto,0,0,0,0,Panamá,PAN,MIAMBIENTE - Cultivos Mapa Panamá,15,2021,26,3,Pasto,Pasto,vegetacion_herbacea_estacional,0,0,0,0,high,Pasto con NDVI < 0.18,1,0,True,True,True,0.4252056828884969,0.9411504739649379,0.27553044066185495,0.6659670380747192,1,0,0,2,alta,Priorizar revisión temática y espectral,regla_clase_alta: Pasto con NDVI < 0.18,1,1,Auditoría espectral preliminar SRC15 2021,Alerta exploratoria; no constituye validación temática definitiva
5521,S2SR_SRC15_PAN_2021_000001753,SRC15_0005521,PAN_FCL_0022407,SRC15_PAN_2021__XY__56dc91dd6e0d,SRC15_PAN_2021__XYY__295f91169f65,SRC15_PAN_2021__XYC__5d33ee4c9846,-82.403224,8.420666,Panamá,PAN,MIAMBIENTE - Cultivos Mapa Panamá,15,2021,26,3,Pasto,Pasto,1,12,2021.0,2021.0,9,3,29,2.4166666666666665,2.5,7.0,13.166666666666666,0.3434831543650354,0.2900148388594753,0.1944484823034101,0.6209109473775575,0.3767489922051794,0.3265905363725269,0.2036363636363636,0.6675274093513387,0.24664140655649533,0.2280062425183572,0.0960264900662251,0.469017164865022,1,1,1,26,Pasto,3,Pasto,0,0,0,0,Panamá,PAN,MIAMBIENTE - Cultivos Mapa Panamá,15,2021,26,3,Pasto,Pasto,vegetacion_herbacea_estacional,0,0,0,0,none,Senal compatible con pasto,0,0,False,True,True,0.4252056828884969,0.9411504739649379,0.27553044066185495,0.6659670380747192,1,0,0,1,media,Revisar en control de calidad temático/espectral,rareza_espectral_por_clase_anio,1,1,Auditoría espectral preliminar SRC15 2021,Alerta exploratoria; no constituye validación temática definitiva
5544,S2SR_SRC15_PAN_2021_000007021,SRC15_0005544,PAN_FCL_0022525,SRC15_PAN_2021__XY__29b10b3b86b2,SRC15_PAN_2021__XYY__467a044fec52,SRC15_PAN_2021__XYC__80b46a99b849,-82.135311,8.421532,Panamá,PAN,MIAMBIENTE - Cultivos Mapa Panamá,15,2021,2,1,Bosque latifoliado mixto secundario,Bosque y vegetación natural,1,12,2021.0,2021.0,10,2,26,2.1666666666666665,2.0,5.0,9.05,0.7404518672448145,0.7118716595301148,0.5891425046267736,0.8919319022945967,0.7702281092082003,0.7428597227709136,0.6303080766028311,0.9116579265832998,0.5448967917845113,0.5197637270989992,0.4198694706308919,0.7068251395641997,1,1,1,2,Bosque latifoliado mixto secundario,1,Bosque y vegetación natural,0,0,0,0,Panamá,PAN,MIAMBIENTE - Cultivos Mapa Panamá,15,2021,2,1,Bosque latifoliado mixto secundario,Bosque y vegetación natural,vegetacion_forestal_esperada,0,0,0,0,none,Senal compatible con bosque o plantacion forestal,0,0,False,True,False,0.7156951618451342,0.9456522260291946,0.46775220877215595,0.7284626845622189,1,0,0,1,media,Revisar en control de calidad temático/espectral,rareza_espectral_por_clase_anio,1,1,Auditoría espectral preliminar SRC15 2021,Alerta exploratoria; no constituye validación temática definitiva
5561,S2SR_SRC15_PAN_2021_000010877,SRC15_0005561,PAN_FCL_0022606,SRC15_PAN_2021__XY__b6728d47c419,SRC15_PAN_2021__XYY__f83e108e57ce,SRC15_PAN_2021__XYC__eee67d3f22eb,-81.95139,8.42202,Panamá,PAN,MIAMBIENTE - Cultivos Mapa Panamá,15,2021,2,1,Bosque latifoliado mixto secundario,Bosque y vegetación natural,1,12,2021.0,2021.0,7,5,13,1.0833333333333333,1.0,2.0,8.285714285714286,0.644388049674311,0.6247284218842585,0.5312290127602417,0.7844982976166632,0.6710648622842553,0.6515679442508712,0.5868192580899763,0.7829770068576039,0.44940719180843824,0.4474569562636057,0.3901996370235934,0.5249266862170088,1,1,1,2,Bosque latifoliado mixto secundario,1,Bosque y vegetación natural,0,0,0,0,Panamá,PAN,MIAMBIENTE - Cultivos Mapa Panamá,15,2021,2,1,Bosque latifoliado mixto secundario,Bosque y vegetación natural,vegetacion_forestal_esperada,0,0,0,0,none,Senal compatible con bosque o plantacion forestal,0,0,False,True,True,0.7156951618451342,0.9456522260291946,0.46775220877215595,0.7284626845622189,1,0,0,1,media,Revisar en control de calidad temático/espectral,rareza_espectral_por_clase_anio,1,1,Auditoría espectral preliminar SRC15 2021,Alerta exploratoria; no constituye validación temática definitiva
5689,S2SR_SRC15_PAN_2021_000008801,SRC15_0005689,PAN_FCL_0023111,SRC15_PAN_2021__XY__1d8f117dcec5,SRC15_PAN_2021__XYY__6d9e74cbdc5f,SRC15_PAN_2021__XYC__e1019cdf6eb3,-82.049041,8.426294,Panamá,PAN,MIAMBIENTE - Cultivos Mapa Panamá,15,2021,2,1,Bosque latifoliado mixto secundario,Bosque y vegetación natural,1,12,2021.0,2021.0,9,3,25,2.0833333333333335,2.0,4.0,5.555555555555555,0.6355664553443724,0.7095521615324878,0.3444750294927251,0.8503177218168981,0.6652662382139674,0.7234409662312055,0.3973762166737198,0.8585723815877252,0.45053631533390803,0.4848163091951581,0.255395008444361,0.5901826484018264,1,1,1,2,Bosque latifoliado mixto secundario,1,Bosque y vegetación natural,0,0,0,0,Panamá,PAN,MIAMBIENTE - Cultivos Mapa Panamá,15,2021,2,1,Bosque latifoliado mixto secundario,Bosque y vegetación natural,vegetacion_forestal_esperada,0,0,0,0,none,Senal compatible con bosque o plantacion forestal,0,0,False,True,False,0.7156951618451342,0.9456522260291946,0.46775220877215595,0.7284626845622189,1,0,0,1,media,Revisar en control de calidad temático/espectral,rareza_espectral_por_clase_anio,1,1,Auditoría espectral preliminar SRC15 2021,Alerta exploratoria; no constituye validación temática definitiva
5755,S2SR_SRC15_PAN_2021_000009266,SRC15_0005755,PAN_FCL_0023395,SRC15_PAN_2021__XY__e3982788e97b,SRC15_PAN_2021__XYY__7df03d633866,SRC15_PAN_2021__XYC__2c8dda2a4184,-82.02634,8.428615,Panamá,PAN,MIAMBIENTE - Cultivos Mapa Panamá,15,2021,2,1,Bosque latifoliado mixto secundario,Bosque y vegetación natural,1,12,2021.0,2021.0,9,3,25,2.0833333333333335,2.0,3.0,6.5,0.6993454367110379,0.7108786610878661,0.577641723356009,0.7758780665591416,0.7216630294683329,0.7380094786729857,0.6076776899052858,0.797405882596006,0.49768489498250346,0.4985289310232103,0.4124219387430046,0.567752443674754,1,1,1,2,Bosque latifoliado mixto secundario,1,Bosque y vegetación natural,0,0,0,0,Panamá,PAN,MIAMBIENTE - Cultivos Mapa Panamá,15,2021,2,1,Bosque latifoliado mixto secundario,Bosque y vegetación natural,vegetacion_forestal_esperada,0,0,0,0,none,Senal compatible con bosque o plantacion forestal,0,0,False,True,False,0.7156951618451342,0.9456522260291946,0.46775220877215595,0.7284626845622189,1,0,0,1,media,Revisar en control de calidad temático/espectral,rareza_espectral_por_clase_anio,1,1,Auditoría espectral preliminar SRC15 2021,Alerta exploratoria; no constituye validación temática definitiva
5799,S2SR_SRC15_PAN_2021_000003457,SRC15_0005799,PAN_FCL_0023541,SRC15_PAN_2021__XY__47ae4fbc03b0,SRC15_PAN_2021__XYY__bc754b582345,SRC15_PAN_2021__XYC__994c2ff31e99,-82.316981,8.430008,Panamá,PAN,MIAMBIENTE - Cultivos Mapa Panamá,15,2021,9,1,Rastrojo y vegetación arbustiva,Bosque y vegetación natural,1,12,2021.0,2021.0,11,1,27,2.25,2.0,10.5,9.772727272727273,0.4885268636902964,0.4942897214986976,0.1829902736937344,0.8368048920313396,0.5191184580055284,0.5310293571163137,0.2096280087527352,0.8490365918331272,0.36080231889881187,0.3717329781921092,0.1290849673202615,0.6749399519615692,1,1,1,9,Rastrojo y vegetación arbustiva,1,Bosque y vegetación natural,0,0,0,0,Panamá,PAN,MIAMBIENTE - Cultivos Mapa Panamá,15,2021,9,1,Rastrojo y vegetación arbustiva,Bosque y vegetación natural,vegetacion_natural_baja,0,0,0,0,none,Senal compatible con arbustos,0,0,False,True,True,0.617925271847997,0.9511712918895013,0.4049992993142226,0.6939244937723441,1,0,0,1,media,Revisar en control de calidad temático/espectral,rareza_espectral_por_clase_anio,1,1,Auditoría espectral preliminar SRC15 2021,Alerta exploratoria; no constituye validación temática definitiva
5915,S2SR_SRC15_PAN_2021_000000009,SRC15_0005915,PAN_FCL_0024009,SRC15_PAN_2021__XY__75e5424f3e6e,SRC15_PAN_2021__XYY__438a82b04d97,SRC15_PAN_2021__XYC__da1c02450e88,-82.498628,8.433877,Panamá,PAN,MIAMBIENTE - Cultivos Mapa Panamá,15,2021,2,1,Bosque latifoliado mixto secundario,Bosque y vegetación natural,1,12,2021.0,2021.0,9,3,26,2.1666666666666665,1.5,9.0,14.166666666666666,0.68855209124042,0.6857792790792895,0.4993804213135068,0.8676268861454047,0.7136149024069316,0.7092781550227651,0.542606790799562,0.8780025284450065,0.49047572296914665,0.4700614574187884,0.379323237988409,0.6199563794983644,1,1,1,2,Bosque latifoliado mixto secundario,1,Bosque y vegetación natural,0,0,0,0,Panamá,PAN,MIAMBIENTE - Cultivos Mapa Panamá,15,2021,2,1,Bosque latifoliado mixto secundario,Bosque y vegetación natural,vegetacion_forestal_esperada,0,0,0,0,none,Senal compatible con bosque o plantacion forestal,0,0,False,True,False,0.7156951618451342,0.9456522260291946,0.46775220877215595,0.7284626845622189,1,0,0,1,media,Revisar en control de calidad temático/espectral,rareza_espectral_por_clase_anio,1,1,Auditoría espectral preliminar SRC15 2021,Alerta exploratoria; no constituye validación temática definitiva
5936,S2SR_SRC15_PAN_2021_000003538,SRC15_0005936,PAN_FCL_0024091,SRC15_PAN_2021__XY__43a729c4a49c,SRC15_PAN_2021__XYY__fba70fe7726b,SRC15_PAN_2021__XYC__e60bff911f57,-82.312455,8.434544,Panamá,PAN,MIAMBIENTE - Cultivos Mapa Panamá,15,2021,2,1,Bosque latifoliado mixto secundario,Bosque y vegetación natural,1,12,2021.0,2021.0,12,0,27,2.25,2.0,6.0,7.833333333333333,0.7367090420099577,0.7105130312061584,0.6140350027603173,0.9057743416284126,0.7481566027889021,0.7346598394725917,0.6236586398075783,0.9038935436175456,0.5646088779865304,0.5614181354489576,0.4552775481135241,0.6939267704450778,1,1,1,2,Bosque latifoliado mixto secundario,1,Bosque y vegetación natural,0,0,0,0,Panamá,PAN,MIAMBIENTE - Cultivos Mapa Panamá,15,2021,2,1,Bosque latifoliado mixto secundario,Bosque y vegetación natural,vegetacion_forestal_esperada,0,0,0,0,none,Senal compatible con bosque o plantacion forestal,0,0,False,True,False,0.7156951618451342,0.9456522260291946,0.46775220877215595,0.7284626845622189,1,0,0,1,media,Revisar en control de calidad temático/espectral,rareza_espectral_por_clase_anio,1,1,Auditoría espectral preliminar SRC15 2021,Alerta exploratoria; no constituye validación temática definitiva
5988,S2SR_SRC15_PAN_2021_000003371,SRC15_0005988,PAN_FCL_0024361,SRC15_PAN_2021__XY__ae52da478739,SRC15_PAN_2021__XYY__a6586808104d,SRC15_PAN_2021__XYC__3c67eaa5cb4b,-82.321545,8.436775,Panamá,PAN,MIAMBIENTE - Cultivos Mapa Panamá,15,2021,26,3,Pasto,Pasto,1,12,2021.0,2021.0,10,2,26,2.1666666666666665,2.0,6.5,9.15,0.4149189462527387,0.38536628250164695,0.1496855345911949,0.9274138324583427,0.4581047826102719,0.42517735344385754,0.2180451127819548,0.9341887417218542,0.32626493271213375,0.27327849400626786,0.1344945232537259,0.7973076923076923,1,1,1,26,Pasto,3,Pasto,0,0,0,0,Panamá,PAN,MIAMBIENTE - Cultivos Mapa Panamá,15,2021,26,3,Pasto,Pasto,vegetacion_herbacea_estacional,0,0,0,0,none,Senal compatible con pasto,0,0,False,True,True,0.4252056828884969,0.9411504739649379,0.27553044066185495,0.6659670380747192,1,0,0,1,media,Revisar en control de calidad temático/espectral,rareza_espectral_por_clase_anio,1,1,Auditoría espectral preliminar SRC15 2021,Alerta exploratoria; no constituye validación temática definitiva
6022,S2SR_SRC15_PAN_2021_000008839,SRC15_0006022,PAN_FCL_0024482,SRC15_PAN_2021__XY__f6a210254182,SRC15_PAN_2021__XYY__34380d9fefef,SRC15_PAN_2021__XYC__a8fc27159ae7,-82.046801,8.437604,Panamá,PAN,MIAMBIENTE - Cultivos Mapa Panamá,15,2021,9,1,Rastrojo y vegetación arbustiva,Bosque y vegetación natural,1,12,2021.0,2021.0,9,3,23,1.9166666666666667,1.0,3.0,9.222222222222221,0.6314362140220273,0.6060009837678307,0.380205063820883,0.8582903040734366,0.6540617090525647,0.6192965779467681,0.4266356949283779,0.8648796498905909,0.44189032350063034,0.4101821192052979,0.2894834633965069,0.596367738134794,1,1,1,9,Rastrojo y vegetación arbustiva,1,Bosque y vegetación natural,0,0,0,0,Panamá,PAN,MIAMBIENTE - Cultivos Mapa Panamá,15,2021,9,1,Rastrojo y vegetación arbustiva,Bosque y vegetación natural,vegetacion_natural_baja,0,0,0,0,none,Senal compatible con arbustos,0,0,False,True,False,0.617925271847997,0.9511712918895013,0.4049992993142226,0.6939244937723441,1,0,0,1,media,Revisar en control de calidad temático/espectral,rareza_espectral_por_clase_anio,1,1,Auditoría espectral preliminar SRC15 2021,Alerta exploratoria; no constituye validación temática definitiva
6024,S2SR_SRC15_PAN_2021_000009024,SRC15_0006024,PAN_FCL_0024486,SRC15_PAN_2021__XY__6effb429b2d1,SRC15_PAN_2021__XYY__14b428b11483,SRC15_PAN_2021__XYC__50ae88c42f84,-82.037718,8.437629,Panamá,PAN,MIAMBIENTE - Cultivos Mapa Panamá,15,2021,9,1,Rastrojo y vegetación arbustiva,Bosque y vegetación natural,1,12,2021.0,2021.0,10,2,25,2.0833333333333335,1.5,3.0,4.75,0.489673716399845,0.48708425068408445,0.2132292522596549,0.7888803484499103,0.5183814126537826,0.5285664300553421,0.2648752399232246,0.797194191484125,0.3282897230674291,0.3480247573285311,0.1610288935870331,0.476344520824909,1,1,1,9,Rastrojo y vegetación arbustiva,1,Bosque y vegetación natural,0,0,0,0,Panamá,PAN,MIAMBIENTE - Cultivos Mapa Panamá,15,2021,9,1,Rastrojo y vegetación arbustiva,Bosque y vegetación natural,vegetacion_natural_baja,0,0,0,0,none,Senal compatible con arbustos,0,0,False,True,True,0.617925271847997,0.9511712918895013,0.4049992993142226,0.6939244937723441,1,0,0,1,media,Revisar en control de calidad temático/espectral,rareza_espectral_por_clase_anio,1,1,Auditoría espectral preliminar SRC15 2021,Alerta exploratoria; no constituye validación temática definitiva
6056,S2SR_SRC15_PAN_2021_000000841,SRC15_0006056,PAN_FCL_0024577,SRC15_PAN_2021__XY__5a02eb4286ef,SRC15_PAN_2021__XYY__44c70fdf817d,SRC15_PAN_2021__XYC__31814549f3ab,-82.453238,8.438569,Panamá,PAN,MIAMBIENTE - Cultivos Mapa Panamá,15,2021,26,3,Pasto,Pasto,1,12,2021.0,2021.0,9,3,24,2.0,2.0,14.0,18.88888888888889,0.12467491464614912,0.1252567504252049,0.0537213396894421,0.2680032733224222,0.16004352256109275,0.1666736942171697,0.0604350640956174,0.3351913786696395,0.10045038692327406,0.0963389015787397,0.0179077002595288,0.2611442611442611,1,1,1,26,Pasto,3,Pasto,0,0,0,0,Panamá,PAN,MIAMBIENTE - Cultivos Mapa Panamá,15,2021,26,3,Pasto,Pasto,vegetacion_herbacea_estacional,0,0,0,0,high,Pasto con NDVI < 0.18,1,0,True,True,True,0.4252056828884969,0.9411504739649379,0.27553044066185495,0.6659670380747192,1,0,0,2,alta,Priorizar revisión temática y espectral,regla_clase_alta: Pasto con NDVI < 0.18,1,1,Auditoría espectral preliminar SRC15 2021,Alerta exploratoria; no constituye validación temática definitiva
6090,S2SR_SRC15_PAN_2021_000007403,SRC15_0006090,PAN_FCL_0024725,SRC15_PAN_2021__XY__cc137c9a45d3,SRC15_PAN_2021__XYY__2ddd095aecd8,SRC15_PAN_2021__XYC__268848db1222,-82.117199,8.439671,Panamá,PAN,MIAMBIENTE - Cultivos Mapa Panamá,15,2021,2,1,Bosque latifoliado mixto secundario,Bosque y vegetación natural,1,12,2021.0,2021.0,9,3,23,1.9166666666666667,1.0,8.0,13.38888888888889,0.6206086253188127,0.6581748527268849,0.3909329829172142,0.845479223219879,0.6593876126020368,0.6916831488552474,0.487986743993372,0.8665223665223664,0.45766214169770575,0.4725077081192189,0.3015857309006438,0.633722766024629,1,1,1,2,Bosque latifoliado mixto secundario,1,Bosque y vegetación natural,0,0,0,0,Panamá,PAN,MIAMBIENTE - Cultivos Mapa Panamá,15,2021,2,1,Bosque latifoliado mixto secundario,Bosque y vegetación natural,vegetacion_forestal_esperada,0,0,0,0,none,Senal compatible con bosque o plantacion forestal,0,0,False,True,False,0.7156951618451342,0.9456522260291946,0.46775220877215595,0.7284626845622189,1,0,0,1,media,Revisar en control de calidad temático/espectral,rareza_espectral_por_clase_anio,1,1,Auditoría espectral preliminar SRC15 2021,Alerta exploratoria; no constituye validación temática definitiva
6135,S2SR_SRC15_PAN_2021_000004736,SRC15_0006135,PAN_FCL_0024941,SRC15_PAN_2021__XY__a51596abccdc,SRC15_PAN_2021__XYY__c7c6e53e2841,SRC15_PAN_2021__XYC__1f81d780f709,-82.248903,8.441534,Panamá,PAN,MIAMBIENTE - Cultivos Mapa Panamá,15,2021,26,3,Pasto,Pasto,1,12,2021.0,2021.0,10,2,27,2.25,2.0,6.25,13.05,0.42908679678362915,0.29636566101820505,0.1598338450424417,0.8785529715762274,0.46365102150993415,0.3374249514468437,0.1994493202546894,0.8893683797567673,0.3160124915993431,0.21489230941285134,0.1249193027759845,0.705970597059706,1,1,1,26,Pasto,3,Pasto,0,0,0,0,Panamá,PAN,MIAMBIENTE - Cultivos Mapa Panamá,15,2021,26,3,Pasto,Pasto,vegetacion_herbacea_estacional,0,0,0,0,none,Senal compatible con pasto,0,0,False,True,True,0.4252056828884969,0.9411504739649379,0.27553044066185495,0.6659670380747192,1,0,0,1,media,Revisar en control de calidad temático/espectral,rareza_espectral_por_clase_anio,1,1,Auditoría espectral preliminar SRC15 2021,Alerta exploratoria; no constituye validación temática definitiva
6206,S2SR_SRC15_PAN_2021_000003285,SRC15_0006206,PAN_FCL_0025181,SRC15_PAN_2021__XY__1c4f2f90beff,SRC15_PAN_2021__XYY__835eee8ed849,SRC15_PAN_2021__XYC__3101069918c6,-82.326109,8.443542,Panamá,PAN,MIAMBIENTE - Cultivos Mapa Panamá,15,2021,26,3,Pasto,Pasto,1,12,2021.0,2021.0,10,2,29,2.4166666666666665,2.5,19.5,18.5,0.09144875598842693,0.17237195291372845,-0.3341708542713567,0.2913992297817714,0.17031858494102523,0.21839681385280735,-0.2974954184483812,0.3576354679802955,0.1244613711493806,0.1641046590012198,-0.2434210526315789,0.2527272727272727,1,1,1,26,Pasto,3,Pasto,0,0,0,0,Panamá,PAN,MIAMBIENTE - Cultivos Mapa Panamá,15,2021,26,3,Pasto,Pasto,vegetacion_herbacea_estacional,0,0,0,0,high,Pasto con NDVI < 0.18,1,0,True,True,True,0.4252056828884969,0.9411504739649379,0.27553044066185495,0.6659670380747192,1,0,0,2,alta,Priorizar revisión temática y espectral,regla_clase_alta: Pasto con NDVI < 0.18,1,1,Auditoría espectral preliminar SRC15 2021,Alerta exploratoria; no constituye validación temática definitiva
6232,S2SR_SRC15_PAN_2021_000008707,SRC15_0006232,PAN_FCL_0025301,SRC15_PAN_2021__XY__5a6e73661707,SRC15_PAN_2021__XYY__441c8b622719,SRC15_PAN_2021__XYC__86486f879e47,-82.053631,8.444369,Panamá,PAN,MIAMBIENTE - Cultivos Mapa Panamá,15,2021,9,1,Rastrojo y vegetación arbustiva,Bosque y vegetación natural,1,12,2021.0,2021.0,10,2,23,1.9166666666666667,1.5,3.25,8.15,0.6171995722738944,0.5929490703486225,0.4468770122343851,0.7755426151402859,0.6462561946540122,0.6286712247324614,0.48841059602649,0.7904486251808972,0.41674105410834683,0.40746119613573123,0.3199537257632266,0.5091485728226396,1,1,1,9,Rastrojo y vegetación arbustiva,1,Bosque y vegetación natural,0,0,0,0,Panamá,PAN,MIAMBIENTE - Cultivos Mapa Panamá,15,2021,9,1,Rastrojo y vegetación arbustiva,Bosque y vegetación natural,vegetacion_natural_baja,0,0,0,0,none,Senal compatible con arbustos,0,0,False,True,False,0.617925271847997,0.9511712918895013,0.4049992993142226,0.6939244937723441,1,0,0,1,media,Revisar en control de calidad temático/espectral,rareza_espectral_por_clase_anio,1,1,Auditoría espectral preliminar SRC15 2021,Alerta exploratoria; no constituye validación temática definitiva
6271,S2SR_SRC15_PAN_2021_000004735,SRC15_0006271,PAN_FCL_0025489,SRC15_PAN_2021__XY__0f3f65fb4de6,SRC15_PAN_2021__XYY__583a6d2cb380,SRC15_PAN_2021__XYC__e6fcb9152eac,-82.248917,8.446056,Panamá,PAN,MIAMBIENTE - Cultivos Mapa Panamá,15,2021,26,3,Pasto,Pasto,1,12,2021.0,2021.0,11,1,27,2.25,2.0,5.0,6.136363636363637,0.4461435941091672,0.3012956419316843,0.2248275862068965,0.8430180582871446,0.4878903170662677,0.367590618336887,0.2643979057591623,0.8537885095753537,0.3341552722866688,0.2225385262919505,0.1683128401531949,0.6889698073130025,1,1,1,26,Pasto,3,Pasto,0,0,0,0,Panamá,PAN,MIAMBIENTE - Cultivos Mapa Panamá,15,2021,26,3,Pasto,Pasto,vegetacion_herbacea_estacional,0,0,0,0,none,Senal compatible con pasto,0,0,False,True,True,0.4252056828884969,0.9411504739649379,0.27553044066185495,0.6659670380747192,1,0,0,1,media,Revisar en control de calidad temático/espectral,rareza_espectral_por_clase_anio,1,1,Auditoría espectral preliminar SRC15 2021,Alerta exploratoria; no constituye validación temática definitiva
6296,S2SR_SRC15_PAN_2021_000008983,SRC15_0006296,PAN_FCL_0025581,SRC15_PAN_2021__XY__982d4d5d8f66,SRC15_PAN_2021__XYY__e7b2a51ee45e,SRC15_PAN_2021__XYC__7ca47e617cbb,-82.040013,8.446666,Panamá,PAN,MIAMBIENTE - Cultivos Mapa Panamá,15,2021,10,1,Vegetación herbácea,Bosque y vegetación natural,1,12,2021.0,2021.0,9,3,22,1.8333333333333333,1.5,4.0,4.611111111111111,0.3393327560831016,0.3552173446772003,0.2195503172324364,0.4443444344434443,0.39063678816733854,0.4039406677225615,0.2660662635696835,0.4986464537087167,0.23817705602606498,0.2461163014179158,0.1580096826058689,0.2928538066324147,1,1,1,10,Vegetación herbácea,1,Bosque y vegetación natural,0,0,0,0,Panamá,PAN,MIAMBIENTE - Cultivos Mapa Panamá,15,2021,10,1,Vegetación herbácea,Bosque y vegetación natural,vegetacion_herbacea_estacional,0,0,0,0,none,Senal compatible con vegetacion herbacea,0,0,False,True,True,0.40796867039334894,0.9207781688241521,0.26757423472003095,0.6262956261210872,1,0,0,1,media,Revisar en control de calidad temático/espectral,rareza_espectral_por_clase_anio,1,1,Auditoría espectral preliminar SRC15 2021,Alerta exploratoria; no constituye validación temática definitiva
6305,S2SR_SRC15_PAN_2021_000009841,SRC15_0006305,PAN_FCL_0025599,SRC15_PAN_2021__XY__0bd5f3b80740,SRC15_PAN_2021__XYY__80bef644c4e6,SRC15_PAN_2021__XYC__84778aacba7f,-81.999138,8.446773,Panamá,PAN,MIAMBIENTE - Cultivos Mapa Panamá,15,2021,26,3,Pasto,Pasto,1,12,2021.0,2021.0,10,2,23,1.9166666666666667,1.5,11.0,16.55,0.43792460864896715,0.42076705315201457,0.3308672420879573,0.6692765756495804,0.4696907997043601,0.4593772370496003,0.3555027711797308,0.6754010348465769,0.3273924039832937,0.31820719503601447,0.2565137614678899,0.4757310762565686,1,1,1,26,Pasto,3,Pasto,0,0,0,0,Panamá,PAN,MIAMBIENTE - Cultivos Mapa Panamá,15,2021,26,3,Pasto,Pasto,vegetacion_herbacea_estacional,0,0,0,0,none,Senal compatible con pasto,0,0,False,True,False,0.4252056828884969,0.9411504739649379,0.27553044066185495,0.6659670380747192,1,0,0,1,media,Revisar en control de calidad temático/espectral,rareza_espectral_por_clase_anio,1,1,Auditoría espectral preliminar SRC15 2021,Alerta exploratoria; no constituye validación temática definitiva
6340,S2SR_SRC15_PAN_2021_000002841,SRC15_0006340,PAN_FCL_0025719,SRC15_PAN_2021__XY__c57df18898ec,SRC15_PAN_2021__XYY__c2c656d5533d,SRC15_PAN_2021__XYC__694a5fbbd349,-82.34883,8.447985,Panamá,PAN,MIAMBIENTE - Cultivos Mapa Panamá,15,2021,2,1,Bosque latifoliado mixto secundario,Bosque y vegetación natural,1,12,2021.0,2021.0,9,3,24,2.0,2.0,5.0,10.444444444444445,0.6436601130521684,0.6934695516471028,0.3958014618391977,0.874656404617922,0.6788305868759188,0.7315364506462081,0.4819820127593066,0.8812089356110381,0.4760319243613884,0.4969135802469136,0.359160228546774,0.6331279945242984,1,1,1,2,Bosque latifoliado mixto secundario,1,Bosque y vegetación natural,0,0,0,0,Panamá,PAN,MIAMBIENTE - Cultivos Mapa Panamá,15,2021,2,1,Bosque latifoliado mixto secundario,Bosque y vegetación natural,vegetacion_forestal_esperada,0,0,0,0,none,Senal compatible con bosque o plantacion forestal,0,0,False,True,False,0.7156951618451342,0.9456522260291946,0.46775220877215595,0.7284626845622189,1,0,0,1,media,Revisar en control de calidad temático/espectral,rareza_espectral_por_clase_anio,1,1,Auditoría espectral preliminar SRC15 2021,Alerta exploratoria; no constituye validación temática definitiva
6364,S2SR_SRC15_PAN_2021_000007590,SRC15_0006364,PAN_FCL_0025825,SRC15_PAN_2021__XY__1a8670d11c17,SRC15_PAN_2021__XYY__2d1be38b590a,SRC15_PAN_2021__XYC__b3e2ef9de9dd,-82.108142,8.448741,Panamá,PAN,MIAMBIENTE - Cultivos Mapa Panamá,15,2021,2,1,Bosque latifoliado mixto secundario,Bosque y vegetación natural,1,12,2021.0,2021.0,9,3,25,2.0833333333333335,1.5,5.0,10.222222222222221,0.6616669628533606,0.6646754521833571,0.4641148325358851,0.8369662585846522,0.6861621934813599,0.6867346091542463,0.5023523261892315,0.8651518893553964,0.4656272150062958,0.4648085767166011,0.3208152784464773,0.6119530416221983,1,1,1,2,Bosque latifoliado mixto secundario,1,Bosque y vegetación natural,0,0,0,0,Panamá,PAN,MIAMBIENTE - Cultivos Mapa Panamá,15,2021,2,1,Bosque latifoliado mixto secundario,Bosque y vegetación natural,vegetacion_forestal_esperada,0,0,0,0,none,Senal compatible con bosque o plantacion forestal,0,0,False,True,True,0.7156951618451342,0.9456522260291946,0.46775220877215595,0.7284626845622189,1,0,0,1,media,Revisar en control de calidad temático/espectral,rareza_espectral_por_clase_anio,1,1,Auditoría espectral preliminar SRC15 2021,Alerta exploratoria; no constituye validación temática definitiva
6365,S2SR_SRC15_PAN_2021_000007870,SRC15_0006365,PAN_FCL_0025831,SRC15_PAN_2021__XY__fec83780ff1a,SRC15_PAN_2021__XYY__3ad5adfa6b32,SRC15_PAN_2021__XYC__ab7645b5174c,-82.094517,8.448779,Panamá,PAN,MIAMBIENTE - Cultivos Mapa Panamá,15,2021,26,3,Pasto,Pasto,1,12,2021.0,2021.0,10,2,25,2.0833333333333335,1.5,3.0,6.35,0.4716126023919177,0.39598725219299624,0.2045454545454545,0.7744755244755246,0.5120718252002241,0.44409630042207193,0.2530294809187918,0.7987911873659583,0.3374305154901454,0.29461899453642154,0.1587221943468807,0.5426997245179063,1,1,1,26,Pasto,3,Pasto,0,0,0,0,Panamá,PAN,MIAMBIENTE - Cultivos Mapa Panamá,15,2021,26,3,Pasto,Pasto,vegetacion_herbacea_estacional,0,0,0,0,none,Senal compatible con pasto,0,0,False,True,False,0.4252056828884969,0.9411504739649379,0.27553044066185495,0.6659670380747192,1,0,0,1,media,Revisar en control de calidad temático/espectral,rareza_espectral_por_clase_anio,1,1,Auditoría espectral preliminar SRC15 2021,Alerta exploratoria; no constituye validación temática definitiva
6413,S2SR_SRC15_PAN_2021_000005195,SRC15_0006413,PAN_FCL_0026049,SRC15_PAN_2021__XY__d48d1d83cdcc,SRC15_PAN_2021__XYY__808d0b94e183,SRC15_PAN_2021__XYC__275e97b83b61,-82.221684,8.450664,Panamá,PAN,MIAMBIENTE - Cultivos Mapa Panamá,15,2021,26,3,Pasto,Pasto,1,12,2021.0,2021.0,10,2,25,2.0833333333333335,2.0,3.0,3.4,0.8889948658966974,0.8995327123724013,0.80706207875613,0.9094580233793838,0.8984744190155128,0.9093571973741005,0.8267066645215252,0.9176493330755848,0.6633439163345719,0.6695033044320835,0.589655263648049,0.6965660790092898,1,1,1,26,Pasto,3,Pasto,0,0,0,0,Panamá,PAN,MIAMBIENTE - Cultivos Mapa Panamá,15,2021,26,3,Pasto,Pasto,vegetacion_herbacea_estacional,0,0,0,0,medium,Pasto con NDVI bajo o muy alto,0,1,True,False,True,0.4252056828884969,0.9411504739649379,0.27553044066185495,0.6659670380747192,1,0,0,2,media,Revisar en control de calidad temático/espectral,regla_clase_media: Pasto con NDVI bajo o muy alto,1,1,Auditoría espectral preliminar SRC15 2021,Alerta exploratoria; no constituye validación temática definitiva
6421,S2SR_SRC15_PAN_2021_000006814,SRC15_0006421,PAN_FCL_0026083,SRC15_PAN_2021__XY__8a8026bc8f38,SRC15_PAN_2021__XYY__78e2156ca31d,SRC15_PAN_2021__XYC__0c3c5ad71e90,-82.14448,8.450897,Panamá,PAN,MIAMBIENTE - Cultivos Mapa Panamá,15,2021,2,1,Bosque latifoliado mixto secundario,Bosque y vegetación natural,1,12,2021.0,2021.0,9,3,25,2.0833333333333335,1.5,6.0,9.11111111111111,0.7175089210073796,0.6995967983075807,0.6216183533104129,0.842798353909465,0.7392350786218383,0.7296662044542646,0.6544493504084882,0.8585635359116023,0.5308538746313456,0.5206539786342143,0.4565919546071014,0.6241792197759753,1,1,1,2,Bosque latifoliado mixto secundario,1,Bosque y vegetación natural,0,0,0,0,Panamá,PAN,MIAMBIENTE - Cultivos Mapa Panamá,15,2021,2,1,Bosque latifoliado mixto secundario,Bosque y vegetación natural,vegetacion_forestal_esperada,0,0,0,0,none,Senal compatible con bosque o plantacion forestal,0,0,False,True,False,0.7156951618451342,0.9456522260291946,0.46775220877215595,0.7284626845622189,1,0,0,1,media,Revisar en control de calidad temático/espectral,rareza_espectral_por_clase_anio,1,1,Auditoría espectral preliminar SRC15 2021,Alerta exploratoria; no constituye validación temática definitiva
6423,S2SR_SRC15_PAN_2021_000007496,SRC15_0006423,PAN_FCL_0026097,SRC15_PAN_2021__XY__50cce91272d1,SRC15_PAN_2021__XYY__5ecfd6bf786c,SRC15_PAN_2021__XYC__7cc6ddbc725a,-82.11269,8.450989,Panamá,PAN,MIAMBIENTE - Cultivos Mapa Panamá,15,2021,2,1,Bosque latifoliado mixto secundario,Bosque y vegetación natural,1,12,2021.0,2021.0,8,4,26,2.1666666666666665,1.5,5.5,13.8125,0.6431334540026372,0.6697134475276757,0.4595841403195405,0.7898193760262725,0.6621379830366912,0.6924114823428036,0.4416815453340308,0.8032498902064119,0.45770663169644893,0.4651531363508784,0.3181978154012943,0.558616166584686,1,1,1,2,Bosque latifoliado mixto secundario,1,Bosque y vegetación natural,0,0,0,0,Panamá,PAN,MIAMBIENTE - Cultivos Mapa Panamá,15,2021,2,1,Bosque latifoliado mixto secundario,Bosque y vegetación natural,vegetacion_forestal_esperada,0,0,0,0,none,Senal compatible con bosque o plantacion forestal,0,0,False,True,True,0.7156951618451342,0.9456522260291946,0.46775220877215595,0.7284626845622189,1,0,0,1,media,Revisar en control de calidad temático/espectral,rareza_espectral_por_clase_anio,1,1,Auditoría espectral preliminar SRC15 2021,Alerta exploratoria; no constituye validación temática definitiva
6432,S2SR_SRC15_PAN_2021_000008890,SRC15_0006432,PAN_FCL_0026127,SRC15_PAN_2021__XY__1a910a135eed,SRC15_PAN_2021__XYY__dbd416db073e,SRC15_PAN_2021__XYC__cd838176c560,-82.044566,8.451176,Panamá,PAN,MIAMBIENTE - Cultivos Mapa Panamá,15,2021,9,1,Rastrojo y vegetación arbustiva,Bosque y vegetación natural,1,12,2021.0,2021.0,10,2,24,2.0,1.0,3.25,10.8,0.5256141097923196,0.5074148068091238,0.2818532818532818,0.8232184394163671,0.5541340769889118,0.5424563957115606,0.302717900656045,0.8426501035196686,0.3613556362846756,0.36734043418217677,0.1717597471022128,0.5648976982097187,1,1,1,9,Rastrojo y vegetación arbustiva,1,Bosque y vegetación natural,0,0,0,0,Panamá,PAN,MIAMBIENTE - Cultivos Mapa Panamá,15,2021,9,1,Rastrojo y vegetación arbustiva,Bosque y vegetación natural,vegetacion_natural_baja,0,0,0,0,none,Senal compatible con arbustos,0,0,False,True,True,0.617925271847997,0.9511712918895013,0.4049992993142226,0.6939244937723441,1,0,0,1,media,Revisar en control de calidad temático/espectral,rareza_espectral_por_clase_anio,1,1,Auditoría espectral preliminar SRC15 2021,Alerta exploratoria; no constituye validación temática definitiva
6433,S2SR_SRC15_PAN_2021_000008982,SRC15_0006433,PAN_FCL_0026129,SRC15_PAN_2021__XY__e6c25f714fcb,SRC15_PAN_2021__XYY__6ca4a9173efa,SRC15_PAN_2021__XYC__8f9897b7ed2f,-82.040025,8.451188,Panamá,PAN,MIAMBIENTE - Cultivos Mapa Panamá,15,2021,2,1,Bosque latifoliado mixto secundario,Bosque y vegetación natural,1,12,2021.0,2021.0,10,2,22,1.8333333333333333,1.0,2.0,5.4,0.5658219983021451,0.5487903542575376,0.3276190476190476,0.7553310886644219,0.5975023612708168,0.584734464888905,0.3776079929473993,0.7725612936880544,0.38020726505393804,0.38267259717845986,0.2471655328798186,0.4789989118607181,1,1,1,2,Bosque latifoliado mixto secundario,1,Bosque y vegetación natural,0,0,0,0,Panamá,PAN,MIAMBIENTE - Cultivos Mapa Panamá,15,2021,2,1,Bosque latifoliado mixto secundario,Bosque y vegetación natural,vegetacion_forestal_esperada,0,0,0,0,none,Senal compatible con bosque o plantacion forestal,0,0,False,True,True,0.7156951618451342,0.9456522260291946,0.46775220877215595,0.7284626845622189,1,0,0,1,media,Revisar en control de calidad temático/espectral,rareza_espectral_por_clase_anio,1,1,Auditoría espectral preliminar SRC15 2021,Alerta exploratoria; no constituye validación temática definitiva
6440,S2SR_SRC15_PAN_2021_000009646,SRC15_0006440,PAN_FCL_0026143,SRC15_PAN_2021__XY__bf0f55605f46,SRC15_PAN_2021__XYY__bcaada78b37d,SRC15_PAN_2021__XYC__c9f8006f507c,-82.008233,8.451271,Panamá,PAN,MIAMBIENTE - Cultivos Mapa Panamá,15,2021,2,1,Bosque latifoliado mixto secundario,Bosque y vegetación natural,1,12,2021.0,2021.0,9,3,23,1.9166666666666667,2.0,2.0,10.38888888888889,0.6677981629491357,0.6427255985267035,0.4842335008677961,0.8322696255864788,0.6890343409778488,0.6766666666666666,0.506191592474055,0.8481449525452978,0.43440442115336253,0.4366297750803285,0.3314742883450191,0.5410071942446043,1,1,1,2,Bosque latifoliado mixto secundario,1,Bosque y vegetación natural,0,0,0,0,Panamá,PAN,MIAMBIENTE - Cultivos Mapa Panamá,15,2021,2,1,Bosque latifoliado mixto secundario,Bosque y vegetación natural,vegetacion_forestal_esperada,0,0,0,0,none,Senal compatible con bosque o plantacion forestal,0,0,False,True,True,0.7156951618451342,0.9456522260291946,0.46775220877215595,0.7284626845622189,1,0,0,1,media,Revisar en control de calidad temático/espectral,rareza_espectral_por_clase_anio,1,1,Auditoría espectral preliminar SRC15 2021,Alerta exploratoria; no constituye validación temática definitiva
6441,S2SR_SRC15_PAN_2021_000009742,SRC15_0006441,PAN_FCL_0026145,SRC15_PAN_2021__XY__8d226ead2a48,SRC15_PAN_2021__XYY__d96936340b14,SRC15_PAN_2021__XYC__ca186de44e28,-82.003692,8.451283,Panamá,PAN,MIAMBIENTE - Cultivos Mapa Panamá,15,2021,10,1,Vegetación herbácea,Bosque y vegetación natural,1,12,2021.0,2021.0,9,3,22,1.8333333333333333,1.5,2.5,9.944444444444445,0.3638253368153893,0.363761341765191,0.2465245373573933,0.4996534634665046,0.4080925035604645,0.4149914386666546,0.2724396656570303,0.5480037824604647,0.2777982423284643,0.2713662856647871,0.1864713458851956,0.3694984646878198,1,1,1,10,Vegetación herbácea,1,Bosque y vegetación natural,0,0,0,0,Panamá,PAN,MIAMBIENTE - Cultivos Mapa Panamá,15,2021,10,1,Vegetación herbácea,Bosque y vegetación natural,vegetacion_herbacea_estacional,0,0,0,0,none,Senal compatible con vegetacion herbacea,0,0,False,True,False,0.40796867039334894,0.9207781688241521,0.26757423472003095,0.6262956261210872,1,0,0,1,media,Revisar en control de calidad temático/espectral,rareza_espectral_por_clase_anio,1,1,Auditoría espectral preliminar SRC15 2021,Alerta exploratoria; no constituye validación temática definitiva
6568,S2SR_SRC15_PAN_2021_000008797,SRC15_0006568,PAN_FCL_0026673,SRC15_PAN_2021__XY__cc398786277b,SRC15_PAN_2021__XYY__b7967d0bdc92,SRC15_PAN_2021__XYC__5f920ebb8d1c,-82.04912,8.455686,Panamá,PAN,MIAMBIENTE - Cultivos Mapa Panamá,15,2021,2,1,Bosque latifoliado mixto secundario,Bosque y vegetación natural,1,12,2021.0,2021.0,9,3,22,1.8333333333333333,1.5,2.0,5.277777777777778,0.6586622579604168,0.6925021061499579,0.3767835004530535,0.8434596140100072,0.6950335884060779,0.7329431132248034,0.4195036277328719,0.871817383669886,0.48925128972249826,0.5192431045542013,0.2848281012809982,0.6026058631921825,1,1,1,2,Bosque latifoliado mixto secundario,1,Bosque y vegetación natural,0,0,0,0,Panamá,PAN,MIAMBIENTE - Cultivos Mapa Panamá,15,2021,2,1,Bosque latifoliado mixto secundario,Bosque y vegetación natural,vegetacion_forestal_esperada,0,0,0,0,none,Senal compatible con bosque o plantacion forestal,0,0,False,True,False,0.7156951618451342,0.9456522260291946,0.46775220877215595,0.7284626845622189,1,0,0,1,media,Revisar en control de calidad temático/espectral,rareza_espectral_por_clase_anio,1,1,Auditoría espectral preliminar SRC15 2021,Alerta exploratoria; no constituye validación temática definitiva
6571,S2SR_SRC15_PAN_2021_000009074,SRC15_0006571,PAN_FCL_0026679,SRC15_PAN_2021__XY__4fcff751c26c,SRC15_PAN_2021__XYY__bdc30a0f3846,SRC15_PAN_2021__XYC__3484df1e49fe,-82.035495,8.455722,Panamá,PAN,MIAMBIENTE - Cultivos Mapa Panamá,15,2021,26,3,Pasto,Pasto,1,12,2021.0,2021.0,9,3,26,2.1666666666666665,2.0,3.5,4.833333333333333,0.36374479595240305,0.3739270722067688,0.2194735596666648,0.5474256476944105,0.41466742007911844,0.4269726938707837,0.2570627474161207,0.6005640903181301,0.26662489313505966,0.2756373453817946,0.1654760200831277,0.3866387530915581,1,1,1,26,Pasto,3,Pasto,0,0,0,0,Panamá,PAN,MIAMBIENTE - Cultivos Mapa Panamá,15,2021,26,3,Pasto,Pasto,vegetacion_herbacea_estacional,0,0,0,0,none,Senal compatible con pasto,0,0,False,True,False,0.4252056828884969,0.9411504739649379,0.27553044066185495,0.6659670380747192,1,0,0,1,media,Revisar en control de calidad temático/espectral,rareza_espectral_por_clase_anio,1,1,Auditoría espectral preliminar SRC15 2021,Alerta exploratoria; no constituye validación temática definitiva
6572,S2SR_SRC15_PAN_2021_000009168,SRC15_0006572,PAN_FCL_0026681,SRC15_PAN_2021__XY__281870ffc3a4,SRC15_PAN_2021__XYY__1ddc3c1ceb60,SRC15_PAN_2021__XYC__f4c84a89faca,-82.030954,8.455734,Panamá,PAN,MIAMBIENTE - Cultivos Mapa Panamá,15,2021,2,1,Bosque latifoliado mixto secundario,Bosque y vegetación natural,1,12,2021.0,2021.0,9,3,24,2.0,1.5,2.0,5.277777777777778,0.7093619869280318,0.7146922517326266,0.4845253818305618,0.8612440191387559,0.7302347289817477,0.7430150692555777,0.532358366019376,0.8671417663527614,0.5232971688797275,0.5324065715833183,0.3710570150178055,0.615121742844938,1,1,1,2,Bosque latifoliado mixto secundario,1,Bosque y vegetación natural,0,0,0,0,Panamá,PAN,MIAMBIENTE - Cultivos Mapa Panamá,15,2021,2,1,Bosque latifoliado mixto secundario,Bosque y vegetación natural,vegetacion_forestal_esperada,0,0,0,0,none,Senal compatible con bosque o plantacion forestal,0,0,False,True,False,0.7156951618451342,0.9456522260291946,0.46775220877215595,0.7284626845622189,1,0,0,1,media,Revisar en control de calidad temático/espectral,rareza_espectral_por_clase_anio,1,1,Auditoría espectral preliminar SRC15 2021,Alerta exploratoria; no constituye validación temática definitiva
6638,S2SR_SRC15_PAN_2021_000008054,SRC15_0006638,PAN_FCL_0026931,SRC15_PAN_2021__XY__2a4a122d6d1e,SRC15_PAN_2021__XYY__6f6b76a9e16b,SRC15_PAN_2021__XYC__062fa4f1d739,-82.08546,8.457848,Panamá,PAN,MIAMBIENTE - Cultivos Mapa Panamá,15,2021,2,1,Bosque latifoliado mixto secundario,Bosque y vegetación natural,1,12,2021.0,2021.0,11,1,26,2.1666666666666665,1.5,13.0,13.227272727272727,0.6896683520853412,0.7041299932295192,0.5719607179139857,0.767932489451477,0.6985594626274524,0.6993927241011094,0.5892102697432564,0.760386692669684,0.4366551054496787,0.4317901640557919,0.3708999158957107,0.5232823651012222,1,1,1,2,Bosque latifoliado mixto secundario,1,Bosque y vegetación natural,0,0,0,0,Panamá,PAN,MIAMBIENTE - Cultivos Mapa Panamá,15,2021,2,1,Bosque latifoliado mixto secundario,Bosque y vegetación natural,vegetacion_forestal_esperada,0,0,0,0,none,Senal compatible con bosque o plantacion forestal,0,0,False,True,True,0.7156951618451342,0.9456522260291946,0.46775220877215595,0.7284626845622189,1,0,0,1,media,Revisar en control de calidad temático/espectral,rareza_espectral_por_clase_anio,1,1,Auditoría espectral preliminar SRC15 2021,Alerta exploratoria; no constituye validación temática definitiva
6656,S2SR_SRC15_PAN_2021_000001390,SRC15_0006656,PAN_FCL_0027057,SRC15_PAN_2021__XY__519ccfae35d5,SRC15_PAN_2021__XYY__020ccc2ec82f,SRC15_PAN_2021__XYC__51da49e4a094,-82.421527,8.459032,Panamá,PAN,MIAMBIENTE - Cultivos Mapa Panamá,15,2021,2,1,Bosque latifoliado mixto secundario,Bosque y vegetación natural,1,12,2021.0,2021.0,9,3,28,2.3333333333333335,2.0,14.0,14.944444444444445,0.6567739913396942,0.6686807762664988,0.4549568078979843,0.8084682010114225,0.6880708334621568,0.6995614428372414,0.5345978222690552,0.8201165096255243,0.4622146216358367,0.4630303294920839,0.3960696596900463,0.5585635501970649,1,1,1,2,Bosque latifoliado mixto secundario,1,Bosque y vegetación natural,0,0,0,0,Panamá,PAN,MIAMBIENTE - Cultivos Mapa Panamá,15,2021,2,1,Bosque latifoliado mixto secundario,Bosque y vegetación natural,vegetacion_forestal_esperada,0,0,0,0,none,Senal compatible con bosque o plantacion forestal,0,0,False,True,True,0.7156951618451342,0.9456522260291946,0.46775220877215595,0.7284626845622189,1,0,0,1,media,Revisar en control de calidad temático/espectral,rareza_espectral_por_clase_anio,1,1,Auditoría espectral preliminar SRC15 2021,Alerta exploratoria; no constituye validación temática definitiva
6707,S2SR_SRC15_PAN_2021_000009167,SRC15_0006707,PAN_FCL_0027229,SRC15_PAN_2021__XY__96790e6ae5cd,SRC15_PAN_2021__XYY__c36161a9d4e9,SRC15_PAN_2021__XYC__398916234c22,-82.030966,8.460256,Panamá,PAN,MIAMBIENTE - Cultivos Mapa Panamá,15,2021,26,3,Pasto,Pasto,1,12,2021.0,2021.0,9,3,22,1.8333333333333333,1.0,4.0,8.944444444444445,0.37292373790811656,0.3645383951682485,0.1669709880300263,0.5667386609071274,0.40131341310874236,0.3881619937694703,0.190297771642674,0.5940093098563044,0.25779907756506343,0.2638325144199957,0.1146814404432132,0.3723645234361387,1,1,1,26,Pasto,3,Pasto,0,0,0,0,Panamá,PAN,MIAMBIENTE - Cultivos Mapa Panamá,15,2021,26,3,Pasto,Pasto,vegetacion_herbacea_estacional,0,0,0,0,none,Senal compatible con pasto,0,0,False,True,True,0.4252056828884969,0.9411504739649379,0.27553044066185495,0.6659670380747192,1,0,0,1,media,Revisar en control de calidad temático/espectral,rareza_espectral_por_clase_anio,1,1,Auditoría espectral preliminar SRC15 2021,Alerta exploratoria; no constituye validación temática definitiva
6710,S2SR_SRC15_PAN_2021_000009452,SRC15_0006710,PAN_FCL_0027235,SRC15_PAN_2021__XY__d1f3ec1bbcb7,SRC15_PAN_2021__XYY__48fd7a34b2a9,SRC15_PAN_2021__XYC__3b669e1c49b5,-82.01734,8.460292,Panamá,PAN,MIAMBIENTE - Cultivos Mapa Panamá,15,2021,2,1,Bosque latifoliado mixto secundario,Bosque y vegetación natural,1,12,2021.0,2021.0,8,4,25,2.0833333333333335,1.5,1.5,4.8125,0.6517583742302521,0.6487692705478287,0.4568789263278127,0.7721437740693197,0.6819080320048341,0.6769808143008464,0.5098654816366668,0.7869786978697868,0.4372297561330276,0.4369557739842826,0.3498830596716059,0.5082289363792679,1,1,1,2,Bosque latifoliado mixto secundario,1,Bosque y vegetación natural,0,0,0,0,Panamá,PAN,MIAMBIENTE - Cultivos Mapa Panamá,15,2021,2,1,Bosque latifoliado mixto secundario,Bosque y vegetación natural,vegetacion_forestal_esperada,0,0,0,0,none,Senal compatible con bosque o plantacion forestal,0,0,False,True,True,0.7156951618451342,0.9456522260291946,0.46775220877215595,0.7284626845622189,1,0,0,1,media,Revisar en control de calidad temático/espectral,rareza_espectral_por_clase_anio,1,1,Auditoría espectral preliminar SRC15 2021,Alerta exploratoria; no constituye validación temática definitiva
6713,S2SR_SRC15_PAN_2021_000009740,SRC15_0006713,PAN_FCL_0027241,SRC15_PAN_2021__XY__db977b5e84de,SRC15_PAN_2021__XYY__898fa28edc72,SRC15_PAN_2021__XYC__a7ac85a09fb5,-82.003715,8.460327,Panamá,PAN,MIAMBIENTE - Cultivos Mapa Panamá,15,2021,2,1,Bosque latifoliado mixto secundario,Bosque y vegetación natural,1,12,2021.0,2021.0,10,2,26,2.1666666666666665,1.5,2.5,5.3,0.6521772690267662,0.6316960281928674,0.5414937759336099,0.762789368390969,0.6759279640412548,0.65979334073707,0.5696202531645569,0.7705914870093976,0.44490929649018096,0.43523300467710413,0.3899547316231946,0.5015487252799619,1,1,1,2,Bosque latifoliado mixto secundario,1,Bosque y vegetación natural,0,0,0,0,Panamá,PAN,MIAMBIENTE - Cultivos Mapa Panamá,15,2021,2,1,Bosque latifoliado mixto secundario,Bosque y vegetación natural,vegetacion_forestal_esperada,0,0,0,0,none,Senal compatible con bosque o plantacion forestal,0,0,False,True,True,0.7156951618451342,0.9456522260291946,0.46775220877215595,0.7284626845622189,1,0,0,1,media,Revisar en control de calidad temático/espectral,rareza_espectral_por_clase_anio,1,1,Auditoría espectral preliminar SRC15 2021,Alerta exploratoria; no constituye validación temática definitiva
6742,S2SR_SRC15_PAN_2021_000001143,SRC15_0006742,PAN_FCL_0027325,SRC15_PAN_2021__XY__bd36641a8279,SRC15_PAN_2021__XYY__158800df4c90,SRC15_PAN_2021__XYC__a8c9b6795a50,-82.435159,8.461243,Panamá,PAN,MIAMBIENTE - Cultivos Mapa Panamá,15,2021,2,1,Bosque latifoliado mixto secundario,Bosque y vegetación natural,1,12,2021.0,2021.0,9,3,28,2.3333333333333335,2.0,7.0,9.88888888888889,0.7127261894011538,0.6926805622879302,0.6180957585734185,0.8014463404598909,0.7362972336438713,0.7191426459719144,0.6691807067131992,0.8130643358020686,0.5282747447986813,0.5151777970511708,0.4975229986693319,0.5741803351886836,1,1,1,2,Bosque latifoliado mixto secundario,1,Bosque y vegetación natural,0,0,0,0,Panamá,PAN,MIAMBIENTE - Cultivos Mapa Panamá,15,2021,2,1,Bosque latifoliado mixto secundario,Bosque y vegetación natural,vegetacion_forestal_esperada,0,0,0,0,none,Senal compatible con bosque o plantacion forestal,0,0,False,True,False,0.7156951618451342,0.9456522260291946,0.46775220877215595,0.7284626845622189,1,0,0,1,media,Revisar en control de calidad temático/espectral,rareza_espectral_por_clase_anio,1,1,Auditoría espectral preliminar SRC15 2021,Alerta exploratoria; no constituye validación temática definitiva
6744,S2SR_SRC15_PAN_2021_000001565,SRC15_0006744,PAN_FCL_0027335,SRC15_PAN_2021__XY__277399ead0c5,SRC15_PAN_2021__XYY__dabb7b282022,SRC15_PAN_2021__XYC__2ed3a27be6cb,-82.412453,8.461325,Panamá,PAN,MIAMBIENTE - Cultivos Mapa Panamá,15,2021,2,1,Bosque latifoliado mixto secundario,Bosque y vegetación natural,1,12,2021.0,2021.0,8,4,25,2.0833333333333335,1.5,5.5,8.8125,0.7266187393423609,0.7129729704338509,0.6016698211982272,0.8451957295373665,0.761518440572256,0.7678185721377653,0.61526037315511,0.8656370656370657,0.5353528733941755,0.5632023687130294,0.3859748614850799,0.6179039301310043,1,1,1,2,Bosque latifoliado mixto secundario,1,Bosque y vegetación natural,0,0,0,0,Panamá,PAN,MIAMBIENTE - Cultivos Mapa Panamá,15,2021,2,1,Bosque latifoliado mixto secundario,Bosque y vegetación natural,vegetacion_forestal_esperada,0,0,0,0,none,Senal compatible con bosque o plantacion forestal,0,0,False,True,False,0.7156951618451342,0.9456522260291946,0.46775220877215595,0.7284626845622189,1,0,0,1,media,Revisar en control de calidad temático/espectral,rareza_espectral_por_clase_anio,1,1,Auditoría espectral preliminar SRC15 2021,Alerta exploratoria; no constituye validación temática definitiva
6745,S2SR_SRC15_PAN_2021_000001744,SRC15_0006745,PAN_FCL_0027339,SRC15_PAN_2021__XY__5b20247bb205,SRC15_PAN_2021__XYY__baa0b485fc63,SRC15_PAN_2021__XYC__0d6101cf5784,-82.403371,8.461358,Panamá,PAN,MIAMBIENTE - Cultivos Mapa Panamá,15,2021,26,3,Pasto,Pasto,1,12,2021.0,2021.0,9,3,27,2.25,2.0,3.0,5.222222222222222,0.4270801094370859,0.3738377825519917,0.3013972055888224,0.6061755054154694,0.46963531844174544,0.4265219493628289,0.3656866693515908,0.6323249672657916,0.2769743957054984,0.2643647369433234,0.1962617708237893,0.3889869548685249,1,1,1,26,Pasto,3,Pasto,0,0,0,0,Panamá,PAN,MIAMBIENTE - Cultivos Mapa Panamá,15,2021,26,3,Pasto,Pasto,vegetacion_herbacea_estacional,0,0,0,0,none,Senal compatible con pasto,0,0,False,True,True,0.4252056828884969,0.9411504739649379,0.27553044066185495,0.6659670380747192,1,0,0,1,media,Revisar en control de calidad temático/espectral,rareza_espectral_por_clase_anio,1,1,Auditoría espectral preliminar SRC15 2021,Alerta exploratoria; no constituye validación temática definitiva
6779,S2SR_SRC15_PAN_2021_000010036,SRC15_0006779,PAN_FCL_0027521,SRC15_PAN_2021__XY__25dfdd153632,SRC15_PAN_2021__XYY__60f1a0d01788,SRC15_PAN_2021__XYC__949320065bbd,-81.990095,8.462623,Panamá,PAN,MIAMBIENTE - Cultivos Mapa Panamá,15,2021,10,1,Vegetación herbácea,Bosque y vegetación natural,1,12,2021.0,2021.0,9,3,20,1.6666666666666667,1.0,4.5,12.38888888888889,0.3134629929110853,0.2982909121211647,0.148506694129763,0.4577218728162124,0.35640734420724435,0.3514733506385937,0.2042348411934552,0.5224615384615384,0.23382861124710985,0.2365354876004042,0.1253822629969419,0.34676102340773,1,1,1,10,Vegetación herbácea,1,Bosque y vegetación natural,0,0,0,0,Panamá,PAN,MIAMBIENTE - Cultivos Mapa Panamá,15,2021,10,1,Vegetación herbácea,Bosque y vegetación natural,vegetacion_herbacea_estacional,0,0,0,0,none,Senal compatible con vegetacion herbacea,0,0,False,True,True,0.40796867039334894,0.9207781688241521,0.26757423472003095,0.6262956261210872,1,0,0,1,media,Revisar en control de calidad temático/espectral,rareza_espectral_por_clase_anio,1,1,Auditoría espectral preliminar SRC15 2021,Alerta exploratoria; no constituye validación temática definitiva
6793,S2SR_SRC15_PAN_2021_000001476,SRC15_0006793,PAN_FCL_0027607,SRC15_PAN_2021__XY__84a046ef8a0e,SRC15_PAN_2021__XYY__9c4678609a45,SRC15_PAN_2021__XYC__cc8900898f2b,-82.417003,8.463569,Panamá,PAN,MIAMBIENTE - Cultivos Mapa Panamá,15,2021,2,1,Bosque latifoliado mixto secundario,Bosque y vegetación natural,1,12,2021.0,2021.0,10,2,25,2.0833333333333335,1.5,5.0,12.0,0.7336765400510771,0.7139213664169244,0.5823215152986886,0.8935077436353369,0.756113287967131,0.7383029180714973,0.6253539533870616,0.9035378544257566,0.5413236450669368,0.5393038553077402,0.4248615619629559,0.6710626537170085,1,1,1,2,Bosque latifoliado mixto secundario,1,Bosque y vegetación natural,0,0,0,0,Panamá,PAN,MIAMBIENTE - Cultivos Mapa Panamá,15,2021,2,1,Bosque latifoliado mixto secundario,Bosque y vegetación natural,vegetacion_forestal_esperada,0,0,0,0,none,Senal compatible con bosque o plantacion forestal,0,0,False,True,False,0.7156951618451342,0.9456522260291946,0.46775220877215595,0.7284626845622189,1,0,0,1,media,Revisar en control de calidad temático/espectral,rareza_espectral_por_clase_anio,1,1,Auditoría espectral preliminar SRC15 2021,Alerta exploratoria; no constituye validación temática definitiva
6836,S2SR_SRC15_PAN_2021_000008239,SRC15_0006836,PAN_FCL_0027757,SRC15_PAN_2021__XY__f3f5d5374edf,SRC15_PAN_2021__XYY__0b571bf51cfd,SRC15_PAN_2021__XYC__1ce1f357c05e,-82.076395,8.464656,Panamá,PAN,MIAMBIENTE - Cultivos Mapa Panamá,15,2021,2,1,Bosque latifoliado mixto secundario,Bosque y vegetación natural,1,12,2021.0,2021.0,11,1,26,2.1666666666666665,1.5,3.0,5.545454545454546,0.6374525202853399,0.6190749784544671,0.4059405940594059,0.8354175070592981,0.6675781170235062,0.6463056815150707,0.4706606483381206,0.8428351309707242,0.45369022554296345,0.4273775440176713,0.3188592456301747,0.5657011945671738,1,1,1,2,Bosque latifoliado mixto secundario,1,Bosque y vegetación natural,0,0,0,0,Panamá,PAN,MIAMBIENTE - Cultivos Mapa Panamá,15,2021,2,1,Bosque latifoliado mixto secundario,Bosque y vegetación natural,vegetacion_forestal_esperada,0,0,0,0,none,Senal compatible con bosque o plantacion forestal,0,0,False,True,True,0.7156951618451342,0.9456522260291946,0.46775220877215595,0.7284626845622189,1,0,0,1,media,Revisar en control de calidad temático/espectral,rareza_espectral_por_clase_anio,1,1,Auditoría espectral preliminar SRC15 2021,Alerta exploratoria; no constituye validación temática definitiva
6874,S2SR_SRC15_PAN_2021_000000835,SRC15_0006874,PAN_FCL_0027865,SRC15_PAN_2021__XY__e459781c9080,SRC15_PAN_2021__XYY__811b6c27d262,SRC15_PAN_2021__XYC__e8552809ca36,-82.45334,8.465697,Panamá,PAN,MIAMBIENTE - Cultivos Mapa Panamá,15,2021,26,3,Pasto,Pasto,1,12,2021.0,2021.0,9,3,23,1.9166666666666667,1.0,11.0,14.61111111111111,0.29575707019428255,0.3416666666666666,0.046872055950287,0.5676798187653388,0.32813090003308354,0.4607508532423209,0.0523281596452328,0.5648869466083983,0.20994684088438584,0.2915429107394091,0.0162020107776634,0.3740407073740406,1,1,1,26,Pasto,3,Pasto,0,0,0,0,Panamá,PAN,MIAMBIENTE - Cultivos Mapa Panamá,15,2021,26,3,Pasto,Pasto,vegetacion_herbacea_estacional,0,0,0,0,none,Senal compatible con pasto,0,0,False,True,False,0.4252056828884969,0.9411504739649379,0.27553044066185495,0.6659670380747192,1,0,0,1,media,Revisar en control de calidad temático/espectral,rareza_espectral_por_clase_anio,1,1,Auditoría espectral preliminar SRC15 2021,Alerta exploratoria; no constituye validación temática definitiva
6875,S2SR_SRC15_PAN_2021_000000912,SRC15_0006875,PAN_FCL_0027867,SRC15_PAN_2021__XY__2b6ab2dc1650,SRC15_PAN_2021__XYY__c2eac3444c4f,SRC15_PAN_2021__XYC__55b0dd9b475f,-82.448799,8.465714,Panamá,PAN,MIAMBIENTE - Cultivos Mapa Panamá,15,2021,26,3,Pasto,Pasto,1,12,2021.0,2021.0,10,2,27,2.25,1.0,5.5,9.7,0.41020916838649324,0.409288824383164,0.327088212334114,0.4861723446893787,0.4408727301857878,0.44332881373817123,0.370573201898503,0.525360977415772,0.31261595977362056,0.31110724660927247,0.2536466774716369,0.3724183877415056,1,1,1,26,Pasto,3,Pasto,0,0,0,0,Panamá,PAN,MIAMBIENTE - Cultivos Mapa Panamá,15,2021,26,3,Pasto,Pasto,vegetacion_herbacea_estacional,0,0,0,0,none,Senal compatible con pasto,0,0,False,True,False,0.4252056828884969,0.9411504739649379,0.27553044066185495,0.6659670380747192,1,0,0,1,media,Revisar en control de calidad temático/espectral,rareza_espectral_por_clase_anio,1,1,Auditoría espectral preliminar SRC15 2021,Alerta exploratoria; no constituye validación temática definitiva
6879,S2SR_SRC15_PAN_2021_000001306,SRC15_0006879,PAN_FCL_0027877,SRC15_PAN_2021__XY__f3049df07e60,SRC15_PAN_2021__XYY__e2a29df68963,SRC15_PAN_2021__XYC__feefa76fd566,-82.426093,8.465797,Panamá,PAN,MIAMBIENTE - Cultivos Mapa Panamá,15,2021,2,1,Bosque latifoliado mixto secundario,Bosque y vegetación natural,1,12,2021.0,2021.0,9,3,28,2.3333333333333335,1.5,5.0,5.5,0.6401149255383082,0.7008898015058178,0.2617833095286676,0.7854411748066554,0.6675358026935826,0.7191516709511567,0.3074272588055131,0.8004488510896637,0.45092605676937936,0.4844617092119866,0.2377673069952881,0.5429798087518305,1,1,1,2,Bosque latifoliado mixto secundario,1,Bosque y vegetación natural,0,0,0,0,Panamá,PAN,MIAMBIENTE - Cultivos Mapa Panamá,15,2021,2,1,Bosque latifoliado mixto secundario,Bosque y vegetación natural,vegetacion_forestal_esperada,0,0,0,0,none,Senal compatible con bosque o plantacion forestal,0,0,False,True,False,0.7156951618451342,0.9456522260291946,0.46775220877215595,0.7284626845622189,1,0,0,1,media,Revisar en control de calidad temático/espectral,rareza_espectral_por_clase_anio,1,1,Auditoría espectral preliminar SRC15 2021,Alerta exploratoria; no constituye validación temática definitiva
6925,S2SR_SRC15_PAN_2021_000000676,SRC15_0006925,PAN_FCL_0028135,SRC15_PAN_2021__XY__39d6efc6d861,SRC15_PAN_2021__XYY__34c43d13d2fd,SRC15_PAN_2021__XYC__176b864d7358,-82.462431,8.467923,Panamá,PAN,MIAMBIENTE - Cultivos Mapa Panamá,15,2021,26,3,Pasto,Pasto,1,12,2021.0,2021.0,10,2,27,2.25,1.0,9.0,12.45,0.42408076287517515,0.41765796424021473,0.3418855630217878,0.5481313703284257,0.4643718998709841,0.458231670780769,0.3890359168241965,0.5824904080920824,0.3108497393318345,0.3100147864466485,0.2582191780821917,0.3957852638055683,1,1,1,26,Pasto,3,Pasto,0,0,0,0,Panamá,PAN,MIAMBIENTE - Cultivos Mapa Panamá,15,2021,26,3,Pasto,Pasto,vegetacion_herbacea_estacional,0,0,0,0,none,Senal compatible con pasto,0,0,False,True,False,0.4252056828884969,0.9411504739649379,0.27553044066185495,0.6659670380747192,1,0,0,1,media,Revisar en control de calidad temático/espectral,rareza_espectral_por_clase_anio,1,1,Auditoría espectral preliminar SRC15 2021,Alerta exploratoria; no constituye validación temática definitiva
6978,S2SR_SRC15_PAN_2021_000009071,SRC15_0006978,PAN_FCL_0028323,SRC15_PAN_2021__XY__b1ac8b80deaf,SRC15_PAN_2021__XYY__5816b1dd3350,SRC15_PAN_2021__XYC__dfbb52183256,-82.035531,8.469288,Panamá,PAN,MIAMBIENTE - Cultivos Mapa Panamá,15,2021,2,1,Bosque latifoliado mixto secundario,Bosque y vegetación natural,1,12,2021.0,2021.0,9,3,23,1.9166666666666667,1.5,1.0,4.722222222222222,0.6668836799015259,0.6638230647709321,0.4933793897524466,0.8205195486748884,0.6842844858743776,0.6805690268347883,0.49264917843759,0.8272727272727273,0.46568256064599794,0.4716874292185731,0.3162175902389426,0.5834779590419993,1,1,1,2,Bosque latifoliado mixto secundario,1,Bosque y vegetación natural,0,0,0,0,Panamá,PAN,MIAMBIENTE - Cultivos Mapa Panamá,15,2021,2,1,Bosque latifoliado mixto secundario,Bosque y vegetación natural,vegetacion_forestal_esperada,0,0,0,0,none,Senal compatible con bosque o plantacion forestal,0,0,False,True,False,0.7156951618451342,0.9456522260291946,0.46775220877215595,0.7284626845622189,1,0,0,1,media,Revisar en control de calidad temático/espectral,rareza_espectral_por_clase_anio,1,1,Auditoría espectral preliminar SRC15 2021,Alerta exploratoria; no constituye validación temática definitiva
6979,S2SR_SRC15_PAN_2021_000009165,SRC15_0006979,PAN_FCL_0028325,SRC15_PAN_2021__XY__accf2e6e6339,SRC15_PAN_2021__XYY__c22706e7924a,SRC15_PAN_2021__XYC__4d6b83d49db5,-82.03099,8.4693,Panamá,PAN,MIAMBIENTE - Cultivos Mapa Panamá,15,2021,2,1,Bosque latifoliado mixto secundario,Bosque y vegetación natural,1,12,2021.0,2021.0,8,4,22,1.8333333333333333,1.5,1.5,4.25,0.6446643777357652,0.6596721141238011,0.4223173923388056,0.8381330685203573,0.6711244489422358,0.6837745654968714,0.4587605884975479,0.8482780018616195,0.43690138072123863,0.44707470241997394,0.2839506172839505,0.5674253387712144,1,1,1,2,Bosque latifoliado mixto secundario,1,Bosque y vegetación natural,0,0,0,0,Panamá,PAN,MIAMBIENTE - Cultivos Mapa Panamá,15,2021,2,1,Bosque latifoliado mixto secundario,Bosque y vegetación natural,vegetacion_forestal_esperada,0,0,0,0,none,Senal compatible con bosque o plantacion forestal,0,0,False,True,True,0.7156951618451342,0.9456522260291946,0.46775220877215595,0.7284626845622189,1,0,0,1,media,Revisar en control de calidad temático/espectral,rareza_espectral_por_clase_anio,1,1,Auditoría espectral preliminar SRC15 2021,Alerta exploratoria; no constituye validación temática definitiva
7036,S2SR_SRC15_PAN_2021_000006130,SRC15_0007036,PAN_FCL_0028535,SRC15_PAN_2021__XY__e8c8a7ea4961,SRC15_PAN_2021__XYY__9e48108c5d63,SRC15_PAN_2021__XYC__cc476068c598,-82.176332,8.47115,Panamá,PAN,MIAMBIENTE - Cultivos Mapa Panamá,15,2021,2,1,Bosque latifoliado mixto secundario,Bosque y vegetación natural,1,12,2021.0,2021.0,11,1,30,2.5,2.0,19.0,18.818181818181817,0.29664977381244273,0.283923780389398,0.1959246535606087,0.4528207688467299,0.3486533667720014,0.3347558084400189,0.2071284912821908,0.5021662071681764,0.27397382072707543,0.2641594925237879,0.1721997489255861,0.3740493372739434,1,1,1,2,Bosque latifoliado mixto secundario,1,Bosque y vegetación natural,0,0,0,0,Panamá,PAN,MIAMBIENTE - Cultivos Mapa Panamá,15,2021,2,1,Bosque latifoliado mixto secundario,Bosque y vegetación natural,vegetacion_forestal_esperada,0,0,0,0,high,Bosque/plantacion forestal con NDVI < 0.30 o NDRE < 0.06,1,0,True,True,True,0.7156951618451342,0.9456522260291946,0.46775220877215595,0.7284626845622189,1,0,0,2,alta,Priorizar revisión temática y espectral,regla_clase_alta: Bosque/plantacion forestal con NDVI < 0.30 o NDRE < 0.06,1,1,Auditoría espectral preliminar SRC15 2021,Alerta exploratoria; no constituye validación temática definitiva
7059,S2SR_SRC15_PAN_2021_000000425,SRC15_0007059,PAN_FCL_0028676,SRC15_PAN_2021__XY__2ebc6d42adb4,SRC15_PAN_2021__XYY__675d7f53686d,SRC15_PAN_2021__XYC__0f9d43ef3cb9,-82.476071,8.472393,Panamá,PAN,MIAMBIENTE - Cultivos Mapa Panamá,15,2021,26,3,Pasto,Pasto,1,12,2021.0,2021.0,9,3,25,2.0833333333333335,1.0,5.0,8.0,0.29257931071745613,0.3031265712625157,0.2244619063887939,0.3418404025880661,0.33218472588431014,0.3485740709405313,0.2657286107067766,0.3962760955425992,0.24144891073137392,0.2454417952314166,0.1794780494256054,0.2983751846381093,1,1,1,26,Pasto,3,Pasto,0,0,0,0,Panamá,PAN,MIAMBIENTE - Cultivos Mapa Panamá,15,2021,26,3,Pasto,Pasto,vegetacion_herbacea_estacional,0,0,0,0,none,Senal compatible con pasto,0,0,False,True,True,0.4252056828884969,0.9411504739649379,0.27553044066185495,0.6659670380747192,1,0,0,1,media,Revisar en control de calidad temático/espectral,rareza_espectral_por_clase_anio,1,1,Auditoría espectral preliminar SRC15 2021,Alerta exploratoria; no constituye validación temática definitiva
7060,S2SR_SRC15_PAN_2021_000000510,SRC15_0007060,PAN_FCL_0028678,SRC15_PAN_2021__XY__061dcdf6c2b3,SRC15_PAN_2021__XYY__d0b55ee68ede,SRC15_PAN_2021__XYC__7a8d5b2bce2e,-82.47153,8.47241,Panamá,PAN,MIAMBIENTE - Cultivos Mapa Panamá,15,2021,26,3,Pasto,Pasto,1,12,2021.0,2021.0,9,3,26,2.1666666666666665,1.0,4.0,5.777777777777778,0.4775195138433457,0.3654450261780105,0.1966107633683892,0.8436979349798582,0.5187119602625268,0.4071900220102714,0.2541173624014264,0.8511770977797939,0.3488711522686314,0.2721010332950632,0.1793109803702967,0.6279790738229026,1,1,1,26,Pasto,3,Pasto,0,0,0,0,Panamá,PAN,MIAMBIENTE - Cultivos Mapa Panamá,15,2021,26,3,Pasto,Pasto,vegetacion_herbacea_estacional,0,0,0,0,none,Senal compatible con pasto,0,0,False,True,True,0.4252056828884969,0.9411504739649379,0.27553044066185495,0.6659670380747192,1,0,0,1,media,Revisar en control de calidad temático/espectral,rareza_espectral_por_clase_anio,1,1,Auditoría espectral preliminar SRC15 2021,Alerta exploratoria; no constituye validación temática definitiva
7068,S2SR_SRC15_PAN_2021_000001924,SRC15_0007068,PAN_FCL_0028712,SRC15_PAN_2021__XY__596144d68ba2,SRC15_PAN_2021__XYY__b111b923b581,SRC15_PAN_2021__XYC__1fa39d4a54c5,-82.39433,8.472694,Panamá,PAN,MIAMBIENTE - Cultivos Mapa Panamá,15,2021,2,1,Bosque latifoliado mixto secundario,Bosque y vegetación natural,1,12,2021.0,2021.0,8,4,23,1.9166666666666667,1.5,8.5,12.4375,0.4431175210245728,0.45696166121560383,0.3164440355597404,0.5655944435821822,0.4911711629130583,0.49909050245419345,0.3744764702051344,0.6023705774960947,0.33424929679176907,0.3539247217646181,0.2359141093813398,0.3985703966444581,1,1,1,2,Bosque latifoliado mixto secundario,1,Bosque y vegetación natural,0,0,0,0,Panamá,PAN,MIAMBIENTE - Cultivos Mapa Panamá,15,2021,2,1,Bosque latifoliado mixto secundario,Bosque y vegetación natural,vegetacion_forestal_esperada,0,0,0,0,none,Senal compatible con bosque o plantacion forestal,0,0,False,True,True,0.7156951618451342,0.9456522260291946,0.46775220877215595,0.7284626845622189,1,0,0,1,media,Revisar en control de calidad temático/espectral,rareza_espectral_por_clase_anio,1,1,Auditoría espectral preliminar SRC15 2021,Alerta exploratoria; no constituye validación temática definitiva
7088,S2SR_SRC15_PAN_2021_000004729,SRC15_0007088,PAN_FCL_0028776,SRC15_PAN_2021__XY__f132adcf3428,SRC15_PAN_2021__XYY__c86356b476e5,SRC15_PAN_2021__XYC__ab91d1f67c61,-82.249005,8.473186,Panamá,PAN,MIAMBIENTE - Cultivos Mapa Panamá,15,2021,2,1,Bosque latifoliado mixto secundario,Bosque y vegetación natural,1,12,2021.0,2021.0,11,1,27,2.25,2.0,23.0,23.818181818181817,0.5810578831303286,0.5873681209010551,0.4493010871976925,0.6992300288739173,0.6030234933016967,0.6028512107255396,0.4916018025399427,0.7151321786690975,0.4119987166420352,0.4168314039304993,0.3368826877180099,0.5103351394742124,1,1,1,2,Bosque latifoliado mixto secundario,1,Bosque y vegetación natural,0,0,0,0,Panamá,PAN,MIAMBIENTE - Cultivos Mapa Panamá,15,2021,2,1,Bosque latifoliado mixto secundario,Bosque y vegetación natural,vegetacion_forestal_esperada,0,0,0,0,none,Senal compatible con bosque o plantacion forestal,0,0,False,True,True,0.7156951618451342,0.9456522260291946,0.46775220877215595,0.7284626845622189,1,0,0,1,media,Revisar en control de calidad temático/espectral,rareza_espectral_por_clase_anio,1,1,Auditoría espectral preliminar SRC15 2021,Alerta exploratoria; no constituye validación temática definitiva
7179,S2SR_SRC15_PAN_2021_000007492,SRC15_0007179,PAN_FCL_0029109,SRC15_PAN_2021__XY__a3d3fa5776d5,SRC15_PAN_2021__XYY__6a66b888fbe5,SRC15_PAN_2021__XYC__bea06dfceabd,-82.112761,8.475859,Panamá,PAN,MIAMBIENTE - Cultivos Mapa Panamá,15,2021,9,1,Rastrojo y vegetación arbustiva,Bosque y vegetación natural,1,12,2021.0,2021.0,9,3,21,1.75,1.0,2.0,6.555555555555555,0.6417881430765906,0.6024435102216383,0.4807322363374475,0.8236407898295914,0.6701366791617736,0.6308112231613888,0.5141935382091247,0.8420925163477839,0.4580081171581448,0.4383731211317418,0.3411164525213412,0.5656648826677646,1,1,1,9,Rastrojo y vegetación arbustiva,1,Bosque y vegetación natural,0,0,0,0,Panamá,PAN,MIAMBIENTE - Cultivos Mapa Panamá,15,2021,9,1,Rastrojo y vegetación arbustiva,Bosque y vegetación natural,vegetacion_natural_baja,0,0,0,0,none,Senal compatible con arbustos,0,0,False,True,False,0.617925271847997,0.9511712918895013,0.4049992993142226,0.6939244937723441,1,0,0,1,media,Revisar en control de calidad temático/espectral,rareza_espectral_por_clase_anio,1,1,Auditoría espectral preliminar SRC15 2021,Alerta exploratoria; no constituye validación temática definitiva
7193,S2SR_SRC15_PAN_2021_000000084,SRC15_0007193,PAN_FCL_0029213,SRC15_PAN_2021__XY__8120e1f2ee67,SRC15_PAN_2021__XYY__4f21445a417e,SRC15_PAN_2021__XYC__992f73ffad4b,-82.496523,8.476837,Panamá,PAN,MIAMBIENTE - Cultivos Mapa Panamá,15,2021,26,3,Pasto,Pasto,1,12,2021.0,2021.0,9,3,25,2.0833333333333335,1.0,8.0,11.5,0.23174210559338737,0.2488986784140969,0.1304347826086956,0.3326315789473685,0.29584985794576296,0.3166332665330662,0.1713565728685426,0.3952201257861635,0.20288818208568482,0.225920211593564,0.1278792692613185,0.2661306947021232,1,1,1,26,Pasto,3,Pasto,0,0,0,0,Panamá,PAN,MIAMBIENTE - Cultivos Mapa Panamá,15,2021,26,3,Pasto,Pasto,vegetacion_herbacea_estacional,0,0,0,0,medium,Pasto con NDVI bajo o muy alto,0,1,True,True,True,0.4252056828884969,0.9411504739649379,0.27553044066185495,0.6659670380747192,1,0,0,2,media,Revisar en control de calidad temático/espectral,regla_clase_media: Pasto con NDVI bajo o muy alto,1,1,Auditoría espectral preliminar SRC15 2021,Alerta exploratoria; no constituye validación temática definitiva
7215,S2SR_SRC15_PAN_2021_000003942,SRC15_0007215,PAN_FCL_0029304,SRC15_PAN_2021__XY__e38332e0b4aa,SRC15_PAN_2021__XYY__db71ea603a60,SRC15_PAN_2021__XYC__f3a9579fe4f1,-82.289893,8.477574,Panamá,PAN,MIAMBIENTE - Cultivos Mapa Panamá,15,2021,9,1,Rastrojo y vegetación arbustiva,Bosque y vegetación natural,1,12,2021.0,2021.0,12,0,26,2.1666666666666665,2.0,9.0,12.958333333333334,0.5355573328106326,0.4732720424507295,0.368462291870715,0.8270195876205788,0.5849735099900168,0.5535536466457829,0.3864890580399618,0.8473764209830741,0.4170923497369494,0.38169669051711697,0.2787185354691076,0.6362733970738026,1,1,1,9,Rastrojo y vegetación arbustiva,1,Bosque y vegetación natural,0,0,0,0,Panamá,PAN,MIAMBIENTE - Cultivos Mapa Panamá,15,2021,9,1,Rastrojo y vegetación arbustiva,Bosque y vegetación natural,vegetacion_natural_baja,0,0,0,0,none,Senal compatible con arbustos,0,0,False,True,True,0.617925271847997,0.9511712918895013,0.4049992993142226,0.6939244937723441,1,0,0,1,media,Revisar en control de calidad temático/espectral,rareza_espectral_por_clase_anio,1,1,Auditoría espectral preliminar SRC15 2021,Alerta exploratoria; no constituye validación temática definitiva
7259,S2SR_SRC15_PAN_2021_000010828,SRC15_0007259,PAN_FCL_0029452,SRC15_PAN_2021__XY__800a826a3f82,SRC15_PAN_2021__XYY__85d962694825,SRC15_PAN_2021__XYC__e3f2033eb4f3,-81.9538,8.47854,Panamá,PAN,MIAMBIENTE - Cultivos Mapa Panamá,15,2021,9,1,Rastrojo y vegetación arbustiva,Bosque y vegetación natural,1,12,2021.0,2021.0,7,5,19,1.5833333333333333,1.0,2.0,18.142857142857142,0.5673385496788274,0.5733088460361189,0.4781710497233272,0.7089327534292406,0.5969431375561518,0.5930077248539913,0.5198820949718026,0.7379518072289157,0.40793105438216254,0.3899955292876247,0.3560568086883876,0.4994802494802495,1,1,1,9,Rastrojo y vegetación arbustiva,1,Bosque y vegetación natural,0,0,0,0,Panamá,PAN,MIAMBIENTE - Cultivos Mapa Panamá,15,2021,9,1,Rastrojo y vegetación arbustiva,Bosque y vegetación natural,vegetacion_natural_baja,0,0,0,0,none,Senal compatible con arbustos,0,0,False,True,True,0.617925271847997,0.9511712918895013,0.4049992993142226,0.6939244937723441,1,0,0,1,media,Revisar en control de calidad temático/espectral,rareza_espectral_por_clase_anio,1,1,Auditoría espectral preliminar SRC15 2021,Alerta exploratoria; no constituye validación temática definitiva
7286,S2SR_SRC15_PAN_2021_000001561,SRC15_0007286,PAN_FCL_0029523,SRC15_PAN_2021__XY__b2c1852eec75,SRC15_PAN_2021__XYY__1e8745bac233,SRC15_PAN_2021__XYC__4b707d1bcad9,-82.412519,8.47941,Panamá,PAN,MIAMBIENTE - Cultivos Mapa Panamá,15,2021,9,1,Rastrojo y vegetación arbustiva,Bosque y vegetación natural,1,12,2021.0,2021.0,9,3,25,2.0833333333333335,1.5,4.0,9.277777777777779,0.5276154723422134,0.5914935707220573,0.2499445553337769,0.7944728724063003,0.5666661895377523,0.6158139534883721,0.3261605897589162,0.8080655457077559,0.3777006528100416,0.4408958938199917,0.2233045396066899,0.5238066229279403,1,1,1,9,Rastrojo y vegetación arbustiva,1,Bosque y vegetación natural,0,0,0,0,Panamá,PAN,MIAMBIENTE - Cultivos Mapa Panamá,15,2021,9,1,Rastrojo y vegetación arbustiva,Bosque y vegetación natural,vegetacion_natural_baja,0,0,0,0,none,Senal compatible con arbustos,0,0,False,True,False,0.617925271847997,0.9511712918895013,0.4049992993142226,0.6939244937723441,1,0,0,1,media,Revisar en control de calidad temático/espectral,rareza_espectral_por_clase_anio,1,1,Auditoría espectral preliminar SRC15 2021,Alerta exploratoria; no constituye validación temática definitiva
7321,S2SR_SRC15_PAN_2021_000010032,SRC15_0007321,PAN_FCL_0029709,SRC15_PAN_2021__XY__e3f05507dd2d,SRC15_PAN_2021__XYY__6e53da5a6acb,SRC15_PAN_2021__XYC__f31efe8fddd7,-81.990142,8.480711,Panamá,PAN,MIAMBIENTE - Cultivos Mapa Panamá,15,2021,9,1,Rastrojo y vegetación arbustiva,Bosque y vegetación natural,1,12,2021.0,2021.0,7,5,20,1.6666666666666667,1.0,1.5,1.7857142857142858,0.5854364284701179,0.5358929568346568,0.3464010282776349,0.8044602755507274,0.61993449528679,0.5660338522732133,0.4224872231686541,0.8205734856249012,0.3968289547519684,0.3764647226509729,0.2842860804921815,0.5182813075162367,1,1,1,9,Rastrojo y vegetación arbustiva,1,Bosque y vegetación natural,0,0,0,0,Panamá,PAN,MIAMBIENTE - Cultivos Mapa Panamá,15,2021,9,1,Rastrojo y vegetación arbustiva,Bosque y vegetación natural,vegetacion_natural_baja,0,0,0,0,none,Senal compatible con arbustos,0,0,False,True,True,0.617925271847997,0.9511712918895013,0.4049992993142226,0.6939244937723441,1,0,0,1,media,Revisar en control de calidad temático/espectral,rareza_espectral_por_clase_anio,1,1,Auditoría espectral preliminar SRC15 2021,Alerta exploratoria; no constituye validación temática definitiva
7417,S2SR_SRC15_PAN_2021_000000983,SRC15_0007417,PAN_FCL_0030055,SRC15_PAN_2021__XY__39356cf8101e,SRC15_PAN_2021__XYY__fd8bfe2e4971,SRC15_PAN_2021__XYC__451a3d84c7f8,-82.444325,8.483815,Panamá,PAN,MIAMBIENTE - Cultivos Mapa Panamá,15,2021,26,3,Pasto,Pasto,1,12,2021.0,2021.0,10,2,31,2.5833333333333335,2.0,4.0,7.65,0.3606214939734277,0.37899904947297836,0.1654551748009692,0.5371249386638821,0.4097732563639661,0.42664660483509187,0.2138897945875448,0.5708854626683089,0.27448833172910503,0.2630622252098792,0.1520965495899736,0.3972974127607791,1,1,1,26,Pasto,3,Pasto,0,0,0,0,Panamá,PAN,MIAMBIENTE - Cultivos Mapa Panamá,15,2021,26,3,Pasto,Pasto,vegetacion_herbacea_estacional,0,0,0,0,none,Senal compatible con pasto,0,0,False,True,True,0.4252056828884969,0.9411504739649379,0.27553044066185495,0.6659670380747192,1,0,0,1,media,Revisar en control de calidad temático/espectral,rareza_espectral_por_clase_anio,1,1,Auditoría espectral preliminar SRC15 2021,Alerta exploratoria; no constituye validación temática definitiva
7421,S2SR_SRC15_PAN_2021_000001560,SRC15_0007421,PAN_FCL_0030069,SRC15_PAN_2021__XY__dce28f132728,SRC15_PAN_2021__XYY__329d8e1af18a,SRC15_PAN_2021__XYC__74fefd971842,-82.412536,8.483932,Panamá,PAN,MIAMBIENTE - Cultivos Mapa Panamá,15,2021,2,1,Bosque latifoliado mixto secundario,Bosque y vegetación natural,1,12,2021.0,2021.0,9,3,23,1.9166666666666667,1.5,14.0,11.055555555555555,0.3287549855897628,0.1215070832040189,0.0110092966891849,0.7794477871006945,0.3635659388560259,0.1815063972055648,0.0561172901921132,0.8016736960754175,0.24782163767328788,0.11774025181692,0.0108879748366803,0.5521141539881461,1,1,1,2,Bosque latifoliado mixto secundario,1,Bosque y vegetación natural,0,0,0,0,Panamá,PAN,MIAMBIENTE - Cultivos Mapa Panamá,15,2021,2,1,Bosque latifoliado mixto secundario,Bosque y vegetación natural,vegetacion_forestal_esperada,0,0,0,0,high,Bosque/plantacion forestal con NDVI < 0.30 o NDRE < 0.06,1,0,True,True,True,0.7156951618451342,0.9456522260291946,0.46775220877215595,0.7284626845622189,1,0,0,2,alta,Priorizar revisión temática y espectral,regla_clase_alta: Bosque/plantacion forestal con NDVI < 0.30 o NDRE < 0.06,1,1,Auditoría espectral preliminar SRC15 2021,Alerta exploratoria; no constituye validación temática definitiva
7508,S2SR_SRC15_PAN_2021_000007394,SRC15_0007508,PAN_FCL_0030472,SRC15_PAN_2021__XY__1e80d7223119,SRC15_PAN_2021__XYY__1748c961410f,SRC15_PAN_2021__XYC__e35eb9f1baf6,-82.117336,8.48715,Panamá,PAN,MIAMBIENTE - Cultivos Mapa Panamá,15,2021,9,1,Rastrojo y vegetación arbustiva,Bosque y vegetación natural,1,12,2021.0,2021.0,9,3,21,1.75,1.0,3.5,7.888888888888889,0.6139693758801843,0.5964665705608196,0.2713123452423063,0.8595870206489676,0.6442254821923223,0.6242660737752316,0.3783946891973446,0.8747368421052633,0.44979721533132305,0.4208007849243799,0.2710072342793544,0.6216708399726838,1,1,1,9,Rastrojo y vegetación arbustiva,1,Bosque y vegetación natural,0,0,0,0,Panamá,PAN,MIAMBIENTE - Cultivos Mapa Panamá,15,2021,9,1,Rastrojo y vegetación arbustiva,Bosque y vegetación natural,vegetacion_natural_baja,0,0,0,0,none,Senal compatible con arbustos,0,0,False,True,False,0.617925271847997,0.9511712918895013,0.4049992993142226,0.6939244937723441,1,0,0,1,media,Revisar en control de calidad temático/espectral,rareza_espectral_por_clase_anio,1,1,Auditoría espectral preliminar SRC15 2021,Alerta exploratoria; no constituye validación temática definitiva
7526,S2SR_SRC15_PAN_2021_000009639,SRC15_0007526,PAN_FCL_0030520,SRC15_PAN_2021__XY__23b5c4c8901d,SRC15_PAN_2021__XYY__e3a9e41d7fe6,SRC15_PAN_2021__XYC__b84e409b885c,-82.008327,8.487447,Panamá,PAN,MIAMBIENTE - Cultivos Mapa Panamá,15,2021,2,1,Bosque latifoliado mixto secundario,Bosque y vegetación natural,1,12,2021.0,2021.0,10,2,26,2.1666666666666665,1.5,2.5,5.7,0.6543717287027404,0.7046380892573758,0.263115738886664,0.8573083159601576,0.6868418492828041,0.734133283825777,0.3364587089794447,0.8656488549618321,0.4512805475736334,0.46411319313536414,0.2394648829431438,0.5864978902953587,1,1,1,2,Bosque latifoliado mixto secundario,1,Bosque y vegetación natural,0,0,0,0,Panamá,PAN,MIAMBIENTE - Cultivos Mapa Panamá,15,2021,2,1,Bosque latifoliado mixto secundario,Bosque y vegetación natural,vegetacion_forestal_esperada,0,0,0,0,none,Senal compatible con bosque o plantacion forestal,0,0,False,True,True,0.7156951618451342,0.9456522260291946,0.46775220877215595,0.7284626845622189,1,0,0,1,media,Revisar en control de calidad temático/espectral,rareza_espectral_por_clase_anio,1,1,Auditoría espectral preliminar SRC15 2021,Alerta exploratoria; no constituye validación temática definitiva
7599,S2SR_SRC15_PAN_2021_000000420,SRC15_0007599,PAN_FCL_0030859,SRC15_PAN_2021__XY__c2bae15b462b,SRC15_PAN_2021__XYY__2af08aba86c5,SRC15_PAN_2021__XYC__657a50de62db,-82.478411,8.490469,Panamá,PAN,MIAMBIENTE - Cultivos Mapa Panamá,15,2021,2,1,Bosque latifoliado mixto secundario,Bosque y vegetación natural,1,12,2021.0,2021.0,9,3,31,2.5833333333333335,2.0,3.5,9.222222222222221,0.7349766168347522,0.709969896198747,0.6318642789727247,0.8653990175066824,0.7588097514079784,0.7384271560287248,0.6608488642716295,0.8742997410867234,0.5436496634975716,0.5060042694482725,0.4576305378731641,0.6496029743493169,1,1,1,2,Bosque latifoliado mixto secundario,1,Bosque y vegetación natural,0,0,0,0,Panamá,PAN,MIAMBIENTE - Cultivos Mapa Panamá,15,2021,2,1,Bosque latifoliado mixto secundario,Bosque y vegetación natural,vegetacion_forestal_esperada,0,0,0,0,none,Senal compatible con bosque o plantacion forestal,0,0,False,True,False,0.7156951618451342,0.9456522260291946,0.46775220877215595,0.7284626845622189,1,0,0,1,media,Revisar en control de calidad temático/espectral,rareza_espectral_por_clase_anio,1,1,Auditoría espectral preliminar SRC15 2021,Alerta exploratoria; no constituye validación temática definitiva
7613,S2SR_SRC15_PAN_2021_000002648,SRC15_0007613,PAN_FCL_0030912,SRC15_PAN_2021__XY__7631fa6c8a78,SRC15_PAN_2021__XYY__9af088880704,SRC15_PAN_2021__XYC__3ac73e3f382f,-82.358063,8.490907,Panamá,PAN,MIAMBIENTE - Cultivos Mapa Panamá,15,2021,26,3,Pasto,Pasto,1,12,2021.0,2021.0,10,2,29,2.4166666666666665,2.5,2.5,11.75,0.4447590164669978,0.3951026957563214,0.2831273354412187,0.6836375280179315,0.48174792085460316,0.43541734459886305,0.3464360587002096,0.703925681750075,0.31165493217010226,0.27512705878305443,0.2188832948154915,0.4766666666666667,1,1,1,26,Pasto,3,Pasto,0,0,0,0,Panamá,PAN,MIAMBIENTE - Cultivos Mapa Panamá,15,2021,26,3,Pasto,Pasto,vegetacion_herbacea_estacional,0,0,0,0,none,Senal compatible con pasto,0,0,False,True,True,0.4252056828884969,0.9411504739649379,0.27553044066185495,0.6659670380747192,1,0,0,1,media,Revisar en control de calidad temático/espectral,rareza_espectral_por_clase_anio,1,1,Auditoría espectral preliminar SRC15 2021,Alerta exploratoria; no constituye validación temática definitiva
7629,S2SR_SRC15_PAN_2021_000004807,SRC15_0007629,PAN_FCL_0030962,SRC15_PAN_2021__XY__247672e54d1f,SRC15_PAN_2021__XYY__39c6217c0fef,SRC15_PAN_2021__XYC__884bc7e62291,-82.244521,8.491286,Panamá,PAN,MIAMBIENTE - Cultivos Mapa Panamá,15,2021,9,1,Rastrojo y vegetación arbustiva,Bosque y vegetación natural,1,12,2021.0,2021.0,10,2,20,1.6666666666666667,1.0,29.0,25.4,0.08169343671571631,0.0830704136647683,-0.0041055718475073,0.172003659652333,0.10023227290312538,0.09866603857799211,-0.0208706022659511,0.2399718508092892,0.06945009771705823,0.07098404486576974,-0.0338334804354221,0.1653439153439153,1,1,1,9,Rastrojo y vegetación arbustiva,1,Bosque y vegetación natural,0,0,0,0,Panamá,PAN,MIAMBIENTE - Cultivos Mapa Panamá,15,2021,9,1,Rastrojo y vegetación arbustiva,Bosque y vegetación natural,vegetacion_natural_baja,0,0,0,0,high,Arbustos con NDVI < 0.10,1,0,True,True,True,0.617925271847997,0.9511712918895013,0.4049992993142226,0.6939244937723441,1,0,0,2,alta,Priorizar revisión temática y espectral,regla_clase_alta: Arbustos con NDVI < 0.10,1,1,Auditoría espectral preliminar SRC15 2021,Alerta exploratoria; no constituye validación temática definitiva
7652,S2SR_SRC15_PAN_2021_000008790,SRC15_0007652,PAN_FCL_0031048,SRC15_PAN_2021__XY__4613b51e0eb5,SRC15_PAN_2021__XYY__f39730b02b8f,SRC15_PAN_2021__XYC__a06b69a7054f,-82.049218,8.491861,Panamá,PAN,MIAMBIENTE - Cultivos Mapa Panamá,15,2021,2,1,Bosque latifoliado mixto secundario,Bosque y vegetación natural,1,12,2021.0,2021.0,9,3,27,2.25,1.5,4.0,3.7222222222222223,0.6034627319754811,0.6289800588427592,0.4265460767538498,0.8121387283236996,0.6342430518945402,0.6582007387823738,0.462789100068697,0.8249865374259557,0.39806839765545854,0.4074462506554799,0.2823730747290359,0.5296772737531031,1,1,1,2,Bosque latifoliado mixto secundario,1,Bosque y vegetación natural,0,0,0,0,Panamá,PAN,MIAMBIENTE - Cultivos Mapa Panamá,15,2021,2,1,Bosque latifoliado mixto secundario,Bosque y vegetación natural,vegetacion_forestal_esperada,0,0,0,0,none,Senal compatible con bosque o plantacion forestal,0,0,False,True,True,0.7156951618451342,0.9456522260291946,0.46775220877215595,0.7284626845622189,1,0,0,1,media,Revisar en control de calidad temático/espectral,rareza_espectral_por_clase_anio,1,1,Auditoría espectral preliminar SRC15 2021,Alerta exploratoria; no constituye validación temática definitiva
7724,S2SR_SRC15_PAN_2021_000008512,SRC15_0007724,PAN_FCL_0031315,SRC15_PAN_2021__XY__005d55719b1d,SRC15_PAN_2021__XYY__f2dc3e231e73,SRC15_PAN_2021__XYC__544b8f926806,-82.062851,8.494085,Panamá,PAN,MIAMBIENTE - Cultivos Mapa Panamá,15,2021,9,1,Rastrojo y vegetación arbustiva,Bosque y vegetación natural,1,12,2021.0,2021.0,9,3,29,2.4166666666666665,2.5,2.0,4.111111111111111,0.5957349636156478,0.6451861360718871,0.3291512915129151,0.772983737139064,0.630482664260669,0.6655996060083722,0.3880848199259508,0.7851758793969849,0.3891416534355783,0.4041934814199709,0.231044776119403,0.4926470588235293,1,1,1,9,Rastrojo y vegetación arbustiva,1,Bosque y vegetación natural,0,0,0,0,Panamá,PAN,MIAMBIENTE - Cultivos Mapa Panamá,15,2021,9,1,Rastrojo y vegetación arbustiva,Bosque y vegetación natural,vegetacion_natural_baja,0,0,0,0,none,Senal compatible con arbustos,0,0,False,False,True,0.617925271847997,0.9511712918895013,0.4049992993142226,0.6939244937723441,1,0,0,1,media,Revisar en control de calidad temático/espectral,rareza_espectral_por_clase_anio,1,1,Auditoría espectral preliminar SRC15 2021,Alerta exploratoria; no constituye validación temática definitiva
7783,S2SR_SRC15_PAN_2021_000008047,SRC15_0007783,PAN_FCL_0031578,SRC15_PAN_2021__XY__beaf3fb38c86,SRC15_PAN_2021__XYY__0de7331b33f0,SRC15_PAN_2021__XYC__f86b6df7894e,-82.085567,8.496284,Panamá,PAN,MIAMBIENTE - Cultivos Mapa Panamá,15,2021,9,1,Rastrojo y vegetación arbustiva,Bosque y vegetación natural,1,12,2021.0,2021.0,10,2,26,2.1666666666666665,1.5,5.0,5.2,0.5946516665989925,0.5115253555427309,0.3724454131574479,0.8236601630032107,0.622199183517191,0.5442075708802377,0.4205674319602011,0.8394423206656172,0.4303768739954485,0.3725292817278581,0.2839434579295127,0.6226939099385043,1,1,1,9,Rastrojo y vegetación arbustiva,1,Bosque y vegetación natural,0,0,0,0,Panamá,PAN,MIAMBIENTE - Cultivos Mapa Panamá,15,2021,9,1,Rastrojo y vegetación arbustiva,Bosque y vegetación natural,vegetacion_natural_baja,0,0,0,0,none,Senal compatible con arbustos,0,0,False,True,True,0.617925271847997,0.9511712918895013,0.4049992993142226,0.6939244937723441,1,0,0,1,media,Revisar en control de calidad temático/espectral,rareza_espectral_por_clase_anio,1,1,Auditoría espectral preliminar SRC15 2021,Alerta exploratoria; no constituye validación temática definitiva
7785,S2SR_SRC15_PAN_2021_000008233,SRC15_0007785,PAN_FCL_0031582,SRC15_PAN_2021__XY__9bbeb6a0f284,SRC15_PAN_2021__XYY__2b3f015b3ca0,SRC15_PAN_2021__XYC__3b06cc0efb0e,-82.076483,8.496309,Panamá,PAN,MIAMBIENTE - Cultivos Mapa Panamá,15,2021,9,1,Rastrojo y vegetación arbustiva,Bosque y vegetación natural,1,12,2021.0,2021.0,10,2,26,2.1666666666666665,2.0,2.25,4.3,0.6196103424116456,0.6147052473756158,0.4644424597350669,0.8424128180961358,0.6479423862364432,0.636726027178588,0.5266975799586361,0.8560853847478052,0.4309724742032987,0.40883472510544416,0.3259375094568826,0.5781615925058547,1,1,1,9,Rastrojo y vegetación arbustiva,1,Bosque y vegetación natural,0,0,0,0,Panamá,PAN,MIAMBIENTE - Cultivos Mapa Panamá,15,2021,9,1,Rastrojo y vegetación arbustiva,Bosque y vegetación natural,vegetacion_natural_baja,0,0,0,0,none,Senal compatible con arbustos,0,0,False,True,False,0.617925271847997,0.9511712918895013,0.4049992993142226,0.6939244937723441,1,0,0,1,media,Revisar en control de calidad temático/espectral,rareza_espectral_por_clase_anio,1,1,Auditoría espectral preliminar SRC15 2021,Alerta exploratoria; no constituye validación temática definitiva
7798,S2SR_SRC15_PAN_2021_000009733,SRC15_0007798,PAN_FCL_0031614,SRC15_PAN_2021__XY__f62aec832e64,SRC15_PAN_2021__XYY__36c53c5579f4,SRC15_PAN_2021__XYC__9b386c01db37,-82.003809,8.496503,Panamá,PAN,MIAMBIENTE - Cultivos Mapa Panamá,15,2021,9,1,Rastrojo y vegetación arbustiva,Bosque y vegetación natural,1,12,2021.0,2021.0,10,2,26,2.1666666666666665,1.5,2.0,5.5,0.5399381404061867,0.5881990109985593,0.2861668426610348,0.7844700324771186,0.5711177842201633,0.6224312954713241,0.3176312247644683,0.8013605442176869,0.3474572394837875,0.38469652499531465,0.2146401985111662,0.5016992353440951,1,1,1,9,Rastrojo y vegetación arbustiva,1,Bosque y vegetación natural,0,0,0,0,Panamá,PAN,MIAMBIENTE - Cultivos Mapa Panamá,15,2021,9,1,Rastrojo y vegetación arbustiva,Bosque y vegetación natural,vegetacion_natural_baja,0,0,0,0,none,Senal compatible con arbustos,0,0,False,True,True,0.617925271847997,0.9511712918895013,0.4049992993142226,0.6939244937723441,1,0,0,1,media,Revisar en control de calidad temático/espectral,rareza_espectral_por_clase_anio,1,1,Auditoría espectral preliminar SRC15 2021,Alerta exploratoria; no constituye validación temática definitiva
7838,S2SR_SRC15_PAN_2021_000003524,SRC15_0007838,PAN_FCL_0031751,SRC15_PAN_2021__XY__c04c8aacddf9,SRC15_PAN_2021__XYY__32fb007f136c,SRC15_PAN_2021__XYC__07090e3bdcf3,-82.31267,8.497845,Panamá,PAN,MIAMBIENTE - Cultivos Mapa Panamá,15,2021,26,3,Pasto,Pasto,1,12,2021.0,2021.0,11,1,21,1.75,1.5,6.0,9.818181818181818,0.17044862072126207,0.2832618025751073,-0.6000000000000001,0.4633844812862647,0.3647458238886341,0.4551386623164764,-0.4545454545454545,0.6267715180753984,0.23287298737040985,0.2543499957709549,-0.3397129186602871,0.499439396868355,1,1,1,26,Pasto,3,Pasto,0,0,0,0,Panamá,PAN,MIAMBIENTE - Cultivos Mapa Panamá,15,2021,26,3,Pasto,Pasto,vegetacion_herbacea_estacional,0,0,0,0,none,Senal compatible con pasto,0,0,False,True,True,0.4252056828884969,0.9411504739649379,0.27553044066185495,0.6659670380747192,1,0,0,1,media,Revisar en control de calidad temático/espectral,rareza_espectral_por_clase_anio,1,1,Auditoría espectral preliminar SRC15 2021,Alerta exploratoria; no constituye validación temática definitiva
7964,S2SR_SRC15_PAN_2021_000001543,SRC15_0007964,PAN_FCL_0032252,SRC15_PAN_2021__XY__af65f67a023d,SRC15_PAN_2021__XYY__cec036d1441b,SRC15_PAN_2021__XYC__2771711b2a9d,-82.414873,8.502009,Panamá,PAN,MIAMBIENTE - Cultivos Mapa Panamá,15,2021,26,3,Pasto,Pasto,1,12,2021.0,2021.0,9,3,26,2.1666666666666665,1.0,5.5,6.722222222222222,0.42871624261160174,0.4276985743380856,0.2511278195488722,0.6162847391516334,0.4637705177273134,0.4463054187192118,0.3039137380191693,0.6566317626527051,0.2781478675498375,0.2546894539391413,0.1808318264014466,0.4245671887881286,1,1,1,26,Pasto,3,Pasto,0,0,0,0,Panamá,PAN,MIAMBIENTE - Cultivos Mapa Panamá,15,2021,26,3,Pasto,Pasto,vegetacion_herbacea_estacional,0,0,0,0,none,Senal compatible con pasto,0,0,False,False,True,0.4252056828884969,0.9411504739649379,0.27553044066185495,0.6659670380747192,1,0,0,1,media,Revisar en control de calidad temático/espectral,rareza_espectral_por_clase_anio,1,1,Auditoría espectral preliminar SRC15 2021,Alerta exploratoria; no constituye validación temática definitiva
7967,S2SR_SRC15_PAN_2021_000002376,SRC15_0007967,PAN_FCL_0032271,SRC15_PAN_2021__XY__e3f6692163ba,SRC15_PAN_2021__XYY__a388d90bbcf2,SRC15_PAN_2021__XYC__901fa9446d2f,-82.371728,8.502163,Panamá,PAN,MIAMBIENTE - Cultivos Mapa Panamá,15,2021,2,1,Bosque latifoliado mixto secundario,Bosque y vegetación natural,1,12,2021.0,2021.0,10,2,26,2.1666666666666665,2.0,10.5,11.3,0.49922597781768846,0.47954497963537235,0.3598324478098983,0.7137208382759983,0.5473297207937031,0.5603685462474768,0.3709055876685935,0.7154088050314464,0.39285399706712887,0.3965615962265283,0.2584291988973304,0.5221485873735612,1,1,1,2,Bosque latifoliado mixto secundario,1,Bosque y vegetación natural,0,0,0,0,Panamá,PAN,MIAMBIENTE - Cultivos Mapa Panamá,15,2021,2,1,Bosque latifoliado mixto secundario,Bosque y vegetación natural,vegetacion_forestal_esperada,0,0,0,0,none,Senal compatible con bosque o plantacion forestal,0,0,False,True,True,0.7156951618451342,0.9456522260291946,0.46775220877215595,0.7284626845622189,1,0,0,1,media,Revisar en control de calidad temático/espectral,rareza_espectral_por_clase_anio,1,1,Auditoría espectral preliminar SRC15 2021,Alerta exploratoria; no constituye validación temática definitiva
7997,S2SR_SRC15_PAN_2021_000008603,SRC15_0007997,PAN_FCL_0032409,SRC15_PAN_2021__XY__d7c2470a73b4,SRC15_PAN_2021__XYY__4a8d31a32f73,SRC15_PAN_2021__XYC__42a24e711b9b,-82.058333,8.503141,Panamá,PAN,MIAMBIENTE - Cultivos Mapa Panamá,15,2021,2,1,Bosque latifoliado mixto secundario,Bosque y vegetación natural,1,12,2021.0,2021.0,11,1,26,2.1666666666666665,1.0,16.0,17.59090909090909,0.6066102867811113,0.5818843509906996,0.4044905008635579,0.8384728340675477,0.6221765790850012,0.5818843509906996,0.4220583305397251,0.819524200164069,0.43716179195288823,0.4566390374331551,0.2367346938775509,0.5808980755523876,1,1,1,2,Bosque latifoliado mixto secundario,1,Bosque y vegetación natural,0,0,0,0,Panamá,PAN,MIAMBIENTE - Cultivos Mapa Panamá,15,2021,2,1,Bosque latifoliado mixto secundario,Bosque y vegetación natural,vegetacion_forestal_esperada,0,0,0,0,none,Senal compatible con bosque o plantacion forestal,0,0,False,True,True,0.7156951618451342,0.9456522260291946,0.46775220877215595,0.7284626845622189,1,0,0,1,media,Revisar en control de calidad temático/espectral,rareza_espectral_por_clase_anio,1,1,Auditoría espectral preliminar SRC15 2021,Alerta exploratoria; no constituye validación temática definitiva
8038,S2SR_SRC15_PAN_2021_000004961,SRC15_0008038,PAN_FCL_0032604,SRC15_PAN_2021__XY__ef8e0cace897,SRC15_PAN_2021__XYY__8473fa765331,SRC15_PAN_2021__XYC__9911d273ed8d,-82.235481,8.50488,Panamá,PAN,MIAMBIENTE - Cultivos Mapa Panamá,15,2021,9,1,Rastrojo y vegetación arbustiva,Bosque y vegetación natural,1,12,2021.0,2021.0,11,1,26,2.1666666666666665,2.0,24.0,24.818181818181817,0.5452110713657194,0.5358316896778434,0.4371966624912421,0.6898876404494382,0.5719575627228096,0.5799147839239872,0.4669483851494114,0.7009750812567713,0.40509446919425224,0.3988145950037527,0.3221548341063147,0.4916864608076008,1,1,1,9,Rastrojo y vegetación arbustiva,1,Bosque y vegetación natural,0,0,0,0,Panamá,PAN,MIAMBIENTE - Cultivos Mapa Panamá,15,2021,9,1,Rastrojo y vegetación arbustiva,Bosque y vegetación natural,vegetacion_natural_baja,0,0,0,0,none,Senal compatible con arbustos,0,0,False,True,True,0.617925271847997,0.9511712918895013,0.4049992993142226,0.6939244937723441,1,0,0,1,media,Revisar en control de calidad temático/espectral,rareza_espectral_por_clase_anio,1,1,Auditoría espectral preliminar SRC15 2021,Alerta exploratoria; no constituye validación temática definitiva
8050,S2SR_SRC15_PAN_2021_000006905,SRC15_0008050,PAN_FCL_0032646,SRC15_PAN_2021__XY__4c1296570ae2,SRC15_PAN_2021__XYY__f66477ebf6a4,SRC15_PAN_2021__XYC__b3280740eeb2,-82.140099,8.505171,Panamá,PAN,MIAMBIENTE - Cultivos Mapa Panamá,15,2021,2,1,Bosque latifoliado mixto secundario,Bosque y vegetación natural,1,12,2021.0,2021.0,10,2,23,1.9166666666666667,1.0,4.0,8.2,0.6287003104596219,0.6397733101556163,0.3708139819115131,0.8113868077513503,0.6604958836185687,0.6650111242303385,0.4445147618164957,0.8263492091017604,0.4383773275471817,0.451125076097581,0.2921182905004957,0.5710414605617775,1,1,1,2,Bosque latifoliado mixto secundario,1,Bosque y vegetación natural,0,0,0,0,Panamá,PAN,MIAMBIENTE - Cultivos Mapa Panamá,15,2021,2,1,Bosque latifoliado mixto secundario,Bosque y vegetación natural,vegetacion_forestal_esperada,0,0,0,0,none,Senal compatible con bosque o plantacion forestal,0,0,False,True,True,0.7156951618451342,0.9456522260291946,0.46775220877215595,0.7284626845622189,1,0,0,1,media,Revisar en control de calidad temático/espectral,rareza_espectral_por_clase_anio,1,1,Auditoría espectral preliminar SRC15 2021,Alerta exploratoria; no constituye validación temática definitiva
8122,S2SR_SRC15_PAN_2021_000006603,SRC15_0008122,PAN_FCL_0032913,SRC15_PAN_2021__XY__2d15e2f069a4,SRC15_PAN_2021__XYY__dad9b2b5982c,SRC15_PAN_2021__XYC__1b06353d7bd1,-82.153732,8.507392,Panamá,PAN,MIAMBIENTE - Cultivos Mapa Panamá,15,2021,9,1,Rastrojo y vegetación arbustiva,Bosque y vegetación natural,1,12,2021.0,2021.0,10,2,26,2.1666666666666665,2.0,4.0,6.0,0.6253163361014242,0.6155301983460828,0.5390607317383824,0.7225917713722592,0.6577922268139578,0.6442030635085259,0.5761569769008921,0.7491993101749199,0.4381986337119927,0.41585827070260073,0.3933778389434902,0.4937156323644932,1,1,1,9,Rastrojo y vegetación arbustiva,1,Bosque y vegetación natural,0,0,0,0,Panamá,PAN,MIAMBIENTE - Cultivos Mapa Panamá,15,2021,9,1,Rastrojo y vegetación arbustiva,Bosque y vegetación natural,vegetacion_natural_baja,0,0,0,0,none,Senal compatible con arbustos,0,0,False,True,False,0.617925271847997,0.9511712918895013,0.4049992993142226,0.6939244937723441,1,0,0,1,media,Revisar en control de calidad temático/espectral,rareza_espectral_por_clase_anio,1,1,Auditoría espectral preliminar SRC15 2021,Alerta exploratoria; no constituye validación temática definitiva
8126,S2SR_SRC15_PAN_2021_000007196,SRC15_0008126,PAN_FCL_0032925,SRC15_PAN_2021__XY__c812c42099e2,SRC15_PAN_2021__XYY__44639f756ed3,SRC15_PAN_2021__XYC__46c39c651e11,-82.126479,8.507472,Panamá,PAN,MIAMBIENTE - Cultivos Mapa Panamá,15,2021,2,1,Bosque latifoliado mixto secundario,Bosque y vegetación natural,1,12,2021.0,2021.0,8,4,21,1.75,1.0,3.0,13.0,0.690477452279674,0.6729819296106299,0.4623706718960937,0.8523527754296985,0.7110391889550756,0.6968424279583079,0.5059844429139269,0.8653302492932408,0.5051245589570369,0.49507903098605627,0.3678942471335084,0.606818684967899,1,1,1,2,Bosque latifoliado mixto secundario,1,Bosque y vegetación natural,0,0,0,0,Panamá,PAN,MIAMBIENTE - Cultivos Mapa Panamá,15,2021,2,1,Bosque latifoliado mixto secundario,Bosque y vegetación natural,vegetacion_forestal_esperada,0,0,0,0,none,Senal compatible con bosque o plantacion forestal,0,0,False,True,False,0.7156951618451342,0.9456522260291946,0.46775220877215595,0.7284626845622189,1,0,0,1,media,Revisar en control de calidad temático/espectral,rareza_espectral_por_clase_anio,1,1,Auditoría espectral preliminar SRC15 2021,Alerta exploratoria; no constituye validación temática definitiva
8127,S2SR_SRC15_PAN_2021_000007293,SRC15_0008127,PAN_FCL_0032927,SRC15_PAN_2021__XY__1e83ee82d9d4,SRC15_PAN_2021__XYY__21b734d9ab72,SRC15_PAN_2021__XYC__2f0cb065f65c,-82.121937,8.507485,Panamá,PAN,MIAMBIENTE - Cultivos Mapa Panamá,15,2021,2,1,Bosque latifoliado mixto secundario,Bosque y vegetación natural,1,12,2021.0,2021.0,9,3,22,1.8333333333333333,1.0,3.0,8.777777777777779,0.7139259530030941,0.7091886296554166,0.5322469589166858,0.870148538572113,0.7352312468724352,0.7253413222125051,0.5724774491294315,0.8832399827660491,0.5094575208388981,0.5051132213294375,0.3784479588083854,0.6282506750035526,1,1,1,2,Bosque latifoliado mixto secundario,1,Bosque y vegetación natural,0,0,0,0,Panamá,PAN,MIAMBIENTE - Cultivos Mapa Panamá,15,2021,2,1,Bosque latifoliado mixto secundario,Bosque y vegetación natural,vegetacion_forestal_esperada,0,0,0,0,none,Senal compatible con bosque o plantacion forestal,0,0,False,True,False,0.7156951618451342,0.9456522260291946,0.46775220877215595,0.7284626845622189,1,0,0,1,media,Revisar en control de calidad temático/espectral,rareza_espectral_por_clase_anio,1,1,Auditoría espectral preliminar SRC15 2021,Alerta exploratoria; no constituye validación temática definitiva
8187,S2SR_SRC15_PAN_2021_000007389,SRC15_0008187,PAN_FCL_0033202,SRC15_PAN_2021__XY__725e29a0953d,SRC15_PAN_2021__XYY__48fa225f9ed9,SRC15_PAN_2021__XYC__042b707cc88c,-82.117401,8.509759,Panamá,PAN,MIAMBIENTE - Cultivos Mapa Panamá,15,2021,9,1,Rastrojo y vegetación arbustiva,Bosque y vegetación natural,1,12,2021.0,2021.0,11,1,25,2.0833333333333335,1.0,9.0,10.181818181818182,0.5625184315090963,0.5825545171339563,0.3406301824212272,0.7841984982043747,0.6038918565488183,0.5841737781225756,0.4436959786932748,0.7973946360153256,0.43205917354663614,0.4366443448067389,0.3212288032029422,0.55399496488671,1,1,1,9,Rastrojo y vegetación arbustiva,1,Bosque y vegetación natural,0,0,0,0,Panamá,PAN,MIAMBIENTE - Cultivos Mapa Panamá,15,2021,9,1,Rastrojo y vegetación arbustiva,Bosque y vegetación natural,vegetacion_natural_baja,0,0,0,0,none,Senal compatible con arbustos,0,0,False,True,False,0.617925271847997,0.9511712918895013,0.4049992993142226,0.6939244937723441,1,0,0,1,media,Revisar en control de calidad temático/espectral,rareza_espectral_por_clase_anio,1,1,Auditoría espectral preliminar SRC15 2021,Alerta exploratoria; no constituye validación temática definitiva
8193,S2SR_SRC15_PAN_2021_000008230,SRC15_0008193,PAN_FCL_0033220,SRC15_PAN_2021__XY__76143d6efac5,SRC15_PAN_2021__XYY__f11d838a660b,SRC15_PAN_2021__XYC__75fe1de1525a,-82.076521,8.509874,Panamá,PAN,MIAMBIENTE - Cultivos Mapa Panamá,15,2021,2,1,Bosque latifoliado mixto secundario,Bosque y vegetación natural,1,12,2021.0,2021.0,8,4,24,2.0,1.5,3.5,4.8125,0.6156896576293908,0.6081202751561252,0.5301419846635985,0.7588941683514835,0.6582430535472685,0.6438567500044187,0.5727088753975137,0.7854614381926868,0.4405886125760943,0.42115774237018266,0.3806323126711475,0.5262071425722579,1,1,1,2,Bosque latifoliado mixto secundario,1,Bosque y vegetación natural,0,0,0,0,Panamá,PAN,MIAMBIENTE - Cultivos Mapa Panamá,15,2021,2,1,Bosque latifoliado mixto secundario,Bosque y vegetación natural,vegetacion_forestal_esperada,0,0,0,0,none,Senal compatible con bosque o plantacion forestal,0,0,False,True,True,0.7156951618451342,0.9456522260291946,0.46775220877215595,0.7284626845622189,1,0,0,1,media,Revisar en control de calidad temático/espectral,rareza_espectral_por_clase_anio,1,1,Auditoría espectral preliminar SRC15 2021,Alerta exploratoria; no constituye validación temática definitiva
8206,S2SR_SRC15_PAN_2021_000009730,SRC15_0008206,PAN_FCL_0033252,SRC15_PAN_2021__XY__754707ea435e,SRC15_PAN_2021__XYY__4b82f00e3936,SRC15_PAN_2021__XYC__8d428280817a,-82.003844,8.510069,Panamá,PAN,MIAMBIENTE - Cultivos Mapa Panamá,15,2021,2,1,Bosque latifoliado mixto secundario,Bosque y vegetación natural,1,12,2021.0,2021.0,6,6,18,1.5,0.5,1.25,2.1666666666666665,0.6530939199558333,0.6745962887981196,0.4994472052488137,0.7170015199100751,0.6880622710328376,0.7069884968875024,0.5535506611000235,0.7511840241223795,0.4535470346367341,0.4628443164598896,0.3750166810696871,0.4944181395845795,1,1,1,2,Bosque latifoliado mixto secundario,1,Bosque y vegetación natural,0,0,0,0,Panamá,PAN,MIAMBIENTE - Cultivos Mapa Panamá,15,2021,2,1,Bosque latifoliado mixto secundario,Bosque y vegetación natural,vegetacion_forestal_esperada,0,0,0,0,none,Senal compatible con bosque o plantacion forestal,0,0,False,True,True,0.7156951618451342,0.9456522260291946,0.46775220877215595,0.7284626845622189,1,0,0,1,media,Revisar en control de calidad temático/espectral,rareza_espectral_por_clase_anio,1,1,Auditoría espectral preliminar SRC15 2021,Alerta exploratoria; no constituye validación temática definitiva
8228,S2SR_SRC15_PAN_2021_000000330,SRC15_0008228,PAN_FCL_0033314,SRC15_PAN_2021__XY__22209f229e3c,SRC15_PAN_2021__XYY__0c8f9ba1c9d6,SRC15_PAN_2021__XYC__caee03ff7c9c,-82.48303,8.510797,Panamá,PAN,MIAMBIENTE - Cultivos Mapa Panamá,15,2021,2,1,Bosque latifoliado mixto secundario,Bosque y vegetación natural,1,12,2021.0,2021.0,11,1,26,2.1666666666666665,2.0,5.0,8.545454545454545,0.6853712026146562,0.6775469831849654,0.5437058680301924,0.8453542233473503,0.7123938673579624,0.7085816448152563,0.5844385499557913,0.8589914921023706,0.4781464397528913,0.4917541229385306,0.3858118361153262,0.5782668575232136,1,1,1,2,Bosque latifoliado mixto secundario,1,Bosque y vegetación natural,0,0,0,0,Panamá,PAN,MIAMBIENTE - Cultivos Mapa Panamá,15,2021,2,1,Bosque latifoliado mixto secundario,Bosque y vegetación natural,vegetacion_forestal_esperada,0,0,0,0,none,Senal compatible con bosque o plantacion forestal,0,0,False,True,False,0.7156951618451342,0.9456522260291946,0.46775220877215595,0.7284626845622189,1,0,0,1,media,Revisar en control de calidad temático/espectral,rareza_espectral_por_clase_anio,1,1,Auditoría espectral preliminar SRC15 2021,Alerta exploratoria; no constituye validación temática definitiva
8464,S2SR_SRC15_PAN_2021_000008228,SRC15_0008464,PAN_FCL_0034312,SRC15_PAN_2021__XY__148d7ea4e59c,SRC15_PAN_2021__XYY__79994a83fb73,SRC15_PAN_2021__XYC__ec0ca5f255a5,-82.076546,8.518918,Panamá,PAN,MIAMBIENTE - Cultivos Mapa Panamá,15,2021,2,1,Bosque latifoliado mixto secundario,Bosque y vegetación natural,1,12,2021.0,2021.0,9,3,25,2.0833333333333335,1.5,3.0,4.0,0.707672246278421,0.7083457083457084,0.6281938325991189,0.8067664281067013,0.7319529429249063,0.7303695712815717,0.6547586583037904,0.8280954184021204,0.49060379101712687,0.4768128719208496,0.4175824175824176,0.5682962481728114,1,1,1,2,Bosque latifoliado mixto secundario,1,Bosque y vegetación natural,0,0,0,0,Panamá,PAN,MIAMBIENTE - Cultivos Mapa Panamá,15,2021,2,1,Bosque latifoliado mixto secundario,Bosque y vegetación natural,vegetacion_forestal_esperada,0,0,0,0,none,Senal compatible con bosque o plantacion forestal,0,0,False,True,False,0.7156951618451342,0.9456522260291946,0.46775220877215595,0.7284626845622189,1,0,0,1,media,Revisar en control de calidad temático/espectral,rareza_espectral_por_clase_anio,1,1,Auditoría espectral preliminar SRC15 2021,Alerta exploratoria; no constituye validación temática definitiva
8475,S2SR_SRC15_PAN_2021_000009536,SRC15_0008475,PAN_FCL_0034340,SRC15_PAN_2021__XY__5554c0a91b0a,SRC15_PAN_2021__XYY__7844101ed9c3,SRC15_PAN_2021__XYC__581ea539f146,-82.012953,8.519089,Panamá,PAN,MIAMBIENTE - Cultivos Mapa Panamá,15,2021,9,1,Rastrojo y vegetación arbustiva,Bosque y vegetación natural,1,12,2021.0,2021.0,9,3,22,1.8333333333333333,1.5,3.0,8.88888888888889,0.5652060581720317,0.6394361141477264,0.2521208008143875,0.7679003976834378,0.6018578649832622,0.6734341519624041,0.3425133403580343,0.7845756015015978,0.3704267598280881,0.3939781698305996,0.2159255123489227,0.4894411689310433,1,1,1,9,Rastrojo y vegetación arbustiva,1,Bosque y vegetación natural,0,0,0,0,Panamá,PAN,MIAMBIENTE - Cultivos Mapa Panamá,15,2021,9,1,Rastrojo y vegetación arbustiva,Bosque y vegetación natural,vegetacion_natural_baja,0,0,0,0,none,Senal compatible con arbustos,0,0,False,False,True,0.617925271847997,0.9511712918895013,0.4049992993142226,0.6939244937723441,1,0,0,1,media,Revisar en control de calidad temático/espectral,rareza_espectral_por_clase_anio,1,1,Auditoría espectral preliminar SRC15 2021,Alerta exploratoria; no constituye validación temática definitiva
8537,S2SR_SRC15_PAN_2021_000008321,SRC15_0008537,PAN_FCL_0034587,SRC15_PAN_2021__XY__b188524ec611,SRC15_PAN_2021__XYY__9357230cb5e2,SRC15_PAN_2021__XYC__24370b2a0731,-82.07201,8.521192,Panamá,PAN,MIAMBIENTE - Cultivos Mapa Panamá,15,2021,9,1,Rastrojo y vegetación arbustiva,Bosque y vegetación natural,1,12,2021.0,2021.0,11,1,27,2.25,1.5,6.0,11.772727272727273,0.5138115725591648,0.5063241808083874,0.3754240482472673,0.6684386690293365,0.5484448952088598,0.5328727434811679,0.386818277532112,0.7015242821694435,0.39374273054314113,0.4193148988856789,0.2636224098234843,0.488833746898263,1,1,1,9,Rastrojo y vegetación arbustiva,1,Bosque y vegetación natural,0,0,0,0,Panamá,PAN,MIAMBIENTE - Cultivos Mapa Panamá,15,2021,9,1,Rastrojo y vegetación arbustiva,Bosque y vegetación natural,vegetacion_natural_baja,0,0,0,0,none,Senal compatible con arbustos,0,0,False,True,False,0.617925271847997,0.9511712918895013,0.4049992993142226,0.6939244937723441,1,0,0,1,media,Revisar en control de calidad temático/espectral,rareza_espectral_por_clase_anio,1,1,Auditoría espectral preliminar SRC15 2021,Alerta exploratoria; no constituye validación temática definitiva
8611,S2SR_SRC15_PAN_2021_000009535,SRC15_0008611,PAN_FCL_0034886,SRC15_PAN_2021__XY__db98a9884314,SRC15_PAN_2021__XYY__64f4a87c57aa,SRC15_PAN_2021__XYC__9b51a9f6164a,-82.012965,8.523611,Panamá,PAN,MIAMBIENTE - Cultivos Mapa Panamá,15,2021,2,1,Bosque latifoliado mixto secundario,Bosque y vegetación natural,1,12,2021.0,2021.0,10,2,24,2.0,2.0,7.25,11.05,0.7058707430369697,0.7134409835107267,0.5595370223561122,0.832255314999377,0.738362792929522,0.7442156623821414,0.617091660923501,0.8459649373631613,0.4806550939613543,0.4752044090900756,0.3924168329430632,0.5822516569612487,1,1,1,2,Bosque latifoliado mixto secundario,1,Bosque y vegetación natural,0,0,0,0,Panamá,PAN,MIAMBIENTE - Cultivos Mapa Panamá,15,2021,2,1,Bosque latifoliado mixto secundario,Bosque y vegetación natural,vegetacion_forestal_esperada,0,0,0,0,none,Senal compatible con bosque o plantacion forestal,0,0,False,True,False,0.7156951618451342,0.9456522260291946,0.46775220877215595,0.7284626845622189,1,0,0,1,media,Revisar en control de calidad temático/espectral,rareza_espectral_por_clase_anio,1,1,Auditoría espectral preliminar SRC15 2021,Alerta exploratoria; no constituye validación temática definitiva
8653,S2SR_SRC15_PAN_2021_000003508,SRC15_0008653,PAN_FCL_0035026,SRC15_PAN_2021__XY__7e6761265494,SRC15_PAN_2021__XYY__a7608f33d578,SRC15_PAN_2021__XYC__c7bff5ef032a,-82.315033,8.524966,Panamá,PAN,MIAMBIENTE - Cultivos Mapa Panamá,15,2021,2,1,Bosque latifoliado mixto secundario,Bosque y vegetación natural,1,12,2021.0,2021.0,10,2,23,1.9166666666666667,1.0,9.25,12.05,0.4175893658564318,0.5336109795896895,-0.1388739946380696,0.6604725507051088,0.5197380902289033,0.639304527390004,0.0336669699727024,0.7316896301667875,0.39442613836884793,0.4757036474499199,0.0318201103097157,0.5546874999999999,1,1,1,2,Bosque latifoliado mixto secundario,1,Bosque y vegetación natural,0,0,0,0,Panamá,PAN,MIAMBIENTE - Cultivos Mapa Panamá,15,2021,2,1,Bosque latifoliado mixto secundario,Bosque y vegetación natural,vegetacion_forestal_esperada,0,0,0,0,none,Senal compatible con bosque o plantacion forestal,0,0,False,True,False,0.7156951618451342,0.9456522260291946,0.46775220877215595,0.7284626845622189,1,0,0,1,media,Revisar en control de calidad temático/espectral,rareza_espectral_por_clase_anio,1,1,Auditoría espectral preliminar SRC15 2021,Alerta exploratoria; no constituye validación temática definitiva
8740,S2SR_SRC15_PAN_2021_000008874,SRC15_0008740,PAN_FCL_0035418,SRC15_PAN_2021__XY__144604364f47,SRC15_PAN_2021__XYY__ab7e317980df,SRC15_PAN_2021__XYC__8194e167bdd4,-82.044774,8.528049,Panamá,PAN,MIAMBIENTE - Cultivos Mapa Panamá,15,2021,2,1,Bosque latifoliado mixto secundario,Bosque y vegetación natural,1,12,2021.0,2021.0,11,1,26,2.1666666666666665,2.0,4.0,10.090909090909092,0.6067239638825012,0.5582336032634798,0.370715350223547,0.8586350974930362,0.6411037916617016,0.6363597785989763,0.4115371086880057,0.8681175897352608,0.4307641993724072,0.4328239696252682,0.2659238316979877,0.5784273363524084,1,1,1,2,Bosque latifoliado mixto secundario,1,Bosque y vegetación natural,0,0,0,0,Panamá,PAN,MIAMBIENTE - Cultivos Mapa Panamá,15,2021,2,1,Bosque latifoliado mixto secundario,Bosque y vegetación natural,vegetacion_forestal_esperada,0,0,0,0,none,Senal compatible con bosque o plantacion forestal,0,0,False,True,True,0.7156951618451342,0.9456522260291946,0.46775220877215595,0.7284626845622189,1,0,0,1,media,Revisar en control de calidad temático/espectral,rareza_espectral_por_clase_anio,1,1,Auditoría espectral preliminar SRC15 2021,Alerta exploratoria; no constituye validación temática definitiva
8745,S2SR_SRC15_PAN_2021_000009342,SRC15_0008745,PAN_FCL_0035428,SRC15_PAN_2021__XY__59706e59363d,SRC15_PAN_2021__XYY__a26b79a03092,SRC15_PAN_2021__XYC__7cb279ec1d03,-82.022062,8.528109,Panamá,PAN,MIAMBIENTE - Cultivos Mapa Panamá,15,2021,2,1,Bosque latifoliado mixto secundario,Bosque y vegetación natural,1,12,2021.0,2021.0,9,3,23,1.9166666666666667,1.5,11.0,11.38888888888889,0.6931880133482865,0.6591502093819063,0.5043478260869565,0.877076411960133,0.7225520290628533,0.6814944791959674,0.5780083830542546,0.8888173427774201,0.51948965645375,0.5152042049299178,0.3871275202932704,0.6447935921133704,1,1,1,2,Bosque latifoliado mixto secundario,1,Bosque y vegetación natural,0,0,0,0,Panamá,PAN,MIAMBIENTE - Cultivos Mapa Panamá,15,2021,2,1,Bosque latifoliado mixto secundario,Bosque y vegetación natural,vegetacion_forestal_esperada,0,0,0,0,none,Senal compatible con bosque o plantacion forestal,0,0,False,True,False,0.7156951618451342,0.9456522260291946,0.46775220877215595,0.7284626845622189,1,0,0,1,media,Revisar en control de calidad temático/espectral,rareza_espectral_por_clase_anio,1,1,Auditoría espectral preliminar SRC15 2021,Alerta exploratoria; no constituye validación temática definitiva
8749,S2SR_SRC15_PAN_2021_000009726,SRC15_0008749,PAN_FCL_0035436,SRC15_PAN_2021__XY__30bf369aace1,SRC15_PAN_2021__XYY__da5595df2d60,SRC15_PAN_2021__XYC__b55550282fdf,-82.003891,8.528157,Panamá,PAN,MIAMBIENTE - Cultivos Mapa Panamá,15,2021,9,1,Rastrojo y vegetación arbustiva,Bosque y vegetación natural,1,12,2021.0,2021.0,10,2,23,1.9166666666666667,1.5,3.5,7.35,0.4387799923628336,0.39658282252230065,0.1647674944768293,0.7171118197144929,0.48118504713542787,0.4411847747822242,0.2075492187599811,0.7435679052637241,0.3171603167418857,0.2938981003028725,0.1175391107926807,0.5098739527017089,1,1,1,9,Rastrojo y vegetación arbustiva,1,Bosque y vegetación natural,0,0,0,0,Panamá,PAN,MIAMBIENTE - Cultivos Mapa Panamá,15,2021,9,1,Rastrojo y vegetación arbustiva,Bosque y vegetación natural,vegetacion_natural_baja,0,0,0,0,none,Senal compatible con arbustos,0,0,False,True,True,0.617925271847997,0.9511712918895013,0.4049992993142226,0.6939244937723441,1,0,0,1,media,Revisar en control de calidad temático/espectral,rareza_espectral_por_clase_anio,1,1,Auditoría espectral preliminar SRC15 2021,Alerta exploratoria; no constituye validación temática definitiva
8780,S2SR_SRC15_PAN_2021_000001714,SRC15_0008780,PAN_FCL_0035532,SRC15_PAN_2021__XY__d94b97e7ebcf,SRC15_PAN_2021__XYY__99d382c694dd,SRC15_PAN_2021__XYC__dea3f18f8660,-82.405889,8.529169,Panamá,PAN,MIAMBIENTE - Cultivos Mapa Panamá,15,2021,2,1,Bosque latifoliado mixto secundario,Bosque y vegetación natural,1,12,2021.0,2021.0,11,1,30,2.5,2.0,8.0,10.727272727272727,0.647228064152977,0.6220298902002137,0.48413344182262,0.806659505907626,0.6976121028948437,0.6689761354888375,0.5450617283950618,0.8570293884034947,0.504970345449879,0.4973427601737205,0.3747002398081535,0.6511299435028248,1,1,1,2,Bosque latifoliado mixto secundario,1,Bosque y vegetación natural,0,0,0,0,Panamá,PAN,MIAMBIENTE - Cultivos Mapa Panamá,15,2021,2,1,Bosque latifoliado mixto secundario,Bosque y vegetación natural,vegetacion_forestal_esperada,0,0,0,0,none,Senal compatible con bosque o plantacion forestal,0,0,False,True,False,0.7156951618451342,0.9456522260291946,0.46775220877215595,0.7284626845622189,1,0,0,1,media,Revisar en control de calidad temático/espectral,rareza_espectral_por_clase_anio,1,1,Auditoría espectral preliminar SRC15 2021,Alerta exploratoria; no constituye validación temática definitiva
8812,S2SR_SRC15_PAN_2021_000009824,SRC15_0008812,PAN_FCL_0035711,SRC15_PAN_2021__XY__5b5d32feffeb,SRC15_PAN_2021__XYY__3b359472770d,SRC15_PAN_2021__XYC__b75faa714935,-81.999355,8.530429,Panamá,PAN,MIAMBIENTE - Cultivos Mapa Panamá,15,2021,9,1,Rastrojo y vegetación arbustiva,Bosque y vegetación natural,1,12,2021.0,2021.0,10,2,24,2.0,1.5,4.75,10.4,0.5854338027076748,0.5330663028973432,0.2718484145398299,0.8672230652503795,0.6137244529393812,0.5660520340471034,0.3193004178919672,0.8800002464740728,0.4141119244194506,0.39028485309448585,0.2064886786076377,0.6067447706949955,1,1,1,9,Rastrojo y vegetación arbustiva,1,Bosque y vegetación natural,0,0,0,0,Panamá,PAN,MIAMBIENTE - Cultivos Mapa Panamá,15,2021,9,1,Rastrojo y vegetación arbustiva,Bosque y vegetación natural,vegetacion_natural_baja,0,0,0,0,none,Senal compatible con arbustos,0,0,False,True,True,0.617925271847997,0.9511712918895013,0.4049992993142226,0.6939244937723441,1,0,0,1,media,Revisar en control de calidad temático/espectral,rareza_espectral_por_clase_anio,1,1,Auditoría espectral preliminar SRC15 2021,Alerta exploratoria; no constituye validación temática definitiva
8843,S2SR_SRC15_PAN_2021_000003914,SRC15_0008843,PAN_FCL_0035855,SRC15_PAN_2021__XY__a021b5039c32,SRC15_PAN_2021__XYY__a5e3581b0996,SRC15_PAN_2021__XYC__958cac38c32e,-82.292346,8.531825,Panamá,PAN,MIAMBIENTE - Cultivos Mapa Panamá,15,2021,26,3,Pasto,Pasto,1,12,2021.0,2021.0,9,3,24,2.0,1.5,10.0,16.166666666666668,0.04923612895019453,0.1549295774647887,-0.518005540166205,0.3956043956043957,0.24263823130924328,0.3587786259541985,-0.1823085221143473,0.4376188519321358,0.13482491656287526,0.1845212795607519,-0.1459154929577464,0.3230054221533695,1,1,1,26,Pasto,3,Pasto,0,0,0,0,Panamá,PAN,MIAMBIENTE - Cultivos Mapa Panamá,15,2021,26,3,Pasto,Pasto,vegetacion_herbacea_estacional,0,0,0,0,high,Pasto con NDVI < 0.18,1,0,True,True,True,0.4252056828884969,0.9411504739649379,0.27553044066185495,0.6659670380747192,1,0,0,2,alta,Priorizar revisión temática y espectral,regla_clase_alta: Pasto con NDVI < 0.18,1,1,Auditoría espectral preliminar SRC15 2021,Alerta exploratoria; no constituye validación temática definitiva
8844,S2SR_SRC15_PAN_2021_000004001,SRC15_0008844,PAN_FCL_0035857,SRC15_PAN_2021__XY__b531f078ec01,SRC15_PAN_2021__XYY__d4edb70bb978,SRC15_PAN_2021__XYC__b21c7dc6f880,-82.287804,8.53184,Panamá,PAN,MIAMBIENTE - Cultivos Mapa Panamá,15,2021,9,1,Rastrojo y vegetación arbustiva,Bosque y vegetación natural,1,12,2021.0,2021.0,9,3,24,2.0,1.0,28.0,28.5,0.27852328991688524,0.2659176029962547,0.1624503513596089,0.485576923076923,0.31267496271539275,0.3260553129548763,0.2147884769966188,0.4168166623810748,0.2401897575527359,0.2683881064162754,0.125,0.3169216061185469,1,1,1,9,Rastrojo y vegetación arbustiva,1,Bosque y vegetación natural,0,0,0,0,Panamá,PAN,MIAMBIENTE - Cultivos Mapa Panamá,15,2021,9,1,Rastrojo y vegetación arbustiva,Bosque y vegetación natural,vegetacion_natural_baja,0,0,0,0,none,Senal compatible con arbustos,0,0,False,True,True,0.617925271847997,0.9511712918895013,0.4049992993142226,0.6939244937723441,1,0,0,1,media,Revisar en control de calidad temático/espectral,rareza_espectral_por_clase_anio,1,1,Auditoría espectral preliminar SRC15 2021,Alerta exploratoria; no constituye validación temática definitiva
8936,S2SR_SRC15_PAN_2021_000006597,SRC15_0008936,PAN_FCL_0036189,SRC15_PAN_2021__XY__f82eeb3f7060,SRC15_PAN_2021__XYY__de46f6e84b93,SRC15_PAN_2021__XYC__ef5496f53a0e,-82.153813,8.534522,Panamá,PAN,MIAMBIENTE - Cultivos Mapa Panamá,15,2021,2,1,Bosque latifoliado mixto secundario,Bosque y vegetación natural,1,12,2021.0,2021.0,11,1,23,1.9166666666666667,1.0,4.0,6.181818181818182,0.5235866578930024,0.5679676985195155,0.0566873339238263,0.8263709261697646,0.5725601100357217,0.6174016686531586,0.12056151940545,0.840981232060366,0.38547921998279994,0.4062176165803109,0.0693459416863672,0.591907591967462,1,1,1,2,Bosque latifoliado mixto secundario,1,Bosque y vegetación natural,0,0,0,0,Panamá,PAN,MIAMBIENTE - Cultivos Mapa Panamá,15,2021,2,1,Bosque latifoliado mixto secundario,Bosque y vegetación natural,vegetacion_forestal_esperada,0,0,0,0,none,Senal compatible con bosque o plantacion forestal,0,0,False,True,True,0.7156951618451342,0.9456522260291946,0.46775220877215595,0.7284626845622189,1,0,0,1,media,Revisar en control de calidad temático/espectral,rareza_espectral_por_clase_anio,1,1,Auditoría espectral preliminar SRC15 2021,Alerta exploratoria; no constituye validación temática definitiva
8969,S2SR_SRC15_PAN_2021_000002262,SRC15_0008969,PAN_FCL_0036363,SRC15_PAN_2021__XY__62f53a90afc4,SRC15_PAN_2021__XYY__1f89e1619e29,SRC15_PAN_2021__XYC__1399e6db11d9,-82.378661,8.536049,Panamá,PAN,MIAMBIENTE - Cultivos Mapa Panamá,15,2021,26,3,Pasto,Pasto,1,12,2021.0,2021.0,10,2,26,2.1666666666666665,2.0,7.75,12.75,0.40859672501188077,0.4187076655675871,0.1817875429880686,0.6058356795495264,0.4659484310126925,0.5113101743615558,0.2493224932249322,0.6421101557053218,0.3019357360383405,0.34219511999824126,0.153071694472246,0.4194455604660506,1,1,1,26,Pasto,3,Pasto,0,0,0,0,Panamá,PAN,MIAMBIENTE - Cultivos Mapa Panamá,15,2021,26,3,Pasto,Pasto,vegetacion_herbacea_estacional,0,0,0,0,none,Senal compatible con pasto,0,0,False,True,False,0.4252056828884969,0.9411504739649379,0.27553044066185495,0.6659670380747192,1,0,0,1,media,Revisar en control de calidad temático/espectral,rareza_espectral_por_clase_anio,1,1,Auditoría espectral preliminar SRC15 2021,Alerta exploratoria; no constituye validación temática definitiva
9017,S2SR_SRC15_PAN_2021_000009340,SRC15_0009017,PAN_FCL_0036520,SRC15_PAN_2021__XY__f561225d3b9e,SRC15_PAN_2021__XYY__d263936d7a78,SRC15_PAN_2021__XYC__e686a3c460de,-82.022086,8.537153,Panamá,PAN,MIAMBIENTE - Cultivos Mapa Panamá,15,2021,9,1,Rastrojo y vegetación arbustiva,Bosque y vegetación natural,1,12,2021.0,2021.0,9,3,26,2.1666666666666665,2.0,5.0,6.388888888888889,0.5572868382907307,0.6093264248704662,0.25016077170418,0.6724263811146264,0.5907801579308236,0.6293018682399213,0.2903225806451613,0.7004747518342684,0.3843373938795656,0.3919387401126371,0.2038614423622941,0.4619666048237476,1,1,1,9,Rastrojo y vegetación arbustiva,1,Bosque y vegetación natural,0,0,0,0,Panamá,PAN,MIAMBIENTE - Cultivos Mapa Panamá,15,2021,9,1,Rastrojo y vegetación arbustiva,Bosque y vegetación natural,vegetacion_natural_baja,0,0,0,0,none,Senal compatible con arbustos,0,0,False,True,True,0.617925271847997,0.9511712918895013,0.4049992993142226,0.6939244937723441,1,0,0,1,media,Revisar en control de calidad temático/espectral,rareza_espectral_por_clase_anio,1,1,Auditoría espectral preliminar SRC15 2021,Alerta exploratoria; no constituye validación temática definitiva
9020,S2SR_SRC15_PAN_2021_000009628,SRC15_0009020,PAN_FCL_0036526,SRC15_PAN_2021__XY__5f62743f2bb1,SRC15_PAN_2021__XYY__76e9fb1aad9d,SRC15_PAN_2021__XYC__8982b751f832,-82.008458,8.537189,Panamá,PAN,MIAMBIENTE - Cultivos Mapa Panamá,15,2021,2,1,Bosque latifoliado mixto secundario,Bosque y vegetación natural,1,12,2021.0,2021.0,10,2,23,1.9166666666666667,1.0,3.0,4.8,0.5278818701763328,0.5048117557697346,0.2767295597484277,0.7792602892035411,0.5643860146218566,0.5417125867195243,0.3405963302752293,0.7941111388093383,0.3677197216926072,0.3538765578734737,0.2289093298291721,0.5241189810204292,1,1,1,2,Bosque latifoliado mixto secundario,1,Bosque y vegetación natural,0,0,0,0,Panamá,PAN,MIAMBIENTE - Cultivos Mapa Panamá,15,2021,2,1,Bosque latifoliado mixto secundario,Bosque y vegetación natural,vegetacion_forestal_esperada,0,0,0,0,none,Senal compatible con bosque o plantacion forestal,0,0,False,True,True,0.7156951618451342,0.9456522260291946,0.46775220877215595,0.7284626845622189,1,0,0,1,media,Revisar en control de calidad temático/espectral,rareza_espectral_por_clase_anio,1,1,Auditoría espectral preliminar SRC15 2021,Alerta exploratoria; no constituye validación temática definitiva
9149,S2SR_SRC15_PAN_2021_000008963,SRC15_0009149,PAN_FCL_0037058,SRC15_PAN_2021__XY__0e5650ca8f8c,SRC15_PAN_2021__XYY__bebbf447e911,SRC15_PAN_2021__XYC__f496a92a2750,-82.040268,8.541627,Panamá,PAN,MIAMBIENTE - Cultivos Mapa Panamá,15,2021,2,1,Bosque latifoliado mixto secundario,Bosque y vegetación natural,1,12,2021.0,2021.0,10,2,25,2.0833333333333335,2.0,6.0,9.45,0.6646811948707269,0.7195798368574644,0.5333673241299557,0.7888576779026216,0.6835722530420585,0.7362812827277744,0.5623730365799063,0.8000886524822693,0.43698772786875406,0.4629041642485048,0.3438644239260033,0.5119136262099777,1,1,1,2,Bosque latifoliado mixto secundario,1,Bosque y vegetación natural,0,0,0,0,Panamá,PAN,MIAMBIENTE - Cultivos Mapa Panamá,15,2021,2,1,Bosque latifoliado mixto secundario,Bosque y vegetación natural,vegetacion_forestal_esperada,0,0,0,0,none,Senal compatible con bosque o plantacion forestal,0,0,False,False,True,0.7156951618451342,0.9456522260291946,0.46775220877215595,0.7284626845622189,1,0,0,1,media,Revisar en control de calidad temático/espectral,rareza_espectral_por_clase_anio,1,1,Auditoría espectral preliminar SRC15 2021,Alerta exploratoria; no constituye validación temática definitiva
9187,S2SR_SRC15_PAN_2021_000001711,SRC15_0009187,PAN_FCL_0037170,SRC15_PAN_2021__XY__47df9f76c7fd,SRC15_PAN_2021__XYY__d9132d70d8f7,SRC15_PAN_2021__XYC__1d46ad49b9bd,-82.405938,8.542733,Panamá,PAN,MIAMBIENTE - Cultivos Mapa Panamá,15,2021,2,1,Bosque latifoliado mixto secundario,Bosque y vegetación natural,1,12,2021.0,2021.0,11,1,30,2.5,2.0,5.5,5.863636363636363,0.6840453544312352,0.7114427860696516,0.5652173913043478,0.8033672833090834,0.7091642235275639,0.7338586654155097,0.5959440087697108,0.823342670401494,0.46942261978884425,0.478013010604108,0.3666038920276208,0.5687660668380462,1,1,1,2,Bosque latifoliado mixto secundario,1,Bosque y vegetación natural,0,0,0,0,Panamá,PAN,MIAMBIENTE - Cultivos Mapa Panamá,15,2021,2,1,Bosque latifoliado mixto secundario,Bosque y vegetación natural,vegetacion_forestal_esperada,0,0,0,0,none,Senal compatible con bosque o plantacion forestal,0,0,False,True,False,0.7156951618451342,0.9456522260291946,0.46775220877215595,0.7284626845622189,1,0,0,1,media,Revisar en control de calidad temático/espectral,rareza_espectral_por_clase_anio,1,1,Auditoría espectral preliminar SRC15 2021,Alerta exploratoria; no constituye validación temática definitiva
9204,S2SR_SRC15_PAN_2021_000006018,SRC15_0009204,PAN_FCL_0037269,SRC15_PAN_2021__XY__94655b528689,SRC15_PAN_2021__XYY__7339e2bf0402,SRC15_PAN_2021__XYC__219bbe71cb6f,-82.181095,8.543484,Panamá,PAN,MIAMBIENTE - Cultivos Mapa Panamá,15,2021,9,1,Rastrojo y vegetación arbustiva,Bosque y vegetación natural,1,12,2021.0,2021.0,7,5,18,1.5,1.0,3.0,6.142857142857143,0.6181378401066464,0.5972928680302709,0.5414012158893251,0.6964569011105235,0.6458988765343175,0.6316251830161054,0.5685932963313495,0.7197265625,0.4259388202136273,0.4287179487179487,0.3665300445786287,0.4785812989405803,1,1,1,9,Rastrojo y vegetación arbustiva,1,Bosque y vegetación natural,0,0,0,0,Panamá,PAN,MIAMBIENTE - Cultivos Mapa Panamá,15,2021,9,1,Rastrojo y vegetación arbustiva,Bosque y vegetación natural,vegetacion_natural_baja,0,0,0,0,none,Senal compatible con arbustos,0,0,False,True,False,0.617925271847997,0.9511712918895013,0.4049992993142226,0.6939244937723441,1,0,0,1,media,Revisar en control de calidad temático/espectral,rareza_espectral_por_clase_anio,1,1,Auditoría espectral preliminar SRC15 2021,Alerta exploratoria; no constituye validación temática definitiva
9302,S2SR_SRC15_PAN_2021_000011522,SRC15_0009302,PAN_FCL_0037656,SRC15_PAN_2021__XY__ba81bd4a696d,SRC15_PAN_2021__XYY__6d311dbd6443,SRC15_PAN_2021__XYC__a12482adb806,-81.922167,8.546448,Panamá,PAN,MIAMBIENTE - Cultivos Mapa Panamá,15,2021,10,1,Vegetación herbácea,Bosque y vegetación natural,1,12,2021.0,2021.0,8,4,15,1.25,1.0,9.0,10.25,0.33995246729530276,0.3347025635522203,0.1854336625475643,0.4947916666666667,0.3685594231055929,0.3636335319280183,0.2082232409200183,0.5107344632768361,0.24675742546961282,0.24333328651474515,0.1465546191384852,0.3410230692076229,1,1,1,10,Vegetación herbácea,1,Bosque y vegetación natural,0,0,0,0,Panamá,PAN,MIAMBIENTE - Cultivos Mapa Panamá,15,2021,10,1,Vegetación herbácea,Bosque y vegetación natural,vegetacion_herbacea_estacional,0,0,0,0,none,Senal compatible con vegetacion herbacea,0,0,False,True,True,0.40796867039334894,0.9207781688241521,0.26757423472003095,0.6262956261210872,1,0,0,1,media,Revisar en control de calidad temático/espectral,rareza_espectral_por_clase_anio,1,1,Auditoría espectral preliminar SRC15 2021,Alerta exploratoria; no constituye validación temática definitiva
9338,S2SR_SRC15_PAN_2021_000005921,SRC15_0009338,PAN_FCL_0037813,SRC15_PAN_2021__XY__eb4bd5492281,SRC15_PAN_2021__XYY__bde4efb7df40,SRC15_PAN_2021__XYC__9979fc6a8bfb,-82.185652,8.547992,Panamá,PAN,MIAMBIENTE - Cultivos Mapa Panamá,15,2021,2,1,Bosque latifoliado mixto secundario,Bosque y vegetación natural,1,12,2021.0,2021.0,7,5,16,1.3333333333333333,1.0,2.5,5.928571428571429,0.6185781758806657,0.6129527328923736,0.5271197697586895,0.7421359223300971,0.6445774577916931,0.6371158694523962,0.5618461538461539,0.760849990995858,0.42657871964027755,0.4195511601369342,0.3618315149347165,0.5136222910216718,1,1,1,2,Bosque latifoliado mixto secundario,1,Bosque y vegetación natural,0,0,0,0,Panamá,PAN,MIAMBIENTE - Cultivos Mapa Panamá,15,2021,2,1,Bosque latifoliado mixto secundario,Bosque y vegetación natural,vegetacion_forestal_esperada,0,0,0,0,none,Senal compatible con bosque o plantacion forestal,0,0,False,True,True,0.7156951618451342,0.9456522260291946,0.46775220877215595,0.7284626845622189,1,0,0,1,media,Revisar en control de calidad temático/espectral,rareza_espectral_por_clase_anio,1,1,Auditoría espectral preliminar SRC15 2021,Alerta exploratoria; no constituye validación temática definitiva
9343,S2SR_SRC15_PAN_2021_000006691,SRC15_0009343,PAN_FCL_0037829,SRC15_PAN_2021__XY__592c562a76a1,SRC15_PAN_2021__XYY__89cb14ee7f5b,SRC15_PAN_2021__XYC__9e2011b7eeec,-82.149311,8.548101,Panamá,PAN,MIAMBIENTE - Cultivos Mapa Panamá,15,2021,2,1,Bosque latifoliado mixto secundario,Bosque y vegetación natural,1,12,2021.0,2021.0,10,2,23,1.9166666666666667,1.0,4.25,7.3,0.6522637216662217,0.6522030565131888,0.553911378003737,0.7517764092846992,0.6839809337691571,0.6926503736358842,0.578960332693538,0.7706708268330733,0.45926840094718974,0.4514531045417386,0.3563786920801128,0.5368991198375085,1,1,1,2,Bosque latifoliado mixto secundario,1,Bosque y vegetación natural,0,0,0,0,Panamá,PAN,MIAMBIENTE - Cultivos Mapa Panamá,15,2021,2,1,Bosque latifoliado mixto secundario,Bosque y vegetación natural,vegetacion_forestal_esperada,0,0,0,0,none,Senal compatible con bosque o plantacion forestal,0,0,False,True,True,0.7156951618451342,0.9456522260291946,0.46775220877215595,0.7284626845622189,1,0,0,1,media,Revisar en control de calidad temático/espectral,rareza_espectral_por_clase_anio,1,1,Auditoría espectral preliminar SRC15 2021,Alerta exploratoria; no constituye validación temática definitiva
9348,S2SR_SRC15_PAN_2021_000007476,SRC15_0009348,PAN_FCL_0037845,SRC15_PAN_2021__XY__bdd4c32be970,SRC15_PAN_2021__XYY__be0ac3d17690,SRC15_PAN_2021__XYC__51b4532ca2b0,-82.11297,8.548207,Panamá,PAN,MIAMBIENTE - Cultivos Mapa Panamá,15,2021,2,1,Bosque latifoliado mixto secundario,Bosque y vegetación natural,1,12,2021.0,2021.0,9,3,22,1.8333333333333333,1.5,11.0,12.055555555555555,0.6197205910251209,0.5996801097050128,0.4647769904126719,0.8172339773075744,0.6485115932586231,0.6292193434548796,0.5058554402496408,0.8387009472259811,0.44578472273672953,0.4691805656272662,0.329914698938072,0.5723212219393659,1,1,1,2,Bosque latifoliado mixto secundario,1,Bosque y vegetación natural,0,0,0,0,Panamá,PAN,MIAMBIENTE - Cultivos Mapa Panamá,15,2021,2,1,Bosque latifoliado mixto secundario,Bosque y vegetación natural,vegetacion_forestal_esperada,0,0,0,0,none,Senal compatible con bosque o plantacion forestal,0,0,False,True,False,0.7156951618451342,0.9456522260291946,0.46775220877215595,0.7284626845622189,1,0,0,1,media,Revisar en control de calidad temático/espectral,rareza_espectral_por_clase_anio,1,1,Auditoría espectral preliminar SRC15 2021,Alerta exploratoria; no constituye validación temática definitiva
9349,S2SR_SRC15_PAN_2021_000007756,SRC15_0009349,PAN_FCL_0037851,SRC15_PAN_2021__XY__14f296c3e9f7,SRC15_PAN_2021__XYY__d15fe317a676,SRC15_PAN_2021__XYC__b9421dd2dbbf,-82.099342,8.548246,Panamá,PAN,MIAMBIENTE - Cultivos Mapa Panamá,15,2021,2,1,Bosque latifoliado mixto secundario,Bosque y vegetación natural,1,12,2021.0,2021.0,7,5,19,1.5833333333333333,1.5,2.0,6.642857142857143,0.7034907615351743,0.6465995823435862,0.5949780378779458,0.8492597577388963,0.7236478565798061,0.6734321219305366,0.6163253586558175,0.862153846153846,0.4955097418468276,0.4634709411497489,0.3997913798090492,0.6216505894962486,1,1,1,2,Bosque latifoliado mixto secundario,1,Bosque y vegetación natural,0,0,0,0,Panamá,PAN,MIAMBIENTE - Cultivos Mapa Panamá,15,2021,2,1,Bosque latifoliado mixto secundario,Bosque y vegetación natural,vegetacion_forestal_esperada,0,0,0,0,none,Senal compatible con bosque o plantacion forestal,0,0,False,True,True,0.7156951618451342,0.9456522260291946,0.46775220877215595,0.7284626845622189,1,0,0,1,media,Revisar en control de calidad temático/espectral,rareza_espectral_por_clase_anio,1,1,Auditoría espectral preliminar SRC15 2021,Alerta exploratoria; no constituye validación temática definitiva
9407,S2SR_SRC15_PAN_2021_000006792,SRC15_0009407,PAN_FCL_0038104,SRC15_PAN_2021__XY__d4100b69c8b4,SRC15_PAN_2021__XYY__3de4dac9a1c3,SRC15_PAN_2021__XYC__8363d09f37b5,-82.144775,8.550376,Panamá,PAN,MIAMBIENTE - Cultivos Mapa Panamá,15,2021,2,1,Bosque latifoliado mixto secundario,Bosque y vegetación natural,1,12,2021.0,2021.0,8,4,21,1.75,1.5,21.25,24.5,0.1763651387146157,0.19932556547869645,-0.0346643264589732,0.2667829719608522,0.22198977170329592,0.25123429809367104,-0.0410596026490066,0.3266606881891856,0.1089911896305152,0.14488165225574223,-0.0976319069380971,0.2050780567577139,1,1,1,2,Bosque latifoliado mixto secundario,1,Bosque y vegetación natural,0,0,0,0,Panamá,PAN,MIAMBIENTE - Cultivos Mapa Panamá,15,2021,2,1,Bosque latifoliado mixto secundario,Bosque y vegetación natural,vegetacion_forestal_esperada,0,0,0,0,high,Bosque/plantacion forestal con NDVI < 0.30 o NDRE < 0.06,1,0,True,True,True,0.7156951618451342,0.9456522260291946,0.46775220877215595,0.7284626845622189,1,0,0,2,alta,Priorizar revisión temática y espectral,regla_clase_alta: Bosque/plantacion forestal con NDVI < 0.30 o NDRE < 0.06,1,1,Auditoría espectral preliminar SRC15 2021,Alerta exploratoria; no constituye validación temática definitiva
9417,S2SR_SRC15_PAN_2021_000008685,SRC15_0009417,PAN_FCL_0038144,SRC15_PAN_2021__XY__cc00e8be6452,SRC15_PAN_2021__XYY__a03eaa4802a6,SRC15_PAN_2021__XYC__9b79e06be24d,-82.053921,8.550634,Panamá,PAN,MIAMBIENTE - Cultivos Mapa Panamá,15,2021,26,3,Pasto,Pasto,1,12,2021.0,2021.0,9,3,25,2.0833333333333335,2.0,5.0,8.277777777777779,0.5134502992664336,0.4218275475777933,0.3298360655737705,0.8170257859413635,0.5384447010665998,0.4860159252259852,0.3531645569620253,0.826610878661088,0.3611886347663128,0.32247139504922,0.2383459811057767,0.555808980755524,1,1,1,26,Pasto,3,Pasto,0,0,0,0,Panamá,PAN,MIAMBIENTE - Cultivos Mapa Panamá,15,2021,26,3,Pasto,Pasto,vegetacion_herbacea_estacional,0,0,0,0,none,Senal compatible con pasto,0,0,False,True,False,0.4252056828884969,0.9411504739649379,0.27553044066185495,0.6659670380747192,1,0,0,1,media,Revisar en control de calidad temático/espectral,rareza_espectral_por_clase_anio,1,1,Auditoría espectral preliminar SRC15 2021,Alerta exploratoria; no constituye validación temática definitiva
9427,S2SR_SRC15_PAN_2021_000009625,SRC15_0009427,PAN_FCL_0038164,SRC15_PAN_2021__XY__217dbf354dd2,SRC15_PAN_2021__XYY__d72bcca33dc6,SRC15_PAN_2021__XYC__6b847baeab82,-82.008493,8.550755,Panamá,PAN,MIAMBIENTE - Cultivos Mapa Panamá,15,2021,9,1,Rastrojo y vegetación arbustiva,Bosque y vegetación natural,1,12,2021.0,2021.0,7,5,21,1.75,1.5,3.0,4.142857142857143,0.6409520565986805,0.6214619739109032,0.5566023451641493,0.7558823529411766,0.6687104801363735,0.6480549199084668,0.5848328418095132,0.7898856110776641,0.4145145786934044,0.4007715387912559,0.3828037718424262,0.4986400725294651,1,1,1,9,Rastrojo y vegetación arbustiva,1,Bosque y vegetación natural,0,0,0,0,Panamá,PAN,MIAMBIENTE - Cultivos Mapa Panamá,15,2021,9,1,Rastrojo y vegetación arbustiva,Bosque y vegetación natural,vegetacion_natural_baja,0,0,0,0,none,Senal compatible con arbustos,0,0,False,False,True,0.617925271847997,0.9511712918895013,0.4049992993142226,0.6939244937723441,1,0,0,1,media,Revisar en control de calidad temático/espectral,rareza_espectral_por_clase_anio,1,1,Auditoría espectral preliminar SRC15 2021,Alerta exploratoria; no constituye validación temática definitiva
9443,S2SR_SRC15_PAN_2021_000012034,SRC15_0009443,PAN_FCL_0038212,SRC15_PAN_2021__XY__08148c9653dc,SRC15_PAN_2021__XYY__f41b602fd067,SRC15_PAN_2021__XYC__7c2718d6bc0e,-81.899463,8.551023,Panamá,PAN,MIAMBIENTE - Cultivos Mapa Panamá,15,2021,2,1,Bosque latifoliado mixto secundario,Bosque y vegetación natural,1,12,2021.0,2021.0,4,8,23,1.9166666666666667,0.0,13.25,14.375,0.6953403899605173,0.7073241204391072,0.5199020106140849,0.84681130834977,0.7233476653754535,0.7301739467841953,0.5818630946121892,0.8511796733212341,0.5233994637013514,0.5291014172858057,0.4204217582017084,0.6149732620320856,1,1,1,2,Bosque latifoliado mixto secundario,1,Bosque y vegetación natural,0,0,0,0,Panamá,PAN,MIAMBIENTE - Cultivos Mapa Panamá,15,2021,2,1,Bosque latifoliado mixto secundario,Bosque y vegetación natural,vegetacion_forestal_esperada,0,0,0,0,none,Senal compatible con bosque o plantacion forestal,0,0,False,True,False,0.7156951618451342,0.9456522260291946,0.46775220877215595,0.7284626845622189,1,0,0,1,media,Revisar en control de calidad temático/espectral,rareza_espectral_por_clase_anio,1,1,Auditoría espectral preliminar SRC15 2021,Alerta exploratoria; no constituye validación temática definitiva
9492,S2SR_SRC15_PAN_2021_000010017,SRC15_0009492,PAN_FCL_0038445,SRC15_PAN_2021__XY__5121078bb631,SRC15_PAN_2021__XYY__15f06eea4ee9,SRC15_PAN_2021__XYC__04c90d4d1682,-81.990328,8.553062,Panamá,PAN,MIAMBIENTE - Cultivos Mapa Panamá,15,2021,2,1,Bosque latifoliado mixto secundario,Bosque y vegetación natural,1,12,2021.0,2021.0,10,2,18,1.5,1.0,12.25,12.35,0.6886343581841372,0.6884563005174577,0.5995323004969307,0.8049907578558225,0.7188311476808351,0.7288961220484862,0.6097977784107091,0.8354775828460038,0.5148022258765939,0.536877191031763,0.408428200519273,0.5672436750998668,1,1,1,2,Bosque latifoliado mixto secundario,1,Bosque y vegetación natural,0,0,0,0,Panamá,PAN,MIAMBIENTE - Cultivos Mapa Panamá,15,2021,2,1,Bosque latifoliado mixto secundario,Bosque y vegetación natural,vegetacion_forestal_esperada,0,0,0,0,none,Senal compatible con bosque o plantacion forestal,0,0,False,True,False,0.7156951618451342,0.9456522260291946,0.46775220877215595,0.7284626845622189,1,0,0,1,media,Revisar en control de calidad temático/espectral,rareza_espectral_por_clase_anio,1,1,Auditoría espectral preliminar SRC15 2021,Alerta exploratoria; no constituye validación temática definitiva
9497,S2SR_SRC15_PAN_2021_000010612,SRC15_0009497,PAN_FCL_0038457,SRC15_PAN_2021__XY__9b6154dfc20d,SRC15_PAN_2021__XYY__a49819113fac,SRC15_PAN_2021__XYC__64751dbe5667,-81.96307,8.553131,Panamá,PAN,MIAMBIENTE - Cultivos Mapa Panamá,15,2021,2,1,Bosque latifoliado mixto secundario,Bosque y vegetación natural,1,12,2021.0,2021.0,10,2,26,2.1666666666666665,2.0,4.75,9.2,0.694937269582935,0.6726928307936738,0.4854190434704447,0.8415689290521055,0.7270910856965348,0.7174709680001192,0.5522300598442731,0.8523562085647733,0.5052529247984071,0.4944945998540376,0.3993327364691658,0.6,1,1,1,2,Bosque latifoliado mixto secundario,1,Bosque y vegetación natural,0,0,0,0,Panamá,PAN,MIAMBIENTE - Cultivos Mapa Panamá,15,2021,2,1,Bosque latifoliado mixto secundario,Bosque y vegetación natural,vegetacion_forestal_esperada,0,0,0,0,none,Senal compatible con bosque o plantacion forestal,0,0,False,True,False,0.7156951618451342,0.9456522260291946,0.46775220877215595,0.7284626845622189,1,0,0,1,media,Revisar en control de calidad temático/espectral,rareza_espectral_por_clase_anio,1,1,Auditoría espectral preliminar SRC15 2021,Alerta exploratoria; no constituye validación temática definitiva
9521,S2SR_SRC15_PAN_2021_000003828,SRC15_0009521,PAN_FCL_0038583,SRC15_PAN_2021__XY__47c9f9e0d1fd,SRC15_PAN_2021__XYY__e7402ebf32e7,SRC15_PAN_2021__XYC__c12a20de766a,-82.296964,8.554417,Panamá,PAN,MIAMBIENTE - Cultivos Mapa Panamá,15,2021,2,1,Bosque latifoliado mixto secundario,Bosque y vegetación natural,1,12,2021.0,2021.0,10,2,29,2.4166666666666665,2.0,6.25,7.6,0.6898073302977349,0.6914236243549439,0.5543719485130937,0.8070822479560518,0.7158947154142767,0.7313045190581424,0.5806182121971596,0.8205942163228999,0.5220375126265412,0.5391649091062896,0.4093109869646182,0.5967138502284469,1,1,1,2,Bosque latifoliado mixto secundario,1,Bosque y vegetación natural,0,0,0,0,Panamá,PAN,MIAMBIENTE - Cultivos Mapa Panamá,15,2021,2,1,Bosque latifoliado mixto secundario,Bosque y vegetación natural,vegetacion_forestal_esperada,0,0,0,0,none,Senal compatible con bosque o plantacion forestal,0,0,False,True,False,0.7156951618451342,0.9456522260291946,0.46775220877215595,0.7284626845622189,1,0,0,1,media,Revisar en control de calidad temático/espectral,rareza_espectral_por_clase_anio,1,1,Auditoría espectral preliminar SRC15 2021,Alerta exploratoria; no constituye validación temática definitiva
9581,S2SR_SRC15_PAN_2021_000012243,SRC15_0009581,PAN_FCL_0038762,SRC15_PAN_2021__XY__a3d6fe58bc98,SRC15_PAN_2021__XYY__ac9490c15031,SRC15_PAN_2021__XYC__8a772864ca97,-81.890388,8.555566,Panamá,PAN,MIAMBIENTE - Cultivos Mapa Panamá,15,2021,1,1,Bosque latifoliado mixto maduro,Bosque y vegetación natural,1,12,2021.0,2021.0,5,7,22,1.8333333333333333,0.0,1.0,5.3,0.6157924231022587,0.6241866822188895,0.4895955639188715,0.7508798527055757,0.6416222541349128,0.6460867299546309,0.523428448548257,0.7733373036692521,0.43982978493962116,0.4561141838290499,0.3495991802784642,0.5428061831153389,1,1,1,1,Bosque latifoliado mixto maduro,1,Bosque y vegetación natural,0,0,0,0,Panamá,PAN,MIAMBIENTE - Cultivos Mapa Panamá,15,2021,1,1,Bosque latifoliado mixto maduro,Bosque y vegetación natural,vegetacion_forestal_esperada,0,0,0,0,none,Senal compatible con bosque o plantacion forestal,0,0,False,True,False,0.6430119869024382,0.9528057309230518,0.43437644555877897,0.6993464704424021,1,0,0,1,media,Revisar en control de calidad temático/espectral,rareza_espectral_por_clase_anio,1,1,Auditoría espectral preliminar SRC15 2021,Alerta exploratoria; no constituye validación temática definitiva
9622,S2SR_SRC15_PAN_2021_000007941,SRC15_0009622,PAN_FCL_0038947,SRC15_PAN_2021__XY__8dd11be73e6a,SRC15_PAN_2021__XYY__93a02f2c1cb2,SRC15_PAN_2021__XYC__a097906f7988,-82.090283,8.557316,Panamá,PAN,MIAMBIENTE - Cultivos Mapa Panamá,15,2021,9,1,Rastrojo y vegetación arbustiva,Bosque y vegetación natural,1,12,2021.0,2021.0,8,4,19,1.5833333333333333,1.0,6.75,16.4375,0.5699145822087873,0.524882744573689,0.5019420165469336,0.7114109307111823,0.5977972897169131,0.5660742936179934,0.5263330062152436,0.7245142981881686,0.4215137126223737,0.40187952981219227,0.363028482943081,0.5375632541845076,1,1,1,9,Rastrojo y vegetación arbustiva,1,Bosque y vegetación natural,0,0,0,0,Panamá,PAN,MIAMBIENTE - Cultivos Mapa Panamá,15,2021,9,1,Rastrojo y vegetación arbustiva,Bosque y vegetación natural,vegetacion_natural_baja,0,0,0,0,none,Senal compatible con arbustos,0,0,False,True,True,0.617925271847997,0.9511712918895013,0.4049992993142226,0.6939244937723441,1,0,0,1,media,Revisar en control de calidad temático/espectral,rareza_espectral_por_clase_anio,1,1,Auditoría espectral preliminar SRC15 2021,Alerta exploratoria; no constituye validación temática definitiva
9764,S2SR_SRC15_PAN_2021_000010015,SRC15_0009764,PAN_FCL_0039537,SRC15_PAN_2021__XY__f50018bab626,SRC15_PAN_2021__XYY__ad4873f36ed0,SRC15_PAN_2021__XYC__486bb18e13cc,-81.990351,8.562106,Panamá,PAN,MIAMBIENTE - Cultivos Mapa Panamá,15,2021,9,1,Rastrojo y vegetación arbustiva,Bosque y vegetación natural,1,12,2021.0,2021.0,9,3,17,1.4166666666666667,1.0,11.0,9.944444444444445,0.5913177727607609,0.5921589980942008,0.4194640338504937,0.7611181702668361,0.634652351813294,0.6525168174437485,0.4640625,0.7918050941306756,0.4171357879686541,0.4191235059760956,0.2671521655806822,0.5301683374314355,1,1,1,9,Rastrojo y vegetación arbustiva,1,Bosque y vegetación natural,0,0,0,0,Panamá,PAN,MIAMBIENTE - Cultivos Mapa Panamá,15,2021,9,1,Rastrojo y vegetación arbustiva,Bosque y vegetación natural,vegetacion_natural_baja,0,0,0,0,none,Senal compatible con arbustos,0,0,False,True,False,0.617925271847997,0.9511712918895013,0.4049992993142226,0.6939244937723441,1,0,0,1,media,Revisar en control de calidad temático/espectral,rareza_espectral_por_clase_anio,1,1,Auditoría espectral preliminar SRC15 2021,Alerta exploratoria; no constituye validación temática definitiva
9775,S2SR_SRC15_PAN_2021_000000736,SRC15_0009775,PAN_FCL_0039603,SRC15_PAN_2021__XY__e1d69c8102aa,SRC15_PAN_2021__XYY__8bc90265d087,SRC15_PAN_2021__XYC__ee267ae23d3c,-82.46052,8.562877,Panamá,PAN,MIAMBIENTE - Cultivos Mapa Panamá,15,2021,2,1,Bosque latifoliado mixto secundario,Bosque y vegetación natural,1,12,2021.0,2021.0,9,3,28,2.3333333333333335,2.0,8.0,8.444444444444445,0.7140555872873777,0.6999569794638751,0.6044659523711869,0.862224366650093,0.7379019375790407,0.7339043238886415,0.6530705176400493,0.8835899870680723,0.5374809867866626,0.520293609671848,0.4889001848935901,0.6507814305397251,1,1,1,2,Bosque latifoliado mixto secundario,1,Bosque y vegetación natural,0,0,0,0,Panamá,PAN,MIAMBIENTE - Cultivos Mapa Panamá,15,2021,2,1,Bosque latifoliado mixto secundario,Bosque y vegetación natural,vegetacion_forestal_esperada,0,0,0,0,none,Senal compatible con bosque o plantacion forestal,0,0,False,True,False,0.7156951618451342,0.9456522260291946,0.46775220877215595,0.7284626845622189,1,0,0,1,media,Revisar en control de calidad temático/espectral,rareza_espectral_por_clase_anio,1,1,Auditoría espectral preliminar SRC15 2021,Alerta exploratoria; no constituye validación temática definitiva
9780,S2SR_SRC15_PAN_2021_000001796,SRC15_0009780,PAN_FCL_0039629,SRC15_PAN_2021__XY__7d399dc89e1c,SRC15_PAN_2021__XYY__ff7db699a4cf,SRC15_PAN_2021__XYC__c95aa3a4c42e,-82.401471,8.563095,Panamá,PAN,MIAMBIENTE - Cultivos Mapa Panamá,15,2021,2,1,Bosque latifoliado mixto secundario,Bosque y vegetación natural,1,12,2021.0,2021.0,10,2,29,2.4166666666666665,2.0,17.75,18.6,0.6838053333497758,0.6875556878114297,0.6092022706901703,0.7538789169455431,0.7052751637152156,0.7127425897614408,0.6394707828004409,0.7690550956323152,0.49522381603353266,0.49635926830882227,0.454634384935192,0.5560577526679222,1,1,1,2,Bosque latifoliado mixto secundario,1,Bosque y vegetación natural,0,0,0,0,Panamá,PAN,MIAMBIENTE - Cultivos Mapa Panamá,15,2021,2,1,Bosque latifoliado mixto secundario,Bosque y vegetación natural,vegetacion_forestal_esperada,0,0,0,0,none,Senal compatible con bosque o plantacion forestal,0,0,False,True,False,0.7156951618451342,0.9456522260291946,0.46775220877215595,0.7284626845622189,1,0,0,1,media,Revisar en control de calidad temático/espectral,rareza_espectral_por_clase_anio,1,1,Auditoría espectral preliminar SRC15 2021,Alerta exploratoria; no constituye validación temática definitiva
9781,S2SR_SRC15_PAN_2021_000001885,SRC15_0009781,PAN_FCL_0039631,SRC15_PAN_2021__XY__a618e8ff765f,SRC15_PAN_2021__XYY__b272aa761da4,SRC15_PAN_2021__XYC__7612fa58917f,-82.396928,8.563112,Panamá,PAN,MIAMBIENTE - Cultivos Mapa Panamá,15,2021,26,3,Pasto,Pasto,1,12,2021.0,2021.0,11,1,28,2.3333333333333335,2.0,4.0,7.136363636363637,0.4850313616426794,0.3767378772465242,0.1919739696312365,0.754193351631595,0.5225282644289951,0.4203721223588773,0.2574134064291055,0.7750802288265662,0.3740659777324455,0.3058857639895622,0.2071770334928229,0.5726263312939044,1,1,1,26,Pasto,3,Pasto,0,0,0,0,Panamá,PAN,MIAMBIENTE - Cultivos Mapa Panamá,15,2021,26,3,Pasto,Pasto,vegetacion_herbacea_estacional,0,0,0,0,none,Senal compatible con pasto,0,0,False,True,False,0.4252056828884969,0.9411504739649379,0.27553044066185495,0.6659670380747192,1,0,0,1,media,Revisar en control de calidad temático/espectral,rareza_espectral_por_clase_anio,1,1,Auditoría espectral preliminar SRC15 2021,Alerta exploratoria; no constituye validación temática definitiva
9803,S2SR_SRC15_PAN_2021_000004778,SRC15_0009803,PAN_FCL_0039697,SRC15_PAN_2021__XY__4d0add99964e,SRC15_PAN_2021__XYY__48294873da06,SRC15_PAN_2021__XYC__febe8f4ca5b8,-82.247027,8.563624,Panamá,PAN,MIAMBIENTE - Cultivos Mapa Panamá,15,2021,2,1,Bosque latifoliado mixto secundario,Bosque y vegetación natural,1,12,2021.0,2021.0,11,1,24,2.0,2.0,7.5,11.863636363636363,0.7024620300915021,0.7138967493623173,0.5259665420063871,0.8450734624347964,0.7269415610101985,0.7466752601189298,0.5637273606023607,0.8586122024764364,0.510474087210634,0.523738872403561,0.3956718758827705,0.6002227215860645,1,1,1,2,Bosque latifoliado mixto secundario,1,Bosque y vegetación natural,0,0,0,0,Panamá,PAN,MIAMBIENTE - Cultivos Mapa Panamá,15,2021,2,1,Bosque latifoliado mixto secundario,Bosque y vegetación natural,vegetacion_forestal_esperada,0,0,0,0,none,Senal compatible con bosque o plantacion forestal,0,0,False,True,False,0.7156951618451342,0.9456522260291946,0.46775220877215595,0.7284626845622189,1,0,0,1,media,Revisar en control de calidad temático/espectral,rareza_espectral_por_clase_anio,1,1,Auditoría espectral preliminar SRC15 2021,Alerta exploratoria; no constituye validación temática definitiva
9805,S2SR_SRC15_PAN_2021_000005013,SRC15_0009805,PAN_FCL_0039703,SRC15_PAN_2021__XY__9e7265c4b5f1,SRC15_PAN_2021__XYY__8fb5df16b9b2,SRC15_PAN_2021__XYC__537ca81d1a71,-82.233399,8.563668,Panamá,PAN,MIAMBIENTE - Cultivos Mapa Panamá,15,2021,2,1,Bosque latifoliado mixto secundario,Bosque y vegetación natural,1,12,2021.0,2021.0,10,2,24,2.0,2.0,5.0,8.65,0.6961308226801164,0.7062572656201906,0.5431988041853512,0.8640814727771249,0.718733131682146,0.7272349536987629,0.5707865168539324,0.8743664011585808,0.5030555749872674,0.5074824290597351,0.3702523891203136,0.647540135154814,1,1,1,2,Bosque latifoliado mixto secundario,1,Bosque y vegetación natural,0,0,0,0,Panamá,PAN,MIAMBIENTE - Cultivos Mapa Panamá,15,2021,2,1,Bosque latifoliado mixto secundario,Bosque y vegetación natural,vegetacion_forestal_esperada,0,0,0,0,none,Senal compatible con bosque o plantacion forestal,0,0,False,True,False,0.7156951618451342,0.9456522260291946,0.46775220877215595,0.7284626845622189,1,0,0,1,media,Revisar en control de calidad temático/espectral,rareza_espectral_por_clase_anio,1,1,Auditoría espectral preliminar SRC15 2021,Alerta exploratoria; no constituye validación temática definitiva
9820,S2SR_SRC15_PAN_2021_000007846,SRC15_0009820,PAN_FCL_0039764,SRC15_PAN_2021__XY__180f21df4e3f,SRC15_PAN_2021__XYY__05c1699d1d28,SRC15_PAN_2021__XYC__1924e6a36b7f,-82.094845,8.564086,Panamá,PAN,MIAMBIENTE - Cultivos Mapa Panamá,15,2021,2,1,Bosque latifoliado mixto secundario,Bosque y vegetación natural,1,12,2021.0,2021.0,6,6,18,1.5,0.5,5.5,7.25,0.6501090757413591,0.6456751677309802,0.5836952890076846,0.7144808743169399,0.6740366893483692,0.671429565611282,0.614122019200991,0.731879409878127,0.42501360989975345,0.418829323940422,0.3772327302358403,0.4901076884547958,1,1,1,2,Bosque latifoliado mixto secundario,1,Bosque y vegetación natural,0,0,0,0,Panamá,PAN,MIAMBIENTE - Cultivos Mapa Panamá,15,2021,2,1,Bosque latifoliado mixto secundario,Bosque y vegetación natural,vegetacion_forestal_esperada,0,0,0,0,none,Senal compatible con bosque o plantacion forestal,0,0,False,True,True,0.7156951618451342,0.9456522260291946,0.46775220877215595,0.7284626845622189,1,0,0,1,media,Revisar en control de calidad temático/espectral,rareza_espectral_por_clase_anio,1,1,Auditoría espectral preliminar SRC15 2021,Alerta exploratoria; no constituye validación temática definitiva
9837,S2SR_SRC15_PAN_2021_000010114,SRC15_0009837,PAN_FCL_0039812,SRC15_PAN_2021__XY__cc784c39d2e0,SRC15_PAN_2021__XYY__c77229013b89,SRC15_PAN_2021__XYC__4e610e760b44,-81.985814,8.564379,Panamá,PAN,MIAMBIENTE - Cultivos Mapa Panamá,15,2021,2,1,Bosque latifoliado mixto secundario,Bosque y vegetación natural,1,12,2021.0,2021.0,10,2,20,1.6666666666666667,1.5,15.5,17.05,0.612244528625971,0.6370747110768717,0.4874423372629421,0.7047433197993271,0.6145721375478059,0.6366383798613713,0.4844031967001804,0.7197937222665964,0.41319382471845634,0.42709021149033805,0.2800478373529997,0.4971409350824083,1,1,1,2,Bosque latifoliado mixto secundario,1,Bosque y vegetación natural,0,0,0,0,Panamá,PAN,MIAMBIENTE - Cultivos Mapa Panamá,15,2021,2,1,Bosque latifoliado mixto secundario,Bosque y vegetación natural,vegetacion_forestal_esperada,0,0,0,0,none,Senal compatible con bosque o plantacion forestal,0,0,False,True,True,0.7156951618451342,0.9456522260291946,0.46775220877215595,0.7284626845622189,1,0,0,1,media,Revisar en control de calidad temático/espectral,rareza_espectral_por_clase_anio,1,1,Auditoría espectral preliminar SRC15 2021,Alerta exploratoria; no constituye validación temática definitiva
9908,S2SR_SRC15_PAN_2021_000000403,SRC15_0009908,PAN_FCL_0040141,SRC15_PAN_2021__XY__7cd48299e9a8,SRC15_PAN_2021__XYY__798a6f73f57b,SRC15_PAN_2021__XYC__bd5b42302714,-82.478706,8.567329,Panamá,PAN,MIAMBIENTE - Cultivos Mapa Panamá,15,2021,2,1,Bosque latifoliado mixto secundario,Bosque y vegetación natural,1,12,2021.0,2021.0,8,4,22,1.8333333333333333,1.5,7.5,8.4375,0.700883538030169,0.707471049004849,0.6093005993802074,0.8285359287637192,0.7242728259747696,0.7329971560171875,0.6321565153400341,0.8430331753554502,0.4812414955912475,0.4859516802657282,0.4273068796372186,0.5339223729883245,1,1,1,2,Bosque latifoliado mixto secundario,1,Bosque y vegetación natural,0,0,0,0,Panamá,PAN,MIAMBIENTE - Cultivos Mapa Panamá,15,2021,2,1,Bosque latifoliado mixto secundario,Bosque y vegetación natural,vegetacion_forestal_esperada,0,0,0,0,none,Senal compatible con bosque o plantacion forestal,0,0,False,True,False,0.7156951618451342,0.9456522260291946,0.46775220877215595,0.7284626845622189,1,0,0,1,media,Revisar en control de calidad temático/espectral,rareza_espectral_por_clase_anio,1,1,Auditoría espectral preliminar SRC15 2021,Alerta exploratoria; no constituye validación temática definitiva
9911,S2SR_SRC15_PAN_2021_000000735,SRC15_0009911,PAN_FCL_0040149,SRC15_PAN_2021__XY__ec3d23e21620,SRC15_PAN_2021__XYY__9644be94464f,SRC15_PAN_2021__XYC__c76379d211c1,-82.460537,8.567398,Panamá,PAN,MIAMBIENTE - Cultivos Mapa Panamá,15,2021,9,1,Rastrojo y vegetación arbustiva,Bosque y vegetación natural,1,12,2021.0,2021.0,10,2,26,2.1666666666666665,2.0,7.75,14.35,0.5542956043744709,0.573028115084464,0.3844164241836404,0.6595210542856614,0.5945954078807988,0.6062976535573162,0.4774972557628978,0.6968150840982799,0.431191469549141,0.44770261601994377,0.3554884189325277,0.493469438121492,1,1,1,9,Rastrojo y vegetación arbustiva,1,Bosque y vegetación natural,0,0,0,0,Panamá,PAN,MIAMBIENTE - Cultivos Mapa Panamá,15,2021,9,1,Rastrojo y vegetación arbustiva,Bosque y vegetación natural,vegetacion_natural_baja,0,0,0,0,none,Senal compatible con arbustos,0,0,False,True,False,0.617925271847997,0.9511712918895013,0.4049992993142226,0.6939244937723441,1,0,0,1,media,Revisar en control de calidad temático/espectral,rareza_espectral_por_clase_anio,1,1,Auditoría espectral preliminar SRC15 2021,Alerta exploratoria; no constituye validación temática definitiva
9944,S2SR_SRC15_PAN_2021_000005323,SRC15_0009944,PAN_FCL_0040257,SRC15_PAN_2021__XY__4eab22590706,SRC15_PAN_2021__XYY__13d71a0b922b,SRC15_PAN_2021__XYC__3c8b1f8bce4e,-82.215242,8.568247,Panamá,PAN,MIAMBIENTE - Cultivos Mapa Panamá,15,2021,2,1,Bosque latifoliado mixto secundario,Bosque y vegetación natural,1,12,2021.0,2021.0,10,2,25,2.0833333333333335,2.0,24.75,25.6,0.3203872187915793,0.32106787466103304,0.1730287415224793,0.5171414775470787,0.38841939761596606,0.37141041199422453,0.2526917249891683,0.5569339831634912,0.2793521842322645,0.2757346400191448,0.1948213920734036,0.3974945317160469,1,1,1,2,Bosque latifoliado mixto secundario,1,Bosque y vegetación natural,0,0,0,0,Panamá,PAN,MIAMBIENTE - Cultivos Mapa Panamá,15,2021,2,1,Bosque latifoliado mixto secundario,Bosque y vegetación natural,vegetacion_forestal_esperada,0,0,0,0,medium,Bosque/plantacion forestal con NDVI < 0.40 o NDRE < 0.10,0,1,True,True,True,0.7156951618451342,0.9456522260291946,0.46775220877215595,0.7284626845622189,1,0,0,2,media,Revisar en control de calidad temático/espectral,regla_clase_media: Bosque/plantacion forestal con NDVI < 0.40 o NDRE < 0.10,1,1,Auditoría espectral preliminar SRC15 2021,Alerta exploratoria; no constituye validación temática definitiva
10010,S2SR_SRC15_PAN_2021_000003415,SRC15_0010010,PAN_FCL_0040484,SRC15_PAN_2021__XY__e733ba889b81,SRC15_PAN_2021__XYY__131f2813a772,SRC15_PAN_2021__XYC__d354b9b820f7,-82.319731,8.570165,Panamá,PAN,MIAMBIENTE - Cultivos Mapa Panamá,15,2021,2,1,Bosque latifoliado mixto secundario,Bosque y vegetación natural,1,12,2021.0,2021.0,11,1,30,2.5,2.0,4.0,6.2272727272727275,0.6516641731567017,0.7007314524555904,0.4256040695209835,0.8154577883472057,0.6770654313111605,0.7338784612525553,0.4715513049116551,0.8326504205305154,0.45978746135345755,0.4944738106679481,0.3312018055294338,0.5699242564197303,1,1,1,2,Bosque latifoliado mixto secundario,1,Bosque y vegetación natural,0,0,0,0,Panamá,PAN,MIAMBIENTE - Cultivos Mapa Panamá,15,2021,2,1,Bosque latifoliado mixto secundario,Bosque y vegetación natural,vegetacion_forestal_esperada,0,0,0,0,none,Senal compatible con bosque o plantacion forestal,0,0,False,True,False,0.7156951618451342,0.9456522260291946,0.46775220877215595,0.7284626845622189,1,0,0,1,media,Revisar en control de calidad temático/espectral,rareza_espectral_por_clase_anio,1,1,Auditoría espectral preliminar SRC15 2021,Alerta exploratoria; no constituye validación temática definitiva
10072,S2SR_SRC15_PAN_2021_000004516,SRC15_0010072,PAN_FCL_0040783,SRC15_PAN_2021__XY__474645a29abe,SRC15_PAN_2021__XYY__a6bc9fad63b8,SRC15_PAN_2021__XYC__d301ec579059,-82.260684,8.572623,Panamá,PAN,MIAMBIENTE - Cultivos Mapa Panamá,15,2021,2,1,Bosque latifoliado mixto secundario,Bosque y vegetación natural,1,12,2021.0,2021.0,10,2,26,2.1666666666666665,2.0,5.25,8.05,0.6658926859909047,0.6952872317190398,0.5321434736873604,0.7703412163886947,0.6953256055124658,0.723650832786783,0.5773171078383136,0.7916313658099547,0.47063531096974903,0.47740780371949254,0.383529998496056,0.5414062074138744,1,1,1,2,Bosque latifoliado mixto secundario,1,Bosque y vegetación natural,0,0,0,0,Panamá,PAN,MIAMBIENTE - Cultivos Mapa Panamá,15,2021,2,1,Bosque latifoliado mixto secundario,Bosque y vegetación natural,vegetacion_forestal_esperada,0,0,0,0,none,Senal compatible con bosque o plantacion forestal,0,0,False,True,False,0.7156951618451342,0.9456522260291946,0.46775220877215595,0.7284626845622189,1,0,0,1,media,Revisar en control de calidad temático/espectral,rareza_espectral_por_clase_anio,1,1,Auditoría espectral preliminar SRC15 2021,Alerta exploratoria; no constituye validación temática definitiva
10118,S2SR_SRC15_PAN_2021_000011516,SRC15_0010118,PAN_FCL_0040932,SRC15_PAN_2021__XY__114b1c7d3597,SRC15_PAN_2021__XYY__a45bafaf8e23,SRC15_PAN_2021__XYC__04c07a6300aa,-81.922233,8.57358,Panamá,PAN,MIAMBIENTE - Cultivos Mapa Panamá,15,2021,2,1,Bosque latifoliado mixto secundario,Bosque y vegetación natural,1,12,2021.0,2021.0,6,6,13,1.0833333333333333,0.5,5.0,6.833333333333333,0.7162102851379238,0.6834830087514739,0.6535612535612536,0.8532138442521632,0.7360039069119472,0.7096688745245125,0.6672140120415982,0.8642081189251001,0.47159782533156874,0.4585187564668503,0.4046862589356632,0.5793170259142649,1,1,1,2,Bosque latifoliado mixto secundario,1,Bosque y vegetación natural,0,0,0,0,Panamá,PAN,MIAMBIENTE - Cultivos Mapa Panamá,15,2021,2,1,Bosque latifoliado mixto secundario,Bosque y vegetación natural,vegetacion_forestal_esperada,0,0,0,0,none,Senal compatible con bosque o plantacion forestal,0,0,False,True,True,0.7156951618451342,0.9456522260291946,0.46775220877215595,0.7284626845622189,1,0,0,1,media,Revisar en control de calidad temático/espectral,rareza_espectral_por_clase_anio,1,1,Auditoría espectral preliminar SRC15 2021,Alerta exploratoria; no constituye validación temática definitiva
10130,S2SR_SRC15_PAN_2021_000000569,SRC15_0010130,PAN_FCL_0040964,SRC15_PAN_2021__XY__88d968cb83e4,SRC15_PAN_2021__XYY__49a11ae51132,SRC15_PAN_2021__XYC__622c1404e8b5,-82.469648,8.574145,Panamá,PAN,MIAMBIENTE - Cultivos Mapa Panamá,15,2021,2,1,Bosque latifoliado mixto secundario,Bosque y vegetación natural,1,12,2021.0,2021.0,8,4,25,2.0833333333333335,1.5,6.0,12.625,0.6930442800263923,0.6844037175930515,0.6391437308868503,0.779032258064516,0.7226107962664976,0.7127139021794973,0.6731998295696634,0.8063147973609801,0.47814599887284653,0.47722474758438227,0.4466634215943134,0.5249651879848817,1,1,1,2,Bosque latifoliado mixto secundario,1,Bosque y vegetación natural,0,0,0,0,Panamá,PAN,MIAMBIENTE - Cultivos Mapa Panamá,15,2021,2,1,Bosque latifoliado mixto secundario,Bosque y vegetación natural,vegetacion_forestal_esperada,0,0,0,0,none,Senal compatible con bosque o plantacion forestal,0,0,False,True,False,0.7156951618451342,0.9456522260291946,0.46775220877215595,0.7284626845622189,1,0,0,1,media,Revisar en control de calidad temático/espectral,rareza_espectral_por_clase_anio,1,1,Auditoría espectral preliminar SRC15 2021,Alerta exploratoria; no constituye validación temática definitiva
10169,S2SR_SRC15_PAN_2021_000008587,SRC15_0010169,PAN_FCL_0041145,SRC15_PAN_2021__XY__6604020c7670,SRC15_PAN_2021__XYY__3ee3a9aa66b7,SRC15_PAN_2021__XYC__88b94090f4b8,-82.058533,8.575491,Panamá,PAN,MIAMBIENTE - Cultivos Mapa Panamá,15,2021,10,1,Vegetación herbácea,Bosque y vegetación natural,1,12,2021.0,2021.0,6,6,19,1.5833333333333333,0.5,4.5,7.583333333333333,0.328986871620064,0.33960987224838485,0.2244382731633426,0.4356971153846153,0.359491114745421,0.3641909396594319,0.2467248908296943,0.4742441209406494,0.23443486520725143,0.23342346828208543,0.1601866251944012,0.3165,1,1,1,10,Vegetación herbácea,1,Bosque y vegetación natural,0,0,0,0,Panamá,PAN,MIAMBIENTE - Cultivos Mapa Panamá,15,2021,10,1,Vegetación herbácea,Bosque y vegetación natural,vegetacion_herbacea_estacional,0,0,0,0,none,Senal compatible con vegetacion herbacea,0,0,False,True,True,0.40796867039334894,0.9207781688241521,0.26757423472003095,0.6262956261210872,1,0,0,1,media,Revisar en control de calidad temático/espectral,rareza_espectral_por_clase_anio,1,1,Auditoría espectral preliminar SRC15 2021,Alerta exploratoria; no constituye validación temática definitiva
10171,S2SR_SRC15_PAN_2021_000009913,SRC15_0010171,PAN_FCL_0041173,SRC15_PAN_2021__XY__0d901debf316,SRC15_PAN_2021__XYY__adbbfc52efe4,SRC15_PAN_2021__XYC__d983ce6b8a7e,-81.994929,8.575661,Panamá,PAN,MIAMBIENTE - Cultivos Mapa Panamá,15,2021,9,1,Rastrojo y vegetación arbustiva,Bosque y vegetación natural,1,12,2021.0,2021.0,8,4,17,1.4166666666666667,1.0,9.5,10.4375,0.5890068967346207,0.6075264734667615,0.2114977307110439,0.8502507972278575,0.6217028030782807,0.6395300291005208,0.2744988864142539,0.8564596444979639,0.412507382664276,0.40881226001298154,0.2060063224446786,0.5850955968085114,1,1,1,9,Rastrojo y vegetación arbustiva,1,Bosque y vegetación natural,0,0,0,0,Panamá,PAN,MIAMBIENTE - Cultivos Mapa Panamá,15,2021,9,1,Rastrojo y vegetación arbustiva,Bosque y vegetación natural,vegetacion_natural_baja,0,0,0,0,none,Senal compatible con arbustos,0,0,False,True,False,0.617925271847997,0.9511712918895013,0.4049992993142226,0.6939244937723441,1,0,0,1,media,Revisar en control de calidad temático/espectral,rareza_espectral_por_clase_anio,1,1,Auditoría espectral preliminar SRC15 2021,Alerta exploratoria; no constituye validación temática definitiva
10176,S2SR_SRC15_PAN_2021_000010508,SRC15_0010176,PAN_FCL_0041185,SRC15_PAN_2021__XY__71e3b14c3dc8,SRC15_PAN_2021__XYY__514c078daace,SRC15_PAN_2021__XYC__4e856045ce59,-81.96767,8.57573,Panamá,PAN,MIAMBIENTE - Cultivos Mapa Panamá,15,2021,2,1,Bosque latifoliado mixto secundario,Bosque y vegetación natural,1,12,2021.0,2021.0,8,4,23,1.9166666666666667,1.5,16.25,19.0625,0.29001928174816705,0.2917795448699846,0.1677852348993288,0.421082621082621,0.40158925480595176,0.3922171471020828,0.2811087677011148,0.5373619233268355,0.25858507192703123,0.26848089296951017,0.1744386873920552,0.3269770050476724,1,1,1,2,Bosque latifoliado mixto secundario,1,Bosque y vegetación natural,0,0,0,0,Panamá,PAN,MIAMBIENTE - Cultivos Mapa Panamá,15,2021,2,1,Bosque latifoliado mixto secundario,Bosque y vegetación natural,vegetacion_forestal_esperada,0,0,0,0,high,Bosque/plantacion forestal con NDVI < 0.30 o NDRE < 0.06,1,0,True,True,True,0.7156951618451342,0.9456522260291946,0.46775220877215595,0.7284626845622189,1,0,0,2,alta,Priorizar revisión temática y espectral,regla_clase_alta: Bosque/plantacion forestal con NDVI < 0.30 o NDRE < 0.06,1,1,Auditoría espectral preliminar SRC15 2021,Alerta exploratoria; no constituye validación temática definitiva
10206,S2SR_SRC15_PAN_2021_000004339,SRC15_0010206,PAN_FCL_0041325,SRC15_PAN_2021__XY__d623b77eb106,SRC15_PAN_2021__XYY__eca656ce06ea,SRC15_PAN_2021__XYC__4bf6cef650e4,-82.269785,8.577115,Panamá,PAN,MIAMBIENTE - Cultivos Mapa Panamá,15,2021,2,1,Bosque latifoliado mixto secundario,Bosque y vegetación natural,1,12,2021.0,2021.0,9,3,22,1.8333333333333333,1.0,23.5,22.944444444444443,0.568793826658703,0.5652587699887376,0.3371647509578545,0.7763509898341359,0.6002289528224435,0.6071423121777892,0.4095563139931741,0.7802313354363828,0.39994577798724845,0.3938379102478231,0.2649310872894334,0.5300497062810664,1,1,1,2,Bosque latifoliado mixto secundario,1,Bosque y vegetación natural,0,0,0,0,Panamá,PAN,MIAMBIENTE - Cultivos Mapa Panamá,15,2021,2,1,Bosque latifoliado mixto secundario,Bosque y vegetación natural,vegetacion_forestal_esperada,0,0,0,0,none,Senal compatible con bosque o plantacion forestal,0,0,False,True,True,0.7156951618451342,0.9456522260291946,0.46775220877215595,0.7284626845622189,1,0,0,1,media,Revisar en control de calidad temático/espectral,rareza_espectral_por_clase_anio,1,1,Auditoría espectral preliminar SRC15 2021,Alerta exploratoria; no constituye validación temática definitiva
10216,S2SR_SRC15_PAN_2021_000005321,SRC15_0010216,PAN_FCL_0041349,SRC15_PAN_2021__XY__a5c80a4eca64,SRC15_PAN_2021__XYY__a61c9f85bd6a,SRC15_PAN_2021__XYC__b56bbde581ef,-82.215271,8.577291,Panamá,PAN,MIAMBIENTE - Cultivos Mapa Panamá,15,2021,2,1,Bosque latifoliado mixto secundario,Bosque y vegetación natural,1,12,2021.0,2021.0,10,2,21,1.75,1.0,6.0,9.8,0.6454940774003701,0.660666709348251,0.5130890052356021,0.7465490797546012,0.6793216844843255,0.6939859059219737,0.55800388852884,0.7666784327567949,0.45157877442310285,0.451903711936615,0.3602414183327047,0.5394449641409418,1,1,1,2,Bosque latifoliado mixto secundario,1,Bosque y vegetación natural,0,0,0,0,Panamá,PAN,MIAMBIENTE - Cultivos Mapa Panamá,15,2021,2,1,Bosque latifoliado mixto secundario,Bosque y vegetación natural,vegetacion_forestal_esperada,0,0,0,0,none,Senal compatible con bosque o plantacion forestal,0,0,False,True,True,0.7156951618451342,0.9456522260291946,0.46775220877215595,0.7284626845622189,1,0,0,1,media,Revisar en control de calidad temático/espectral,rareza_espectral_por_clase_anio,1,1,Auditoría espectral preliminar SRC15 2021,Alerta exploratoria; no constituye validación temática definitiva
10274,S2SR_SRC15_PAN_2021_000001703,SRC15_0010274,PAN_FCL_0041538,SRC15_PAN_2021__XY__b9c2aeb92771,SRC15_PAN_2021__XYY__fd90e4b66471,SRC15_PAN_2021__XYC__9b33b4c0e9d1,-82.406071,8.578903,Panamá,PAN,MIAMBIENTE - Cultivos Mapa Panamá,15,2021,2,1,Bosque latifoliado mixto secundario,Bosque y vegetación natural,1,12,2021.0,2021.0,10,2,28,2.3333333333333335,2.0,5.75,7.0,0.5564222786819115,0.5706155403548676,0.4469786033388196,0.6825512177176778,0.5917808789235147,0.606845715386835,0.4711041151337981,0.7078018779798572,0.38835553786010246,0.38994890925356496,0.3189516129032258,0.4706370870625563,1,1,1,2,Bosque latifoliado mixto secundario,1,Bosque y vegetación natural,0,0,0,0,Panamá,PAN,MIAMBIENTE - Cultivos Mapa Panamá,15,2021,2,1,Bosque latifoliado mixto secundario,Bosque y vegetación natural,vegetacion_forestal_esperada,0,0,0,0,none,Senal compatible con bosque o plantacion forestal,0,0,False,True,True,0.7156951618451342,0.9456522260291946,0.46775220877215595,0.7284626845622189,1,0,0,1,media,Revisar en control de calidad temático/espectral,rareza_espectral_por_clase_anio,1,1,Auditoría espectral preliminar SRC15 2021,Alerta exploratoria; no constituye validación temática definitiva
10295,S2SR_SRC15_PAN_2021_000006664,SRC15_0010295,PAN_FCL_0041650,SRC15_PAN_2021__XY__83219369ca7c,SRC15_PAN_2021__XYY__deae0656b028,SRC15_PAN_2021__XYC__5e5607ff406c,-82.151678,8.579747,Panamá,PAN,MIAMBIENTE - Cultivos Mapa Panamá,15,2021,2,1,Bosque latifoliado mixto secundario,Bosque y vegetación natural,1,12,2021.0,2021.0,8,4,20,1.6666666666666667,1.5,30.25,28.125,0.27258338156000905,0.27105198292417143,0.1875945537065052,0.3479940564635958,0.33315296071263223,0.3304454349470599,0.2373123659756969,0.4289432587194169,0.24371480063835,0.2504194711155945,0.160207506866036,0.3058991436726927,1,1,1,2,Bosque latifoliado mixto secundario,1,Bosque y vegetación natural,0,0,0,0,Panamá,PAN,MIAMBIENTE - Cultivos Mapa Panamá,15,2021,2,1,Bosque latifoliado mixto secundario,Bosque y vegetación natural,vegetacion_forestal_esperada,0,0,0,0,high,Bosque/plantacion forestal con NDVI < 0.30 o NDRE < 0.06,1,0,True,True,True,0.7156951618451342,0.9456522260291946,0.46775220877215595,0.7284626845622189,1,0,0,2,alta,Priorizar revisión temática y espectral,regla_clase_alta: Bosque/plantacion forestal con NDVI < 0.30 o NDRE < 0.06,1,1,Auditoría espectral preliminar SRC15 2021,Alerta exploratoria; no constituye validación temática definitiva
10298,S2SR_SRC15_PAN_2021_000007158,SRC15_0010298,PAN_FCL_0041660,SRC15_PAN_2021__XY__1322bc673bc6,SRC15_PAN_2021__XYY__b3dd036adbef,SRC15_PAN_2021__XYC__32f6390cffea,-82.128963,8.579814,Panamá,PAN,MIAMBIENTE - Cultivos Mapa Panamá,15,2021,2,1,Bosque latifoliado mixto secundario,Bosque y vegetación natural,1,12,2021.0,2021.0,6,6,16,1.3333333333333333,0.5,3.0,11.75,0.7241245445979264,0.7138599566569048,0.6650963597430407,0.8314604463959019,0.7470220626682255,0.740011629383658,0.6911619164494505,0.8454223659504033,0.5050533860816581,0.4961639498057854,0.4571203049609861,0.5785218407179313,1,1,1,2,Bosque latifoliado mixto secundario,1,Bosque y vegetación natural,0,0,0,0,Panamá,PAN,MIAMBIENTE - Cultivos Mapa Panamá,15,2021,2,1,Bosque latifoliado mixto secundario,Bosque y vegetación natural,vegetacion_forestal_esperada,0,0,0,0,none,Senal compatible con bosque o plantacion forestal,0,0,False,True,False,0.7156951618451342,0.9456522260291946,0.46775220877215595,0.7284626845622189,1,0,0,1,media,Revisar en control de calidad temático/espectral,rareza_espectral_por_clase_anio,1,1,Auditoría espectral preliminar SRC15 2021,Alerta exploratoria; no constituye validación temática definitiva
10305,S2SR_SRC15_PAN_2021_000008586,SRC15_0010305,PAN_FCL_0041691,SRC15_PAN_2021__XY__0a082d2a61df,SRC15_PAN_2021__XYY__d8eeef1e7e62,SRC15_PAN_2021__XYC__fca8e455881d,-82.058545,8.580013,Panamá,PAN,MIAMBIENTE - Cultivos Mapa Panamá,15,2021,10,1,Vegetación herbácea,Bosque y vegetación natural,1,12,2021.0,2021.0,6,6,15,1.25,0.5,3.0,3.75,0.3482399497438582,0.3677353804660829,0.2247012119851868,0.4505836575875487,0.39681750062738314,0.4094613308676067,0.2681228271405272,0.4941485550513494,0.2315931240832254,0.23418433434733127,0.1331118321741219,0.3014354066985646,1,1,1,10,Vegetación herbácea,1,Bosque y vegetación natural,0,0,0,0,Panamá,PAN,MIAMBIENTE - Cultivos Mapa Panamá,15,2021,10,1,Vegetación herbácea,Bosque y vegetación natural,vegetacion_herbacea_estacional,0,0,0,0,none,Senal compatible con vegetacion herbacea,0,0,False,True,True,0.40796867039334894,0.9207781688241521,0.26757423472003095,0.6262956261210872,1,0,0,1,media,Revisar en control de calidad temático/espectral,rareza_espectral_por_clase_anio,1,1,Auditoría espectral preliminar SRC15 2021,Alerta exploratoria; no constituye validación temática definitiva
10334,S2SR_SRC15_PAN_2021_000003326,SRC15_0010334,PAN_FCL_0041847,SRC15_PAN_2021__XY__0a1351358fba,SRC15_PAN_2021__XYY__431ea434c585,SRC15_PAN_2021__XYC__22a198a8a82d,-82.324313,8.581453,Panamá,PAN,MIAMBIENTE - Cultivos Mapa Panamá,15,2021,2,1,Bosque latifoliado mixto secundario,Bosque y vegetación natural,1,12,2021.0,2021.0,11,1,28,2.3333333333333335,2.0,6.0,5.181818181818182,0.6552869941544265,0.6895202559694744,0.4972529749570776,0.7441595441595442,0.6807079414595129,0.6957087126137842,0.5342906448683016,0.7657187581528829,0.47294143705183095,0.4845394869395742,0.3565714636764296,0.5413916650952292,1,1,1,2,Bosque latifoliado mixto secundario,1,Bosque y vegetación natural,0,0,0,0,Panamá,PAN,MIAMBIENTE - Cultivos Mapa Panamá,15,2021,2,1,Bosque latifoliado mixto secundario,Bosque y vegetación natural,vegetacion_forestal_esperada,0,0,0,0,none,Senal compatible con bosque o plantacion forestal,0,0,False,True,False,0.7156951618451342,0.9456522260291946,0.46775220877215595,0.7284626845622189,1,0,0,1,media,Revisar en control de calidad temático/espectral,rareza_espectral_por_clase_anio,1,1,Auditoría espectral preliminar SRC15 2021,Alerta exploratoria; no constituye validación temática definitiva
10439,S2SR_SRC15_PAN_2021_000008284,SRC15_0010439,PAN_FCL_0042230,SRC15_PAN_2021__XY__4f9812c32c72,SRC15_PAN_2021__XYY__3652ca1e3d52,SRC15_PAN_2021__XYC__2af9cd72f856,-82.074459,8.584491,Panamá,PAN,MIAMBIENTE - Cultivos Mapa Panamá,15,2021,2,1,Bosque latifoliado mixto secundario,Bosque y vegetación natural,1,12,2021.0,2021.0,6,6,17,1.4166666666666667,0.5,3.5,10.25,0.6992737546830129,0.7005630656711899,0.6595744680851064,0.7590618119843064,0.7177452999199659,0.7219863646044689,0.6768100734522561,0.7796947070143606,0.4852363829229991,0.48889956431193693,0.4222468434473413,0.5629398021947474,1,1,1,2,Bosque latifoliado mixto secundario,1,Bosque y vegetación natural,0,0,0,0,Panamá,PAN,MIAMBIENTE - Cultivos Mapa Panamá,15,2021,2,1,Bosque latifoliado mixto secundario,Bosque y vegetación natural,vegetacion_forestal_esperada,0,0,0,0,none,Senal compatible con bosque o plantacion forestal,0,0,False,True,False,0.7156951618451342,0.9456522260291946,0.46775220877215595,0.7284626845622189,1,0,0,1,media,Revisar en control de calidad temático/espectral,rareza_espectral_por_clase_anio,1,1,Auditoría espectral preliminar SRC15 2021,Alerta exploratoria; no constituye validación temática definitiva
10527,S2SR_SRC15_PAN_2021_000011614,SRC15_0010527,PAN_FCL_0042572,SRC15_PAN_2021__XY__0a21b96d4086,SRC15_PAN_2021__XYY__40d1d24e0956,SRC15_PAN_2021__XYC__32285a792d22,-81.917722,8.587157,Panamá,PAN,MIAMBIENTE - Cultivos Mapa Panamá,15,2021,2,1,Bosque latifoliado mixto secundario,Bosque y vegetación natural,1,12,2021.0,2021.0,6,6,16,1.3333333333333333,0.5,10.5,14.0,0.605263397852208,0.5991057620527078,0.5254640647310804,0.7112018669778297,0.649731396536266,0.6215526924464168,0.6014038606166958,0.7670588235294118,0.4659055574760497,0.4455512907299834,0.4179800221975583,0.5777310924369748,1,1,1,2,Bosque latifoliado mixto secundario,1,Bosque y vegetación natural,0,0,0,0,Panamá,PAN,MIAMBIENTE - Cultivos Mapa Panamá,15,2021,2,1,Bosque latifoliado mixto secundario,Bosque y vegetación natural,vegetacion_forestal_esperada,0,0,0,0,none,Senal compatible con bosque o plantacion forestal,0,0,False,True,True,0.7156951618451342,0.9456522260291946,0.46775220877215595,0.7284626845622189,1,0,0,1,media,Revisar en control de calidad temático/espectral,rareza_espectral_por_clase_anio,1,1,Auditoría espectral preliminar SRC15 2021,Alerta exploratoria; no constituye validación temática definitiva
10538,S2SR_SRC15_PAN_2021_000000566,SRC15_0010538,PAN_FCL_0042602,SRC15_PAN_2021__XY__a896c3651a59,SRC15_PAN_2021__XYY__d1390443c1f4,SRC15_PAN_2021__XYC__5351c2ef4517,-82.4697,8.587709,Panamá,PAN,MIAMBIENTE - Cultivos Mapa Panamá,15,2021,2,1,Bosque latifoliado mixto secundario,Bosque y vegetación natural,1,12,2021.0,2021.0,9,3,27,2.25,2.0,6.0,11.5,0.6963896569642924,0.7055347386036155,0.5842406821737429,0.8102697998259356,0.7248769141445818,0.740755593482616,0.6227370827106871,0.8280305022350776,0.4991723677184885,0.5017680958604293,0.4355553284293785,0.5671776375112715,1,1,1,2,Bosque latifoliado mixto secundario,1,Bosque y vegetación natural,0,0,0,0,Panamá,PAN,MIAMBIENTE - Cultivos Mapa Panamá,15,2021,2,1,Bosque latifoliado mixto secundario,Bosque y vegetación natural,vegetacion_forestal_esperada,0,0,0,0,none,Senal compatible con bosque o plantacion forestal,0,0,False,True,False,0.7156951618451342,0.9456522260291946,0.46775220877215595,0.7284626845622189,1,0,0,1,media,Revisar en control de calidad temático/espectral,rareza_espectral_por_clase_anio,1,1,Auditoría espectral preliminar SRC15 2021,Alerta exploratoria; no constituye validación temática definitiva
10558,S2SR_SRC15_PAN_2021_000004853,SRC15_0010558,PAN_FCL_0042702,SRC15_PAN_2021__XY__c0cd6f0ab704,SRC15_PAN_2021__XYY__df1da08e9209,SRC15_PAN_2021__XYC__034de2b3ffa7,-82.242565,8.588508,Panamá,PAN,MIAMBIENTE - Cultivos Mapa Panamá,15,2021,2,1,Bosque latifoliado mixto secundario,Bosque y vegetación natural,1,12,2021.0,2021.0,10,2,22,1.8333333333333333,1.5,15.5,17.3,0.6798761577712849,0.6961232921372275,0.5478343645882913,0.8441176470588234,0.7038014500459437,0.7077497829800415,0.5741819811743611,0.8722275795564126,0.5129241564927831,0.5173430934765568,0.3852418224009855,0.6562166773299211,1,1,1,2,Bosque latifoliado mixto secundario,1,Bosque y vegetación natural,0,0,0,0,Panamá,PAN,MIAMBIENTE - Cultivos Mapa Panamá,15,2021,2,1,Bosque latifoliado mixto secundario,Bosque y vegetación natural,vegetacion_forestal_esperada,0,0,0,0,none,Senal compatible con bosque o plantacion forestal,0,0,False,True,False,0.7156951618451342,0.9456522260291946,0.46775220877215595,0.7284626845622189,1,0,0,1,media,Revisar en control de calidad temático/espectral,rareza_espectral_por_clase_anio,1,1,Auditoría espectral preliminar SRC15 2021,Alerta exploratoria; no constituye validación temática definitiva
10567,S2SR_SRC15_PAN_2021_000006662,SRC15_0010567,PAN_FCL_0042742,SRC15_PAN_2021__XY__45a31322639d,SRC15_PAN_2021__XYY__da7e4208e8bc,SRC15_PAN_2021__XYC__cda52d949e10,-82.151705,8.58879,Panamá,PAN,MIAMBIENTE - Cultivos Mapa Panamá,15,2021,2,1,Bosque latifoliado mixto secundario,Bosque y vegetación natural,1,12,2021.0,2021.0,7,5,16,1.3333333333333333,1.0,17.0,21.5,0.1289322090573565,0.053475935828877,-0.0174835196331327,0.4162859446385381,0.15789283401141735,0.1056751467710372,-0.0076639227930741,0.4516536228225196,0.10387859554838376,0.0643642072213501,0.0186480186480186,0.3175985334555454,1,1,1,2,Bosque latifoliado mixto secundario,1,Bosque y vegetación natural,0,0,0,0,Panamá,PAN,MIAMBIENTE - Cultivos Mapa Panamá,15,2021,2,1,Bosque latifoliado mixto secundario,Bosque y vegetación natural,vegetacion_forestal_esperada,0,0,0,0,high,Bosque/plantacion forestal con NDVI < 0.30 o NDRE < 0.06,1,0,True,True,True,0.7156951618451342,0.9456522260291946,0.46775220877215595,0.7284626845622189,1,0,0,2,alta,Priorizar revisión temática y espectral,regla_clase_alta: Bosque/plantacion forestal con NDVI < 0.30 o NDRE < 0.06,1,1,Auditoría espectral preliminar SRC15 2021,Alerta exploratoria; no constituye validación temática definitiva
10621,S2SR_SRC15_PAN_2021_000005007,SRC15_0010621,PAN_FCL_0042979,SRC15_PAN_2021__XY__d751a5bfc174,SRC15_PAN_2021__XYY__df39f4d05fb3,SRC15_PAN_2021__XYC__cdc526cde886,-82.233486,8.590798,Panamá,PAN,MIAMBIENTE - Cultivos Mapa Panamá,15,2021,2,1,Bosque latifoliado mixto secundario,Bosque y vegetación natural,1,12,2021.0,2021.0,6,6,16,1.3333333333333333,0.5,3.25,9.75,0.6769273614190142,0.6446470307400032,0.6258892084011658,0.8181818181818181,0.7078835373700199,0.689245412478664,0.6425306711570843,0.8329873125720876,0.4997701515092891,0.49342362779707943,0.4405063291139241,0.5946217138270118,1,1,1,2,Bosque latifoliado mixto secundario,1,Bosque y vegetación natural,0,0,0,0,Panamá,PAN,MIAMBIENTE - Cultivos Mapa Panamá,15,2021,2,1,Bosque latifoliado mixto secundario,Bosque y vegetación natural,vegetacion_forestal_esperada,0,0,0,0,none,Senal compatible con bosque o plantacion forestal,0,0,False,True,False,0.7156951618451342,0.9456522260291946,0.46775220877215595,0.7284626845622189,1,0,0,1,media,Revisar en control de calidad temático/espectral,rareza_espectral_por_clase_anio,1,1,Auditoría espectral preliminar SRC15 2021,Alerta exploratoria; no constituye validación temática definitiva
10628,S2SR_SRC15_PAN_2021_000006279,SRC15_0010628,PAN_FCL_0043007,SRC15_PAN_2021__XY__dff1f6dc4fda,SRC15_PAN_2021__XYY__eb69e40931c6,SRC15_PAN_2021__XYC__45b1cb8e2091,-82.169884,8.590996,Panamá,PAN,MIAMBIENTE - Cultivos Mapa Panamá,15,2021,2,1,Bosque latifoliado mixto secundario,Bosque y vegetación natural,1,12,2021.0,2021.0,5,7,15,1.25,0.0,2.5,11.6,0.6449961904077254,0.6684465448270452,0.4652539732003738,0.7481832949734768,0.6604338717783407,0.6901640970150307,0.4698795180722892,0.7599385749574052,0.4594826720399315,0.465371492838334,0.3582643448472737,0.5215195687459909,1,1,1,2,Bosque latifoliado mixto secundario,1,Bosque y vegetación natural,0,0,0,0,Panamá,PAN,MIAMBIENTE - Cultivos Mapa Panamá,15,2021,2,1,Bosque latifoliado mixto secundario,Bosque y vegetación natural,vegetacion_forestal_esperada,0,0,0,0,none,Senal compatible con bosque o plantacion forestal,0,0,False,True,True,0.7156951618451342,0.9456522260291946,0.46775220877215595,0.7284626845622189,1,0,0,1,media,Revisar en control de calidad temático/espectral,rareza_espectral_por_clase_anio,1,1,Auditoría espectral preliminar SRC15 2021,Alerta exploratoria; no constituye validación temática definitiva
10663,S2SR_SRC15_PAN_2021_000011613,SRC15_0010663,PAN_FCL_0043118,SRC15_PAN_2021__XY__32f79e9a59fd,SRC15_PAN_2021__XYY__8b746ed2c873,SRC15_PAN_2021__XYC__0a60b0c8c4f7,-81.917733,8.591679,Panamá,PAN,MIAMBIENTE - Cultivos Mapa Panamá,15,2021,2,1,Bosque latifoliado mixto secundario,Bosque y vegetación natural,1,12,2021.0,2021.0,9,3,20,1.6666666666666667,1.0,18.0,15.277777777777779,0.6500033422873229,0.6273092369477912,0.529709228824273,0.7899427116486315,0.6702528065249151,0.6418094796973908,0.5559345156889495,0.8057680988816951,0.40238256999872,0.4075446724023825,0.2838001155547175,0.5086051466972628,1,1,1,2,Bosque latifoliado mixto secundario,1,Bosque y vegetación natural,0,0,0,0,Panamá,PAN,MIAMBIENTE - Cultivos Mapa Panamá,15,2021,2,1,Bosque latifoliado mixto secundario,Bosque y vegetación natural,vegetacion_forestal_esperada,0,0,0,0,none,Senal compatible con bosque o plantacion forestal,0,0,False,True,True,0.7156951618451342,0.9456522260291946,0.46775220877215595,0.7284626845622189,1,0,0,1,media,Revisar en control de calidad temático/espectral,rareza_espectral_por_clase_anio,1,1,Auditoría espectral preliminar SRC15 2021,Alerta exploratoria; no constituye validación temática definitiva
10699,S2SR_SRC15_PAN_2021_000005989,SRC15_0010699,PAN_FCL_0043274,SRC15_PAN_2021__XY__64322c2969e4,SRC15_PAN_2021__XYY__89a5e67b03e7,SRC15_PAN_2021__XYC__fd7d7be004af,-82.18352,8.593215,Panamá,PAN,MIAMBIENTE - Cultivos Mapa Panamá,15,2021,9,1,Rastrojo y vegetación arbustiva,Bosque y vegetación natural,1,12,2021.0,2021.0,10,2,24,2.0,2.0,6.0,12.25,0.6019283679448633,0.6121427709457854,0.4170984455958549,0.807477438762355,0.6162924329347861,0.6157725867248106,0.4459300205378003,0.8116063919259882,0.4263182707327956,0.43865399097723917,0.3086677448105385,0.5524324324324323,1,1,1,9,Rastrojo y vegetación arbustiva,1,Bosque y vegetación natural,0,0,0,0,Panamá,PAN,MIAMBIENTE - Cultivos Mapa Panamá,15,2021,9,1,Rastrojo y vegetación arbustiva,Bosque y vegetación natural,vegetacion_natural_baja,0,0,0,0,none,Senal compatible con arbustos,0,0,False,True,False,0.617925271847997,0.9511712918895013,0.4049992993142226,0.6939244937723441,1,0,0,1,media,Revisar en control de calidad temático/espectral,rareza_espectral_por_clase_anio,1,1,Auditoría espectral preliminar SRC15 2021,Alerta exploratoria; no constituye validación temática definitiva
10703,S2SR_SRC15_PAN_2021_000006661,SRC15_0010703,PAN_FCL_0043288,SRC15_PAN_2021__XY__fc5bfe7caecb,SRC15_PAN_2021__XYY__dd8819c935da,SRC15_PAN_2021__XYC__7f947b6d619d,-82.151719,8.593312,Panamá,PAN,MIAMBIENTE - Cultivos Mapa Panamá,15,2021,2,1,Bosque latifoliado mixto secundario,Bosque y vegetación natural,1,12,2021.0,2021.0,8,4,18,1.5,1.0,23.5,26.1875,0.5011852918231173,0.4762014625552052,0.4478792235801582,0.6125754207684979,0.561929391202524,0.5539051835470661,0.4920840064620356,0.642961662276851,0.42024222549609147,0.41370016754304106,0.3346924906557935,0.505901287553648,1,1,1,2,Bosque latifoliado mixto secundario,1,Bosque y vegetación natural,0,0,0,0,Panamá,PAN,MIAMBIENTE - Cultivos Mapa Panamá,15,2021,2,1,Bosque latifoliado mixto secundario,Bosque y vegetación natural,vegetacion_forestal_esperada,0,0,0,0,none,Senal compatible con bosque o plantacion forestal,0,0,False,True,True,0.7156951618451342,0.9456522260291946,0.46775220877215595,0.7284626845622189,1,0,0,1,media,Revisar en control de calidad temático/espectral,rareza_espectral_por_clase_anio,1,1,Auditoría espectral preliminar SRC15 2021,Alerta exploratoria; no constituye validación temática definitiva
10755,S2SR_SRC15_PAN_2021_000004771,SRC15_0010755,PAN_FCL_0043519,SRC15_PAN_2021__XY__b858ede73f4a,SRC15_PAN_2021__XYY__630015c2cedf,SRC15_PAN_2021__XYC__90813db324d5,-82.24713,8.595275,Panamá,PAN,MIAMBIENTE - Cultivos Mapa Panamá,15,2021,2,1,Bosque latifoliado mixto secundario,Bosque y vegetación natural,1,12,2021.0,2021.0,9,3,22,1.8333333333333333,2.0,5.5,6.333333333333333,0.7040787678220846,0.7115758754863812,0.5548299135255657,0.8038153783846331,0.7198911124312622,0.7291000456829602,0.5893918299944552,0.818297180085798,0.47628717582690605,0.4732477788746298,0.3975517699422881,0.5654610554289774,1,1,1,2,Bosque latifoliado mixto secundario,1,Bosque y vegetación natural,0,0,0,0,Panamá,PAN,MIAMBIENTE - Cultivos Mapa Panamá,15,2021,2,1,Bosque latifoliado mixto secundario,Bosque y vegetación natural,vegetacion_forestal_esperada,0,0,0,0,none,Senal compatible con bosque o plantacion forestal,0,0,False,True,False,0.7156951618451342,0.9456522260291946,0.46775220877215595,0.7284626845622189,1,0,0,1,media,Revisar en control de calidad temático/espectral,rareza_espectral_por_clase_anio,1,1,Auditoría espectral preliminar SRC15 2021,Alerta exploratoria; no constituye validación temática definitiva
10890,S2SR_SRC15_PAN_2021_000004596,SRC15_0010890,PAN_FCL_0044061,SRC15_PAN_2021__XY__d1eb91e0f109,SRC15_PAN_2021__XYY__3ac59d690687,SRC15_PAN_2021__XYC__2f036b4e8783,-82.256231,8.599767,Panamá,PAN,MIAMBIENTE - Cultivos Mapa Panamá,15,2021,9,1,Rastrojo y vegetación arbustiva,Bosque y vegetación natural,1,12,2021.0,2021.0,10,2,26,2.1666666666666665,2.0,14.25,16.35,0.483280315515305,0.5004728707608121,0.3119065010956902,0.6253345469170035,0.5564669168131423,0.5474174832591672,0.394017368928916,0.7007502679528402,0.41614551850263937,0.3922133341195757,0.3002985074626865,0.5384913709521039,1,1,1,9,Rastrojo y vegetación arbustiva,1,Bosque y vegetación natural,0,0,0,0,Panamá,PAN,MIAMBIENTE - Cultivos Mapa Panamá,15,2021,9,1,Rastrojo y vegetación arbustiva,Bosque y vegetación natural,vegetacion_natural_baja,0,0,0,0,none,Senal compatible con arbustos,0,0,False,True,True,0.617925271847997,0.9511712918895013,0.4049992993142226,0.6939244937723441,1,0,0,1,media,Revisar en control de calidad temático/espectral,rareza_espectral_por_clase_anio,1,1,Auditoría espectral preliminar SRC15 2021,Alerta exploratoria; no constituye validación temática definitiva
10937,S2SR_SRC15_PAN_2021_000011680,SRC15_0010937,PAN_FCL_0044211,SRC15_PAN_2021__XY__e9924356d8ef,SRC15_PAN_2021__XYY__acc1ce47d582,SRC15_PAN_2021__XYC__d029a3446f04,-81.915483,8.600729,Panamá,PAN,MIAMBIENTE - Cultivos Mapa Panamá,15,2021,2,1,Bosque latifoliado mixto secundario,Bosque y vegetación natural,1,12,2021.0,2021.0,9,3,21,1.75,1.5,12.5,13.5,0.26747704388459487,0.2146705346042271,0.1333671303963306,0.4408261352868284,0.2994834774086492,0.2355788624445341,0.1630679925624327,0.4960881336467972,0.19508330038855992,0.1971858510846199,0.0963878480938114,0.309252625750075,1,1,1,2,Bosque latifoliado mixto secundario,1,Bosque y vegetación natural,0,0,0,0,Panamá,PAN,MIAMBIENTE - Cultivos Mapa Panamá,15,2021,2,1,Bosque latifoliado mixto secundario,Bosque y vegetación natural,vegetacion_forestal_esperada,0,0,0,0,high,Bosque/plantacion forestal con NDVI < 0.30 o NDRE < 0.06,1,0,True,True,True,0.7156951618451342,0.9456522260291946,0.46775220877215595,0.7284626845622189,1,0,0,2,alta,Priorizar revisión temática y espectral,regla_clase_alta: Bosque/plantacion forestal con NDVI < 0.30 o NDRE < 0.06,1,1,Auditoría espectral preliminar SRC15 2021,Alerta exploratoria; no constituye validación temática definitiva
10960,S2SR_SRC15_PAN_2021_000002877,SRC15_0010960,PAN_FCL_0044294,SRC15_PAN_2021__XY__5f6cb3bb18aa,SRC15_PAN_2021__XYY__6fd610204989,SRC15_PAN_2021__XYC__7ba70cadbb38,-82.347098,8.601721,Panamá,PAN,MIAMBIENTE - Cultivos Mapa Panamá,15,2021,9,1,Rastrojo y vegetación arbustiva,Bosque y vegetación natural,1,12,2021.0,2021.0,8,4,25,2.0833333333333335,1.0,2.25,2.5625,0.4232574503208375,0.4340659253749165,0.2831970837105101,0.6003683241252302,0.46391921220599047,0.48033946233587943,0.3287007418076436,0.6387347391786904,0.29921183429579484,0.31154319019629395,0.2092752181511633,0.4149496885481553,1,1,1,9,Rastrojo y vegetación arbustiva,1,Bosque y vegetación natural,0,0,0,0,Panamá,PAN,MIAMBIENTE - Cultivos Mapa Panamá,15,2021,9,1,Rastrojo y vegetación arbustiva,Bosque y vegetación natural,vegetacion_natural_baja,0,0,0,0,none,Senal compatible con arbustos,0,0,False,True,True,0.617925271847997,0.9511712918895013,0.4049992993142226,0.6939244937723441,1,0,0,1,media,Revisar en control de calidad temático/espectral,rareza_espectral_por_clase_anio,1,1,Auditoría espectral preliminar SRC15 2021,Alerta exploratoria; no constituye validación temática definitiva
10966,S2SR_SRC15_PAN_2021_000004073,SRC15_0010966,PAN_FCL_0044322,SRC15_PAN_2021__XY__01d4eb512bb5,SRC15_PAN_2021__XYY__1c50b4c10589,SRC15_PAN_2021__XYC__e6202c8257d4,-82.283496,8.601938,Panamá,PAN,MIAMBIENTE - Cultivos Mapa Panamá,15,2021,9,1,Rastrojo y vegetación arbustiva,Bosque y vegetación natural,1,12,2021.0,2021.0,9,3,26,2.1666666666666665,2.0,5.0,7.166666666666667,0.6400572124916614,0.623580313683072,0.4071986410048199,0.8386378355919983,0.6710134269158298,0.6541614906832298,0.4539873858640016,0.8575428258891526,0.4305450198344125,0.4046413502109705,0.2661077745971757,0.5532627914162116,1,1,1,9,Rastrojo y vegetación arbustiva,1,Bosque y vegetación natural,0,0,0,0,Panamá,PAN,MIAMBIENTE - Cultivos Mapa Panamá,15,2021,9,1,Rastrojo y vegetación arbustiva,Bosque y vegetación natural,vegetacion_natural_baja,0,0,0,0,none,Senal compatible con arbustos,0,0,False,False,True,0.617925271847997,0.9511712918895013,0.4049992993142226,0.6939244937723441,1,0,0,1,media,Revisar en control de calidad temático/espectral,rareza_espectral_por_clase_anio,1,1,Auditoría espectral preliminar SRC15 2021,Alerta exploratoria; no constituye validación temática definitiva
11133,S2SR_SRC15_PAN_2021_000012515,SRC15_0011133,PAN_FCL_0045046,SRC15_PAN_2021__XY__80f9c2946602,SRC15_PAN_2021__XYY__f2dcf2bc22ea,SRC15_PAN_2021__XYC__4c25b490942c,-81.87915,8.607597,Panamá,PAN,MIAMBIENTE - Cultivos Mapa Panamá,15,2021,1,1,Bosque latifoliado mixto maduro,Bosque y vegetación natural,1,12,2021.0,2021.0,2,10,4,0.3333333333333333,0.0,16.5,16.5,0.6280270804663108,0.6280270804663108,0.6041530507146451,0.6519011102179766,0.6593710165052226,0.6593710165052226,0.6553686492488418,0.6633733837616034,0.486484283205988,0.486484283205988,0.4737052714836026,0.4992632949283735,1,1,1,1,Bosque latifoliado mixto maduro,1,Bosque y vegetación natural,0,0,0,0,Panamá,PAN,MIAMBIENTE - Cultivos Mapa Panamá,15,2021,1,1,Bosque latifoliado mixto maduro,Bosque y vegetación natural,vegetacion_forestal_esperada,0,1,0,0,none,Senal compatible con bosque o plantacion forestal,0,0,False,True,False,0.6430119869024382,0.9528057309230518,0.43437644555877897,0.6993464704424021,1,0,0,2,media,Revisar en control de calidad temático/espectral,rareza_espectral_por_clase_anio,1,1,Auditoría espectral preliminar SRC15 2021,Alerta exploratoria; no constituye validación temática definitiva
11208,S2SR_SRC15_PAN_2021_000011374,SRC15_0011208,PAN_FCL_0045297,SRC15_PAN_2021__XY__bc3036361ded,SRC15_PAN_2021__XYY__6f7c4df8e3b9,SRC15_PAN_2021__XYC__3577d4042eef,-81.929136,8.60974,Panamá,PAN,MIAMBIENTE - Cultivos Mapa Panamá,15,2021,2,1,Bosque latifoliado mixto secundario,Bosque y vegetación natural,1,12,2021.0,2021.0,5,7,10,0.8333333333333334,0.0,24.0,26.6,0.664553331398629,0.6972898484152503,0.546414499605989,0.7812755519215046,0.6830317391718864,0.7294745484400657,0.5638072143073658,0.7912602419040187,0.4573472565669764,0.4839374724993735,0.3905660377358491,0.5097007563301544,1,1,1,2,Bosque latifoliado mixto secundario,1,Bosque y vegetación natural,0,0,0,0,Panamá,PAN,MIAMBIENTE - Cultivos Mapa Panamá,15,2021,2,1,Bosque latifoliado mixto secundario,Bosque y vegetación natural,vegetacion_forestal_esperada,0,0,0,0,none,Senal compatible con bosque o plantacion forestal,0,0,False,True,False,0.7156951618451342,0.9456522260291946,0.46775220877215595,0.7284626845622189,1,0,0,1,media,Revisar en control de calidad temático/espectral,rareza_espectral_por_clase_anio,1,1,Auditoría espectral preliminar SRC15 2021,Alerta exploratoria; no constituye validación temática definitiva
11224,S2SR_SRC15_PAN_2021_000001029,SRC15_0011224,PAN_FCL_0045344,SRC15_PAN_2021__XY__1b051c35f523,SRC15_PAN_2021__XYY__742412ad2935,SRC15_PAN_2021__XYC__52f6a2186bb2,-82.442531,8.610418,Panamá,PAN,MIAMBIENTE - Cultivos Mapa Panamá,15,2021,2,1,Bosque latifoliado mixto secundario,Bosque y vegetación natural,1,12,2021.0,2021.0,8,4,19,1.5833333333333333,1.0,8.5,12.1875,0.5680522976898972,0.5628150456508665,0.4351198871650211,0.6641751201281366,0.602540687113366,0.5827741252812482,0.5318527177089422,0.6972322503008423,0.42215911377721593,0.4007451360696709,0.3633289986996098,0.5017035775127768,1,1,1,2,Bosque latifoliado mixto secundario,1,Bosque y vegetación natural,0,0,0,0,Panamá,PAN,MIAMBIENTE - Cultivos Mapa Panamá,15,2021,2,1,Bosque latifoliado mixto secundario,Bosque y vegetación natural,vegetacion_forestal_esperada,0,0,0,0,none,Senal compatible con bosque o plantacion forestal,0,0,False,True,True,0.7156951618451342,0.9456522260291946,0.46775220877215595,0.7284626845622189,1,0,0,1,media,Revisar en control de calidad temático/espectral,rareza_espectral_por_clase_anio,1,1,Auditoría espectral preliminar SRC15 2021,Alerta exploratoria; no constituye validación temática definitiva
11226,S2SR_SRC15_PAN_2021_000001268,SRC15_0011226,PAN_FCL_0045350,SRC15_PAN_2021__XY__7de205ab81f9,SRC15_PAN_2021__XYY__ae7667c6e6b5,SRC15_PAN_2021__XYC__d335670b4cc5,-82.428902,8.610468,Panamá,PAN,MIAMBIENTE - Cultivos Mapa Panamá,15,2021,9,1,Rastrojo y vegetación arbustiva,Bosque y vegetación natural,1,12,2021.0,2021.0,9,3,26,2.1666666666666665,2.0,11.0,10.61111111111111,0.6024525950347708,0.5755792298812633,0.4692307692307692,0.7162346521145976,0.6174334996838851,0.6109197953176098,0.4946273830155978,0.7077009555930298,0.39375345478766777,0.3996467814530103,0.3005151688609044,0.4400633816297962,1,1,1,9,Rastrojo y vegetación arbustiva,1,Bosque y vegetación natural,0,0,0,0,Panamá,PAN,MIAMBIENTE - Cultivos Mapa Panamá,15,2021,9,1,Rastrojo y vegetación arbustiva,Bosque y vegetación natural,vegetacion_natural_baja,0,0,0,0,none,Senal compatible con arbustos,0,0,False,True,True,0.617925271847997,0.9511712918895013,0.4049992993142226,0.6939244937723441,1,0,0,1,media,Revisar en control de calidad temático/espectral,rareza_espectral_por_clase_anio,1,1,Auditoría espectral preliminar SRC15 2021,Alerta exploratoria; no constituye validación temática definitiva
11295,S2SR_SRC15_PAN_2021_000004157,SRC15_0011295,PAN_FCL_0045689,SRC15_PAN_2021__XY__eac0eeb3f650,SRC15_PAN_2021__XYY__739b2d5bf894,SRC15_PAN_2021__XYC__1476c46efdd4,-82.278991,8.613257,Panamá,PAN,MIAMBIENTE - Cultivos Mapa Panamá,15,2021,2,1,Bosque latifoliado mixto secundario,Bosque y vegetación natural,1,12,2021.0,2021.0,11,1,25,2.0833333333333335,1.5,4.0,11.045454545454545,0.6441066616421883,0.6202882483370288,0.5186629526462396,0.780937335439705,0.6768876344168883,0.6683039583935279,0.5616438356164384,0.8050609184629802,0.4384744853890142,0.4174067495559502,0.3570980077726704,0.5451263537906138,1,1,1,2,Bosque latifoliado mixto secundario,1,Bosque y vegetación natural,0,0,0,0,Panamá,PAN,MIAMBIENTE - Cultivos Mapa Panamá,15,2021,2,1,Bosque latifoliado mixto secundario,Bosque y vegetación natural,vegetacion_forestal_esperada,0,0,0,0,none,Senal compatible con bosque o plantacion forestal,0,0,False,True,True,0.7156951618451342,0.9456522260291946,0.46775220877215595,0.7284626845622189,1,0,0,1,media,Revisar en control de calidad temático/espectral,rareza_espectral_por_clase_anio,1,1,Auditoría espectral preliminar SRC15 2021,Alerta exploratoria; no constituye validación temática definitiva
11300,S2SR_SRC15_PAN_2021_000004593,SRC15_0011300,PAN_FCL_0045699,SRC15_PAN_2021__XY__749486281137,SRC15_PAN_2021__XYY__61aaba53d93c,SRC15_PAN_2021__XYC__acc73af04233,-82.256275,8.613332,Panamá,PAN,MIAMBIENTE - Cultivos Mapa Panamá,15,2021,26,3,Pasto,Pasto,1,12,2021.0,2021.0,10,2,25,2.0833333333333335,2.0,6.5,11.65,0.40586361179765085,0.4176093199925885,0.298675601186594,0.5033541931903331,0.4606652455301018,0.4932586395121775,0.3330200323180486,0.5654657293497364,0.28899898863615203,0.29401289764107996,0.1944757537687798,0.3823472356935014,1,1,1,26,Pasto,3,Pasto,0,0,0,0,Panamá,PAN,MIAMBIENTE - Cultivos Mapa Panamá,15,2021,26,3,Pasto,Pasto,vegetacion_herbacea_estacional,0,0,0,0,none,Senal compatible con pasto,0,0,False,True,False,0.4252056828884969,0.9411504739649379,0.27553044066185495,0.6659670380747192,1,0,0,1,media,Revisar en control de calidad temático/espectral,rareza_espectral_por_clase_anio,1,1,Auditoría espectral preliminar SRC15 2021,Alerta exploratoria; no constituye validación temática definitiva
11314,S2SR_SRC15_PAN_2021_000006756,SRC15_0011314,PAN_FCL_0045747,SRC15_PAN_2021__XY__1011fca119aa,SRC15_PAN_2021__XYY__cef05c4a488a,SRC15_PAN_2021__XYC__efc28b00d2ba,-82.147237,8.613673,Panamá,PAN,MIAMBIENTE - Cultivos Mapa Panamá,15,2021,2,1,Bosque latifoliado mixto secundario,Bosque y vegetación natural,1,12,2021.0,2021.0,7,5,15,1.25,1.0,8.5,15.714285714285714,0.3103419353006092,0.257429721784654,0.1896007428040854,0.5030020013342228,0.33638008124159874,0.2662237064143904,0.2067620286085826,0.538270839789278,0.28691058280357745,0.2487096472009792,0.2121780747697309,0.3667400881057268,1,1,1,2,Bosque latifoliado mixto secundario,1,Bosque y vegetación natural,0,0,0,0,Panamá,PAN,MIAMBIENTE - Cultivos Mapa Panamá,15,2021,2,1,Bosque latifoliado mixto secundario,Bosque y vegetación natural,vegetacion_forestal_esperada,0,0,0,0,high,Bosque/plantacion forestal con NDVI < 0.30 o NDRE < 0.06,1,0,True,True,True,0.7156951618451342,0.9456522260291946,0.46775220877215595,0.7284626845622189,1,0,0,2,alta,Priorizar revisión temática y espectral,regla_clase_alta: Bosque/plantacion forestal con NDVI < 0.30 o NDRE < 0.06,1,1,Auditoría espectral preliminar SRC15 2021,Alerta exploratoria; no constituye validación temática definitiva
11355,S2SR_SRC15_PAN_2021_000000222,SRC15_0011355,PAN_FCL_0045870,SRC15_PAN_2021__XY__266d1107c4e5,SRC15_PAN_2021__XYY__fcf9556b764b,SRC15_PAN_2021__XYC__5169e3311637,-82.487976,8.614766,Panamá,PAN,MIAMBIENTE - Cultivos Mapa Panamá,15,2021,2,1,Bosque latifoliado mixto secundario,Bosque y vegetación natural,1,12,2021.0,2021.0,8,4,20,1.6666666666666667,1.5,6.0,7.5,0.594190488451762,0.633686412537162,0.3757509557618787,0.8314292967758314,0.6475876763499786,0.6679410197838327,0.4521926671459381,0.856463467358409,0.4823827638643267,0.49536698318307903,0.345308918679975,0.6133759158369341,1,1,1,2,Bosque latifoliado mixto secundario,1,Bosque y vegetación natural,0,0,0,0,Panamá,PAN,MIAMBIENTE - Cultivos Mapa Panamá,15,2021,2,1,Bosque latifoliado mixto secundario,Bosque y vegetación natural,vegetacion_forestal_esperada,0,0,0,0,none,Senal compatible con bosque o plantacion forestal,0,0,False,True,False,0.7156951618451342,0.9456522260291946,0.46775220877215595,0.7284626845622189,1,0,0,1,media,Revisar en control de calidad temático/espectral,rareza_espectral_por_clase_anio,1,1,Auditoría espectral preliminar SRC15 2021,Alerta exploratoria; no constituye validación temática definitiva
11423,S2SR_SRC15_PAN_2021_000002690,SRC15_0011423,PAN_FCL_0046201,SRC15_PAN_2021__XY__59bd4a3dca89,SRC15_PAN_2021__XYY__03c901f0c452,SRC15_PAN_2021__XYC__85c3c78824ee,-82.35624,8.617514,Panamá,PAN,MIAMBIENTE - Cultivos Mapa Panamá,15,2021,9,1,Rastrojo y vegetación arbustiva,Bosque y vegetación natural,1,12,2021.0,2021.0,10,2,31,2.5833333333333335,2.5,17.0,18.1,0.474537901092146,0.4599790032408041,0.3999251777029554,0.5817561258457604,0.5217676920299579,0.5057682201341154,0.4618972153045052,0.6092688773471834,0.39515551947848215,0.37758418405789207,0.360099595393713,0.473299195318215,1,1,1,9,Rastrojo y vegetación arbustiva,1,Bosque y vegetación natural,0,0,0,0,Panamá,PAN,MIAMBIENTE - Cultivos Mapa Panamá,15,2021,9,1,Rastrojo y vegetación arbustiva,Bosque y vegetación natural,vegetacion_natural_baja,0,0,0,0,none,Senal compatible con arbustos,0,0,False,True,True,0.617925271847997,0.9511712918895013,0.4049992993142226,0.6939244937723441,1,0,0,1,media,Revisar en control de calidad temático/espectral,rareza_espectral_por_clase_anio,1,1,Auditoría espectral preliminar SRC15 2021,Alerta exploratoria; no constituye validación temática definitiva
11431,S2SR_SRC15_PAN_2021_000003982,SRC15_0011431,PAN_FCL_0046231,SRC15_PAN_2021__XY__0191600acf94,SRC15_PAN_2021__XYY__2fb62bd2e22b,SRC15_PAN_2021__XYC__9a053af559fb,-82.288093,8.617748,Panamá,PAN,MIAMBIENTE - Cultivos Mapa Panamá,15,2021,2,1,Bosque latifoliado mixto secundario,Bosque y vegetación natural,1,12,2021.0,2021.0,9,3,26,2.1666666666666665,1.5,4.5,3.7222222222222223,0.6688062315930614,0.6572471969350813,0.3211308524752633,0.9028006589785832,0.6858348238094969,0.6932208937061837,0.3084206013960707,0.9104590868850386,0.4755727324251158,0.4910258054246221,0.192457630968325,0.6424921169946722,1,1,1,2,Bosque latifoliado mixto secundario,1,Bosque y vegetación natural,0,0,0,0,Panamá,PAN,MIAMBIENTE - Cultivos Mapa Panamá,15,2021,2,1,Bosque latifoliado mixto secundario,Bosque y vegetación natural,vegetacion_forestal_esperada,0,0,0,0,none,Senal compatible con bosque o plantacion forestal,0,0,False,True,False,0.7156951618451342,0.9456522260291946,0.46775220877215595,0.7284626845622189,1,0,0,1,media,Revisar en control de calidad temático/espectral,rareza_espectral_por_clase_anio,1,1,Auditoría espectral preliminar SRC15 2021,Alerta exploratoria; no constituye validación temática definitiva
11454,S2SR_SRC15_PAN_2021_000007534,SRC15_0011454,PAN_FCL_0046309,SRC15_PAN_2021__XY__d26a9387b5b2,SRC15_PAN_2021__XYY__0a48155d7993,SRC15_PAN_2021__XYC__98655b58689a,-82.110903,8.618302,Panamá,PAN,MIAMBIENTE - Cultivos Mapa Panamá,15,2021,1,1,Bosque latifoliado mixto maduro,Bosque y vegetación natural,1,12,2021.0,2021.0,8,4,15,1.25,1.0,8.0,13.4375,0.6386918168241045,0.6191627389654768,0.5425206641796504,0.7855117298272749,0.6304172887793207,0.6132507782995624,0.54064039408867,0.7797140303842717,0.41668568058308575,0.41182036775885233,0.3449651046859421,0.5018853695324285,1,1,1,1,Bosque latifoliado mixto maduro,1,Bosque y vegetación natural,0,0,0,0,Panamá,PAN,MIAMBIENTE - Cultivos Mapa Panamá,15,2021,1,1,Bosque latifoliado mixto maduro,Bosque y vegetación natural,vegetacion_forestal_esperada,0,0,0,0,none,Senal compatible con bosque o plantacion forestal,0,0,False,True,True,0.6430119869024382,0.9528057309230518,0.43437644555877897,0.6993464704424021,1,0,0,1,media,Revisar en control de calidad temático/espectral,rareza_espectral_por_clase_anio,1,1,Auditoría espectral preliminar SRC15 2021,Alerta exploratoria; no constituye validación temática definitiva
11494,S2SR_SRC15_PAN_2021_000000559,SRC15_0011494,PAN_FCL_0046424,SRC15_PAN_2021__XY__cecc8043d31f,SRC15_PAN_2021__XYY__9884fc19013f,SRC15_PAN_2021__XYC__d0971a1ed34c,-82.469822,8.619357,Panamá,PAN,MIAMBIENTE - Cultivos Mapa Panamá,15,2021,9,1,Rastrojo y vegetación arbustiva,Bosque y vegetación natural,1,12,2021.0,2021.0,8,4,18,1.5,1.0,5.0,5.5,0.5924835032839258,0.5800175449541132,0.5140607424071991,0.681752428187642,0.6095230287825638,0.6010113309086949,0.5213826722800798,0.7063310450038139,0.4307633421099857,0.42086299870493077,0.3550679205851618,0.4978239035821895,1,1,1,9,Rastrojo y vegetación arbustiva,1,Bosque y vegetación natural,0,0,0,0,Panamá,PAN,MIAMBIENTE - Cultivos Mapa Panamá,15,2021,9,1,Rastrojo y vegetación arbustiva,Bosque y vegetación natural,vegetacion_natural_baja,0,0,0,0,none,Senal compatible con arbustos,0,0,False,True,False,0.617925271847997,0.9511712918895013,0.4049992993142226,0.6939244937723441,1,0,0,1,media,Revisar en control de calidad temático/espectral,rareza_espectral_por_clase_anio,1,1,Auditoría espectral preliminar SRC15 2021,Alerta exploratoria; no constituye validación temática definitiva
11542,S2SR_SRC15_PAN_2021_000012406,SRC15_0011542,PAN_FCL_0046682,SRC15_PAN_2021__XY__a5c203098930,SRC15_PAN_2021__XYY__1f0b111b73d6,SRC15_PAN_2021__XYC__401aade0e086,-81.883725,8.621153,Panamá,PAN,MIAMBIENTE - Cultivos Mapa Panamá,15,2021,1,1,Bosque latifoliado mixto maduro,Bosque y vegetación natural,1,12,2021.0,2021.0,3,9,6,0.5,0.0,33.0,26.166666666666668,0.6415492379021449,0.641518866410559,0.5605749213688154,0.7225539259270601,0.6685105517509876,0.6676987996523197,0.5859337425043851,0.7518991130962582,0.4887277321294559,0.50121771024889,0.4366725204672956,0.5282929656721821,1,1,1,1,Bosque latifoliado mixto maduro,1,Bosque y vegetación natural,0,0,0,0,Panamá,PAN,MIAMBIENTE - Cultivos Mapa Panamá,15,2021,1,1,Bosque latifoliado mixto maduro,Bosque y vegetación natural,vegetacion_forestal_esperada,0,1,0,0,none,Senal compatible con bosque o plantacion forestal,0,0,False,True,False,0.6430119869024382,0.9528057309230518,0.43437644555877897,0.6993464704424021,1,0,0,2,media,Revisar en control de calidad temático/espectral,rareza_espectral_por_clase_anio,1,1,Auditoría espectral preliminar SRC15 2021,Alerta exploratoria; no constituye validación temática definitiva
11553,S2SR_SRC15_PAN_2021_000001783,SRC15_0011553,PAN_FCL_0046727,SRC15_PAN_2021__XY__09b224f34a94,SRC15_PAN_2021__XYY__a3f13672c1ae,SRC15_PAN_2021__XYC__8fd12ac33a84,-82.401687,8.621872,Panamá,PAN,MIAMBIENTE - Cultivos Mapa Panamá,15,2021,9,1,Rastrojo y vegetación arbustiva,Bosque y vegetación natural,1,12,2021.0,2021.0,9,3,31,2.5833333333333335,3.0,3.0,6.555555555555555,0.5635363864337861,0.5742604452577006,0.425133827103453,0.7001873828856965,0.6083516513556775,0.612114476243401,0.4809980185305263,0.7367699479023856,0.3993243309700618,0.3824160114367406,0.3276277247158002,0.4759384023099134,1,1,1,9,Rastrojo y vegetación arbustiva,1,Bosque y vegetación natural,0,0,0,0,Panamá,PAN,MIAMBIENTE - Cultivos Mapa Panamá,15,2021,9,1,Rastrojo y vegetación arbustiva,Bosque y vegetación natural,vegetacion_natural_baja,0,0,0,0,none,Senal compatible con arbustos,0,0,False,True,True,0.617925271847997,0.9511712918895013,0.4049992993142226,0.6939244937723441,1,0,0,1,media,Revisar en control de calidad temático/espectral,rareza_espectral_por_clase_anio,1,1,Auditoría espectral preliminar SRC15 2021,Alerta exploratoria; no constituye validación temática definitiva
11590,S2SR_SRC15_PAN_2021_000007343,SRC15_0011590,PAN_FCL_0046851,SRC15_PAN_2021__XY__fc5cbe5d8f5d,SRC15_PAN_2021__XYY__af3ef978acf0,SRC15_PAN_2021__XYC__82d32a7129bc,-82.120003,8.622797,Panamá,PAN,MIAMBIENTE - Cultivos Mapa Panamá,15,2021,1,1,Bosque latifoliado mixto maduro,Bosque y vegetación natural,1,12,2021.0,2021.0,7,5,14,1.1666666666666667,1.0,11.5,13.714285714285714,0.5873239276397989,0.5713612557588128,0.4701653486700217,0.7019271948608138,0.6162570783291077,0.5820557309716509,0.5162454873646208,0.7403953748601269,0.43785123069138837,0.423244251087632,0.3662903043961292,0.5363845900559762,1,1,1,1,Bosque latifoliado mixto maduro,1,Bosque y vegetación natural,0,0,0,0,Panamá,PAN,MIAMBIENTE - Cultivos Mapa Panamá,15,2021,1,1,Bosque latifoliado mixto maduro,Bosque y vegetación natural,vegetacion_forestal_esperada,0,0,0,0,none,Senal compatible con bosque o plantacion forestal,0,0,False,True,True,0.6430119869024382,0.9528057309230518,0.43437644555877897,0.6993464704424021,1,0,0,1,media,Revisar en control de calidad temático/espectral,rareza_espectral_por_clase_anio,1,1,Auditoría espectral preliminar SRC15 2021,Alerta exploratoria; no constituye validación temática definitiva
11632,S2SR_SRC15_PAN_2021_000000800,SRC15_0011632,PAN_FCL_0046976,SRC15_PAN_2021__XY__24bb195a3b8e,SRC15_PAN_2021__XYY__85bb6d25eebc,SRC15_PAN_2021__XYC__c8f24e58319c,-82.456211,8.62393,Panamá,PAN,MIAMBIENTE - Cultivos Mapa Panamá,15,2021,2,1,Bosque latifoliado mixto secundario,Bosque y vegetación natural,1,12,2021.0,2021.0,9,3,23,1.9166666666666667,1.0,7.0,12.333333333333334,0.6543356704812499,0.6789882327405776,0.4311512415349887,0.8597317015768416,0.67409940635278,0.6954756380510442,0.4883825851567787,0.870010905125409,0.46981201288448715,0.4718026183282981,0.3035775127768313,0.6278716536928042,1,1,1,2,Bosque latifoliado mixto secundario,1,Bosque y vegetación natural,0,0,0,0,Panamá,PAN,MIAMBIENTE - Cultivos Mapa Panamá,15,2021,2,1,Bosque latifoliado mixto secundario,Bosque y vegetación natural,vegetacion_forestal_esperada,0,0,0,0,none,Senal compatible con bosque o plantacion forestal,0,0,False,True,False,0.7156951618451342,0.9456522260291946,0.46775220877215595,0.7284626845622189,1,0,0,1,media,Revisar en control de calidad temático/espectral,rareza_espectral_por_clase_anio,1,1,Auditoría espectral preliminar SRC15 2021,Alerta exploratoria; no constituye validación temática definitiva
11634,S2SR_SRC15_PAN_2021_000000952,SRC15_0011634,PAN_FCL_0046980,SRC15_PAN_2021__XY__ebc5b22d35e9,SRC15_PAN_2021__XYY__ad43addac63e,SRC15_PAN_2021__XYC__b1a60e3d80c0,-82.447125,8.623964,Panamá,PAN,MIAMBIENTE - Cultivos Mapa Panamá,15,2021,26,3,Pasto,Pasto,1,12,2021.0,2021.0,11,1,24,2.0,1.5,6.0,16.0,0.44758395855369065,0.4147887944324538,0.2947831552482715,0.600470035252644,0.4898168255199868,0.4538657491265665,0.3359637009272045,0.6394485683987274,0.3190759207486312,0.2951652545212004,0.238931577021588,0.40737369139736,1,1,1,26,Pasto,3,Pasto,0,0,0,0,Panamá,PAN,MIAMBIENTE - Cultivos Mapa Panamá,15,2021,26,3,Pasto,Pasto,vegetacion_herbacea_estacional,0,0,0,0,none,Senal compatible con pasto,0,0,False,True,False,0.4252056828884969,0.9411504739649379,0.27553044066185495,0.6659670380747192,1,0,0,1,media,Revisar en control de calidad temático/espectral,rareza_espectral_por_clase_anio,1,1,Auditoría espectral preliminar SRC15 2021,Alerta exploratoria; no constituye validación temática definitiva
11652,S2SR_SRC15_PAN_2021_000005224,SRC15_0011652,PAN_FCL_0047080,SRC15_PAN_2021__XY__27a1bbe7a1fd,SRC15_PAN_2021__XYY__9d143aef9008,SRC15_PAN_2021__XYC__bac8072d66b1,-82.219966,8.624753,Panamá,PAN,MIAMBIENTE - Cultivos Mapa Panamá,15,2021,9,1,Rastrojo y vegetación arbustiva,Bosque y vegetación natural,1,12,2021.0,2021.0,8,4,19,1.5833333333333333,1.0,13.5,13.8125,0.4890989884171726,0.4724662293255908,0.3905356214248569,0.6478599221789882,0.5339233288368888,0.5299450444352004,0.4074662430500397,0.6998341625207296,0.34794386785064035,0.34823555231375986,0.2653188180404354,0.4742898238043869,1,1,1,9,Rastrojo y vegetación arbustiva,1,Bosque y vegetación natural,0,0,0,0,Panamá,PAN,MIAMBIENTE - Cultivos Mapa Panamá,15,2021,9,1,Rastrojo y vegetación arbustiva,Bosque y vegetación natural,vegetacion_natural_baja,0,0,0,0,none,Senal compatible con arbustos,0,0,False,True,True,0.617925271847997,0.9511712918895013,0.4049992993142226,0.6939244937723441,1,0,0,1,media,Revisar en control de calidad temático/espectral,rareza_espectral_por_clase_anio,1,1,Auditoría espectral preliminar SRC15 2021,Alerta exploratoria; no constituye validación temática definitiva
11679,S2SR_SRC15_PAN_2021_000012405,SRC15_0011679,PAN_FCL_0047228,SRC15_PAN_2021__XY__f70b4fef8c43,SRC15_PAN_2021__XYY__211c3965a9ec,SRC15_PAN_2021__XYC__4829d135a662,-81.883736,8.625675,Panamá,PAN,MIAMBIENTE - Cultivos Mapa Panamá,15,2021,1,1,Bosque latifoliado mixto maduro,Bosque y vegetación natural,1,12,2021.0,2021.0,2,10,4,0.3333333333333333,0.0,34.25,34.25,0.6260900329273604,0.6260900329273604,0.5569407592939628,0.695239306560758,0.6364608173660774,0.6364608173660774,0.5616449368623282,0.7112766978698266,0.48869490237727076,0.48869490237727076,0.4289268840024642,0.5484629207520774,1,1,1,1,Bosque latifoliado mixto maduro,1,Bosque y vegetación natural,0,0,0,0,Panamá,PAN,MIAMBIENTE - Cultivos Mapa Panamá,15,2021,1,1,Bosque latifoliado mixto maduro,Bosque y vegetación natural,vegetacion_forestal_esperada,0,1,0,0,none,Senal compatible con bosque o plantacion forestal,0,0,False,True,False,0.6430119869024382,0.9528057309230518,0.43437644555877897,0.6993464704424021,1,0,0,2,media,Revisar en control de calidad temático/espectral,rareza_espectral_por_clase_anio,1,1,Auditoría espectral preliminar SRC15 2021,Alerta exploratoria; no constituye validación temática definitiva
11685,S2SR_SRC15_PAN_2021_000000722,SRC15_0011685,PAN_FCL_0047247,SRC15_PAN_2021__XY__c9dcdcd5b332,SRC15_PAN_2021__XYY__3a952a0235a7,SRC15_PAN_2021__XYC__4bdccac046a5,-82.460762,8.626173,Panamá,PAN,MIAMBIENTE - Cultivos Mapa Panamá,15,2021,2,1,Bosque latifoliado mixto secundario,Bosque y vegetación natural,1,12,2021.0,2021.0,9,3,22,1.8333333333333333,1.5,7.0,15.166666666666666,0.6576342874828245,0.6221374045801528,0.5071335927367056,0.8326009625444655,0.6846636862741874,0.6596476149548776,0.5334970185899685,0.8461538461538463,0.47418181283843963,0.4467128675781982,0.4126009693053312,0.58311345646438,1,1,1,2,Bosque latifoliado mixto secundario,1,Bosque y vegetación natural,0,0,0,0,Panamá,PAN,MIAMBIENTE - Cultivos Mapa Panamá,15,2021,2,1,Bosque latifoliado mixto secundario,Bosque y vegetación natural,vegetacion_forestal_esperada,0,0,0,0,none,Senal compatible con bosque o plantacion forestal,0,0,False,True,True,0.7156951618451342,0.9456522260291946,0.46775220877215595,0.7284626845622189,1,0,0,1,media,Revisar en control de calidad temático/espectral,rareza_espectral_por_clase_anio,1,1,Auditoría espectral preliminar SRC15 2021,Alerta exploratoria; no constituye validación temática definitiva
11692,S2SR_SRC15_PAN_2021_000001965,SRC15_0011692,PAN_FCL_0047277,SRC15_PAN_2021__XY__3db1aa044089,SRC15_PAN_2021__XYY__1e74ed207d7e,SRC15_PAN_2021__XYC__76c2ae5623ba,-82.392617,8.626426,Panamá,PAN,MIAMBIENTE - Cultivos Mapa Panamá,15,2021,2,1,Bosque latifoliado mixto secundario,Bosque y vegetación natural,1,12,2021.0,2021.0,11,1,30,2.5,2.5,3.0,7.2272727272727275,0.5106004739485912,0.4911836389121197,0.285197331295056,0.7588559269153727,0.5528059298870623,0.5288936373182387,0.3381993338767938,0.778885887472759,0.3777256147580026,0.3497494007409022,0.2403459937565036,0.565399716971503,1,1,1,2,Bosque latifoliado mixto secundario,1,Bosque y vegetación natural,0,0,0,0,Panamá,PAN,MIAMBIENTE - Cultivos Mapa Panamá,15,2021,2,1,Bosque latifoliado mixto secundario,Bosque y vegetación natural,vegetacion_forestal_esperada,0,0,0,0,none,Senal compatible con bosque o plantacion forestal,0,0,False,True,True,0.7156951618451342,0.9456522260291946,0.46775220877215595,0.7284626845622189,1,0,0,1,media,Revisar en control de calidad temático/espectral,rareza_espectral_por_clase_anio,1,1,Auditoría espectral preliminar SRC15 2021,Alerta exploratoria; no constituye validación temática definitiva
11757,S2SR_SRC15_PAN_2021_000011573,SRC15_0011757,PAN_FCL_0047485,SRC15_PAN_2021__XY__929c20d00052,SRC15_PAN_2021__XYY__c0d165c75154,SRC15_PAN_2021__XYC__8186e6053eac,-81.920092,8.62785,Panamá,PAN,MIAMBIENTE - Cultivos Mapa Panamá,15,2021,2,1,Bosque latifoliado mixto secundario,Bosque y vegetación natural,1,12,2021.0,2021.0,7,5,7,0.5833333333333334,1.0,13.0,19.857142857142858,0.7043453360713164,0.6854691967767091,0.5311304347826087,0.8459552495697075,0.741023141565713,0.7095535285645703,0.5967693688303918,0.8670133729569095,0.5159054453426785,0.5125866472090478,0.4438734108736814,0.6057507987220446,1,1,1,2,Bosque latifoliado mixto secundario,1,Bosque y vegetación natural,0,0,0,0,Panamá,PAN,MIAMBIENTE - Cultivos Mapa Panamá,15,2021,2,1,Bosque latifoliado mixto secundario,Bosque y vegetación natural,vegetacion_forestal_esperada,0,0,0,0,none,Senal compatible con bosque o plantacion forestal,0,0,False,True,False,0.7156951618451342,0.9456522260291946,0.46775220877215595,0.7284626845622189,1,0,0,1,media,Revisar en control de calidad temático/espectral,rareza_espectral_por_clase_anio,1,1,Auditoría espectral preliminar SRC15 2021,Alerta exploratoria; no constituye validación temática definitiva
11758,S2SR_SRC15_PAN_2021_000011674,SRC15_0011758,PAN_FCL_0047487,SRC15_PAN_2021__XY__35c185e512cb,SRC15_PAN_2021__XYY__053b192fc5f6,SRC15_PAN_2021__XYC__9d78e7595a2d,-81.915548,8.627861,Panamá,PAN,MIAMBIENTE - Cultivos Mapa Panamá,15,2021,2,1,Bosque latifoliado mixto secundario,Bosque y vegetación natural,1,12,2021.0,2021.0,5,7,5,0.4166666666666667,0.0,43.0,44.4,0.5695513221422382,0.5014758937356512,0.4163701067615658,0.8190519598906107,0.5783422023716114,0.4847822431478056,0.431563201196709,0.8300149860843502,0.4126550801365491,0.3766760212036171,0.3073770491803279,0.5435175153485011,1,1,1,2,Bosque latifoliado mixto secundario,1,Bosque y vegetación natural,0,0,0,0,Panamá,PAN,MIAMBIENTE - Cultivos Mapa Panamá,15,2021,2,1,Bosque latifoliado mixto secundario,Bosque y vegetación natural,vegetacion_forestal_esperada,0,0,0,0,none,Senal compatible con bosque o plantacion forestal,0,0,False,True,True,0.7156951618451342,0.9456522260291946,0.46775220877215595,0.7284626845622189,1,0,0,1,media,Revisar en control de calidad temático/espectral,rareza_espectral_por_clase_anio,1,1,Auditoría espectral preliminar SRC15 2021,Alerta exploratoria; no constituye validación temática definitiva
11770,S2SR_SRC15_PAN_2021_000000876,SRC15_0011770,PAN_FCL_0047524,SRC15_PAN_2021__XY__7581e9418711,SRC15_PAN_2021__XYY__916615db755c,SRC15_PAN_2021__XYC__a20e686d6c08,-82.451685,8.628468,Panamá,PAN,MIAMBIENTE - Cultivos Mapa Panamá,15,2021,26,3,Pasto,Pasto,1,12,2021.0,2021.0,8,4,20,1.6666666666666667,1.0,7.0,16.875,0.4488268943355004,0.41278533850399535,0.3365384615384615,0.6372267822458426,0.4829765767263414,0.4490806849055411,0.3825704764279777,0.6729103742931262,0.31280128131133067,0.30032247036788107,0.2369488196045182,0.4250940041566055,1,1,1,26,Pasto,3,Pasto,0,0,0,0,Panamá,PAN,MIAMBIENTE - Cultivos Mapa Panamá,15,2021,26,3,Pasto,Pasto,vegetacion_herbacea_estacional,0,0,0,0,none,Senal compatible con pasto,0,0,False,True,False,0.4252056828884969,0.9411504739649379,0.27553044066185495,0.6659670380747192,1,0,0,1,media,Revisar en control de calidad temático/espectral,rareza_espectral_por_clase_anio,1,1,Auditoría espectral preliminar SRC15 2021,Alerta exploratoria; no constituye validación temática definitiva
11789,S2SR_SRC15_PAN_2021_000005223,SRC15_0011789,PAN_FCL_0047626,SRC15_PAN_2021__XY__66a6439a8724,SRC15_PAN_2021__XYY__d69799096d75,SRC15_PAN_2021__XYC__3689a3c78d39,-82.21998,8.629275,Panamá,PAN,MIAMBIENTE - Cultivos Mapa Panamá,15,2021,9,1,Rastrojo y vegetación arbustiva,Bosque y vegetación natural,1,12,2021.0,2021.0,11,1,21,1.75,1.0,13.0,15.954545454545455,0.6144202874014071,0.6004103616311874,0.527209865982321,0.7467084639498432,0.6422414083432343,0.6317590691307324,0.5544074911204392,0.760899585717104,0.5099845310099768,0.5024844720496894,0.4338131526954558,0.5784609916474143,1,1,1,9,Rastrojo y vegetación arbustiva,1,Bosque y vegetación natural,0,0,0,0,Panamá,PAN,MIAMBIENTE - Cultivos Mapa Panamá,15,2021,9,1,Rastrojo y vegetación arbustiva,Bosque y vegetación natural,vegetacion_natural_baja,0,0,0,0,none,Senal compatible con arbustos,0,0,False,True,False,0.617925271847997,0.9511712918895013,0.4049992993142226,0.6939244937723441,1,0,0,1,media,Revisar en control de calidad temático/espectral,rareza_espectral_por_clase_anio,1,1,Auditoría espectral preliminar SRC15 2021,Alerta exploratoria; no constituye validación temática definitiva
11833,S2SR_SRC15_PAN_2021_000002598,SRC15_0011833,PAN_FCL_0047838,SRC15_PAN_2021__XY__68a5357ae295,SRC15_PAN_2021__XYY__d63f7f9e411d,SRC15_PAN_2021__XYC__9e2b4a6a1869,-82.360831,8.631062,Panamá,PAN,MIAMBIENTE - Cultivos Mapa Panamá,15,2021,26,3,Pasto,Pasto,1,12,2021.0,2021.0,11,1,33,2.75,2.0,9.0,11.818181818181818,0.35923704467969647,0.3816287878787879,0.278580814717477,0.4352564102564104,0.4030098190171833,0.4141252006420546,0.3249921801689083,0.4826776277157956,0.2540717143130752,0.2633782771592197,0.1972717733473243,0.3384574609064404,1,1,1,26,Pasto,3,Pasto,0,0,0,0,Panamá,PAN,MIAMBIENTE - Cultivos Mapa Panamá,15,2021,26,3,Pasto,Pasto,vegetacion_herbacea_estacional,0,0,0,0,none,Senal compatible con pasto,0,0,False,True,True,0.4252056828884969,0.9411504739649379,0.27553044066185495,0.6659670380747192,1,0,0,1,media,Revisar en control de calidad temático/espectral,rareza_espectral_por_clase_anio,1,1,Auditoría espectral preliminar SRC15 2021,Alerta exploratoria; no constituye validación temática definitiva
11835,S2SR_SRC15_PAN_2021_000002961,SRC15_0011835,PAN_FCL_0047846,SRC15_PAN_2021__XY__50f839628e0c,SRC15_PAN_2021__XYY__c50af5fd92e6,SRC15_PAN_2021__XYC__f0527535ae83,-82.342658,8.631126,Panamá,PAN,MIAMBIENTE - Cultivos Mapa Panamá,15,2021,9,1,Rastrojo y vegetación arbustiva,Bosque y vegetación natural,1,12,2021.0,2021.0,10,2,31,2.5833333333333335,2.0,6.25,8.3,0.6102982471263043,0.6165115716379156,0.5233896644624051,0.6775098814229249,0.6486639675661141,0.664328908206962,0.5665924276169265,0.699240267077945,0.4166082143240371,0.42284265790159814,0.3614498466873306,0.4607106598984771,1,1,1,9,Rastrojo y vegetación arbustiva,1,Bosque y vegetación natural,0,0,0,0,Panamá,PAN,MIAMBIENTE - Cultivos Mapa Panamá,15,2021,9,1,Rastrojo y vegetación arbustiva,Bosque y vegetación natural,vegetacion_natural_baja,0,0,0,0,none,Senal compatible con arbustos,0,0,False,True,False,0.617925271847997,0.9511712918895013,0.4049992993142226,0.6939244937723441,1,0,0,1,media,Revisar en control de calidad temático/espectral,rareza_espectral_por_clase_anio,1,1,Auditoría espectral preliminar SRC15 2021,Alerta exploratoria; no constituye validación temática definitiva
11872,S2SR_SRC15_PAN_2021_000008642,SRC15_0011872,PAN_FCL_0047972,SRC15_PAN_2021__XY__b3342f626fcd,SRC15_PAN_2021__XYY__705eb7c5e74c,SRC15_PAN_2021__XYC__f19738c28156,-82.056418,8.632021,Panamá,PAN,MIAMBIENTE - Cultivos Mapa Panamá,15,2021,1,1,Bosque latifoliado mixto maduro,Bosque y vegetación natural,1,12,2021.0,2021.0,2,10,2,0.16666666666666666,0.0,15.5,15.5,0.6184486742648361,0.6184486742648361,0.3966301150040117,0.8402672335256606,0.6369329793938607,0.6369329793938607,0.4333082140165787,0.8405577447711429,0.4590794268077467,0.4590794268077467,0.3223638470451912,0.5957950065703022,1,1,1,1,Bosque latifoliado mixto maduro,1,Bosque y vegetación natural,0,0,0,0,Panamá,PAN,MIAMBIENTE - Cultivos Mapa Panamá,15,2021,1,1,Bosque latifoliado mixto maduro,Bosque y vegetación natural,vegetacion_forestal_esperada,0,1,1,0,none,Senal compatible con bosque o plantacion forestal,0,0,False,True,False,0.6430119869024382,0.9528057309230518,0.43437644555877897,0.6993464704424021,1,0,0,3,media,Revisar en control de calidad temático/espectral,rareza_espectral_por_clase_anio,1,1,Auditoría espectral preliminar SRC15 2021,Alerta exploratoria; no constituye validación temática definitiva
11887,S2SR_SRC15_PAN_2021_000010864,SRC15_0011887,PAN_FCL_0048018,SRC15_PAN_2021__XY__0a5796f625aa,SRC15_PAN_2021__XYY__d8fb52851ec4,SRC15_PAN_2021__XYC__c0087fb66082,-81.95191,8.632295,Panamá,PAN,MIAMBIENTE - Cultivos Mapa Panamá,15,2021,1,1,Bosque latifoliado mixto maduro,Bosque y vegetación natural,1,12,2021.0,2021.0,5,7,5,0.4166666666666667,0.0,27.0,25.6,0.6582753267488216,0.6429614181438998,0.4946142649199418,0.8755090168702736,0.679361111724078,0.6573944366619972,0.5335840945728103,0.8793686583990983,0.5039032991810088,0.4818393272499552,0.413921228635125,0.6227792650279873,1,1,1,1,Bosque latifoliado mixto maduro,1,Bosque y vegetación natural,0,0,0,0,Panamá,PAN,MIAMBIENTE - Cultivos Mapa Panamá,15,2021,1,1,Bosque latifoliado mixto maduro,Bosque y vegetación natural,vegetacion_forestal_esperada,0,0,0,0,none,Senal compatible con bosque o plantacion forestal,0,0,False,True,False,0.6430119869024382,0.9528057309230518,0.43437644555877897,0.6993464704424021,1,0,0,1,media,Revisar en control de calidad temático/espectral,rareza_espectral_por_clase_anio,1,1,Auditoría espectral preliminar SRC15 2021,Alerta exploratoria; no constituye validación temática definitiva
11953,S2SR_SRC15_PAN_2021_000012403,SRC15_0011953,PAN_FCL_0048322,SRC15_PAN_2021__XY__e609a9ea89c8,SRC15_PAN_2021__XYY__ffce650540a8,SRC15_PAN_2021__XYC__61fa95de571c,-81.883757,8.634719,Panamá,PAN,MIAMBIENTE - Cultivos Mapa Panamá,15,2021,1,1,Bosque latifoliado mixto maduro,Bosque y vegetación natural,1,12,2021.0,2021.0,2,10,4,0.3333333333333333,0.0,30.5,30.5,0.6392902018065403,0.6392902018065403,0.621190788731784,0.6573896148812964,0.6538358934425054,0.6538358934425054,0.6272805889517168,0.680391197933294,0.4737789385553399,0.4737789385553399,0.4436025416101876,0.5039553355004922,1,1,1,1,Bosque latifoliado mixto maduro,1,Bosque y vegetación natural,0,0,0,0,Panamá,PAN,MIAMBIENTE - Cultivos Mapa Panamá,15,2021,1,1,Bosque latifoliado mixto maduro,Bosque y vegetación natural,vegetacion_forestal_esperada,0,1,0,0,none,Senal compatible con bosque o plantacion forestal,0,0,False,True,False,0.6430119869024382,0.9528057309230518,0.43437644555877897,0.6993464704424021,1,0,0,2,media,Revisar en control de calidad temático/espectral,rareza_espectral_por_clase_anio,1,1,Auditoría espectral preliminar SRC15 2021,Alerta exploratoria; no constituye validación temática definitiva
11954,S2SR_SRC15_PAN_2021_000012509,SRC15_0011954,PAN_FCL_0048324,SRC15_PAN_2021__XY__216772e2de01,SRC15_PAN_2021__XYY__94e712037715,SRC15_PAN_2021__XYC__8b77e8a00bcb,-81.879213,8.634729,Panamá,PAN,MIAMBIENTE - Cultivos Mapa Panamá,15,2021,1,1,Bosque latifoliado mixto maduro,Bosque y vegetación natural,1,12,2021.0,2021.0,2,10,4,0.3333333333333333,0.0,27.25,27.25,0.5955725061856285,0.5955725061856285,0.5662398318591146,0.6249051805121424,0.6195791373609343,0.6195791373609343,0.5916098787005941,0.6475483960212743,0.4625198287667227,0.4625198287667227,0.4350578546544728,0.4899818028789727,1,1,1,1,Bosque latifoliado mixto maduro,1,Bosque y vegetación natural,0,0,0,0,Panamá,PAN,MIAMBIENTE - Cultivos Mapa Panamá,15,2021,1,1,Bosque latifoliado mixto maduro,Bosque y vegetación natural,vegetacion_forestal_esperada,0,1,0,0,none,Senal compatible con bosque o plantacion forestal,0,0,False,True,False,0.6430119869024382,0.9528057309230518,0.43437644555877897,0.6993464704424021,1,0,0,2,media,Revisar en control de calidad temático/espectral,rareza_espectral_por_clase_anio,1,1,Auditoría espectral preliminar SRC15 2021,Alerta exploratoria; no constituye validación temática definitiva
11990,S2SR_SRC15_PAN_2021_000005071,SRC15_0011990,PAN_FCL_0048444,SRC15_PAN_2021__XY__45b7bdfeb027,SRC15_PAN_2021__XYY__8e50056d4d39,SRC15_PAN_2021__XYC__7f269fca4bb5,-82.229089,8.636028,Panamá,PAN,MIAMBIENTE - Cultivos Mapa Panamá,15,2021,9,1,Rastrojo y vegetación arbustiva,Bosque y vegetación natural,1,12,2021.0,2021.0,9,3,22,1.8333333333333333,1.5,9.0,14.222222222222221,0.5943357618875882,0.566115379129586,0.4327974276527331,0.7949222593977564,0.6182650445750821,0.5930674787634587,0.4424667836550513,0.8135957066189624,0.42589497421105726,0.3928690470533782,0.3053539019963702,0.5712957222566647,1,1,1,9,Rastrojo y vegetación arbustiva,1,Bosque y vegetación natural,0,0,0,0,Panamá,PAN,MIAMBIENTE - Cultivos Mapa Panamá,15,2021,9,1,Rastrojo y vegetación arbustiva,Bosque y vegetación natural,vegetacion_natural_baja,0,0,0,0,none,Senal compatible con arbustos,0,0,False,True,True,0.617925271847997,0.9511712918895013,0.4049992993142226,0.6939244937723441,1,0,0,1,media,Revisar en control de calidad temático/espectral,rareza_espectral_por_clase_anio,1,1,Auditoría espectral preliminar SRC15 2021,Alerta exploratoria; no constituye validación temática definitiva
12079,S2SR_SRC15_PAN_2021_000008272,SRC15_0012079,PAN_FCL_0048786,SRC15_PAN_2021__XY__58cd2ec2b074,SRC15_PAN_2021__XYY__b8cc777e27f7,SRC15_PAN_2021__XYC__2ea2af6782ec,-82.074612,8.638753,Panamá,PAN,MIAMBIENTE - Cultivos Mapa Panamá,15,2021,1,1,Bosque latifoliado mixto maduro,Bosque y vegetación natural,1,12,2021.0,2021.0,1,11,1,0.08333333333333333,0.0,19.0,19.0,0.6287947645882566,0.6287947645882566,0.6287947645882566,0.6287947645882566,0.6433810688089416,0.6433810688089416,0.6433810688089416,0.6433810688089416,0.4501464016027123,0.4501464016027123,0.4501464016027123,0.4501464016027123,1,1,1,1,Bosque latifoliado mixto maduro,1,Bosque y vegetación natural,0,0,0,0,Panamá,PAN,MIAMBIENTE - Cultivos Mapa Panamá,15,2021,1,1,Bosque latifoliado mixto maduro,Bosque y vegetación natural,vegetacion_forestal_esperada,0,1,1,0,none,Senal compatible con bosque o plantacion forestal,0,0,False,True,False,0.6430119869024382,0.9528057309230518,0.43437644555877897,0.6993464704424021,1,0,0,3,media,Revisar en control de calidad temático/espectral,rareza_espectral_por_clase_anio,1,1,Auditoría espectral preliminar SRC15 2021,Alerta exploratoria; no constituye validación temática definitiva
12099,S2SR_SRC15_PAN_2021_000001427,SRC15_0012099,PAN_FCL_0048908,SRC15_PAN_2021__XY__c40d0a378429,SRC15_PAN_2021__XYY__3651dfd935d8,SRC15_PAN_2021__XYC__32cdbffbdf90,-82.419926,8.63989,Panamá,PAN,MIAMBIENTE - Cultivos Mapa Panamá,15,2021,2,1,Bosque latifoliado mixto secundario,Bosque y vegetación natural,1,12,2021.0,2021.0,8,4,25,2.0833333333333335,1.5,2.75,3.875,0.6560390543938527,0.6073288220105754,0.5534403642736772,0.8164826180028049,0.6984683250918556,0.6598320036497736,0.6000243615423242,0.840586503824015,0.47226467974759334,0.4525273426934334,0.3934464689539316,0.5859526785265106,1,1,1,2,Bosque latifoliado mixto secundario,1,Bosque y vegetación natural,0,0,0,0,Panamá,PAN,MIAMBIENTE - Cultivos Mapa Panamá,15,2021,2,1,Bosque latifoliado mixto secundario,Bosque y vegetación natural,vegetacion_forestal_esperada,0,0,0,0,none,Senal compatible con bosque o plantacion forestal,0,0,False,True,True,0.7156951618451342,0.9456522260291946,0.46775220877215595,0.7284626845622189,1,0,0,1,media,Revisar en control de calidad temático/espectral,rareza_espectral_por_clase_anio,1,1,Auditoría espectral preliminar SRC15 2021,Alerta exploratoria; no constituye validación temática definitiva
12123,S2SR_SRC15_PAN_2021_000004674,SRC15_0012123,PAN_FCL_0048982,SRC15_PAN_2021__XY__9117e1344a13,SRC15_PAN_2021__XYY__61e9fa4aa1b2,SRC15_PAN_2021__XYC__f0034ad64ff6,-82.251822,8.640476,Panamá,PAN,MIAMBIENTE - Cultivos Mapa Panamá,15,2021,26,3,Pasto,Pasto,1,12,2021.0,2021.0,9,3,23,1.9166666666666667,1.5,12.0,15.38888888888889,0.3409303641375528,0.3076167076167076,0.2271629137454326,0.5195121951219513,0.3826697424614196,0.386254295532646,0.2466898456610861,0.5539622641509433,0.25145733065744236,0.2408489695478314,0.1553593735914177,0.3495002457807635,1,1,1,26,Pasto,3,Pasto,0,0,0,0,Panamá,PAN,MIAMBIENTE - Cultivos Mapa Panamá,15,2021,26,3,Pasto,Pasto,vegetacion_herbacea_estacional,0,0,0,0,none,Senal compatible con pasto,0,0,False,True,True,0.4252056828884969,0.9411504739649379,0.27553044066185495,0.6659670380747192,1,0,0,1,media,Revisar en control de calidad temático/espectral,rareza_espectral_por_clase_anio,1,1,Auditoría espectral preliminar SRC15 2021,Alerta exploratoria; no constituye validación temática definitiva
12134,S2SR_SRC15_PAN_2021_000006365,SRC15_0012134,PAN_FCL_0049020,SRC15_PAN_2021__XY__299e56fb57a8,SRC15_PAN_2021__XYY__a72b002bd7cf,SRC15_PAN_2021__XYC__5b62ea924ce0,-82.165493,8.640749,Panamá,PAN,MIAMBIENTE - Cultivos Mapa Panamá,15,2021,1,1,Bosque latifoliado mixto maduro,Bosque y vegetación natural,1,12,2021.0,2021.0,8,4,17,1.4166666666666667,1.0,27.5,28.375,0.39357937839116763,0.35433372682913095,0.2760161921648657,0.5274356103023516,0.4597125166216902,0.4132921697231057,0.3533381972281391,0.6051461988304094,0.36802422083192815,0.32713049464460453,0.2858144108900129,0.5012032378035441,1,1,1,1,Bosque latifoliado mixto maduro,1,Bosque y vegetación natural,0,0,0,0,Panamá,PAN,MIAMBIENTE - Cultivos Mapa Panamá,15,2021,1,1,Bosque latifoliado mixto maduro,Bosque y vegetación natural,vegetacion_forestal_esperada,0,0,0,0,medium,Bosque/plantacion forestal con NDVI < 0.40 o NDRE < 0.10,0,1,True,True,True,0.6430119869024382,0.9528057309230518,0.43437644555877897,0.6993464704424021,1,0,0,2,media,Revisar en control de calidad temático/espectral,regla_clase_media: Bosque/plantacion forestal con NDVI < 0.40 o NDRE < 0.10,1,1,Auditoría espectral preliminar SRC15 2021,Alerta exploratoria; no constituye validación temática definitiva
12140,S2SR_SRC15_PAN_2021_000007622,SRC15_0012140,PAN_FCL_0049046,SRC15_PAN_2021__XY__e59985a4d205,SRC15_PAN_2021__XYY__020dc8155c1b,SRC15_PAN_2021__XYC__9fc1fa8ac929,-82.106425,8.640924,Panamá,PAN,MIAMBIENTE - Cultivos Mapa Panamá,15,2021,1,1,Bosque latifoliado mixto maduro,Bosque y vegetación natural,1,12,2021.0,2021.0,1,11,1,0.08333333333333333,0.0,39.0,39.0,0.5842767295597485,0.5842767295597485,0.5842767295597485,0.5842767295597485,0.5931055709449062,0.5931055709449062,0.5931055709449062,0.5931055709449062,0.4393770856507231,0.4393770856507231,0.4393770856507231,0.4393770856507231,1,1,1,1,Bosque latifoliado mixto maduro,1,Bosque y vegetación natural,0,0,0,0,Panamá,PAN,MIAMBIENTE - Cultivos Mapa Panamá,15,2021,1,1,Bosque latifoliado mixto maduro,Bosque y vegetación natural,vegetacion_forestal_esperada,0,1,1,0,none,Senal compatible con bosque o plantacion forestal,0,0,False,True,False,0.6430119869024382,0.9528057309230518,0.43437644555877897,0.6993464704424021,1,0,0,3,media,Revisar en control de calidad temático/espectral,rareza_espectral_por_clase_anio,1,1,Auditoría espectral preliminar SRC15 2021,Alerta exploratoria; no constituye validación temática definitiva
12143,S2SR_SRC15_PAN_2021_000008085,SRC15_0012143,PAN_FCL_0049056,SRC15_PAN_2021__XY__e0d323105634,SRC15_PAN_2021__XYY__b5c6d26f65ea,SRC15_PAN_2021__XYC__8ea13972810e,-82.083706,8.640989,Panamá,PAN,MIAMBIENTE - Cultivos Mapa Panamá,15,2021,1,1,Bosque latifoliado mixto maduro,Bosque y vegetación natural,1,12,2021.0,2021.0,1,11,1,0.08333333333333333,0.0,42.0,42.0,0.530059099245975,0.530059099245975,0.530059099245975,0.530059099245975,0.537133681252509,0.537133681252509,0.537133681252509,0.537133681252509,0.3873188405797101,0.3873188405797101,0.3873188405797101,0.3873188405797101,1,1,1,1,Bosque latifoliado mixto maduro,1,Bosque y vegetación natural,0,0,0,0,Panamá,PAN,MIAMBIENTE - Cultivos Mapa Panamá,15,2021,1,1,Bosque latifoliado mixto maduro,Bosque y vegetación natural,vegetacion_forestal_esperada,0,1,1,0,none,Senal compatible con bosque o plantacion forestal,0,0,False,True,True,0.6430119869024382,0.9528057309230518,0.43437644555877897,0.6993464704424021,1,0,0,3,media,Revisar en control de calidad temático/espectral,rareza_espectral_por_clase_anio,1,1,Auditoría espectral preliminar SRC15 2021,Alerta exploratoria; no constituye validación temática definitiva
12144,S2SR_SRC15_PAN_2021_000008178,SRC15_0012144,PAN_FCL_0049058,SRC15_PAN_2021__XY__924402d943fc,SRC15_PAN_2021__XYY__7359a4ae32fc,SRC15_PAN_2021__XYC__25edcee7348c,-82.079162,8.641001,Panamá,PAN,MIAMBIENTE - Cultivos Mapa Panamá,15,2021,1,1,Bosque latifoliado mixto maduro,Bosque y vegetación natural,1,12,2021.0,2021.0,1,11,1,0.08333333333333333,0.0,26.0,26.0,0.5499710032862942,0.5499710032862942,0.5499710032862942,0.5499710032862942,0.5625704622322435,0.5625704622322435,0.5625704622322435,0.5625704622322435,0.4126040428061831,0.4126040428061831,0.4126040428061831,0.4126040428061831,1,1,1,1,Bosque latifoliado mixto maduro,1,Bosque y vegetación natural,0,0,0,0,Panamá,PAN,MIAMBIENTE - Cultivos Mapa Panamá,15,2021,1,1,Bosque latifoliado mixto maduro,Bosque y vegetación natural,vegetacion_forestal_esperada,0,1,1,0,none,Senal compatible con bosque o plantacion forestal,0,0,False,True,True,0.6430119869024382,0.9528057309230518,0.43437644555877897,0.6993464704424021,1,0,0,3,media,Revisar en control de calidad temático/espectral,rareza_espectral_por_clase_anio,1,1,Auditoría espectral preliminar SRC15 2021,Alerta exploratoria; no constituye validación temática definitiva
12145,S2SR_SRC15_PAN_2021_000008364,SRC15_0012145,PAN_FCL_0049062,SRC15_PAN_2021__XY__271a93ed2180,SRC15_PAN_2021__XYY__e95de85798fd,SRC15_PAN_2021__XYC__db6147042361,-82.070075,8.641027,Panamá,PAN,MIAMBIENTE - Cultivos Mapa Panamá,15,2021,1,1,Bosque latifoliado mixto maduro,Bosque y vegetación natural,1,12,2021.0,2021.0,1,11,1,0.08333333333333333,0.0,50.0,50.0,0.5480396380870315,0.5480396380870315,0.5480396380870315,0.5480396380870315,0.5580366547293028,0.5580366547293028,0.5580366547293028,0.5580366547293028,0.3989029695479477,0.3989029695479477,0.3989029695479477,0.3989029695479477,1,1,1,1,Bosque latifoliado mixto maduro,1,Bosque y vegetación natural,0,0,0,0,Panamá,PAN,MIAMBIENTE - Cultivos Mapa Panamá,15,2021,1,1,Bosque latifoliado mixto maduro,Bosque y vegetación natural,vegetacion_forestal_esperada,0,1,1,0,none,Senal compatible con bosque o plantacion forestal,0,0,False,True,True,0.6430119869024382,0.9528057309230518,0.43437644555877897,0.6993464704424021,1,0,0,3,media,Revisar en control de calidad temático/espectral,rareza_espectral_por_clase_anio,1,1,Auditoría espectral preliminar SRC15 2021,Alerta exploratoria; no constituye validación temática definitiva
12165,S2SR_SRC15_PAN_2021_000011266,SRC15_0012165,PAN_FCL_0049122,SRC15_PAN_2021__XY__e21aabd30a23,SRC15_PAN_2021__XYY__a2fd4599b510,SRC15_PAN_2021__XYC__0c32d4d5f82f,-81.933757,8.641383,Panamá,PAN,MIAMBIENTE - Cultivos Mapa Panamá,15,2021,1,1,Bosque latifoliado mixto maduro,Bosque y vegetación natural,1,12,2021.0,2021.0,2,10,3,0.25,0.0,35.5,35.5,0.5607291943716007,0.5607291943716007,0.5457815565729234,0.5756768321702781,0.5832195735645707,0.5832195735645707,0.5718908922792417,0.5945482548498997,0.4161702179932139,0.4161702179932139,0.4148980441115273,0.4174423918749005,1,1,1,1,Bosque latifoliado mixto maduro,1,Bosque y vegetación natural,0,0,0,0,Panamá,PAN,MIAMBIENTE - Cultivos Mapa Panamá,15,2021,1,1,Bosque latifoliado mixto maduro,Bosque y vegetación natural,vegetacion_forestal_esperada,0,1,1,0,none,Senal compatible con bosque o plantacion forestal,0,0,False,True,True,0.6430119869024382,0.9528057309230518,0.43437644555877897,0.6993464704424021,1,0,0,3,media,Revisar en control de calidad temático/espectral,rareza_espectral_por_clase_anio,1,1,Auditoría espectral preliminar SRC15 2021,Alerta exploratoria; no constituye validación temática definitiva
12167,S2SR_SRC15_PAN_2021_000011468,SRC15_0012167,PAN_FCL_0049126,SRC15_PAN_2021__XY__0c1bae47e609,SRC15_PAN_2021__XYY__6d45b3aaa330,SRC15_PAN_2021__XYC__60a8aba431e5,-81.924669,8.641405,Panamá,PAN,MIAMBIENTE - Cultivos Mapa Panamá,15,2021,1,1,Bosque latifoliado mixto maduro,Bosque y vegetación natural,1,12,2021.0,2021.0,2,10,2,0.16666666666666666,0.0,38.5,38.5,0.5227721155200971,0.5227721155200971,0.3649973074851911,0.6805469235550031,0.5372872992615294,0.5372872992615294,0.3830054416073671,0.6915691569156917,0.3948735048862295,0.3948735048862295,0.2854780663359595,0.5042689434364995,1,1,1,1,Bosque latifoliado mixto maduro,1,Bosque y vegetación natural,0,0,0,0,Panamá,PAN,MIAMBIENTE - Cultivos Mapa Panamá,15,2021,1,1,Bosque latifoliado mixto maduro,Bosque y vegetación natural,vegetacion_forestal_esperada,0,1,1,0,none,Senal compatible con bosque o plantacion forestal,0,0,False,True,True,0.6430119869024382,0.9528057309230518,0.43437644555877897,0.6993464704424021,1,0,0,3,media,Revisar en control de calidad temático/espectral,rareza_espectral_por_clase_anio,1,1,Auditoría espectral preliminar SRC15 2021,Alerta exploratoria; no constituye validación temática definitiva
12168,S2SR_SRC15_PAN_2021_000011570,SRC15_0012168,PAN_FCL_0049128,SRC15_PAN_2021__XY__5bd948459c97,SRC15_PAN_2021__XYY__9af02b626f1f,SRC15_PAN_2021__XYC__41d8151d9412,-81.920125,8.641416,Panamá,PAN,MIAMBIENTE - Cultivos Mapa Panamá,15,2021,1,1,Bosque latifoliado mixto maduro,Bosque y vegetación natural,1,12,2021.0,2021.0,1,11,1,0.08333333333333333,0.0,27.0,27.0,0.5514018691588785,0.5514018691588785,0.5514018691588785,0.5514018691588785,0.5716953724839178,0.5716953724839178,0.5716953724839178,0.5716953724839178,0.4112166946152413,0.4112166946152413,0.4112166946152413,0.4112166946152413,1,1,1,1,Bosque latifoliado mixto maduro,1,Bosque y vegetación natural,0,0,0,0,Panamá,PAN,MIAMBIENTE - Cultivos Mapa Panamá,15,2021,1,1,Bosque latifoliado mixto maduro,Bosque y vegetación natural,vegetacion_forestal_esperada,0,1,1,0,none,Senal compatible con bosque o plantacion forestal,0,0,False,True,True,0.6430119869024382,0.9528057309230518,0.43437644555877897,0.6993464704424021,1,0,0,3,media,Revisar en control de calidad temático/espectral,rareza_espectral_por_clase_anio,1,1,Auditoría espectral preliminar SRC15 2021,Alerta exploratoria; no constituye validación temática definitiva
12214,S2SR_SRC15_PAN_2021_000007714,SRC15_0012214,PAN_FCL_0049322,SRC15_PAN_2021__XY__8478a4f5975e,SRC15_PAN_2021__XYY__21fc2902fbe8,SRC15_PAN_2021__XYC__1ef233a5e8b5,-82.101888,8.643198,Panamá,PAN,MIAMBIENTE - Cultivos Mapa Panamá,15,2021,1,1,Bosque latifoliado mixto maduro,Bosque y vegetación natural,1,12,2021.0,2021.0,1,11,1,0.08333333333333333,0.0,50.0,50.0,0.5230550477351209,0.5230550477351209,0.5230550477351209,0.5230550477351209,0.5389750638130767,0.5389750638130767,0.5389750638130767,0.5389750638130767,0.4039047107289987,0.4039047107289987,0.4039047107289987,0.4039047107289987,1,1,1,1,Bosque latifoliado mixto maduro,1,Bosque y vegetación natural,0,0,0,0,Panamá,PAN,MIAMBIENTE - Cultivos Mapa Panamá,15,2021,1,1,Bosque latifoliado mixto maduro,Bosque y vegetación natural,vegetacion_forestal_esperada,0,1,1,0,none,Senal compatible con bosque o plantacion forestal,0,0,False,True,True,0.6430119869024382,0.9528057309230518,0.43437644555877897,0.6993464704424021,1,0,0,3,media,Revisar en control de calidad temático/espectral,rareza_espectral_por_clase_anio,1,1,Auditoría espectral preliminar SRC15 2021,Alerta exploratoria; no constituye validación temática definitiva
12215,S2SR_SRC15_PAN_2021_000007900,SRC15_0012215,PAN_FCL_0049326,SRC15_PAN_2021__XY__3c25980f789b,SRC15_PAN_2021__XYY__a037942e1394,SRC15_PAN_2021__XYC__f3f3fec2bed8,-82.0928,8.643224,Panamá,PAN,MIAMBIENTE - Cultivos Mapa Panamá,15,2021,1,1,Bosque latifoliado mixto maduro,Bosque y vegetación natural,1,12,2021.0,2021.0,1,11,1,0.08333333333333333,0.0,46.0,46.0,0.5863808322824717,0.5863808322824717,0.5863808322824717,0.5863808322824717,0.6264236902050113,0.6264236902050113,0.6264236902050113,0.6264236902050113,0.4636146224803552,0.4636146224803552,0.4636146224803552,0.4636146224803552,1,1,1,1,Bosque latifoliado mixto maduro,1,Bosque y vegetación natural,0,0,0,0,Panamá,PAN,MIAMBIENTE - Cultivos Mapa Panamá,15,2021,1,1,Bosque latifoliado mixto maduro,Bosque y vegetación natural,vegetacion_forestal_esperada,0,1,1,0,none,Senal compatible con bosque o plantacion forestal,0,0,False,True,False,0.6430119869024382,0.9528057309230518,0.43437644555877897,0.6993464704424021,1,0,0,3,media,Revisar en control de calidad temático/espectral,rareza_espectral_por_clase_anio,1,1,Auditoría espectral preliminar SRC15 2021,Alerta exploratoria; no constituye validación temática definitiva
12216,S2SR_SRC15_PAN_2021_000008271,SRC15_0012216,PAN_FCL_0049334,SRC15_PAN_2021__XY__c2fbc4175070,SRC15_PAN_2021__XYY__117db42f39a8,SRC15_PAN_2021__XYC__2e823eda53c0,-82.074625,8.643275,Panamá,PAN,MIAMBIENTE - Cultivos Mapa Panamá,15,2021,1,1,Bosque latifoliado mixto maduro,Bosque y vegetación natural,1,12,2021.0,2021.0,1,11,1,0.08333333333333333,0.0,35.0,35.0,0.5548022598870056,0.5548022598870056,0.5548022598870056,0.5548022598870056,0.5651214128035319,0.5651214128035319,0.5651214128035319,0.5651214128035319,0.4053518334985134,0.4053518334985134,0.4053518334985134,0.4053518334985134,1,1,1,1,Bosque latifoliado mixto maduro,1,Bosque y vegetación natural,0,0,0,0,Panamá,PAN,MIAMBIENTE - Cultivos Mapa Panamá,15,2021,1,1,Bosque latifoliado mixto maduro,Bosque y vegetación natural,vegetacion_forestal_esperada,0,1,1,0,none,Senal compatible con bosque o plantacion forestal,0,0,False,True,True,0.6430119869024382,0.9528057309230518,0.43437644555877897,0.6993464704424021,1,0,0,3,media,Revisar en control de calidad temático/espectral,rareza_espectral_por_clase_anio,1,1,Auditoría espectral preliminar SRC15 2021,Alerta exploratoria; no constituye validación temática definitiva
12217,S2SR_SRC15_PAN_2021_000008455,SRC15_0012217,PAN_FCL_0049338,SRC15_PAN_2021__XY__3d9f3ab7203f,SRC15_PAN_2021__XYY__890be6fd0d26,SRC15_PAN_2021__XYC__1debfe7dd04d,-82.065537,8.6433,Panamá,PAN,MIAMBIENTE - Cultivos Mapa Panamá,15,2021,1,1,Bosque latifoliado mixto maduro,Bosque y vegetación natural,1,12,2021.0,2021.0,1,11,1,0.08333333333333333,0.0,31.0,31.0,0.5109561752988047,0.5109561752988047,0.5109561752988047,0.5109561752988047,0.5299936183790683,0.5299936183790683,0.5299936183790683,0.5299936183790683,0.4018418359888905,0.4018418359888905,0.4018418359888905,0.4018418359888905,1,1,1,1,Bosque latifoliado mixto maduro,1,Bosque y vegetación natural,0,0,0,0,Panamá,PAN,MIAMBIENTE - Cultivos Mapa Panamá,15,2021,1,1,Bosque latifoliado mixto maduro,Bosque y vegetación natural,vegetacion_forestal_esperada,0,1,1,0,none,Senal compatible con bosque o plantacion forestal,0,0,False,True,True,0.6430119869024382,0.9528057309230518,0.43437644555877897,0.6993464704424021,1,0,0,3,media,Revisar en control de calidad temático/espectral,rareza_espectral_por_clase_anio,1,1,Auditoría espectral preliminar SRC15 2021,Alerta exploratoria; no constituye validación temática definitiva
12224,S2SR_SRC15_PAN_2021_000010363,SRC15_0012224,PAN_FCL_0049378,SRC15_PAN_2021__XY__f4a0d430da11,SRC15_PAN_2021__XYY__2491bf4ce1ad,SRC15_PAN_2021__XYC__1b762a9e7d18,-81.974659,8.643543,Panamá,PAN,MIAMBIENTE - Cultivos Mapa Panamá,15,2021,1,1,Bosque latifoliado mixto maduro,Bosque y vegetación natural,1,12,2021.0,2021.0,1,11,1,0.08333333333333333,0.0,17.0,17.0,0.5648641787255649,0.5648641787255649,0.5648641787255649,0.5648641787255649,0.584384093113482,0.584384093113482,0.584384093113482,0.584384093113482,0.4185844550586191,0.4185844550586191,0.4185844550586191,0.4185844550586191,1,1,1,1,Bosque latifoliado mixto maduro,1,Bosque y vegetación natural,0,0,0,0,Panamá,PAN,MIAMBIENTE - Cultivos Mapa Panamá,15,2021,1,1,Bosque latifoliado mixto maduro,Bosque y vegetación natural,vegetacion_forestal_esperada,0,1,1,0,none,Senal compatible con bosque o plantacion forestal,0,0,False,True,True,0.6430119869024382,0.9528057309230518,0.43437644555877897,0.6993464704424021,1,0,0,3,media,Revisar en control de calidad temático/espectral,rareza_espectral_por_clase_anio,1,1,Auditoría espectral preliminar SRC15 2021,Alerta exploratoria; no constituye validación temática definitiva
12228,S2SR_SRC15_PAN_2021_000012507,SRC15_0012228,PAN_FCL_0049420,SRC15_PAN_2021__XY__40e3e34a59cd,SRC15_PAN_2021__XYY__263c1d989570,SRC15_PAN_2021__XYC__9c9f3eb33017,-81.879234,8.643773,Panamá,PAN,MIAMBIENTE - Cultivos Mapa Panamá,15,2021,1,1,Bosque latifoliado mixto maduro,Bosque y vegetación natural,1,12,2021.0,2021.0,2,10,6,0.5,0.0,26.25,26.25,0.6158942399981249,0.6158942399981249,0.4709241952232606,0.7608642847729892,0.6417410600541579,0.6417410600541579,0.501893745252495,0.7815883748558208,0.4849850898044654,0.4849850898044654,0.3989745234464462,0.5709956561624847,1,1,1,1,Bosque latifoliado mixto maduro,1,Bosque y vegetación natural,0,0,0,0,Panamá,PAN,MIAMBIENTE - Cultivos Mapa Panamá,15,2021,1,1,Bosque latifoliado mixto maduro,Bosque y vegetación natural,vegetacion_forestal_esperada,0,1,0,0,none,Senal compatible con bosque o plantacion forestal,0,0,False,True,False,0.6430119869024382,0.9528057309230518,0.43437644555877897,0.6993464704424021,1,0,0,2,media,Revisar en control de calidad temático/espectral,rareza_espectral_por_clase_anio,1,1,Auditoría espectral preliminar SRC15 2021,Alerta exploratoria; no constituye validación temática definitiva
12253,S2SR_SRC15_PAN_2021_000003976,SRC15_0012253,PAN_FCL_0049514,SRC15_PAN_2021__XY__a9968d5d2359,SRC15_PAN_2021__XYY__2849bb177f0b,SRC15_PAN_2021__XYC__d48c7e2e619e,-82.288185,8.644877,Panamá,PAN,MIAMBIENTE - Cultivos Mapa Panamá,15,2021,9,1,Rastrojo y vegetación arbustiva,Bosque y vegetación natural,1,12,2021.0,2021.0,8,4,28,2.3333333333333335,2.5,11.0,12.3125,0.5634998820778324,0.5754806855882695,0.3418357443113795,0.784095274683058,0.5925114495608153,0.6036851442793282,0.3801010835860106,0.7981321839080459,0.40005823361754367,0.40285580978088414,0.2421858425732911,0.5670683988104556,1,1,1,9,Rastrojo y vegetación arbustiva,1,Bosque y vegetación natural,0,0,0,0,Panamá,PAN,MIAMBIENTE - Cultivos Mapa Panamá,15,2021,9,1,Rastrojo y vegetación arbustiva,Bosque y vegetación natural,vegetacion_natural_baja,0,0,0,0,none,Senal compatible con arbustos,0,0,False,True,True,0.617925271847997,0.9511712918895013,0.4049992993142226,0.6939244937723441,1,0,0,1,media,Revisar en control de calidad temático/espectral,rareza_espectral_por_clase_anio,1,1,Auditoría espectral preliminar SRC15 2021,Alerta exploratoria; no constituye validación temática definitiva
12280,S2SR_SRC15_PAN_2021_000008084,SRC15_0012280,PAN_FCL_0049604,SRC15_PAN_2021__XY__ab4f93817f81,SRC15_PAN_2021__XYY__ce05c1471a78,SRC15_PAN_2021__XYC__8910ce7e11ad,-82.083719,8.64551,Panamá,PAN,MIAMBIENTE - Cultivos Mapa Panamá,15,2021,1,1,Bosque latifoliado mixto maduro,Bosque y vegetación natural,1,12,2021.0,2021.0,1,11,1,0.08333333333333333,0.0,37.0,37.0,0.5377623890932698,0.5377623890932698,0.5377623890932698,0.5377623890932698,0.5441741357234315,0.5441741357234315,0.5441741357234315,0.5441741357234315,0.3961026432568011,0.3961026432568011,0.3961026432568011,0.3961026432568011,1,1,1,1,Bosque latifoliado mixto maduro,1,Bosque y vegetación natural,0,0,0,0,Panamá,PAN,MIAMBIENTE - Cultivos Mapa Panamá,15,2021,1,1,Bosque latifoliado mixto maduro,Bosque y vegetación natural,vegetacion_forestal_esperada,0,1,1,0,none,Senal compatible con bosque o plantacion forestal,0,0,False,True,True,0.6430119869024382,0.9528057309230518,0.43437644555877897,0.6993464704424021,1,0,0,3,media,Revisar en control de calidad temático/espectral,rareza_espectral_por_clase_anio,1,1,Auditoría espectral preliminar SRC15 2021,Alerta exploratoria; no constituye validación temática definitiva
12281,S2SR_SRC15_PAN_2021_000008177,SRC15_0012281,PAN_FCL_0049606,SRC15_PAN_2021__XY__7533dab3905e,SRC15_PAN_2021__XYY__d2101e54e18b,SRC15_PAN_2021__XYC__fc56880326d1,-82.079175,8.645523,Panamá,PAN,MIAMBIENTE - Cultivos Mapa Panamá,15,2021,1,1,Bosque latifoliado mixto maduro,Bosque y vegetación natural,1,12,2021.0,2021.0,2,10,2,0.16666666666666666,0.0,31.0,31.0,0.6260007926646959,0.6260007926646959,0.5273405136702569,0.7246610716591348,0.6404316807526149,0.6404316807526149,0.5363673303535149,0.7444960311517148,0.4350619049920714,0.4350619049920714,0.3834613977314306,0.4866624122527122,1,1,1,1,Bosque latifoliado mixto maduro,1,Bosque y vegetación natural,0,0,0,0,Panamá,PAN,MIAMBIENTE - Cultivos Mapa Panamá,15,2021,1,1,Bosque latifoliado mixto maduro,Bosque y vegetación natural,vegetacion_forestal_esperada,0,1,1,0,none,Senal compatible con bosque o plantacion forestal,0,0,False,True,False,0.6430119869024382,0.9528057309230518,0.43437644555877897,0.6993464704424021,1,0,0,3,media,Revisar en control de calidad temático/espectral,rareza_espectral_por_clase_anio,1,1,Auditoría espectral preliminar SRC15 2021,Alerta exploratoria; no constituye validación temática definitiva
12301,S2SR_SRC15_PAN_2021_000011164,SRC15_0012301,PAN_FCL_0049668,SRC15_PAN_2021__XY__3767bf51a7ec,SRC15_PAN_2021__XYY__dc166db167f3,SRC15_PAN_2021__XYC__dbf934f1cd88,-81.938312,8.645894,Panamá,PAN,MIAMBIENTE - Cultivos Mapa Panamá,15,2021,1,1,Bosque latifoliado mixto maduro,Bosque y vegetación natural,1,12,2021.0,2021.0,3,9,3,0.25,0.0,24.0,23.666666666666668,0.6614193667317704,0.6327354260089685,0.6056253740275284,0.7458973001588143,0.684216703348004,0.6622680412371135,0.6249288560045532,0.7654532128023456,0.4773667688610801,0.4573391178597252,0.4415551628376673,0.5332060258858478,1,1,1,1,Bosque latifoliado mixto maduro,1,Bosque y vegetación natural,0,0,0,0,Panamá,PAN,MIAMBIENTE - Cultivos Mapa Panamá,15,2021,1,1,Bosque latifoliado mixto maduro,Bosque y vegetación natural,vegetacion_forestal_esperada,0,1,1,0,none,Senal compatible con bosque o plantacion forestal,0,0,False,True,False,0.6430119869024382,0.9528057309230518,0.43437644555877897,0.6993464704424021,1,0,0,3,media,Revisar en control de calidad temático/espectral,rareza_espectral_por_clase_anio,1,1,Auditoría espectral preliminar SRC15 2021,Alerta exploratoria; no constituye validación temática definitiva
12303,S2SR_SRC15_PAN_2021_000011366,SRC15_0012303,PAN_FCL_0049672,SRC15_PAN_2021__XY__7f42cc91e6f1,SRC15_PAN_2021__XYY__57ea13833738,SRC15_PAN_2021__XYC__8bcb1d237082,-81.929224,8.645916,Panamá,PAN,MIAMBIENTE - Cultivos Mapa Panamá,15,2021,1,1,Bosque latifoliado mixto maduro,Bosque y vegetación natural,1,12,2021.0,2021.0,2,10,2,0.16666666666666666,0.0,22.5,22.5,0.5652471825080281,0.5652471825080281,0.4793315743183817,0.6511627906976744,0.5851343316111028,0.5851343316111028,0.5007379295804343,0.6695307336417713,0.42154883274680277,0.42154883274680277,0.349895695050256,0.4932019704433496,1,1,1,1,Bosque latifoliado mixto maduro,1,Bosque y vegetación natural,0,0,0,0,Panamá,PAN,MIAMBIENTE - Cultivos Mapa Panamá,15,2021,1,1,Bosque latifoliado mixto maduro,Bosque y vegetación natural,vegetacion_forestal_esperada,0,1,1,0,none,Senal compatible con bosque o plantacion forestal,0,0,False,True,True,0.6430119869024382,0.9528057309230518,0.43437644555877897,0.6993464704424021,1,0,0,3,media,Revisar en control de calidad temático/espectral,rareza_espectral_por_clase_anio,1,1,Auditoría espectral preliminar SRC15 2021,Alerta exploratoria; no constituye validación temática definitiva
12318,S2SR_SRC15_PAN_2021_000000872,SRC15_0012318,PAN_FCL_0049716,SRC15_PAN_2021__XY__490c68f7ea22,SRC15_PAN_2021__XYY__b55b67e41714,SRC15_PAN_2021__XYC__dca25f31f17d,-82.451754,8.646553,Panamá,PAN,MIAMBIENTE - Cultivos Mapa Panamá,15,2021,2,1,Bosque latifoliado mixto secundario,Bosque y vegetación natural,1,12,2021.0,2021.0,8,4,22,1.8333333333333333,1.0,7.25,9.375,0.6070481868796953,0.6167586580095461,0.5374825613596625,0.6651913564175995,0.6370227550058134,0.6468737289813697,0.5531135796119064,0.6893719806763284,0.44356063278471203,0.451268821669848,0.3837727740534042,0.489987217724755,1,1,1,2,Bosque latifoliado mixto secundario,1,Bosque y vegetación natural,0,0,0,0,Panamá,PAN,MIAMBIENTE - Cultivos Mapa Panamá,15,2021,2,1,Bosque latifoliado mixto secundario,Bosque y vegetación natural,vegetacion_forestal_esperada,0,0,0,0,none,Senal compatible con bosque o plantacion forestal,0,0,False,True,True,0.7156951618451342,0.9456522260291946,0.46775220877215595,0.7284626845622189,1,0,0,1,media,Revisar en control de calidad temático/espectral,rareza_espectral_por_clase_anio,1,1,Auditoría espectral preliminar SRC15 2021,Alerta exploratoria; no constituye validación temática definitiva
12328,S2SR_SRC15_PAN_2021_000002775,SRC15_0012328,PAN_FCL_0049760,SRC15_PAN_2021__XY__9814ec6eeb95,SRC15_PAN_2021__XYY__dda5ff23237c,SRC15_PAN_2021__XYC__1f61776b4909,-82.351801,8.646919,Panamá,PAN,MIAMBIENTE - Cultivos Mapa Panamá,15,2021,9,1,Rastrojo y vegetación arbustiva,Bosque y vegetación natural,1,12,2021.0,2021.0,10,2,30,2.5,2.0,7.25,10.4,0.5132772712674887,0.5231305621105177,0.2477263035187767,0.7507342075552732,0.5426944453582055,0.5451543724662725,0.3061884367331291,0.7612117680898751,0.3633901447200482,0.36784503978565225,0.2043308298661947,0.5051865128502341,1,1,1,9,Rastrojo y vegetación arbustiva,1,Bosque y vegetación natural,0,0,0,0,Panamá,PAN,MIAMBIENTE - Cultivos Mapa Panamá,15,2021,9,1,Rastrojo y vegetación arbustiva,Bosque y vegetación natural,vegetacion_natural_baja,0,0,0,0,none,Senal compatible con arbustos,0,0,False,True,True,0.617925271847997,0.9511712918895013,0.4049992993142226,0.6939244937723441,1,0,0,1,media,Revisar en control de calidad temático/espectral,rareza_espectral_por_clase_anio,1,1,Auditoría espectral preliminar SRC15 2021,Alerta exploratoria; no constituye validación temática definitiva
12353,S2SR_SRC15_PAN_2021_000008270,SRC15_0012353,PAN_FCL_0049882,SRC15_PAN_2021__XY__73898129a4aa,SRC15_PAN_2021__XYY__a5259e204177,SRC15_PAN_2021__XYC__9daa722a6c81,-82.074638,8.647797,Panamá,PAN,MIAMBIENTE - Cultivos Mapa Panamá,15,2021,1,1,Bosque latifoliado mixto maduro,Bosque y vegetación natural,1,12,2021.0,2021.0,1,11,1,0.08333333333333333,0.0,43.0,43.0,0.522645179216449,0.522645179216449,0.522645179216449,0.522645179216449,0.5515531192900026,0.5515531192900026,0.5515531192900026,0.5515531192900026,0.4128832897551699,0.4128832897551699,0.4128832897551699,0.4128832897551699,1,1,1,1,Bosque latifoliado mixto maduro,1,Bosque y vegetación natural,0,0,0,0,Panamá,PAN,MIAMBIENTE - Cultivos Mapa Panamá,15,2021,1,1,Bosque latifoliado mixto maduro,Bosque y vegetación natural,vegetacion_forestal_esperada,0,1,1,0,none,Senal compatible con bosque o plantacion forestal,0,0,False,True,True,0.6430119869024382,0.9528057309230518,0.43437644555877897,0.6993464704424021,1,0,0,3,media,Revisar en control de calidad temático/espectral,rareza_espectral_por_clase_anio,1,1,Auditoría espectral preliminar SRC15 2021,Alerta exploratoria; no constituye validación temática definitiva
12376,S2SR_SRC15_PAN_2021_000001866,SRC15_0012376,PAN_FCL_0050014,SRC15_PAN_2021__XY__34afbaaca4e8,SRC15_PAN_2021__XYY__d814666dc3ad,SRC15_PAN_2021__XYC__dba43dd998ab,-82.397243,8.649016,Panamá,PAN,MIAMBIENTE - Cultivos Mapa Panamá,15,2021,2,1,Bosque latifoliado mixto secundario,Bosque y vegetación natural,1,12,2021.0,2021.0,9,3,25,2.0833333333333335,2.5,13.0,15.61111111111111,0.506225945342349,0.5203078238563488,0.2666091458153581,0.6831405538030144,0.5254011808902822,0.5215502839959907,0.2550394390885188,0.6909401709401709,0.38221943285162785,0.3837739288969918,0.2013422818791945,0.5065955655346618,1,1,1,2,Bosque latifoliado mixto secundario,1,Bosque y vegetación natural,0,0,0,0,Panamá,PAN,MIAMBIENTE - Cultivos Mapa Panamá,15,2021,2,1,Bosque latifoliado mixto secundario,Bosque y vegetación natural,vegetacion_forestal_esperada,0,0,0,0,none,Senal compatible con bosque o plantacion forestal,0,0,False,True,True,0.7156951618451342,0.9456522260291946,0.46775220877215595,0.7284626845622189,1,0,0,1,media,Revisar en control de calidad temático/espectral,rareza_espectral_por_clase_anio,1,1,Auditoría espectral preliminar SRC15 2021,Alerta exploratoria; no constituye validación temática definitiva
12378,S2SR_SRC15_PAN_2021_000002053,SRC15_0012378,PAN_FCL_0050018,SRC15_PAN_2021__XY__6a8b1b160f88,SRC15_PAN_2021__XYY__733913dd5adf,SRC15_PAN_2021__XYC__d0ba2ce72c7a,-82.388157,8.649049,Panamá,PAN,MIAMBIENTE - Cultivos Mapa Panamá,15,2021,9,1,Rastrojo y vegetación arbustiva,Bosque y vegetación natural,1,12,2021.0,2021.0,9,3,27,2.25,2.5,2.0,4.833333333333333,0.5572452706491581,0.5792224763149298,0.3115577889447236,0.8026527331189709,0.5927483948391156,0.6386003280481137,0.3449677265120726,0.8236033770432908,0.3985783703032424,0.4214523018509729,0.223841635849467,0.5492412972329664,1,1,1,9,Rastrojo y vegetación arbustiva,1,Bosque y vegetación natural,0,0,0,0,Panamá,PAN,MIAMBIENTE - Cultivos Mapa Panamá,15,2021,9,1,Rastrojo y vegetación arbustiva,Bosque y vegetación natural,vegetacion_natural_baja,0,0,0,0,none,Senal compatible con arbustos,0,0,False,True,False,0.617925271847997,0.9511712918895013,0.4049992993142226,0.6939244937723441,1,0,0,1,media,Revisar en control de calidad temático/espectral,rareza_espectral_por_clase_anio,1,1,Auditoría espectral preliminar SRC15 2021,Alerta exploratoria; no constituye validación temática definitiva
12382,S2SR_SRC15_PAN_2021_000002683,SRC15_0012382,PAN_FCL_0050032,SRC15_PAN_2021__XY__5735a9eec383,SRC15_PAN_2021__XYY__281000c7c9cf,SRC15_PAN_2021__XYC__29f76bf9c4d1,-82.356353,8.649163,Panamá,PAN,MIAMBIENTE - Cultivos Mapa Panamá,15,2021,26,3,Pasto,Pasto,1,12,2021.0,2021.0,10,2,32,2.6666666666666665,2.5,4.25,6.25,0.3680207723396588,0.3951043052793314,0.2252473835333984,0.4465338198147627,0.41366018599274357,0.4330435666435858,0.2853500776403846,0.5020202020202019,0.24655562262364267,0.25294282220226794,0.1800399916149191,0.2930434782608695,1,1,1,26,Pasto,3,Pasto,0,0,0,0,Panamá,PAN,MIAMBIENTE - Cultivos Mapa Panamá,15,2021,26,3,Pasto,Pasto,vegetacion_herbacea_estacional,0,0,0,0,none,Senal compatible con pasto,0,0,False,True,True,0.4252056828884969,0.9411504739649379,0.27553044066185495,0.6659670380747192,1,0,0,1,media,Revisar en control de calidad temático/espectral,rareza_espectral_por_clase_anio,1,1,Auditoría espectral preliminar SRC15 2021,Alerta exploratoria; no constituye validación temática definitiva
12415,S2SR_SRC15_PAN_2021_000007806,SRC15_0012415,PAN_FCL_0050146,SRC15_PAN_2021__XY__d726c20c0616,SRC15_PAN_2021__XYY__b225eda3a93b,SRC15_PAN_2021__XYC__bcd5c0d174c8,-82.097364,8.649993,Panamá,PAN,MIAMBIENTE - Cultivos Mapa Panamá,15,2021,1,1,Bosque latifoliado mixto maduro,Bosque y vegetación natural,1,12,2021.0,2021.0,2,10,2,0.16666666666666666,0.0,45.5,45.5,0.562436842375355,0.562436842375355,0.4609471857178279,0.663926499032882,0.5866084418165323,0.5866084418165323,0.4752594738112479,0.6979574098218165,0.4255214419132214,0.4255214419132214,0.3561127135566896,0.4949301702697532,1,1,1,1,Bosque latifoliado mixto maduro,1,Bosque y vegetación natural,0,0,0,0,Panamá,PAN,MIAMBIENTE - Cultivos Mapa Panamá,15,2021,1,1,Bosque latifoliado mixto maduro,Bosque y vegetación natural,vegetacion_forestal_esperada,0,1,1,0,none,Senal compatible con bosque o plantacion forestal,0,0,False,True,True,0.6430119869024382,0.9528057309230518,0.43437644555877897,0.6993464704424021,1,0,0,3,media,Revisar en control de calidad temático/espectral,rareza_espectral_por_clase_anio,1,1,Auditoría espectral preliminar SRC15 2021,Alerta exploratoria; no constituye validación temática definitiva
12416,S2SR_SRC15_PAN_2021_000007991,SRC15_0012416,PAN_FCL_0050150,SRC15_PAN_2021__XY__d7008409a291,SRC15_PAN_2021__XYY__11866c55ea09,SRC15_PAN_2021__XYC__0603b0682750,-82.088276,8.650019,Panamá,PAN,MIAMBIENTE - Cultivos Mapa Panamá,15,2021,1,1,Bosque latifoliado mixto maduro,Bosque y vegetación natural,1,12,2021.0,2021.0,2,10,2,0.16666666666666666,0.0,35.5,35.5,0.6388888404518362,0.6388888404518362,0.5241280458671762,0.7536496350364964,0.6555667042936577,0.6555667042936577,0.5350140056022409,0.7761194029850746,0.49291190103660576,0.49291190103660576,0.3997445721583653,0.5860792299148463,1,1,1,1,Bosque latifoliado mixto maduro,1,Bosque y vegetación natural,0,0,0,0,Panamá,PAN,MIAMBIENTE - Cultivos Mapa Panamá,15,2021,1,1,Bosque latifoliado mixto maduro,Bosque y vegetación natural,vegetacion_forestal_esperada,0,1,1,0,none,Senal compatible con bosque o plantacion forestal,0,0,False,True,False,0.6430119869024382,0.9528057309230518,0.43437644555877897,0.6993464704424021,1,0,0,3,media,Revisar en control de calidad temático/espectral,rareza_espectral_por_clase_anio,1,1,Auditoría espectral preliminar SRC15 2021,Alerta exploratoria; no constituye validación temática definitiva
12417,S2SR_SRC15_PAN_2021_000008083,SRC15_0012417,PAN_FCL_0050152,SRC15_PAN_2021__XY__e30514380ac4,SRC15_PAN_2021__XYY__4f5cb63b1e5d,SRC15_PAN_2021__XYC__b9afba52560b,-82.083732,8.650032,Panamá,PAN,MIAMBIENTE - Cultivos Mapa Panamá,15,2021,1,1,Bosque latifoliado mixto maduro,Bosque y vegetación natural,1,12,2021.0,2021.0,1,11,1,0.08333333333333333,0.0,37.0,37.0,0.5072886297376094,0.5072886297376094,0.5072886297376094,0.5072886297376094,0.5182897862232779,0.5182897862232779,0.5182897862232779,0.5182897862232779,0.3809592395218206,0.3809592395218206,0.3809592395218206,0.3809592395218206,1,1,1,1,Bosque latifoliado mixto maduro,1,Bosque y vegetación natural,0,0,0,0,Panamá,PAN,MIAMBIENTE - Cultivos Mapa Panamá,15,2021,1,1,Bosque latifoliado mixto maduro,Bosque y vegetación natural,vegetacion_forestal_esperada,0,1,1,0,none,Senal compatible con bosque o plantacion forestal,0,0,False,True,True,0.6430119869024382,0.9528057309230518,0.43437644555877897,0.6993464704424021,1,0,0,3,media,Revisar en control de calidad temático/espectral,rareza_espectral_por_clase_anio,1,1,Auditoría espectral preliminar SRC15 2021,Alerta exploratoria; no constituye validación temática definitiva
12419,S2SR_SRC15_PAN_2021_000008362,SRC15_0012419,PAN_FCL_0050158,SRC15_PAN_2021__XY__3704d5480a73,SRC15_PAN_2021__XYY__335764d90c28,SRC15_PAN_2021__XYC__29107aaa4fae,-82.0701,8.650071,Panamá,PAN,MIAMBIENTE - Cultivos Mapa Panamá,15,2021,1,1,Bosque latifoliado mixto maduro,Bosque y vegetación natural,1,12,2021.0,2021.0,4,8,4,0.3333333333333333,0.0,33.0,30.5,0.6413574473923305,0.6242538598404408,0.47350883038987,0.8434132394985704,0.6589095476658242,0.6400229719749544,0.5047021943573669,0.8508900523560209,0.4802061349871672,0.475346803949819,0.3969732246798603,0.5731577073691705,1,1,1,1,Bosque latifoliado mixto maduro,1,Bosque y vegetación natural,0,0,0,0,Panamá,PAN,MIAMBIENTE - Cultivos Mapa Panamá,15,2021,1,1,Bosque latifoliado mixto maduro,Bosque y vegetación natural,vegetacion_forestal_esperada,0,0,0,0,none,Senal compatible con bosque o plantacion forestal,0,0,False,True,False,0.6430119869024382,0.9528057309230518,0.43437644555877897,0.6993464704424021,1,0,0,1,media,Revisar en control de calidad temático/espectral,rareza_espectral_por_clase_anio,1,1,Auditoría espectral preliminar SRC15 2021,Alerta exploratoria; no constituye validación temática definitiva
12422,S2SR_SRC15_PAN_2021_000008822,SRC15_0012422,PAN_FCL_0050168,SRC15_PAN_2021__XY__668b352e292f,SRC15_PAN_2021__XYY__10e36485d2b6,SRC15_PAN_2021__XYC__29b5ef1a5859,-82.04738,8.650133,Panamá,PAN,MIAMBIENTE - Cultivos Mapa Panamá,15,2021,1,1,Bosque latifoliado mixto maduro,Bosque y vegetación natural,1,12,2021.0,2021.0,3,9,3,0.25,0.0,18.0,20.333333333333332,0.6354535909812646,0.6214582546278805,0.4929067310594626,0.7919957872564508,0.6615796116997128,0.6440497335701598,0.5247524752475247,0.815936626281454,0.49049596670037915,0.4854758465735838,0.3963730569948187,0.589638996532735,1,1,1,1,Bosque latifoliado mixto maduro,1,Bosque y vegetación natural,0,0,0,0,Panamá,PAN,MIAMBIENTE - Cultivos Mapa Panamá,15,2021,1,1,Bosque latifoliado mixto maduro,Bosque y vegetación natural,vegetacion_forestal_esperada,0,1,1,0,none,Senal compatible con bosque o plantacion forestal,0,0,False,True,False,0.6430119869024382,0.9528057309230518,0.43437644555877897,0.6993464704424021,1,0,0,3,media,Revisar en control de calidad temático/espectral,rareza_espectral_por_clase_anio,1,1,Auditoría espectral preliminar SRC15 2021,Alerta exploratoria; no constituye validación temática definitiva
12433,S2SR_SRC15_PAN_2021_000010659,SRC15_0012433,PAN_FCL_0050206,SRC15_PAN_2021__XY__06fc4fa08e77,SRC15_PAN_2021__XYY__e849b707c1d3,SRC15_PAN_2021__XYC__1742dc200af8,-81.961044,8.65036,Panamá,PAN,MIAMBIENTE - Cultivos Mapa Panamá,15,2021,1,1,Bosque latifoliado mixto maduro,Bosque y vegetación natural,1,12,2021.0,2021.0,1,11,1,0.08333333333333333,0.0,24.0,24.0,0.615890926187118,0.615890926187118,0.615890926187118,0.615890926187118,0.641430765854729,0.641430765854729,0.641430765854729,0.641430765854729,0.4727308525300255,0.4727308525300255,0.4727308525300255,0.4727308525300255,1,1,1,1,Bosque latifoliado mixto maduro,1,Bosque y vegetación natural,0,0,0,0,Panamá,PAN,MIAMBIENTE - Cultivos Mapa Panamá,15,2021,1,1,Bosque latifoliado mixto maduro,Bosque y vegetación natural,vegetacion_forestal_esperada,0,1,1,0,none,Senal compatible con bosque o plantacion forestal,0,0,False,True,False,0.6430119869024382,0.9528057309230518,0.43437644555877897,0.6993464704424021,1,0,0,3,media,Revisar en control de calidad temático/espectral,rareza_espectral_por_clase_anio,1,1,Auditoría espectral preliminar SRC15 2021,Alerta exploratoria; no constituye validación temática definitiva
12441,S2SR_SRC15_PAN_2021_000011466,SRC15_0012441,PAN_FCL_0050222,SRC15_PAN_2021__XY__82503176eec5,SRC15_PAN_2021__XYY__4a33dab6409b,SRC15_PAN_2021__XYC__86280cae07a8,-81.924691,8.650449,Panamá,PAN,MIAMBIENTE - Cultivos Mapa Panamá,15,2021,1,1,Bosque latifoliado mixto maduro,Bosque y vegetación natural,1,12,2021.0,2021.0,1,11,1,0.08333333333333333,0.0,51.0,51.0,0.5281564908120926,0.5281564908120926,0.5281564908120926,0.5281564908120926,0.5528089887640449,0.5528089887640449,0.5528089887640449,0.5528089887640449,0.4011490368367692,0.4011490368367692,0.4011490368367692,0.4011490368367692,1,1,1,1,Bosque latifoliado mixto maduro,1,Bosque y vegetación natural,0,0,0,0,Panamá,PAN,MIAMBIENTE - Cultivos Mapa Panamá,15,2021,1,1,Bosque latifoliado mixto maduro,Bosque y vegetación natural,vegetacion_forestal_esperada,0,1,1,0,none,Senal compatible con bosque o plantacion forestal,0,0,False,True,True,0.6430119869024382,0.9528057309230518,0.43437644555877897,0.6993464704424021,1,0,0,3,media,Revisar en control de calidad temático/espectral,rareza_espectral_por_clase_anio,1,1,Auditoría espectral preliminar SRC15 2021,Alerta exploratoria; no constituye validación temática definitiva
12442,S2SR_SRC15_PAN_2021_000011568,SRC15_0012442,PAN_FCL_0050224,SRC15_PAN_2021__XY__6ee4774e52c5,SRC15_PAN_2021__XYY__8e1f968e5d65,SRC15_PAN_2021__XYC__bc05ee8bed9b,-81.920147,8.65046,Panamá,PAN,MIAMBIENTE - Cultivos Mapa Panamá,15,2021,1,1,Bosque latifoliado mixto maduro,Bosque y vegetación natural,1,12,2021.0,2021.0,1,11,1,0.08333333333333333,0.0,27.0,27.0,0.5731209943678385,0.5731209943678385,0.5731209943678385,0.5731209943678385,0.6005815009994548,0.6005815009994548,0.6005815009994548,0.6005815009994548,0.4501152453078695,0.4501152453078695,0.4501152453078695,0.4501152453078695,1,1,1,1,Bosque latifoliado mixto maduro,1,Bosque y vegetación natural,0,0,0,0,Panamá,PAN,MIAMBIENTE - Cultivos Mapa Panamá,15,2021,1,1,Bosque latifoliado mixto maduro,Bosque y vegetación natural,vegetacion_forestal_esperada,0,1,1,0,none,Senal compatible con bosque o plantacion forestal,0,0,False,True,False,0.6430119869024382,0.9528057309230518,0.43437644555877897,0.6993464704424021,1,0,0,3,media,Revisar en control de calidad temático/espectral,rareza_espectral_por_clase_anio,1,1,Auditoría espectral preliminar SRC15 2021,Alerta exploratoria; no constituye validación temática definitiva
12461,S2SR_SRC15_PAN_2021_000001687,SRC15_0012461,PAN_FCL_0050284,SRC15_PAN_2021__XY__52eff7ff004d,SRC15_PAN_2021__XYY__fb905bc46c18,SRC15_PAN_2021__XYC__203e5f6f965f,-82.406338,8.651244,Panamá,PAN,MIAMBIENTE - Cultivos Mapa Panamá,15,2021,9,1,Rastrojo y vegetación arbustiva,Bosque y vegetación natural,1,12,2021.0,2021.0,10,2,31,2.5833333333333335,2.5,6.0,9.5,0.5358068868143633,0.5640646761631276,0.3852048334806955,0.678848088919848,0.5671521092445385,0.5995933537018525,0.4285714285714286,0.6992006285018105,0.36352263969259735,0.37758216528391,0.2693823915900131,0.4504018267251992,1,1,1,9,Rastrojo y vegetación arbustiva,1,Bosque y vegetación natural,0,0,0,0,Panamá,PAN,MIAMBIENTE - Cultivos Mapa Panamá,15,2021,9,1,Rastrojo y vegetación arbustiva,Bosque y vegetación natural,vegetacion_natural_baja,0,0,0,0,none,Senal compatible con arbustos,0,0,False,True,True,0.617925271847997,0.9511712918895013,0.4049992993142226,0.6939244937723441,1,0,0,1,media,Revisar en control de calidad temático/espectral,rareza_espectral_por_clase_anio,1,1,Auditoría espectral preliminar SRC15 2021,Alerta exploratoria; no constituye validación temática definitiva
12504,S2SR_SRC15_PAN_2021_000000384,SRC15_0012504,PAN_FCL_0050526,SRC15_PAN_2021__XY__9b3e004a1ece,SRC15_PAN_2021__XYY__af8df6f10581,SRC15_PAN_2021__XYC__5ab636ecc145,-82.47904,8.65323,Panamá,PAN,MIAMBIENTE - Cultivos Mapa Panamá,15,2021,2,1,Bosque latifoliado mixto secundario,Bosque y vegetación natural,1,12,2021.0,2021.0,8,4,20,1.6666666666666667,1.5,13.75,16.0625,0.6355987615909563,0.6525401642046912,0.4816206319162827,0.7563510645866531,0.6553504214810034,0.6733594548171185,0.5071469892426584,0.7721767904816389,0.4454008147010118,0.4470305132840692,0.372036895076535,0.5376131495201085,1,1,1,2,Bosque latifoliado mixto secundario,1,Bosque y vegetación natural,0,0,0,0,Panamá,PAN,MIAMBIENTE - Cultivos Mapa Panamá,15,2021,2,1,Bosque latifoliado mixto secundario,Bosque y vegetación natural,vegetacion_forestal_esperada,0,0,0,0,none,Senal compatible con bosque o plantacion forestal,0,0,False,True,True,0.7156951618451342,0.9456522260291946,0.46775220877215595,0.7284626845622189,1,0,0,1,media,Revisar en control de calidad temático/espectral,rareza_espectral_por_clase_anio,1,1,Auditoría espectral preliminar SRC15 2021,Alerta exploratoria; no constituye validación temática definitiva
