original_record_row_id,extract_id,id_registro,id_muestra_original,xy_group_id,xy_year_group_id,xy_class_group_id,Longitud,Latitud,Pais_es,Pais_cod3,Fuente,id_fuente,Año,Clase,GranClase,nombre_clase,nombre_gran_clase,n_records_extract_unit,s2_n_month_rows,s2_year_ref,s2_year_extraction,s2yr_months_obs,s2yr_months_zero_obs,s2yr_obs_total,s2yr_obs_mean,s2yr_obs_median,s2yr_cloudprob_median,s2yr_cloudprob_mean,s2yr_ndvi_mean,s2yr_ndvi_median,s2yr_ndvi_min,s2yr_ndvi_max,s2yr_ndvi8a_mean,s2yr_ndvi8a_median,s2yr_ndvi8a_min,s2yr_ndvi8a_max,s2yr_ndre_mean,s2yr_ndre_median,s2yr_ndre_min,s2yr_ndre_max,n_records_same_extract_id,n_unique_class_code_extract_unit,n_unique_class_group_code_extract_unit,class_codes_extract_unit,class_names_extract_unit,class_group_codes_extract_unit,class_group_names_extract_unit,flag_context_multiple_records_extract_unit,flag_context_multiple_class_code,flag_context_multiple_class_group_code,flag_context_thematic_conflict,audit_country,audit_country_code,audit_source,audit_source_id,audit_year,audit_class_code,audit_class_group_code,audit_class_name,audit_class_group_name,expected_signal_group,flag_no_spectral_data,flag_low_months_obs,flag_low_total_obs,flag_high_cloudprob,class_rule_alert_level,class_rule_reason,flag_class_rule_high,flag_class_rule_medium,flag_class_rule_triggered,flag_ndvi_rare_by_class_year,flag_ndre_rare_by_class_year,ndvi_class_iqr_low,ndvi_class_iqr_high,ndre_class_iqr_low,ndre_class_iqr_high,flag_rare_spectral_value,flag_conflict_and_rare,flag_conflict_and_class_rule,spectral_alert_count,spectral_alert_level,recommended_action,main_alert_reason,flag_spectral_class_review,flag_spectral_priority,audit_scope,audit_interpretation
540,S2SR_llenado_SRC10_000005638,SRC10_0000540,1143,SRC10_CRI_2021__XY__2218b1feed82,SRC10_CRI_2021__XYY__c6cfdd5caaf0,SRC10_CRI_2021__XYC__5b063761aaad,-85.581416,10.261867,Costa Rica,CRI,"SINAC - Malla de Entrenamientos del Mapa de Bosques 2021, Costa Rica",10,2021,16,16,Edificaciones,Edificaciones,1,12,2021.0,2021.0,11,1,16,1.3333333333333333,1.0,9.0,9.227272727272727,-0.044793718884948965,-0.0493991989319091,-0.0735268473816783,0.0214364676098922,-0.02839219066512162,-0.0185481593070332,-0.0920225091029461,0.0479509820533789,-0.046759230996967945,-0.0439328625149042,-0.1053489889106328,0.0389884841485237,1,1,1,16,Edificaciones,16,Edificaciones,0,0,0,0,Costa Rica,CRI,"SINAC - Malla de Entrenamientos del Mapa de Bosques 2021, Costa Rica",10,2021,16,16,Edificaciones,Edificaciones,no_vegetacion_esperada,0,0,0,0,none,Señal compatible con edificaciones o mezcla urbana esperada,0,0,False,True,True,-0.04217426896011878,1.0390216035576985,0.0027847511253726864,0.7399588758649038,1,0,0,1,media,Revisar en control de calidad temático/espectral,rareza_espectral_por_clase_anio,1,1,Auditoría espectral preliminar SINAC SRC10 2021,Alerta exploratoria; no constituye validación temática definitiva
639,S2SR_llenado_SRC10_000005395,SRC10_0000639,1242,SRC10_CRI_2021__XY__5ff57306a43a,SRC10_CRI_2021__XYY__bcafd5b1bb4a,SRC10_CRI_2021__XYC__39a217f417b8,-85.585828,10.266764,Costa Rica,CRI,"SINAC - Malla de Entrenamientos del Mapa de Bosques 2021, Costa Rica",10,2021,16,16,Edificaciones,Edificaciones,1,12,2021.0,2021.0,12,0,32,2.6666666666666665,2.0,22.5,22.125,0.006038806093541666,0.0008340602583325499,-0.0954022988505747,0.1136989027938671,-0.005598088172084507,-0.008311649338529799,-0.1352207623053974,0.1041737630305058,-0.013449735058632034,-0.01070702782796205,-0.1091539525505474,0.0853947020026959,1,1,1,16,Edificaciones,16,Edificaciones,0,0,0,0,Costa Rica,CRI,"SINAC - Malla de Entrenamientos del Mapa de Bosques 2021, Costa Rica",10,2021,16,16,Edificaciones,Edificaciones,no_vegetacion_esperada,0,0,0,0,none,Señal compatible con edificaciones o mezcla urbana esperada,0,0,False,False,True,-0.04217426896011878,1.0390216035576985,0.0027847511253726864,0.7399588758649038,1,0,0,1,media,Revisar en control de calidad temático/espectral,rareza_espectral_por_clase_anio,1,1,Auditoría espectral preliminar SINAC SRC10 2021,Alerta exploratoria; no constituye validación temática definitiva
739,S2SR_llenado_SRC10_000005147,SRC10_0000739,1342,SRC10_CRI_2021__XY__5a1ac900a004,SRC10_CRI_2021__XYY__ca44ac274629,SRC10_CRI_2021__XYC__4352d87c4105,-85.590564,10.27312,Costa Rica,CRI,"SINAC - Malla de Entrenamientos del Mapa de Bosques 2021, Costa Rica",10,2021,16,16,Edificaciones,Edificaciones,1,12,2021.0,2021.0,11,1,21,1.75,2.0,3.0,5.2727272727272725,-0.036612239546699614,-0.0497324304700812,-0.0651731752673175,0.1105376344086021,-0.04265485592954009,-0.0532455899111816,-0.0765571315302616,0.0370197904540162,-0.04117292662417369,-0.0519804919845887,-0.0823045267489712,0.0283999076425767,1,1,1,16,Edificaciones,16,Edificaciones,0,0,0,0,Costa Rica,CRI,"SINAC - Malla de Entrenamientos del Mapa de Bosques 2021, Costa Rica",10,2021,16,16,Edificaciones,Edificaciones,no_vegetacion_esperada,0,0,0,0,none,Señal compatible con edificaciones o mezcla urbana esperada,0,0,False,True,True,-0.04217426896011878,1.0390216035576985,0.0027847511253726864,0.7399588758649038,1,0,0,1,media,Revisar en control de calidad temático/espectral,rareza_espectral_por_clase_anio,1,1,Auditoría espectral preliminar SINAC SRC10 2021,Alerta exploratoria; no constituye validación temática definitiva
1710,S2SR_llenado_SRC10_000004495,SRC10_0001710,2667,SRC10_CRI_2021__XY__a893a82c390c,SRC10_CRI_2021__XYY__5ca286e604f1,SRC10_CRI_2021__XYC__37406232aa11,-85.610114,10.505639,Costa Rica,CRI,"SINAC - Malla de Entrenamientos del Mapa de Bosques 2021, Costa Rica",10,2021,16,16,Edificaciones,Edificaciones,1,12,2021.0,2021.0,12,0,39,3.25,3.0,4.5,4.958333333333333,0.034113846740041885,0.0299090353221037,-0.0091428571428571,0.1227591148208964,0.03738441434652436,0.04041398265501035,-0.0220463538722442,0.1175828968455848,-0.03890302817752199,-0.039000664508929694,-0.082903981264637,0.0066508476575083,1,1,1,16,Edificaciones,16,Edificaciones,0,0,0,0,Costa Rica,CRI,"SINAC - Malla de Entrenamientos del Mapa de Bosques 2021, Costa Rica",10,2021,16,16,Edificaciones,Edificaciones,no_vegetacion_esperada,0,0,0,0,none,Señal compatible con edificaciones o mezcla urbana esperada,0,0,False,False,True,-0.04217426896011878,1.0390216035576985,0.0027847511253726864,0.7399588758649038,1,0,0,1,media,Revisar en control de calidad temático/espectral,rareza_espectral_por_clase_anio,1,1,Auditoría espectral preliminar SINAC SRC10 2021,Alerta exploratoria; no constituye validación temática definitiva
2099,S2SR_llenado_SRC10_000003287,SRC10_0002099,3056,SRC10_CRI_2021__XY__f7e2a30f29e9,SRC10_CRI_2021__XYY__3990527060c7,SRC10_CRI_2021__XYC__5084a7e1019e,-85.665795,10.538185,Costa Rica,CRI,"SINAC - Malla de Entrenamientos del Mapa de Bosques 2021, Costa Rica",10,2021,16,16,Edificaciones,Edificaciones,1,12,2021.0,2021.0,10,2,12,1.0,1.0,15.5,16.0,-0.01116458462263473,-0.013846842916066799,-0.0512358017511497,0.0324725134236767,0.0056651302971648726,0.00301312560843295,-0.0227073428675183,0.0473313192346425,0.0050622658078127,-0.0006869139960578,-0.0390545863815419,0.0409107969473289,1,1,1,16,Edificaciones,16,Edificaciones,0,0,0,0,Costa Rica,CRI,"SINAC - Malla de Entrenamientos del Mapa de Bosques 2021, Costa Rica",10,2021,16,16,Edificaciones,Edificaciones,no_vegetacion_esperada,0,0,0,0,none,Señal compatible con edificaciones o mezcla urbana esperada,0,0,False,False,True,-0.04217426896011878,1.0390216035576985,0.0027847511253726864,0.7399588758649038,1,0,0,1,media,Revisar en control de calidad temático/espectral,rareza_espectral_por_clase_anio,1,1,Auditoría espectral preliminar SINAC SRC10 2021,Alerta exploratoria; no constituye validación temática definitiva
2221,S2SR_llenado_SRC10_000002477,SRC10_0002221,3178,SRC10_CRI_2021__XY__34d836d07a24,SRC10_CRI_2021__XYY__735e2abfae55,SRC10_CRI_2021__XYC__903248b0498e,-85.694206,10.545247,Costa Rica,CRI,"SINAC - Malla de Entrenamientos del Mapa de Bosques 2021, Costa Rica",10,2021,16,16,Edificaciones,Edificaciones,1,12,2021.0,2021.0,11,1,25,2.0833333333333335,2.0,22.5,23.454545454545453,-0.07747839051018773,-0.0723914235651324,-0.1257406188281764,-0.0531716417910447,-0.030556301883938927,-0.032552553490348,-0.077647792037738,0.0308641975308641,-0.06558942921277712,-0.0772493967163172,-0.1056271350864924,0.0276923076923076,1,1,1,16,Edificaciones,16,Edificaciones,0,0,0,0,Costa Rica,CRI,"SINAC - Malla de Entrenamientos del Mapa de Bosques 2021, Costa Rica",10,2021,16,16,Edificaciones,Edificaciones,no_vegetacion_esperada,0,0,0,0,none,Señal compatible con edificaciones o mezcla urbana esperada,0,0,False,True,True,-0.04217426896011878,1.0390216035576985,0.0027847511253726864,0.7399588758649038,1,0,0,1,media,Revisar en control de calidad temático/espectral,rareza_espectral_por_clase_anio,1,1,Auditoría espectral preliminar SINAC SRC10 2021,Alerta exploratoria; no constituye validación temática definitiva
2881,S2SR_llenado_SRC10_000005357,SRC10_0002881,4059,SRC10_CRI_2021__XY__002256d98148,SRC10_CRI_2021__XYY__7174baeb849f,SRC10_CRI_2021__XYC__a87ecb8ff1fb,-85.587042,10.407078,Costa Rica,CRI,"SINAC - Malla de Entrenamientos del Mapa de Bosques 2021, Costa Rica",10,2021,16,16,Edificaciones,Edificaciones,1,12,2021.0,2021.0,10,2,27,2.25,2.0,6.75,7.2,0.004069402191656403,0.0071200996934393,-0.0155688622754491,0.0189821182943603,-0.018889276311456565,-0.0160080700621675,-0.0594793891269718,0.0122948481719595,-0.008255588967584021,-0.01042077123447565,-0.0701267448995244,0.0450606585788561,1,1,1,16,Edificaciones,16,Edificaciones,0,0,0,0,Costa Rica,CRI,"SINAC - Malla de Entrenamientos del Mapa de Bosques 2021, Costa Rica",10,2021,16,16,Edificaciones,Edificaciones,no_vegetacion_esperada,0,0,0,0,none,Señal compatible con edificaciones o mezcla urbana esperada,0,0,False,False,True,-0.04217426896011878,1.0390216035576985,0.0027847511253726864,0.7399588758649038,1,0,0,1,media,Revisar en control de calidad temático/espectral,rareza_espectral_por_clase_anio,1,1,Auditoría espectral preliminar SINAC SRC10 2021,Alerta exploratoria; no constituye validación temática definitiva
3496,S2SR_llenado_SRC10_000000980,SRC10_0003496,4709,SRC10_CRI_2021__XY__2327792fd3f2,SRC10_CRI_2021__XYY__70e5c7f10439,SRC10_CRI_2021__XYC__0f32e3edba86,-85.77478,10.368684,Costa Rica,CRI,"SINAC - Malla de Entrenamientos del Mapa de Bosques 2021, Costa Rica",10,2021,16,16,Edificaciones,Edificaciones,1,12,2021.0,2021.0,12,0,41,3.4166666666666665,4.0,8.25,9.708333333333334,0.046601584401261886,0.04652925470511085,0.0286266297512359,0.0645717570415788,0.04557352852028266,0.048819781414626395,-0.0137677833868747,0.0903225806451612,-0.0055685631807108,0.0019893487949540004,-0.0636165577342048,0.0387838627947768,1,1,1,16,Edificaciones,16,Edificaciones,0,0,0,0,Costa Rica,CRI,"SINAC - Malla de Entrenamientos del Mapa de Bosques 2021, Costa Rica",10,2021,16,16,Edificaciones,Edificaciones,no_vegetacion_esperada,0,0,0,0,none,Señal compatible con edificaciones o mezcla urbana esperada,0,0,False,False,True,-0.04217426896011878,1.0390216035576985,0.0027847511253726864,0.7399588758649038,1,0,0,1,media,Revisar en control de calidad temático/espectral,rareza_espectral_por_clase_anio,1,1,Auditoría espectral preliminar SINAC SRC10 2021,Alerta exploratoria; no constituye validación temática definitiva
3506,S2SR_llenado_SRC10_000000952,SRC10_0003506,4719,SRC10_CRI_2021__XY__b8688b7d2209,SRC10_CRI_2021__XYY__e19188c5f483,SRC10_CRI_2021__XYC__283b97559aab,-85.776271,10.369422,Costa Rica,CRI,"SINAC - Malla de Entrenamientos del Mapa de Bosques 2021, Costa Rica",10,2021,16,16,Edificaciones,Edificaciones,1,12,2021.0,2021.0,6,6,10,0.8333333333333334,0.5,4.5,4.666666666666667,-0.015267439777342568,-0.0099729316812663,-0.0522697641341708,0.0169106511862695,-0.02928873741585825,-0.0317169856252894,-0.0520179133733711,-0.0038659793814433,-0.014984836710814383,-0.0202333588752181,-0.0605178659960733,0.0393976065617856,1,1,1,16,Edificaciones,16,Edificaciones,0,0,0,0,Costa Rica,CRI,"SINAC - Malla de Entrenamientos del Mapa de Bosques 2021, Costa Rica",10,2021,16,16,Edificaciones,Edificaciones,no_vegetacion_esperada,0,0,0,0,none,Señal compatible con edificaciones o mezcla urbana esperada,0,0,False,False,True,-0.04217426896011878,1.0390216035576985,0.0027847511253726864,0.7399588758649038,1,0,0,1,media,Revisar en control de calidad temático/espectral,rareza_espectral_por_clase_anio,1,1,Auditoría espectral preliminar SINAC SRC10 2021,Alerta exploratoria; no constituye validación temática definitiva
3563,S2SR_llenado_SRC10_000000455,SRC10_0003563,4789,SRC10_CRI_2021__XY__f6dbb39dd9d4,SRC10_CRI_2021__XYY__13e61ac89022,SRC10_CRI_2021__XYC__2a8055d9a161,-85.797772,10.403949,Costa Rica,CRI,"SINAC - Malla de Entrenamientos del Mapa de Bosques 2021, Costa Rica",10,2021,16,16,Edificaciones,Edificaciones,1,12,2021.0,2021.0,10,2,15,1.25,1.0,4.0,8.4,-0.0035071090574951393,-0.018199214981381148,-0.0602287680939366,0.1425274091171379,-0.02757382421303159,-0.0488380961259037,-0.093205302160526,0.1452401495542133,-0.015638737197878387,-0.0258135618988329,-0.0831165432361758,0.1076495132127954,1,1,1,16,Edificaciones,16,Edificaciones,0,0,0,0,Costa Rica,CRI,"SINAC - Malla de Entrenamientos del Mapa de Bosques 2021, Costa Rica",10,2021,16,16,Edificaciones,Edificaciones,no_vegetacion_esperada,0,0,0,0,none,Señal compatible con edificaciones o mezcla urbana esperada,0,0,False,False,True,-0.04217426896011878,1.0390216035576985,0.0027847511253726864,0.7399588758649038,1,0,0,1,media,Revisar en control de calidad temático/espectral,rareza_espectral_por_clase_anio,1,1,Auditoría espectral preliminar SINAC SRC10 2021,Alerta exploratoria; no constituye validación temática definitiva
3754,S2SR_llenado_SRC10_000018516,SRC10_0003754,7396,SRC10_CRI_2021__XY__7d28fbfca29d,SRC10_CRI_2021__XYY__1c4112688ff6,SRC10_CRI_2021__XYC__978d6c8d17fe,-85.219375,10.211536,Costa Rica,CRI,"SINAC - Malla de Entrenamientos del Mapa de Bosques 2021, Costa Rica",10,2021,16,16,Edificaciones,Edificaciones,1,12,2021.0,2021.0,12,0,40,3.3333333333333335,3.5,4.25,5.375,0.101540022109185,0.114846527182233,-0.0556094051530716,0.2528753081831562,0.16577172379101604,0.1612660288020245,0.0486653284273533,0.3633187548476468,-0.01947344542841661,-0.0561983207606567,-0.1030857251915115,0.1139705882352941,1,1,1,16,Edificaciones,16,Edificaciones,0,0,0,0,Costa Rica,CRI,"SINAC - Malla de Entrenamientos del Mapa de Bosques 2021, Costa Rica",10,2021,16,16,Edificaciones,Edificaciones,no_vegetacion_esperada,0,0,0,0,none,Señal compatible con edificaciones o mezcla urbana esperada,0,0,False,False,True,-0.04217426896011878,1.0390216035576985,0.0027847511253726864,0.7399588758649038,1,0,0,1,media,Revisar en control de calidad temático/espectral,rareza_espectral_por_clase_anio,1,1,Auditoría espectral preliminar SINAC SRC10 2021,Alerta exploratoria; no constituye validación temática definitiva
4299,S2SR_llenado_SRC10_000011950,SRC10_0004299,8851,SRC10_CRI_2021__XY__a473ad51a225,SRC10_CRI_2021__XYY__4e6689d221fa,SRC10_CRI_2021__XYC__31c15b766ca1,-85.453308,10.143631,Costa Rica,CRI,"SINAC - Malla de Entrenamientos del Mapa de Bosques 2021, Costa Rica",10,2021,16,16,Edificaciones,Edificaciones,1,12,2021.0,2021.0,10,2,19,1.5833333333333333,1.0,6.5,11.25,0.0001969748410652297,-0.020205683223124903,-0.0484840016766801,0.106283422459893,0.03376518851205036,0.008645454077573334,-0.057832025573961,0.2733695652173913,-0.009907056548391802,-0.02273242243461995,-0.0974609183785252,0.1762048192771085,1,1,1,16,Edificaciones,16,Edificaciones,0,0,0,0,Costa Rica,CRI,"SINAC - Malla de Entrenamientos del Mapa de Bosques 2021, Costa Rica",10,2021,16,16,Edificaciones,Edificaciones,no_vegetacion_esperada,0,0,0,0,none,Señal compatible con edificaciones o mezcla urbana esperada,0,0,False,False,True,-0.04217426896011878,1.0390216035576985,0.0027847511253726864,0.7399588758649038,1,0,0,1,media,Revisar en control de calidad temático/espectral,rareza_espectral_por_clase_anio,1,1,Auditoría espectral preliminar SINAC SRC10 2021,Alerta exploratoria; no constituye validación temática definitiva
4491,S2SR_llenado_SRC10_000011820,SRC10_0004491,9043,SRC10_CRI_2021__XY__ac38981275ff,SRC10_CRI_2021__XYY__6e34bcea8966,SRC10_CRI_2021__XYC__1c89969ae811,-85.455409,10.15279,Costa Rica,CRI,"SINAC - Malla de Entrenamientos del Mapa de Bosques 2021, Costa Rica",10,2021,16,16,Edificaciones,Edificaciones,1,12,2021.0,2021.0,11,1,34,2.8333333333333335,2.5,5.5,7.045454545454546,0.045085475914560115,0.0393700787401575,0.0317474393060135,0.0662499762627537,0.05795538451228135,0.0554621848739496,-0.0025368779380774,0.1239109390125847,0.007958670529506317,-0.0016168316318598,-0.0280561122244489,0.0445394759176131,1,1,1,16,Edificaciones,16,Edificaciones,0,0,0,0,Costa Rica,CRI,"SINAC - Malla de Entrenamientos del Mapa de Bosques 2021, Costa Rica",10,2021,16,16,Edificaciones,Edificaciones,no_vegetacion_esperada,0,0,0,0,none,Señal compatible con edificaciones o mezcla urbana esperada,0,0,False,False,True,-0.04217426896011878,1.0390216035576985,0.0027847511253726864,0.7399588758649038,1,0,0,1,media,Revisar en control de calidad temático/espectral,rareza_espectral_por_clase_anio,1,1,Auditoría espectral preliminar SINAC SRC10 2021,Alerta exploratoria; no constituye validación temática definitiva
5544,S2SR_llenado_SRC10_000010736,SRC10_0005544,11111,SRC10_CRI_2021__XY__2cc7fbbe9aea,SRC10_CRI_2021__XYY__88d0de0e92c9,SRC10_CRI_2021__XYC__e0a19b792972,-85.47656,10.417203,Costa Rica,CRI,"SINAC - Malla de Entrenamientos del Mapa de Bosques 2021, Costa Rica",10,2021,16,16,Edificaciones,Edificaciones,1,12,2021.0,2021.0,10,2,25,2.0833333333333335,2.5,9.0,12.3,0.00669343562834337,0.01681262071944625,-0.0585002676432964,0.0351188364668321,0.05779116811755243,0.08448242370486195,-0.049891103674776,0.1188856494978944,-0.00935131437512309,-0.00862985616296635,-0.0444407731703287,0.0226006517397245,1,1,1,16,Edificaciones,16,Edificaciones,0,0,0,0,Costa Rica,CRI,"SINAC - Malla de Entrenamientos del Mapa de Bosques 2021, Costa Rica",10,2021,16,16,Edificaciones,Edificaciones,no_vegetacion_esperada,0,0,0,0,none,Señal compatible con edificaciones o mezcla urbana esperada,0,0,False,False,True,-0.04217426896011878,1.0390216035576985,0.0027847511253726864,0.7399588758649038,1,0,0,1,media,Revisar en control de calidad temático/espectral,rareza_espectral_por_clase_anio,1,1,Auditoría espectral preliminar SINAC SRC10 2021,Alerta exploratoria; no constituye validación temática definitiva
5550,S2SR_llenado_SRC10_000010618,SRC10_0005550,11117,SRC10_CRI_2021__XY__45503b3eada5,SRC10_CRI_2021__XYY__a971bf3d671a,SRC10_CRI_2021__XYC__48a244599c72,-85.479171,10.418355,Costa Rica,CRI,"SINAC - Malla de Entrenamientos del Mapa de Bosques 2021, Costa Rica",10,2021,16,16,Edificaciones,Edificaciones,1,12,2021.0,2021.0,9,3,16,1.3333333333333333,1.0,4.0,4.333333333333333,-0.06084877368998624,-0.0571255537153944,-0.0916041342205861,0.0041095890410958,-0.04827194660653169,-0.0511225939974024,-0.0963087248322146,0.033458896521161,-0.05208373143745063,-0.0506270722012718,-0.0978224455611389,0.0504504504504504,1,1,1,16,Edificaciones,16,Edificaciones,0,0,0,0,Costa Rica,CRI,"SINAC - Malla de Entrenamientos del Mapa de Bosques 2021, Costa Rica",10,2021,16,16,Edificaciones,Edificaciones,no_vegetacion_esperada,0,0,0,0,none,Señal compatible con edificaciones o mezcla urbana esperada,0,0,False,True,True,-0.04217426896011878,1.0390216035576985,0.0027847511253726864,0.7399588758649038,1,0,0,1,media,Revisar en control de calidad temático/espectral,rareza_espectral_por_clase_anio,1,1,Auditoría espectral preliminar SINAC SRC10 2021,Alerta exploratoria; no constituye validación temática definitiva
5551,S2SR_llenado_SRC10_000010662,SRC10_0005551,11118,SRC10_CRI_2021__XY__f4bf29757618,SRC10_CRI_2021__XYY__d1a538703937,SRC10_CRI_2021__XYC__d013d137e5d8,-85.477576,10.41942,Costa Rica,CRI,"SINAC - Malla de Entrenamientos del Mapa de Bosques 2021, Costa Rica",10,2021,16,16,Edificaciones,Edificaciones,1,12,2021.0,2021.0,8,4,14,1.1666666666666667,1.0,4.0,10.375,0.0007808259469978785,-0.0096319230949983,-0.057807627728472,0.1626698641087129,0.021902296556087074,0.0098209855546645,-0.0592049957968055,0.2242177374560266,0.005704597379349467,-0.0067242373265162265,-0.0791113200893382,0.2037138175860185,1,1,1,16,Edificaciones,16,Edificaciones,0,0,0,0,Costa Rica,CRI,"SINAC - Malla de Entrenamientos del Mapa de Bosques 2021, Costa Rica",10,2021,16,16,Edificaciones,Edificaciones,no_vegetacion_esperada,0,0,0,0,none,Señal compatible con edificaciones o mezcla urbana esperada,0,0,False,False,True,-0.04217426896011878,1.0390216035576985,0.0027847511253726864,0.7399588758649038,1,0,0,1,media,Revisar en control de calidad temático/espectral,rareza_espectral_por_clase_anio,1,1,Auditoría espectral preliminar SINAC SRC10 2021,Alerta exploratoria; no constituye validación temática definitiva
5601,S2SR_llenado_SRC10_000013440,SRC10_0005601,11168,SRC10_CRI_2021__XY__6f086d68f361,SRC10_CRI_2021__XYY__d8072ca8cb4d,SRC10_CRI_2021__XYC__0aa656cb079b,-85.411236,10.486575,Costa Rica,CRI,"SINAC - Malla de Entrenamientos del Mapa de Bosques 2021, Costa Rica",10,2021,16,16,Edificaciones,Edificaciones,1,12,2021.0,2021.0,10,2,26,2.1666666666666665,3.0,7.0,9.3,-0.0093555523332038,-0.01232946346582705,-0.041365725541694,0.0356393259310456,0.0086337951045147,0.0208245291527419,-0.1166059344091619,0.0753338197496035,-0.0027069653870281894,-0.0046698842466197,-0.083569596327798,0.0618029625406379,1,1,1,16,Edificaciones,16,Edificaciones,0,0,0,0,Costa Rica,CRI,"SINAC - Malla de Entrenamientos del Mapa de Bosques 2021, Costa Rica",10,2021,16,16,Edificaciones,Edificaciones,no_vegetacion_esperada,0,0,0,0,none,Señal compatible con edificaciones o mezcla urbana esperada,0,0,False,False,True,-0.04217426896011878,1.0390216035576985,0.0027847511253726864,0.7399588758649038,1,0,0,1,media,Revisar en control de calidad temático/espectral,rareza_espectral_por_clase_anio,1,1,Auditoría espectral preliminar SINAC SRC10 2021,Alerta exploratoria; no constituye validación temática definitiva
5602,S2SR_llenado_SRC10_000013411,SRC10_0005602,11169,SRC10_CRI_2021__XY__f813b02a8ed9,SRC10_CRI_2021__XYY__663c584e1bbf,SRC10_CRI_2021__XYC__a38c2d4b0993,-85.412061,10.486927,Costa Rica,CRI,"SINAC - Malla de Entrenamientos del Mapa de Bosques 2021, Costa Rica",10,2021,16,16,Edificaciones,Edificaciones,1,12,2021.0,2021.0,11,1,32,2.6666666666666665,2.5,14.0,13.681818181818182,-0.02333133226461959,-0.0143458473600337,-0.0722548833681016,0.0047120418848167,-0.03414404515004398,-0.0241935483870967,-0.1134304844426939,0.0479390681003584,-0.03947605785864936,-0.0380750925436277,-0.1241245136186769,0.0279321983792171,1,1,1,16,Edificaciones,16,Edificaciones,0,0,0,0,Costa Rica,CRI,"SINAC - Malla de Entrenamientos del Mapa de Bosques 2021, Costa Rica",10,2021,16,16,Edificaciones,Edificaciones,no_vegetacion_esperada,0,0,0,0,none,Señal compatible con edificaciones o mezcla urbana esperada,0,0,False,False,True,-0.04217426896011878,1.0390216035576985,0.0027847511253726864,0.7399588758649038,1,0,0,1,media,Revisar en control de calidad temático/espectral,rareza_espectral_por_clase_anio,1,1,Auditoría espectral preliminar SINAC SRC10 2021,Alerta exploratoria; no constituye validación temática definitiva
5603,S2SR_llenado_SRC10_000013410,SRC10_0005603,11170,SRC10_CRI_2021__XY__45b6063ed3d9,SRC10_CRI_2021__XYY__8b6246adfa63,SRC10_CRI_2021__XYC__627ef8f7ff89,-85.412079,10.487754,Costa Rica,CRI,"SINAC - Malla de Entrenamientos del Mapa de Bosques 2021, Costa Rica",10,2021,16,16,Edificaciones,Edificaciones,1,12,2021.0,2021.0,11,1,34,2.8333333333333335,3.0,15.0,15.454545454545455,-0.02767403010490804,-0.0221318937096256,-0.0624712907671107,-0.0075286415711947,0.055346671707621316,0.0538949275362319,-0.0501345072144778,0.1288344566530604,-0.02458294617392931,-0.0172224257969952,-0.0653113087674714,0.021090909090909,1,1,1,16,Edificaciones,16,Edificaciones,0,0,0,0,Costa Rica,CRI,"SINAC - Malla de Entrenamientos del Mapa de Bosques 2021, Costa Rica",10,2021,16,16,Edificaciones,Edificaciones,no_vegetacion_esperada,0,0,0,0,none,Señal compatible con edificaciones o mezcla urbana esperada,0,0,False,False,True,-0.04217426896011878,1.0390216035576985,0.0027847511253726864,0.7399588758649038,1,0,0,1,media,Revisar en control de calidad temático/espectral,rareza_espectral_por_clase_anio,1,1,Auditoría espectral preliminar SINAC SRC10 2021,Alerta exploratoria; no constituye validación temática definitiva
5648,S2SR_llenado_SRC10_000017342,SRC10_0005648,11215,SRC10_CRI_2021__XY__6c1633ec3363,SRC10_CRI_2021__XYY__185e1564d7e3,SRC10_CRI_2021__XYC__fa42f1c5dc84,-85.252771,10.517441,Costa Rica,CRI,"SINAC - Malla de Entrenamientos del Mapa de Bosques 2021, Costa Rica",10,2021,16,16,Edificaciones,Edificaciones,1,12,2021.0,2021.0,12,0,37,3.0833333333333335,3.0,8.0,9.75,-0.0033984345315799212,-0.00722868154145705,-0.0269343780607247,0.0368582711715664,0.018935234885084296,0.0135498292674088,-0.0215456674473068,0.0760843801848779,0.0063660172762021175,0.00021919538491559998,-0.03515625,0.0692416391898257,1,1,1,16,Edificaciones,16,Edificaciones,0,0,0,0,Costa Rica,CRI,"SINAC - Malla de Entrenamientos del Mapa de Bosques 2021, Costa Rica",10,2021,16,16,Edificaciones,Edificaciones,no_vegetacion_esperada,0,0,0,0,none,Señal compatible con edificaciones o mezcla urbana esperada,0,0,False,False,True,-0.04217426896011878,1.0390216035576985,0.0027847511253726864,0.7399588758649038,1,0,0,1,media,Revisar en control de calidad temático/espectral,rareza_espectral_por_clase_anio,1,1,Auditoría espectral preliminar SINAC SRC10 2021,Alerta exploratoria; no constituye validación temática definitiva
5664,S2SR_llenado_SRC10_000017200,SRC10_0005664,11231,SRC10_CRI_2021__XY__cf35f0cfadf8,SRC10_CRI_2021__XYY__a11233233469,SRC10_CRI_2021__XYC__46010f3e3474,-85.255266,10.523158,Costa Rica,CRI,"SINAC - Malla de Entrenamientos del Mapa de Bosques 2021, Costa Rica",10,2021,16,16,Edificaciones,Edificaciones,1,12,2021.0,2021.0,12,0,26,2.1666666666666665,2.0,6.5,9.625,0.01155055610306493,0.00288980134537905,-0.0176891230711328,0.0467442335170443,-0.04557940977178912,-0.04985799776292555,-0.0912766288291089,0.0080713678844519,0.0010996896181555925,-0.009225369713723699,-0.0607105898585719,0.0931813198859899,1,1,1,16,Edificaciones,16,Edificaciones,0,0,0,0,Costa Rica,CRI,"SINAC - Malla de Entrenamientos del Mapa de Bosques 2021, Costa Rica",10,2021,16,16,Edificaciones,Edificaciones,no_vegetacion_esperada,0,0,0,0,none,Señal compatible con edificaciones o mezcla urbana esperada,0,0,False,False,True,-0.04217426896011878,1.0390216035576985,0.0027847511253726864,0.7399588758649038,1,0,0,1,media,Revisar en control de calidad temático/espectral,rareza_espectral_por_clase_anio,1,1,Auditoría espectral preliminar SINAC SRC10 2021,Alerta exploratoria; no constituye validación temática definitiva
5687,S2SR_llenado_SRC10_000017207,SRC10_0005687,11254,SRC10_CRI_2021__XY__39285fa2cf97,SRC10_CRI_2021__XYY__1433ccb16d33,SRC10_CRI_2021__XYC__692ba3cd0029,-85.255138,10.525717,Costa Rica,CRI,"SINAC - Malla de Entrenamientos del Mapa de Bosques 2021, Costa Rica",10,2021,16,16,Edificaciones,Edificaciones,1,12,2021.0,2021.0,12,0,41,3.4166666666666665,3.0,14.0,13.291666666666666,0.03117894424318106,0.039206610354809254,-0.0367610531544957,0.0533601250279079,0.03806781748828133,0.0418438397668656,-0.0094105993065874,0.0803706097823745,-0.01549322464659255,-0.0154789912573196,-0.0631533101045296,0.0171000234246896,1,1,1,16,Edificaciones,16,Edificaciones,0,0,0,0,Costa Rica,CRI,"SINAC - Malla de Entrenamientos del Mapa de Bosques 2021, Costa Rica",10,2021,16,16,Edificaciones,Edificaciones,no_vegetacion_esperada,0,0,0,0,none,Señal compatible con edificaciones o mezcla urbana esperada,0,0,False,False,True,-0.04217426896011878,1.0390216035576985,0.0027847511253726864,0.7399588758649038,1,0,0,1,media,Revisar en control de calidad temático/espectral,rareza_espectral_por_clase_anio,1,1,Auditoría espectral preliminar SINAC SRC10 2021,Alerta exploratoria; no constituye validación temática definitiva
5884,S2SR_llenado_SRC10_000005039,SRC10_0005884,122143,SRC10_CRI_2021__XY__10805fd3c95c,SRC10_CRI_2021__XYY__b6ee50fd3da1,SRC10_CRI_2021__XYC__63b67db61ade,-85.592138,10.279844,Costa Rica,CRI,"SINAC - Malla de Entrenamientos del Mapa de Bosques 2021, Costa Rica",10,2021,16,16,Edificaciones,Edificaciones,1,12,2021.0,2021.0,11,1,17,1.4166666666666667,1.0,5.0,8.045454545454545,-0.03047226692725372,-0.0312133802066687,-0.0828173374613002,0.0086797624486067,-0.03725239520740862,-0.0430002016135152,-0.0799951296724704,0.0245979186376537,-0.009051578353519244,-0.0263602129593559,-0.0692690394182932,0.0880081043434215,1,1,1,16,Edificaciones,16,Edificaciones,0,0,0,0,Costa Rica,CRI,"SINAC - Malla de Entrenamientos del Mapa de Bosques 2021, Costa Rica",10,2021,16,16,Edificaciones,Edificaciones,no_vegetacion_esperada,0,0,0,0,none,Señal compatible con edificaciones o mezcla urbana esperada,0,0,False,False,True,-0.04217426896011878,1.0390216035576985,0.0027847511253726864,0.7399588758649038,1,0,0,1,media,Revisar en control de calidad temático/espectral,rareza_espectral_por_clase_anio,1,1,Auditoría espectral preliminar SINAC SRC10 2021,Alerta exploratoria; no constituye validación temática definitiva
5885,S2SR_llenado_SRC10_000008269,SRC10_0005885,122144,SRC10_CRI_2021__XY__4b5f385968dd,SRC10_CRI_2021__XYY__44e41e54b99a,SRC10_CRI_2021__XYC__e46fdd65fa40,-85.526563,10.282632,Costa Rica,CRI,"SINAC - Malla de Entrenamientos del Mapa de Bosques 2021, Costa Rica",10,2021,16,16,Edificaciones,Edificaciones,1,12,2021.0,2021.0,8,4,13,1.0833333333333333,1.0,7.0,7.75,-0.03558430753729731,-0.03747375665909875,-0.0626598465473146,-0.0048496605237633,0.01771040433413039,-0.010890992220492151,-0.0321699167805242,0.2176703794600717,-0.022222003742490174,-0.0455685464703022,-0.0721261935319443,0.1258509338453482,1,1,1,16,Edificaciones,16,Edificaciones,0,0,0,0,Costa Rica,CRI,"SINAC - Malla de Entrenamientos del Mapa de Bosques 2021, Costa Rica",10,2021,16,16,Edificaciones,Edificaciones,no_vegetacion_esperada,0,0,0,0,none,Señal compatible con edificaciones o mezcla urbana esperada,0,0,False,False,True,-0.04217426896011878,1.0390216035576985,0.0027847511253726864,0.7399588758649038,1,0,0,1,media,Revisar en control de calidad temático/espectral,rareza_espectral_por_clase_anio,1,1,Auditoría espectral preliminar SINAC SRC10 2021,Alerta exploratoria; no constituye validación temática definitiva
5908,S2SR_llenado_SRC10_000018484,SRC10_0005908,122925,SRC10_CRI_2021__XY__95429279e2a0,SRC10_CRI_2021__XYY__53eafcfd78c7,SRC10_CRI_2021__XYC__fff598134000,-85.22061,10.236937,Costa Rica,CRI,"SINAC - Malla de Entrenamientos del Mapa de Bosques 2021, Costa Rica",10,2021,16,16,Edificaciones,Edificaciones,1,12,2021.0,2021.0,9,3,16,1.3333333333333333,1.0,4.0,4.277777777777778,-0.04584686358226024,-0.0438789821679022,-0.0728548300053967,-0.027562825650245,-0.04467235923702256,-0.0469530469530469,-0.0669638119494852,-0.0077152050274287,-0.04919499953967018,-0.0466276295814356,-0.0728167486862957,-0.0276217959977078,1,1,1,16,Edificaciones,16,Edificaciones,0,0,0,0,Costa Rica,CRI,"SINAC - Malla de Entrenamientos del Mapa de Bosques 2021, Costa Rica",10,2021,16,16,Edificaciones,Edificaciones,no_vegetacion_esperada,0,0,0,0,none,Señal compatible con edificaciones o mezcla urbana esperada,0,0,False,True,True,-0.04217426896011878,1.0390216035576985,0.0027847511253726864,0.7399588758649038,1,0,0,1,media,Revisar en control de calidad temático/espectral,rareza_espectral_por_clase_anio,1,1,Auditoría espectral preliminar SINAC SRC10 2021,Alerta exploratoria; no constituye validación temática definitiva
5951,S2SR_llenado_SRC10_000000213,SRC10_0005951,124158,SRC10_CRI_2021__XY__133826fe646d,SRC10_CRI_2021__XYY__4a80439d8e0b,SRC10_CRI_2021__XYC__c0568c719bd8,-85.806198,10.371778,Costa Rica,CRI,"SINAC - Malla de Entrenamientos del Mapa de Bosques 2021, Costa Rica",10,2021,2,1,Bosque secundario,Forestal,1,12,2021.0,2021.0,10,2,34,2.8333333333333335,3.0,1.0,1.85,0.7359743922714793,0.7654416197623022,0.4974173553719008,0.8815142576204523,0.7532830042267952,0.7827276875434724,0.5252500609904854,0.887750349324639,0.5423603636029057,0.5697237827968664,0.3533429931691161,0.6570966437525273,1,1,1,2,Bosque secundario,1,Forestal,0,0,0,0,Costa Rica,CRI,"SINAC - Malla de Entrenamientos del Mapa de Bosques 2021, Costa Rica",10,2021,2,1,Bosque secundario,Forestal,vegetacion_forestal_esperada,0,0,0,0,none,Señal compatible con bosque maduro/secundario,0,0,False,True,False,0.7712158297445996,0.9189354731776961,0.530325036887612,0.7050727457771098,1,0,0,1,media,Revisar en control de calidad temático/espectral,rareza_espectral_por_clase_anio,1,1,Auditoría espectral preliminar SINAC SRC10 2021,Alerta exploratoria; no constituye validación temática definitiva
6020,S2SR_llenado_SRC10_000000770,SRC10_0006020,124305,SRC10_CRI_2021__XY__de6252e6f4a4,SRC10_CRI_2021__XYY__a01fe40a4d15,SRC10_CRI_2021__XYC__8594fa6010eb,-85.786046,10.165592,Costa Rica,CRI,"SINAC - Malla de Entrenamientos del Mapa de Bosques 2021, Costa Rica",10,2021,2,1,Bosque secundario,Forestal,1,12,2021.0,2021.0,12,0,38,3.1666666666666665,3.0,2.0,2.9583333333333335,0.6669667840666849,0.7226466774794015,0.2861766065649561,0.8677913631367924,0.7005701151878699,0.7536982254177834,0.3490725126475548,0.8784193793038033,0.5068480844118994,0.5541394724613087,0.2577597840755735,0.6441106757341817,1,1,1,2,Bosque secundario,1,Forestal,0,0,0,0,Costa Rica,CRI,"SINAC - Malla de Entrenamientos del Mapa de Bosques 2021, Costa Rica",10,2021,2,1,Bosque secundario,Forestal,vegetacion_forestal_esperada,0,0,0,0,none,Señal compatible con bosque maduro/secundario,0,0,False,True,False,0.7712158297445996,0.9189354731776961,0.530325036887612,0.7050727457771098,1,0,0,1,media,Revisar en control de calidad temático/espectral,rareza_espectral_por_clase_anio,1,1,Auditoría espectral preliminar SINAC SRC10 2021,Alerta exploratoria; no constituye validación temática definitiva
6029,S2SR_llenado_SRC10_000000876,SRC10_0006029,124352,SRC10_CRI_2021__XY__89af5b725fee,SRC10_CRI_2021__XYY__cb465f2ba385,SRC10_CRI_2021__XYC__67cf6e4a62d9,-85.78116,10.422587,Costa Rica,CRI,"SINAC - Malla de Entrenamientos del Mapa de Bosques 2021, Costa Rica",10,2021,2,1,Bosque secundario,Forestal,1,12,2021.0,2021.0,11,1,39,3.25,3.5,1.0,3.1363636363636362,0.7402723921741369,0.7401580978180355,0.5581267217630854,0.8882515343616249,0.7599190997249948,0.7681529136787164,0.5785601681555439,0.8983713788660281,0.4979988998408949,0.510038487481649,0.3670079635949943,0.6043034496592371,1,1,1,2,Bosque secundario,1,Forestal,0,0,0,0,Costa Rica,CRI,"SINAC - Malla de Entrenamientos del Mapa de Bosques 2021, Costa Rica",10,2021,2,1,Bosque secundario,Forestal,vegetacion_forestal_esperada,0,0,0,0,none,Señal compatible con bosque maduro/secundario,0,0,False,True,True,0.7712158297445996,0.9189354731776961,0.530325036887612,0.7050727457771098,1,0,0,1,media,Revisar en control de calidad temático/espectral,rareza_espectral_por_clase_anio,1,1,Auditoría espectral preliminar SINAC SRC10 2021,Alerta exploratoria; no constituye validación temática definitiva
6076,S2SR_llenado_SRC10_000001262,SRC10_0006076,124534,SRC10_CRI_2021__XY__223b418f2fa6,SRC10_CRI_2021__XYY__d927bfd3c7c5,SRC10_CRI_2021__XYC__142530425335,-85.760302,10.086106,Costa Rica,CRI,"SINAC - Malla de Entrenamientos del Mapa de Bosques 2021, Costa Rica",10,2021,2,1,Bosque secundario,Forestal,1,12,2021.0,2021.0,12,0,40,3.3333333333333335,3.0,6.25,6.708333333333333,0.3985825606961137,0.373657737747105,0.2298065984072809,0.5659871683863973,0.4917287476850334,0.47352417450104545,0.3411192214111921,0.6290855983508026,0.3575376553558122,0.3476074481514575,0.2908665105386416,0.4541073689038649,1,1,1,2,Bosque secundario,1,Forestal,0,0,0,0,Costa Rica,CRI,"SINAC - Malla de Entrenamientos del Mapa de Bosques 2021, Costa Rica",10,2021,2,1,Bosque secundario,Forestal,vegetacion_forestal_esperada,0,0,0,0,medium,Bosque maduro/secundario con NDVI < 0.40 o NDRE < 0.10,0,1,True,True,True,0.7712158297445996,0.9189354731776961,0.530325036887612,0.7050727457771098,1,0,0,2,media,Revisar en control de calidad temático/espectral,regla_clase_media: Bosque maduro/secundario con NDVI < 0.40 o NDRE < 0.10,1,1,Auditoría espectral preliminar SINAC SRC10 2021,Alerta exploratoria; no constituye validación temática definitiva
6087,S2SR_llenado_SRC10_000001346,SRC10_0006087,124550,SRC10_CRI_2021__XY__ddd9a3133ef9,SRC10_CRI_2021__XYY__4b3a83868c8a,SRC10_CRI_2021__XYC__be2ee3d2ae7d,-85.75435,10.154906,Costa Rica,CRI,"SINAC - Malla de Entrenamientos del Mapa de Bosques 2021, Costa Rica",10,2021,2,1,Bosque secundario,Forestal,1,12,2021.0,2021.0,12,0,38,3.1666666666666665,3.0,1.0,1.2083333333333333,0.6964008540300665,0.7548470924186145,0.4113693643237189,0.8655857740585774,0.719518630326502,0.7750143134205583,0.443254817987152,0.8875765529308837,0.4872577652681271,0.5211261547166607,0.3235871699759982,0.6106756252332959,1,1,1,2,Bosque secundario,1,Forestal,0,0,0,0,Costa Rica,CRI,"SINAC - Malla de Entrenamientos del Mapa de Bosques 2021, Costa Rica",10,2021,2,1,Bosque secundario,Forestal,vegetacion_forestal_esperada,0,0,0,0,none,Señal compatible con bosque maduro/secundario,0,0,False,True,True,0.7712158297445996,0.9189354731776961,0.530325036887612,0.7050727457771098,1,0,0,1,media,Revisar en control de calidad temático/espectral,rareza_espectral_por_clase_anio,1,1,Auditoría espectral preliminar SINAC SRC10 2021,Alerta exploratoria; no constituye validación temática definitiva
6112,S2SR_llenado_SRC10_000001215,SRC10_0006112,124624,SRC10_CRI_2021__XY__50e4ca76a26e,SRC10_CRI_2021__XYY__2a7f85cbee33,SRC10_CRI_2021__XYC__17ff093886b6,-85.762797,10.534886,Costa Rica,CRI,"SINAC - Malla de Entrenamientos del Mapa de Bosques 2021, Costa Rica",10,2021,10,10,Agua,Agua,1,12,2021.0,2021.0,12,0,44,3.6666666666666665,4.0,0.5,2.4166666666666665,-0.3981775085666051,-0.3189658337526984,-0.7955555555555556,-0.0769936236552783,-0.3240487121099828,-0.26358776358776353,-0.7389162561576356,0.095255262732172,-0.2639758268120895,-0.19684791174152877,-0.6971428571428572,0.0657624276273731,1,1,1,10,Agua,10,Agua,0,0,0,0,Costa Rica,CRI,"SINAC - Malla de Entrenamientos del Mapa de Bosques 2021, Costa Rica",10,2021,10,10,Agua,Agua,agua_baja_vegetacion,0,0,0,0,none,Señal compatible con agua,0,0,False,True,False,-0.2862358259768516,0.059073586474462064,-0.3764822402677975,0.1443525126502076,1,0,0,1,media,Revisar en control de calidad temático/espectral,rareza_espectral_por_clase_anio,1,1,Auditoría espectral preliminar SINAC SRC10 2021,Alerta exploratoria; no constituye validación temática definitiva
6185,S2SR_llenado_SRC10_000001687,SRC10_0006185,124863,SRC10_CRI_2021__XY__aee0ced1f437,SRC10_CRI_2021__XYY__27961e5b81b5,SRC10_CRI_2021__XYC__59f68009c6fe,-85.73042,10.408388,Costa Rica,CRI,"SINAC - Malla de Entrenamientos del Mapa de Bosques 2021, Costa Rica",10,2021,2,1,Bosque secundario,Forestal,2,12,2021.0,2021.0,12,0,46,3.8333333333333335,4.0,3.0,3.4166666666666665,0.7007383968049137,0.735505238313092,0.4389171576636844,0.9195310433585124,0.7207824201524872,0.7585298556976285,0.4721916636936403,0.9270121363195944,0.4700535049016154,0.49884655831296143,0.2855456813838583,0.6371662859061551,2,2,2,2;9,Bosque secundario;Cultivos,1;9,Cultivos;Forestal,1,1,1,1,Costa Rica,CRI,"SINAC - Malla de Entrenamientos del Mapa de Bosques 2021, Costa Rica",10,2021,2,1,Bosque secundario,Forestal,vegetacion_forestal_esperada,0,0,0,0,none,Señal compatible con bosque maduro/secundario,0,0,False,True,True,0.7712158297445996,0.9189354731776961,0.530325036887612,0.7050727457771098,1,1,0,6,alta,Priorizar revisión temática y espectral,conflicto_tematico_y_rareza_espectral,1,1,Auditoría espectral preliminar SINAC SRC10 2021,Alerta exploratoria; no constituye validación temática definitiva
6226,S2SR_llenado_SRC10_000001797,SRC10_0006226,125003,SRC10_CRI_2021__XY__6a67c2daf3f1,SRC10_CRI_2021__XYY__580447cc24b0,SRC10_CRI_2021__XYC__ead759ed027b,-85.723633,10.325179,Costa Rica,CRI,"SINAC - Malla de Entrenamientos del Mapa de Bosques 2021, Costa Rica",10,2021,2,1,Bosque secundario,Forestal,1,12,2021.0,2021.0,12,0,43,3.5833333333333335,4.0,2.0,4.0,0.6809451235648162,0.7115017222979325,0.4296597257491112,0.8465594516214078,0.7134432574607038,0.7495668259740842,0.4786015672091621,0.8643672803542297,0.49832946934974226,0.508170163051415,0.3295392953929539,0.601713062098501,1,1,1,2,Bosque secundario,1,Forestal,0,0,0,0,Costa Rica,CRI,"SINAC - Malla de Entrenamientos del Mapa de Bosques 2021, Costa Rica",10,2021,2,1,Bosque secundario,Forestal,vegetacion_forestal_esperada,0,0,0,0,none,Señal compatible con bosque maduro/secundario,0,0,False,True,True,0.7712158297445996,0.9189354731776961,0.530325036887612,0.7050727457771098,1,0,0,1,media,Revisar en control de calidad temático/espectral,rareza_espectral_por_clase_anio,1,1,Auditoría espectral preliminar SINAC SRC10 2021,Alerta exploratoria; no constituye validación temática definitiva
6292,S2SR_llenado_SRC10_000002262,SRC10_0006292,125181,SRC10_CRI_2021__XY__917e99aed006,SRC10_CRI_2021__XYY__ed7e732e790e,SRC10_CRI_2021__XYC__093e6a3a9bbc,-85.704621,10.321661,Costa Rica,CRI,"SINAC - Malla de Entrenamientos del Mapa de Bosques 2021, Costa Rica",10,2021,2,1,Bosque secundario,Forestal,1,12,2021.0,2021.0,12,0,45,3.75,4.0,2.5,2.7083333333333335,0.6654019665074603,0.711164056486168,0.412733607855559,0.8097406293846462,0.6949136360855345,0.7365681984848361,0.4641618497109827,0.8270803266549049,0.47814839817602445,0.5088662609291617,0.289318556944117,0.5769848761769176,1,1,1,2,Bosque secundario,1,Forestal,0,0,0,0,Costa Rica,CRI,"SINAC - Malla de Entrenamientos del Mapa de Bosques 2021, Costa Rica",10,2021,2,1,Bosque secundario,Forestal,vegetacion_forestal_esperada,0,0,0,0,none,Señal compatible con bosque maduro/secundario,0,0,False,True,True,0.7712158297445996,0.9189354731776961,0.530325036887612,0.7050727457771098,1,0,0,1,media,Revisar en control de calidad temático/espectral,rareza_espectral_por_clase_anio,1,1,Auditoría espectral preliminar SINAC SRC10 2021,Alerta exploratoria; no constituye validación temática definitiva
6298,S2SR_llenado_SRC10_000002259,SRC10_0006298,125187,SRC10_CRI_2021__XY__a7f3b31566b1,SRC10_CRI_2021__XYY__fb498d011368,SRC10_CRI_2021__XYC__59933e9a6104,-85.704777,10.350615,Costa Rica,CRI,"SINAC - Malla de Entrenamientos del Mapa de Bosques 2021, Costa Rica",10,2021,8,8,Pastos,Pastos,1,12,2021.0,2021.0,12,0,46,3.8333333333333335,3.5,2.0,2.4583333333333335,0.4517787901362653,0.3576393435993917,0.1874602449186198,0.8513329313174766,0.49305238062404055,0.39785982561455374,0.2263265572256509,0.8610417768424847,0.32532368305822457,0.2663935522369074,0.136060084107713,0.6356492844084881,1,1,1,8,Pastos,8,Pastos,0,0,0,0,Costa Rica,CRI,"SINAC - Malla de Entrenamientos del Mapa de Bosques 2021, Costa Rica",10,2021,8,8,Pastos,Pastos,vegetacion_herbacea_estacional,0,0,0,0,none,Señal compatible con pastos,0,0,False,True,False,0.3579307118757259,0.8591893481321201,0.23599846443899522,0.604345685823722,1,0,0,1,media,Revisar en control de calidad temático/espectral,rareza_espectral_por_clase_anio,1,1,Auditoría espectral preliminar SINAC SRC10 2021,Alerta exploratoria; no constituye validación temática definitiva
6326,S2SR_llenado_SRC10_000002601,SRC10_0006326,125311,SRC10_CRI_2021__XY__722a4e572fb4,SRC10_CRI_2021__XYY__f9f0214c5436,SRC10_CRI_2021__XYC__7d4a15df4187,-85.690812,10.104567,Costa Rica,CRI,"SINAC - Malla de Entrenamientos del Mapa de Bosques 2021, Costa Rica",10,2021,2,1,Bosque secundario,Forestal,1,12,2021.0,2021.0,12,0,35,2.9166666666666665,3.0,0.5,1.875,0.8715077937488109,0.893147599155781,0.7540736041677777,0.9347265960492412,0.8833613418443825,0.905627983297561,0.7744178353835738,0.9402672255698192,0.6921409447372024,0.7057050297897931,0.566048521854937,0.7807165183938446,1,1,1,2,Bosque secundario,1,Forestal,0,0,0,0,Costa Rica,CRI,"SINAC - Malla de Entrenamientos del Mapa de Bosques 2021, Costa Rica",10,2021,2,1,Bosque secundario,Forestal,vegetacion_forestal_esperada,0,0,0,0,none,Señal compatible con bosque maduro/secundario,0,0,False,False,True,0.7712158297445996,0.9189354731776961,0.530325036887612,0.7050727457771098,1,0,0,1,media,Revisar en control de calidad temático/espectral,rareza_espectral_por_clase_anio,1,1,Auditoría espectral preliminar SINAC SRC10 2021,Alerta exploratoria; no constituye validación temática definitiva
6387,S2SR_llenado_SRC10_000002506,SRC10_0006387,125412,SRC10_CRI_2021__XY__40d1df7c1b4a,SRC10_CRI_2021__XYY__36452b1e1ed2,SRC10_CRI_2021__XYC__ed74728b4734,-85.693134,10.538885,Costa Rica,CRI,"SINAC - Malla de Entrenamientos del Mapa de Bosques 2021, Costa Rica",10,2021,2,1,Bosque secundario,Forestal,1,12,2021.0,2021.0,12,0,47,3.9166666666666665,4.0,2.5,6.125,0.7335521616360192,0.7844167350924796,0.3407856914723731,0.8753936122357174,0.7544615044995894,0.7928500352309531,0.417607223476298,0.8836527621195039,0.5046953215415967,0.5230256441443784,0.270612038442084,0.6396557906059519,1,1,1,2,Bosque secundario,1,Forestal,0,0,0,0,Costa Rica,CRI,"SINAC - Malla de Entrenamientos del Mapa de Bosques 2021, Costa Rica",10,2021,2,1,Bosque secundario,Forestal,vegetacion_forestal_esperada,0,0,0,0,none,Señal compatible con bosque maduro/secundario,0,0,False,False,True,0.7712158297445996,0.9189354731776961,0.530325036887612,0.7050727457771098,1,0,0,1,media,Revisar en control de calidad temático/espectral,rareza_espectral_por_clase_anio,1,1,Auditoría espectral preliminar SINAC SRC10 2021,Alerta exploratoria; no constituye validación temática definitiva
6452,S2SR_llenado_SRC10_000003294,SRC10_0006452,125748,SRC10_CRI_2021__XY__52837a25a1bc,SRC10_CRI_2021__XYY__e275557c1740,SRC10_CRI_2021__XYC__cc87090dfa55,-85.665506,10.104696,Costa Rica,CRI,"SINAC - Malla de Entrenamientos del Mapa de Bosques 2021, Costa Rica",10,2021,2,1,Bosque secundario,Forestal,1,12,2021.0,2021.0,11,1,30,2.5,2.5,1.0,4.136363636363637,0.7131541352749498,0.758945930260676,0.3272877164056059,0.8837516512549537,0.735930423682872,0.7721097343925954,0.369334619093539,0.8931665062560155,0.5173355128341179,0.574779427587691,0.2742282842785356,0.6423372024395043,1,1,1,2,Bosque secundario,1,Forestal,0,0,0,0,Costa Rica,CRI,"SINAC - Malla de Entrenamientos del Mapa de Bosques 2021, Costa Rica",10,2021,2,1,Bosque secundario,Forestal,vegetacion_forestal_esperada,0,0,0,0,none,Señal compatible con bosque maduro/secundario,0,0,False,True,False,0.7712158297445996,0.9189354731776961,0.530325036887612,0.7050727457771098,1,0,0,1,media,Revisar en control de calidad temático/espectral,rareza_espectral_por_clase_anio,1,1,Auditoría espectral preliminar SINAC SRC10 2021,Alerta exploratoria; no constituye validación temática definitiva
6514,S2SR_llenado_SRC10_000003498,SRC10_0006514,126003,SRC10_CRI_2021__XY__f4e8a480ce09,SRC10_CRI_2021__XYY__8465366e0f6d,SRC10_CRI_2021__XYC__f498210b70bd,-85.65289,10.111998,Costa Rica,CRI,"SINAC - Malla de Entrenamientos del Mapa de Bosques 2021, Costa Rica",10,2021,2,1,Bosque secundario,Forestal,1,12,2021.0,2021.0,12,0,32,2.6666666666666665,3.0,0.0,2.0416666666666665,0.766716078355515,0.7610328934198768,0.6767208043310131,0.8453301606186793,0.7832370669556806,0.776306788617436,0.7092173913043479,0.8573388203017832,0.5176303969883186,0.5013957971202003,0.4652098907418057,0.5981981981981982,1,1,1,2,Bosque secundario,1,Forestal,0,0,0,0,Costa Rica,CRI,"SINAC - Malla de Entrenamientos del Mapa de Bosques 2021, Costa Rica",10,2021,2,1,Bosque secundario,Forestal,vegetacion_forestal_esperada,0,0,0,0,none,Señal compatible con bosque maduro/secundario,0,0,False,True,True,0.7712158297445996,0.9189354731776961,0.530325036887612,0.7050727457771098,1,0,0,1,media,Revisar en control de calidad temático/espectral,rareza_espectral_por_clase_anio,1,1,Auditoría espectral preliminar SINAC SRC10 2021,Alerta exploratoria; no constituye validación temática definitiva
6580,S2SR_llenado_SRC10_000003657,SRC10_0006580,126281,SRC10_CRI_2021__XY__e5de63bb9800,SRC10_CRI_2021__XYY__16933b0d8ce0,SRC10_CRI_2021__XYC__fd4a00ed4846,-85.646693,10.137366,Costa Rica,CRI,"SINAC - Malla de Entrenamientos del Mapa de Bosques 2021, Costa Rica",10,2021,2,1,Bosque secundario,Forestal,1,12,2021.0,2021.0,12,0,34,2.8333333333333335,2.5,1.0,2.5416666666666665,0.8585398522357516,0.8839297172803929,0.741829167811041,0.9147859101455388,0.8687355995573368,0.8925564695012244,0.7680157946692991,0.9203627045140942,0.672517489051895,0.7053332494805333,0.5506200259115306,0.7296360632135523,1,1,1,2,Bosque secundario,1,Forestal,0,0,0,0,Costa Rica,CRI,"SINAC - Malla de Entrenamientos del Mapa de Bosques 2021, Costa Rica",10,2021,2,1,Bosque secundario,Forestal,vegetacion_forestal_esperada,0,0,0,0,none,Señal compatible con bosque maduro/secundario,0,0,False,False,True,0.7712158297445996,0.9189354731776961,0.530325036887612,0.7050727457771098,1,0,0,1,media,Revisar en control de calidad temático/espectral,rareza_espectral_por_clase_anio,1,1,Auditoría espectral preliminar SINAC SRC10 2021,Alerta exploratoria; no constituye validación temática definitiva
6590,S2SR_llenado_SRC10_000003628,SRC10_0006590,126311,SRC10_CRI_2021__XY__4e503f4dccd3,SRC10_CRI_2021__XYY__adb42f85b112,SRC10_CRI_2021__XYC__1eaa26ac8e82,-85.647475,10.289382,Costa Rica,CRI,"SINAC - Malla de Entrenamientos del Mapa de Bosques 2021, Costa Rica",10,2021,2,1,Bosque secundario,Forestal,1,12,2021.0,2021.0,12,0,46,3.8333333333333335,4.0,3.0,3.625,0.6950694156139908,0.7576436054783174,0.3810280869104397,0.8254683424235238,0.7170212674308614,0.7743970721204196,0.4170202146244073,0.8417836683144815,0.510419982011998,0.5441130903221563,0.2840343735866125,0.6374512353706113,1,1,1,2,Bosque secundario,1,Forestal,0,0,0,0,Costa Rica,CRI,"SINAC - Malla de Entrenamientos del Mapa de Bosques 2021, Costa Rica",10,2021,2,1,Bosque secundario,Forestal,vegetacion_forestal_esperada,0,0,0,0,none,Señal compatible con bosque maduro/secundario,0,0,False,True,False,0.7712158297445996,0.9189354731776961,0.530325036887612,0.7050727457771098,1,0,0,1,media,Revisar en control de calidad temático/espectral,rareza_espectral_por_clase_anio,1,1,Auditoría espectral preliminar SINAC SRC10 2021,Alerta exploratoria; no constituye validación temática definitiva
6610,S2SR_llenado_SRC10_000003756,SRC10_0006610,126356,SRC10_CRI_2021__XY__97b4a3ea4b8b,SRC10_CRI_2021__XYY__f825e7d3e20f,SRC10_CRI_2021__XYC__bcd0324c6f73,-85.642261,10.502959,Costa Rica,CRI,"SINAC - Malla de Entrenamientos del Mapa de Bosques 2021, Costa Rica",10,2021,2,1,Bosque secundario,Forestal,1,12,2021.0,2021.0,12,0,46,3.8333333333333335,4.0,2.0,6.25,0.5247608891673874,0.5261629426260427,0.3093065693430657,0.7903109311403126,0.5651955154715594,0.576207798805777,0.3553681331205836,0.8159842220109729,0.3969883418240871,0.41263994572737644,0.2377583317817911,0.60100683394098,1,1,1,2,Bosque secundario,1,Forestal,0,0,0,0,Costa Rica,CRI,"SINAC - Malla de Entrenamientos del Mapa de Bosques 2021, Costa Rica",10,2021,2,1,Bosque secundario,Forestal,vegetacion_forestal_esperada,0,0,0,0,none,Señal compatible con bosque maduro/secundario,0,0,False,True,True,0.7712158297445996,0.9189354731776961,0.530325036887612,0.7050727457771098,1,0,0,1,media,Revisar en control de calidad temático/espectral,rareza_espectral_por_clase_anio,1,1,Auditoría espectral preliminar SINAC SRC10 2021,Alerta exploratoria; no constituye validación temática definitiva
6618,S2SR_llenado_SRC10_000004082,SRC10_0006618,126545,SRC10_CRI_2021__XY__d86d687ff7cf,SRC10_CRI_2021__XYY__c5008090c401,SRC10_CRI_2021__XYC__962a917bb602,-85.627511,10.097647,Costa Rica,CRI,"SINAC - Malla de Entrenamientos del Mapa de Bosques 2021, Costa Rica",10,2021,1,1,Bosque maduro,Forestal,1,12,2021.0,2021.0,12,0,31,2.5833333333333335,2.5,1.0,1.0416666666666667,0.7712983276992352,0.7965193102003301,0.6382477626000943,0.8408569242540167,0.7974451564108834,0.816226860084605,0.6767676767676767,0.8687697160883282,0.580855299167925,0.5897183192444099,0.4871220604703247,0.6373687119955778,1,1,1,1,Bosque maduro,1,Forestal,0,0,0,0,Costa Rica,CRI,"SINAC - Malla de Entrenamientos del Mapa de Bosques 2021, Costa Rica",10,2021,1,1,Bosque maduro,Forestal,vegetacion_forestal_esperada,0,0,0,0,none,Señal compatible con bosque maduro/secundario,0,0,False,True,False,0.7971581191730281,0.9231543257187156,0.570014877001729,0.689935348985129,1,0,0,1,media,Revisar en control de calidad temático/espectral,rareza_espectral_por_clase_anio,1,1,Auditoría espectral preliminar SINAC SRC10 2021,Alerta exploratoria; no constituye validación temática definitiva
6629,S2SR_llenado_SRC10_000004068,SRC10_0006629,126556,SRC10_CRI_2021__XY__dba3a79edeff,SRC10_CRI_2021__XYY__7cc02a33f352,SRC10_CRI_2021__XYC__97bf086e9e9f,-85.62773,10.14108,Costa Rica,CRI,"SINAC - Malla de Entrenamientos del Mapa de Bosques 2021, Costa Rica",10,2021,2,1,Bosque secundario,Forestal,1,12,2021.0,2021.0,12,0,32,2.6666666666666665,2.5,1.0,4.541666666666667,0.753779513682684,0.7656033622180479,0.62688,0.864567608367479,0.7758196634769584,0.7829355958557724,0.6571596589238459,0.8637448470384032,0.5346289989356089,0.5466481478040586,0.4239514906518444,0.6122372372372373,1,1,1,2,Bosque secundario,1,Forestal,0,0,0,0,Costa Rica,CRI,"SINAC - Malla de Entrenamientos del Mapa de Bosques 2021, Costa Rica",10,2021,2,1,Bosque secundario,Forestal,vegetacion_forestal_esperada,0,0,0,0,none,Señal compatible con bosque maduro/secundario,0,0,False,True,False,0.7712158297445996,0.9189354731776961,0.530325036887612,0.7050727457771098,1,0,0,1,media,Revisar en control de calidad temático/espectral,rareza_espectral_por_clase_anio,1,1,Auditoría espectral preliminar SINAC SRC10 2021,Alerta exploratoria; no constituye validación temática definitiva
6673,S2SR_llenado_SRC10_000004005,SRC10_0006673,126635,SRC10_CRI_2021__XY__a3359dc54f6e,SRC10_CRI_2021__XYY__2cf26af3f497,SRC10_CRI_2021__XYC__e672cede6dbb,-85.629668,10.517502,Costa Rica,CRI,"SINAC - Malla de Entrenamientos del Mapa de Bosques 2021, Costa Rica",10,2021,2,1,Bosque secundario,Forestal,1,12,2021.0,2021.0,12,0,46,3.8333333333333335,4.0,3.25,7.041666666666667,0.627272530823267,0.6658305760967882,0.212794483815361,0.8080138311069858,0.6502826137968049,0.6953015455479414,0.2517749863462588,0.8274728331417127,0.4963229602356269,0.5301221838714563,0.1826625386996903,0.6482088364267009,1,1,1,2,Bosque secundario,1,Forestal,0,0,0,0,Costa Rica,CRI,"SINAC - Malla de Entrenamientos del Mapa de Bosques 2021, Costa Rica",10,2021,2,1,Bosque secundario,Forestal,vegetacion_forestal_esperada,0,0,0,0,none,Señal compatible con bosque maduro/secundario,0,0,False,True,True,0.7712158297445996,0.9189354731776961,0.530325036887612,0.7050727457771098,1,0,0,1,media,Revisar en control de calidad temático/espectral,rareza_espectral_por_clase_anio,1,1,Auditoría espectral preliminar SINAC SRC10 2021,Alerta exploratoria; no constituye validación temática definitiva
6682,S2SR_llenado_SRC10_000004380,SRC10_0006682,126832,SRC10_CRI_2021__XY__40d2108282ad,SRC10_CRI_2021__XYY__4f0fd3183ff2,SRC10_CRI_2021__XYC__007629668ed8,-85.614894,10.104948,Costa Rica,CRI,"SINAC - Malla de Entrenamientos del Mapa de Bosques 2021, Costa Rica",10,2021,2,1,Bosque secundario,Forestal,1,12,2021.0,2021.0,11,1,33,2.75,2.5,0.0,3.8636363636363638,0.847511640920538,0.9066643121822148,0.6524864527885677,0.9509624197983502,0.8610480259210747,0.909032193876282,0.6800184924893039,0.9559035648052752,0.6709049212179615,0.7165164842014946,0.4477317204301075,0.7987492893689596,1,1,1,2,Bosque secundario,1,Forestal,0,0,0,0,Costa Rica,CRI,"SINAC - Malla de Entrenamientos del Mapa de Bosques 2021, Costa Rica",10,2021,2,1,Bosque secundario,Forestal,vegetacion_forestal_esperada,0,0,0,0,none,Señal compatible con bosque maduro/secundario,0,0,False,False,True,0.7712158297445996,0.9189354731776961,0.530325036887612,0.7050727457771098,1,0,0,1,media,Revisar en control de calidad temático/espectral,rareza_espectral_por_clase_anio,1,1,Auditoría espectral preliminar SINAC SRC10 2021,Alerta exploratoria; no constituye validación temática definitiva
6725,S2SR_llenado_SRC10_000004705,SRC10_0006725,127099,SRC10_CRI_2021__XY__da4efdc91289,SRC10_CRI_2021__XYY__8cdd87c1c2bc,SRC10_CRI_2021__XYC__cabb8d646886,-85.602241,10.10501,Costa Rica,CRI,"SINAC - Malla de Entrenamientos del Mapa de Bosques 2021, Costa Rica",10,2021,2,1,Bosque secundario,Forestal,1,12,2021.0,2021.0,12,0,30,2.5,2.5,1.0,4.416666666666667,0.6448585746366521,0.7325159702079962,0.3344923266247416,0.8251554941257775,0.6671384240862611,0.7528442210261672,0.3759971174668472,0.8121546961325966,0.4460825737256986,0.5028352541505569,0.2370050131421565,0.5503984832997759,1,1,1,2,Bosque secundario,1,Forestal,0,0,0,0,Costa Rica,CRI,"SINAC - Malla de Entrenamientos del Mapa de Bosques 2021, Costa Rica",10,2021,2,1,Bosque secundario,Forestal,vegetacion_forestal_esperada,0,0,0,0,none,Señal compatible con bosque maduro/secundario,0,0,False,True,True,0.7712158297445996,0.9189354731776961,0.530325036887612,0.7050727457771098,1,0,0,1,media,Revisar en control de calidad temático/espectral,rareza_espectral_por_clase_anio,1,1,Auditoría espectral preliminar SINAC SRC10 2021,Alerta exploratoria; no constituye validación temática definitiva
6743,S2SR_llenado_SRC10_000004522,SRC10_0006743,127138,SRC10_CRI_2021__XY__af994bd38782,SRC10_CRI_2021__XYY__00225ab839e5,SRC10_CRI_2021__XYC__543ff2dc7593,-85.609347,10.260617,Costa Rica,CRI,"SINAC - Malla de Entrenamientos del Mapa de Bosques 2021, Costa Rica",10,2021,2,1,Bosque secundario,Forestal,1,12,2021.0,2021.0,12,0,42,3.5,3.5,2.25,9.583333333333334,0.758608071315665,0.7535493307448734,0.5941391941391941,0.9030303030303032,0.7753232835888922,0.7770058002062702,0.6278132348001344,0.9106766340808894,0.5481469205450701,0.559532542465583,0.4099547511312217,0.6594495412844037,1,1,1,2,Bosque secundario,1,Forestal,0,0,0,0,Costa Rica,CRI,"SINAC - Malla de Entrenamientos del Mapa de Bosques 2021, Costa Rica",10,2021,2,1,Bosque secundario,Forestal,vegetacion_forestal_esperada,0,0,0,0,none,Señal compatible con bosque maduro/secundario,0,0,False,True,False,0.7712158297445996,0.9189354731776961,0.530325036887612,0.7050727457771098,1,0,0,1,media,Revisar en control de calidad temático/espectral,rareza_espectral_por_clase_anio,1,1,Auditoría espectral preliminar SINAC SRC10 2021,Alerta exploratoria; no constituye validación temática definitiva
6786,S2SR_llenado_SRC10_000004905,SRC10_0006786,127368,SRC10_CRI_2021__XY__f24cbba04dbe,SRC10_CRI_2021__XYY__462ac3e68319,SRC10_CRI_2021__XYC__b6839b4f242e,-85.596003,10.123138,Costa Rica,CRI,"SINAC - Malla de Entrenamientos del Mapa de Bosques 2021, Costa Rica",10,2021,2,1,Bosque secundario,Forestal,1,12,2021.0,2021.0,10,2,22,1.8333333333333333,1.5,1.0,5.65,0.6121188968484814,0.5989016835888895,0.3914804382815402,0.8051948051948052,0.6439868453873776,0.6603019914574976,0.4258718822459028,0.821978021978022,0.4637572547763259,0.47547918411351486,0.3060322899691954,0.5872104154700365,1,1,1,2,Bosque secundario,1,Forestal,0,0,0,0,Costa Rica,CRI,"SINAC - Malla de Entrenamientos del Mapa de Bosques 2021, Costa Rica",10,2021,2,1,Bosque secundario,Forestal,vegetacion_forestal_esperada,0,0,0,0,none,Señal compatible con bosque maduro/secundario,0,0,False,True,True,0.7712158297445996,0.9189354731776961,0.530325036887612,0.7050727457771098,1,0,0,1,media,Revisar en control de calidad temático/espectral,rareza_espectral_por_clase_anio,1,1,Auditoría espectral preliminar SINAC SRC10 2021,Alerta exploratoria; no constituye validación temática definitiva
6800,S2SR_llenado_SRC10_000005174,SRC10_0006800,127391,SRC10_CRI_2021__XY__a14549869b92,SRC10_CRI_2021__XYY__6e52af4ac29a,SRC10_CRI_2021__XYC__9439d0207216,-85.59016,10.220896,Costa Rica,CRI,"SINAC - Malla de Entrenamientos del Mapa de Bosques 2021, Costa Rica",10,2021,2,1,Bosque secundario,Forestal,1,12,2021.0,2021.0,12,0,44,3.6666666666666665,4.0,1.0,3.625,0.7231819799862577,0.7921177655293563,0.309090909090909,0.8781038374717833,0.7491186706947067,0.8151177296955991,0.3609663666508763,0.8880797240321963,0.4716386239259736,0.5181886935697251,0.2402331102957046,0.592165198906772,1,1,1,2,Bosque secundario,1,Forestal,0,0,0,0,Costa Rica,CRI,"SINAC - Malla de Entrenamientos del Mapa de Bosques 2021, Costa Rica",10,2021,2,1,Bosque secundario,Forestal,vegetacion_forestal_esperada,0,0,0,0,none,Señal compatible con bosque maduro/secundario,0,0,False,False,True,0.7712158297445996,0.9189354731776961,0.530325036887612,0.7050727457771098,1,0,0,1,media,Revisar en control de calidad temático/espectral,rareza_espectral_por_clase_anio,1,1,Auditoría espectral preliminar SINAC SRC10 2021,Alerta exploratoria; no constituye validación temática definitiva
6801,S2SR_llenado_SRC10_000004891,SRC10_0006801,127392,SRC10_CRI_2021__XY__d43941b627fc,SRC10_CRI_2021__XYY__0e563a12da7c,SRC10_CRI_2021__XYC__2f0493c00a5c,-85.596507,10.224485,Costa Rica,CRI,"SINAC - Malla de Entrenamientos del Mapa de Bosques 2021, Costa Rica",10,2021,8,8,Pastos,Pastos,1,12,2021.0,2021.0,12,0,45,3.75,4.0,9.75,12.75,0.29512773230530603,0.31278557073257796,0.1241565452091768,0.4265293252049611,0.3389682013901518,0.3716082221114176,0.1292097142090433,0.4663536776212833,0.219852419430573,0.2732902889881441,-0.0124914207275223,0.3103375937519847,1,1,1,8,Pastos,8,Pastos,0,0,0,0,Costa Rica,CRI,"SINAC - Malla de Entrenamientos del Mapa de Bosques 2021, Costa Rica",10,2021,8,8,Pastos,Pastos,vegetacion_herbacea_estacional,0,0,0,0,none,Señal compatible con pastos,0,0,False,True,False,0.3579307118757259,0.8591893481321201,0.23599846443899522,0.604345685823722,1,0,0,1,media,Revisar en control de calidad temático/espectral,rareza_espectral_por_clase_anio,1,1,Auditoría espectral preliminar SINAC SRC10 2021,Alerta exploratoria; no constituye validación temática definitiva
6804,S2SR_llenado_SRC10_000004885,SRC10_0006804,127396,SRC10_CRI_2021__XY__e7e94abc72fa,SRC10_CRI_2021__XYY__6dcfa04d2bc7,SRC10_CRI_2021__XYC__486f39957af5,-85.596652,10.253441,Costa Rica,CRI,"SINAC - Malla de Entrenamientos del Mapa de Bosques 2021, Costa Rica",10,2021,2,1,Bosque secundario,Forestal,2,12,2021.0,2021.0,11,1,40,3.3333333333333335,4.0,2.0,3.227272727272727,0.7113037238543946,0.7819237147595357,0.2812071330589849,0.8697192104531555,0.7345705517254639,0.8021068472535741,0.3225806451612903,0.8834685982227164,0.4414400135000563,0.4760319043903951,0.2285958904109589,0.5316820064694396,2,2,2,2;9,Bosque secundario;Cultivos,1;9,Cultivos;Forestal,1,1,1,1,Costa Rica,CRI,"SINAC - Malla de Entrenamientos del Mapa de Bosques 2021, Costa Rica",10,2021,2,1,Bosque secundario,Forestal,vegetacion_forestal_esperada,0,0,0,0,none,Señal compatible con bosque maduro/secundario,0,0,False,False,True,0.7712158297445996,0.9189354731776961,0.530325036887612,0.7050727457771098,1,1,0,6,alta,Priorizar revisión temática y espectral,conflicto_tematico_y_rareza_espectral,1,1,Auditoría espectral preliminar SINAC SRC10 2021,Alerta exploratoria; no constituye validación temática definitiva
6852,S2SR_llenado_SRC10_000005863,SRC10_0006852,127628,SRC10_CRI_2021__XY__2b8fe28a73fc,SRC10_CRI_2021__XYY__0d4fe0b29439,SRC10_CRI_2021__XYC__44912eaf0b2e,-85.576863,10.090653,Costa Rica,CRI,"SINAC - Malla de Entrenamientos del Mapa de Bosques 2021, Costa Rica",10,2021,2,1,Bosque secundario,Forestal,1,12,2021.0,2021.0,12,0,36,3.0,3.0,1.0,6.208333333333333,0.7022370006616656,0.7592548482160015,0.4554074050830783,0.848151487826871,0.726052329870436,0.7867777369730754,0.4588505747126437,0.865816733067729,0.5145341072132728,0.5430706512035892,0.2942731857014353,0.6614162054775082,1,1,1,2,Bosque secundario,1,Forestal,0,0,0,0,Costa Rica,CRI,"SINAC - Malla de Entrenamientos del Mapa de Bosques 2021, Costa Rica",10,2021,2,1,Bosque secundario,Forestal,vegetacion_forestal_esperada,0,0,0,0,none,Señal compatible con bosque maduro/secundario,0,0,False,True,False,0.7712158297445996,0.9189354731776961,0.530325036887612,0.7050727457771098,1,0,0,1,media,Revisar en control de calidad temático/espectral,rareza_espectral_por_clase_anio,1,1,Auditoría espectral preliminar SINAC SRC10 2021,Alerta exploratoria; no constituye validación temática definitiva
6861,S2SR_llenado_SRC10_000005852,SRC10_0006861,127640,SRC10_CRI_2021__XY__e3908514c9d7,SRC10_CRI_2021__XYY__722851cad2d8,SRC10_CRI_2021__XYC__f7eea2786ed7,-85.577075,10.134088,Costa Rica,CRI,"SINAC - Malla de Entrenamientos del Mapa de Bosques 2021, Costa Rica",10,2021,2,1,Bosque secundario,Forestal,1,12,2021.0,2021.0,11,1,28,2.3333333333333335,2.0,1.0,2.4545454545454546,0.7330923809874895,0.7673692427790788,0.4555555555555555,0.8965442295153229,0.7531494794068682,0.7891758047400071,0.4794435857805255,0.8960222016651248,0.5219535882798596,0.5471805852962169,0.3126714207350521,0.6460176991150441,1,1,1,2,Bosque secundario,1,Forestal,0,0,0,0,Costa Rica,CRI,"SINAC - Malla de Entrenamientos del Mapa de Bosques 2021, Costa Rica",10,2021,2,1,Bosque secundario,Forestal,vegetacion_forestal_esperada,0,0,0,0,none,Señal compatible con bosque maduro/secundario,0,0,False,True,False,0.7712158297445996,0.9189354731776961,0.530325036887612,0.7050727457771098,1,0,0,1,media,Revisar en control de calidad temático/espectral,rareza_espectral_por_clase_anio,1,1,Auditoría espectral preliminar SINAC SRC10 2021,Alerta exploratoria; no constituye validación temática definitiva
6907,S2SR_llenado_SRC10_000005751,SRC10_0006907,127710,SRC10_CRI_2021__XY__9a3816590550,SRC10_CRI_2021__XYY__4cfb416fff53,SRC10_CRI_2021__XYC__9142894fd13b,-85.579026,10.524997,Costa Rica,CRI,"SINAC - Malla de Entrenamientos del Mapa de Bosques 2021, Costa Rica",10,2021,2,1,Bosque secundario,Forestal,1,12,2021.0,2021.0,12,0,27,2.25,2.0,13.5,11.166666666666666,-0.07227872702362799,-0.019637904732661998,-0.4223826714801444,0.1984941820670773,-0.0754319061303345,-0.0605031669224204,-0.5436766623207301,0.319779262271275,-0.086975393687661,-0.08100316340963455,-0.4920174165457184,0.2365339578454331,1,1,1,2,Bosque secundario,1,Forestal,0,0,0,0,Costa Rica,CRI,"SINAC - Malla de Entrenamientos del Mapa de Bosques 2021, Costa Rica",10,2021,2,1,Bosque secundario,Forestal,vegetacion_forestal_esperada,0,0,0,0,high,Bosque maduro/secundario con NDVI < 0.30 o NDRE < 0.06,1,0,True,True,True,0.7712158297445996,0.9189354731776961,0.530325036887612,0.7050727457771098,1,0,0,2,alta,Priorizar revisión temática y espectral,regla_clase_alta: Bosque maduro/secundario con NDVI < 0.30 o NDRE < 0.06,1,1,Auditoría espectral preliminar SINAC SRC10 2021,Alerta exploratoria; no constituye validación temática definitiva
6910,S2SR_llenado_SRC10_000005746,SRC10_0006910,127713,SRC10_CRI_2021__XY__d4c170ea40af,SRC10_CRI_2021__XYY__9c3222de6605,SRC10_CRI_2021__XYC__1f46c6c4bf35,-85.579099,10.539475,Costa Rica,CRI,"SINAC - Malla de Entrenamientos del Mapa de Bosques 2021, Costa Rica",10,2021,2,1,Bosque secundario,Forestal,1,12,2021.0,2021.0,11,1,30,2.5,3.0,8.0,10.136363636363637,-0.015095929769996247,-0.0273381294964028,-0.2132848988064348,0.1717791411042945,0.06897640584251345,0.0407766990291262,-0.1666666666666666,0.3633276740237691,0.04566817295593333,0.0310969777620676,-0.1809710642471799,0.2909967845659164,1,1,1,2,Bosque secundario,1,Forestal,0,0,0,0,Costa Rica,CRI,"SINAC - Malla de Entrenamientos del Mapa de Bosques 2021, Costa Rica",10,2021,2,1,Bosque secundario,Forestal,vegetacion_forestal_esperada,0,0,0,0,high,Bosque maduro/secundario con NDVI < 0.30 o NDRE < 0.06,1,0,True,True,True,0.7712158297445996,0.9189354731776961,0.530325036887612,0.7050727457771098,1,0,0,2,alta,Priorizar revisión temática y espectral,regla_clase_alta: Bosque maduro/secundario con NDVI < 0.30 o NDRE < 0.06,1,1,Auditoría espectral preliminar SINAC SRC10 2021,Alerta exploratoria; no constituye validación temática definitiva
6922,S2SR_llenado_SRC10_000006441,SRC10_0006922,127918,SRC10_CRI_2021__XY__76e3fd60e404,SRC10_CRI_2021__XYY__a96cbf074690,SRC10_CRI_2021__XYC__590d024ac2ef,-85.564456,10.141388,Costa Rica,CRI,"SINAC - Malla de Entrenamientos del Mapa de Bosques 2021, Costa Rica",10,2021,2,1,Bosque secundario,Forestal,1,12,2021.0,2021.0,11,1,32,2.6666666666666665,3.0,1.0,6.818181818181818,0.7231069377096758,0.7707552222817354,0.4477054429028814,0.855901317633866,0.7420704737155898,0.785678517776665,0.4839192221391175,0.8596778596778597,0.5440602294087739,0.5825593395252838,0.3518055870997048,0.6154057771664374,1,1,1,2,Bosque secundario,1,Forestal,0,0,0,0,Costa Rica,CRI,"SINAC - Malla de Entrenamientos del Mapa de Bosques 2021, Costa Rica",10,2021,2,1,Bosque secundario,Forestal,vegetacion_forestal_esperada,0,0,0,0,none,Señal compatible con bosque maduro/secundario,0,0,False,True,False,0.7712158297445996,0.9189354731776961,0.530325036887612,0.7050727457771098,1,0,0,1,media,Revisar en control de calidad temático/espectral,rareza_espectral_por_clase_anio,1,1,Auditoría espectral preliminar SINAC SRC10 2021,Alerta exploratoria; no constituye validación temática definitiva
6923,S2SR_llenado_SRC10_000006161,SRC10_0006923,127919,SRC10_CRI_2021__XY__2557ad9ff1e7,SRC10_CRI_2021__XYY__9309f754da8f,SRC10_CRI_2021__XYC__9e26b6f0f1a3,-85.570801,10.144977,Costa Rica,CRI,"SINAC - Malla de Entrenamientos del Mapa de Bosques 2021, Costa Rica",10,2021,2,1,Bosque secundario,Forestal,1,12,2021.0,2021.0,10,2,27,2.25,2.0,1.0,8.4,0.7131901354721917,0.7109070517454285,0.5921094495704742,0.8362731795567616,0.733994999374631,0.7289356398793083,0.6276983459489767,0.8457933972310969,0.5220688620104875,0.5276278330283704,0.4185194234058148,0.6068279401728844,1,1,1,2,Bosque secundario,1,Forestal,0,0,0,0,Costa Rica,CRI,"SINAC - Malla de Entrenamientos del Mapa de Bosques 2021, Costa Rica",10,2021,2,1,Bosque secundario,Forestal,vegetacion_forestal_esperada,0,0,0,0,none,Señal compatible con bosque maduro/secundario,0,0,False,True,True,0.7712158297445996,0.9189354731776961,0.530325036887612,0.7050727457771098,1,0,0,1,media,Revisar en control de calidad temático/espectral,rareza_espectral_por_clase_anio,1,1,Auditoría espectral preliminar SINAC SRC10 2021,Alerta exploratoria; no constituye validación temática definitiva
6942,S2SR_llenado_SRC10_000006132,SRC10_0006942,127946,SRC10_CRI_2021__XY__95130f738924,SRC10_CRI_2021__XYY__1a74bd75f142,SRC10_CRI_2021__XYC__7b12e68b7075,-85.57144,10.275282,Costa Rica,CRI,"SINAC - Malla de Entrenamientos del Mapa de Bosques 2021, Costa Rica",10,2021,8,8,Pastos,Pastos,1,12,2021.0,2021.0,12,0,48,4.0,4.0,2.0,2.0416666666666665,0.41427138900861166,0.2891324716905477,0.1840203994900127,0.9041022218777454,0.4582660580482287,0.3436755232283486,0.2498706673564407,0.9089921307462264,0.31771294116929516,0.2297115583809431,0.1598655784925587,0.6847516901658446,1,1,1,8,Pastos,8,Pastos,0,0,0,0,Costa Rica,CRI,"SINAC - Malla de Entrenamientos del Mapa de Bosques 2021, Costa Rica",10,2021,8,8,Pastos,Pastos,vegetacion_herbacea_estacional,0,0,0,0,none,Señal compatible con pastos,0,0,False,True,True,0.3579307118757259,0.8591893481321201,0.23599846443899522,0.604345685823722,1,0,0,1,media,Revisar en control de calidad temático/espectral,rareza_espectral_por_clase_anio,1,1,Auditoría espectral preliminar SINAC SRC10 2021,Alerta exploratoria; no constituye validación temática definitiva
7003,S2SR_llenado_SRC10_000006665,SRC10_0007003,128233,SRC10_CRI_2021__XY__14bbc10ab1cc,SRC10_CRI_2021__XYY__d79173ba0357,SRC10_CRI_2021__XYC__9ef6f34e4906,-85.559748,10.470799,Costa Rica,CRI,"SINAC - Malla de Entrenamientos del Mapa de Bosques 2021, Costa Rica",10,2021,2,1,Bosque secundario,Forestal,1,12,2021.0,2021.0,12,0,42,3.5,4.0,10.5,11.583333333333334,0.39109024425810346,0.46109429949200287,-0.1005543119070461,0.5610475839173737,0.48001969833988795,0.5369564747442808,-0.022101742390633,0.6679418515684774,0.389043327996319,0.44083228789509005,-0.0300339834937316,0.5517241379310344,1,1,1,2,Bosque secundario,1,Forestal,0,0,0,0,Costa Rica,CRI,"SINAC - Malla de Entrenamientos del Mapa de Bosques 2021, Costa Rica",10,2021,2,1,Bosque secundario,Forestal,vegetacion_forestal_esperada,0,0,0,0,none,Señal compatible con bosque maduro/secundario,0,0,False,True,True,0.7712158297445996,0.9189354731776961,0.530325036887612,0.7050727457771098,1,0,0,1,media,Revisar en control de calidad temático/espectral,rareza_espectral_por_clase_anio,1,1,Auditoría espectral preliminar SINAC SRC10 2021,Alerta exploratoria; no constituye validación temática definitiva
7004,S2SR_llenado_SRC10_000006663,SRC10_0007004,128234,SRC10_CRI_2021__XY__0d14147b6173,SRC10_CRI_2021__XYY__cfafb611dc93,SRC10_CRI_2021__XYC__54bee58a2efe,-85.559784,10.478038,Costa Rica,CRI,"SINAC - Malla de Entrenamientos del Mapa de Bosques 2021, Costa Rica",10,2021,2,1,Bosque secundario,Forestal,1,12,2021.0,2021.0,12,0,38,3.1666666666666665,3.0,4.5,6.791666666666667,-0.058359939881650565,-0.0492844063746636,-0.3098384728340675,0.1668640373003945,-0.09832744974822949,-0.04928022926525495,-0.4854288093255621,0.1044444444444444,-0.08293530523114614,-0.035911291091181,-0.5052041633306645,0.0792838874680306,1,1,1,2,Bosque secundario,1,Forestal,0,0,0,0,Costa Rica,CRI,"SINAC - Malla de Entrenamientos del Mapa de Bosques 2021, Costa Rica",10,2021,2,1,Bosque secundario,Forestal,vegetacion_forestal_esperada,0,0,0,0,high,Bosque maduro/secundario con NDVI < 0.30 o NDRE < 0.06,1,0,True,True,True,0.7712158297445996,0.9189354731776961,0.530325036887612,0.7050727457771098,1,0,0,2,alta,Priorizar revisión temática y espectral,regla_clase_alta: Bosque maduro/secundario con NDVI < 0.30 o NDRE < 0.06,1,1,Auditoría espectral preliminar SINAC SRC10 2021,Alerta exploratoria; no constituye validación temática definitiva
7063,S2SR_llenado_SRC10_000008250,SRC10_0007063,128734,SRC10_CRI_2021__XY__e4c0408c86ce,SRC10_CRI_2021__XYY__9c9d75af0fa3,SRC10_CRI_2021__XYC__037b2dcbe3e9,-85.527146,10.279113,Costa Rica,CRI,"SINAC - Malla de Entrenamientos del Mapa de Bosques 2021, Costa Rica",10,2021,2,1,Bosque secundario,Forestal,1,12,2021.0,2021.0,12,0,42,3.5,3.5,4.0,4.0,0.7037212073392681,0.7341774137762451,0.523442967109867,0.8079309414620987,0.7281569649537528,0.7584034142705491,0.5681965093729799,0.8228415028614082,0.5012413225355994,0.538511794942993,0.3703494926719279,0.5724545303260931,1,1,1,2,Bosque secundario,1,Forestal,0,0,0,0,Costa Rica,CRI,"SINAC - Malla de Entrenamientos del Mapa de Bosques 2021, Costa Rica",10,2021,2,1,Bosque secundario,Forestal,vegetacion_forestal_esperada,0,0,0,0,none,Señal compatible con bosque maduro/secundario,0,0,False,True,False,0.7712158297445996,0.9189354731776961,0.530325036887612,0.7050727457771098,1,0,0,1,media,Revisar en control de calidad temático/espectral,rareza_espectral_por_clase_anio,1,1,Auditoría espectral preliminar SINAC SRC10 2021,Alerta exploratoria; no constituye validación temática definitiva
7112,S2SR_llenado_SRC10_000008893,SRC10_0007112,128961,SRC10_CRI_2021__XY__8b24c463fab6,SRC10_CRI_2021__XYY__6a032a096cf7,SRC10_CRI_2021__XYC__843f40b00d07,-85.515181,10.423958,Costa Rica,CRI,"SINAC - Malla de Entrenamientos del Mapa de Bosques 2021, Costa Rica",10,2021,2,1,Bosque secundario,Forestal,1,12,2021.0,2021.0,12,0,43,3.5833333333333335,3.5,12.5,10.875,0.6957068640718704,0.749373560212557,0.4682352941176471,0.8511687754664379,0.6960555993713818,0.757556272607558,0.474460839954597,0.8599959653015937,0.5152594112573391,0.5454767792421781,0.3465868263473055,0.656783468104223,1,1,1,2,Bosque secundario,1,Forestal,0,0,0,0,Costa Rica,CRI,"SINAC - Malla de Entrenamientos del Mapa de Bosques 2021, Costa Rica",10,2021,2,1,Bosque secundario,Forestal,vegetacion_forestal_esperada,0,0,0,0,none,Señal compatible con bosque maduro/secundario,0,0,False,True,False,0.7712158297445996,0.9189354731776961,0.530325036887612,0.7050727457771098,1,0,0,1,media,Revisar en control de calidad temático/espectral,rareza_espectral_por_clase_anio,1,1,Auditoría espectral preliminar SINAC SRC10 2021,Alerta exploratoria; no constituye validación temática definitiva
7155,S2SR_llenado_SRC10_000009921,SRC10_0007155,129381,SRC10_CRI_2021__XY__03f51a0d841b,SRC10_CRI_2021__XYY__a691b5f5a09b,SRC10_CRI_2021__XYC__3dbbd07048f1,-85.494768,10.123614,Costa Rica,CRI,"SINAC - Malla de Entrenamientos del Mapa de Bosques 2021, Costa Rica",10,2021,2,1,Bosque secundario,Forestal,1,12,2021.0,2021.0,12,0,40,3.3333333333333335,3.0,1.25,2.875,0.734808423108019,0.7611093393286242,0.5142663043478262,0.907873837077377,0.7629874678810625,0.7830544604481917,0.5563139931740614,0.9177304964539008,0.5415844293011617,0.5589586819811878,0.3523860878943111,0.6762894089076144,1,1,1,2,Bosque secundario,1,Forestal,0,0,0,0,Costa Rica,CRI,"SINAC - Malla de Entrenamientos del Mapa de Bosques 2021, Costa Rica",10,2021,2,1,Bosque secundario,Forestal,vegetacion_forestal_esperada,0,0,0,0,none,Señal compatible con bosque maduro/secundario,0,0,False,True,False,0.7712158297445996,0.9189354731776961,0.530325036887612,0.7050727457771098,1,0,0,1,media,Revisar en control de calidad temático/espectral,rareza_espectral_por_clase_anio,1,1,Auditoría espectral preliminar SINAC SRC10 2021,Alerta exploratoria; no constituye validación temática definitiva
7170,S2SR_llenado_SRC10_000010182,SRC10_0007170,129417,SRC10_CRI_2021__XY__165eccd5c438,SRC10_CRI_2021__XYY__bb1d6465d49f,SRC10_CRI_2021__XYC__459408194ddb,-85.489198,10.286529,Costa Rica,CRI,"SINAC - Malla de Entrenamientos del Mapa de Bosques 2021, Costa Rica",10,2021,2,1,Bosque secundario,Forestal,1,12,2021.0,2021.0,12,0,40,3.3333333333333335,3.0,2.0,3.875,0.7078433697981518,0.7587143601985977,0.417875526438933,0.8817480719794344,0.7291754664451804,0.7794050209855432,0.4461264470169189,0.8899521531100478,0.4930427270990136,0.5228853213237793,0.308885754583921,0.6206406817105887,1,1,1,2,Bosque secundario,1,Forestal,0,0,0,0,Costa Rica,CRI,"SINAC - Malla de Entrenamientos del Mapa de Bosques 2021, Costa Rica",10,2021,2,1,Bosque secundario,Forestal,vegetacion_forestal_esperada,0,0,0,0,none,Señal compatible con bosque maduro/secundario,0,0,False,True,True,0.7712158297445996,0.9189354731776961,0.530325036887612,0.7050727457771098,1,0,0,1,media,Revisar en control de calidad temático/espectral,rareza_espectral_por_clase_anio,1,1,Auditoría espectral preliminar SINAC SRC10 2021,Alerta exploratoria; no constituye validación temática definitiva
7178,S2SR_llenado_SRC10_000009895,SRC10_0007178,129425,SRC10_CRI_2021__XY__2c9778f1883b,SRC10_CRI_2021__XYY__d83dd47f14c8,SRC10_CRI_2021__XYC__20a300703bed,-85.495751,10.333556,Costa Rica,CRI,"SINAC - Malla de Entrenamientos del Mapa de Bosques 2021, Costa Rica",10,2021,2,1,Bosque secundario,Forestal,1,12,2021.0,2021.0,12,0,41,3.4166666666666665,3.5,2.5,5.041666666666667,0.657039696542853,0.6525841134012844,0.4997361477572559,0.8107476635514019,0.699371950313835,0.698851263537398,0.5507117437722421,0.8440808469682388,0.5028997344379801,0.508276672108114,0.3811410459587955,0.6482377863391396,1,1,1,2,Bosque secundario,1,Forestal,0,0,0,0,Costa Rica,CRI,"SINAC - Malla de Entrenamientos del Mapa de Bosques 2021, Costa Rica",10,2021,2,1,Bosque secundario,Forestal,vegetacion_forestal_esperada,0,0,0,0,none,Señal compatible con bosque maduro/secundario,0,0,False,True,True,0.7712158297445996,0.9189354731776961,0.530325036887612,0.7050727457771098,1,0,0,1,media,Revisar en control de calidad temático/espectral,rareza_espectral_por_clase_anio,1,1,Auditoría espectral preliminar SINAC SRC10 2021,Alerta exploratoria; no constituye validación temática definitiva
7180,S2SR_llenado_SRC10_000009860,SRC10_0007180,129428,SRC10_CRI_2021__XY__2441e362b7ce,SRC10_CRI_2021__XYY__205719ec4dce,SRC10_CRI_2021__XYC__d94a8561436b,-85.496163,10.420428,Costa Rica,CRI,"SINAC - Malla de Entrenamientos del Mapa de Bosques 2021, Costa Rica",10,2021,2,1,Bosque secundario,Forestal,1,12,2021.0,2021.0,12,0,34,2.8333333333333335,3.0,10.0,13.625,0.0911611450395025,0.0631332552057144,-0.0318746623446785,0.264516129032258,0.1938904201372884,0.16190981861590795,0.0195071868583162,0.4531722054380664,0.15717708965675006,0.12829782052184197,-0.009075907590759,0.3782234957020057,1,1,1,2,Bosque secundario,1,Forestal,0,0,0,0,Costa Rica,CRI,"SINAC - Malla de Entrenamientos del Mapa de Bosques 2021, Costa Rica",10,2021,2,1,Bosque secundario,Forestal,vegetacion_forestal_esperada,0,0,0,0,high,Bosque maduro/secundario con NDVI < 0.30 o NDRE < 0.06,1,0,True,True,True,0.7712158297445996,0.9189354731776961,0.530325036887612,0.7050727457771098,1,0,0,2,alta,Priorizar revisión temática y espectral,regla_clase_alta: Bosque maduro/secundario con NDVI < 0.30 o NDRE < 0.06,1,1,Auditoría espectral preliminar SINAC SRC10 2021,Alerta exploratoria; no constituye validación temática definitiva
7193,S2SR_llenado_SRC10_000010476,SRC10_0007193,129624,SRC10_CRI_2021__XY__028b58f83d6b,SRC10_CRI_2021__XYY__4c35c1104ff9,SRC10_CRI_2021__XYC__e7d7cbd089ed,-85.481947,10.087474,Costa Rica,CRI,"SINAC - Malla de Entrenamientos del Mapa de Bosques 2021, Costa Rica",10,2021,8,8,Pastos,Pastos,1,12,2021.0,2021.0,12,0,36,3.0,3.0,13.5,14.583333333333334,0.3522874344647598,0.3494284757337778,0.1732456970627285,0.5063291139240507,0.38919051195533316,0.3887449036788328,0.2004719074900517,0.5445790618204411,0.2977482419397303,0.3302797495626191,0.1427314583782908,0.4072847682119205,1,1,1,8,Pastos,8,Pastos,0,0,0,0,Costa Rica,CRI,"SINAC - Malla de Entrenamientos del Mapa de Bosques 2021, Costa Rica",10,2021,8,8,Pastos,Pastos,vegetacion_herbacea_estacional,0,0,0,0,none,Señal compatible con pastos,0,0,False,True,False,0.3579307118757259,0.8591893481321201,0.23599846443899522,0.604345685823722,1,0,0,1,media,Revisar en control de calidad temático/espectral,rareza_espectral_por_clase_anio,1,1,Auditoría espectral preliminar SINAC SRC10 2021,Alerta exploratoria; no constituye validación temática definitiva
7195,S2SR_llenado_SRC10_000010473,SRC10_0007195,129629,SRC10_CRI_2021__XY__029142fe7891,SRC10_CRI_2021__XYY__20b12d8625cd,SRC10_CRI_2021__XYC__636ac5f3e023,-85.482047,10.109192,Costa Rica,CRI,"SINAC - Malla de Entrenamientos del Mapa de Bosques 2021, Costa Rica",10,2021,2,1,Bosque secundario,Forestal,1,12,2021.0,2021.0,12,0,37,3.0833333333333335,3.0,0.5,4.791666666666667,0.7663928616164221,0.7689853119989809,0.615159117413662,0.8825361512791992,0.7921611103792531,0.7815027135614423,0.6855842990709641,0.8918632388020145,0.571280433537654,0.5847189646307798,0.4741506646971934,0.6549970663015842,1,1,1,2,Bosque secundario,1,Forestal,0,0,0,0,Costa Rica,CRI,"SINAC - Malla de Entrenamientos del Mapa de Bosques 2021, Costa Rica",10,2021,2,1,Bosque secundario,Forestal,vegetacion_forestal_esperada,0,0,0,0,none,Señal compatible con bosque maduro/secundario,0,0,False,True,False,0.7712158297445996,0.9189354731776961,0.530325036887612,0.7050727457771098,1,0,0,1,media,Revisar en control de calidad temático/espectral,rareza_espectral_por_clase_anio,1,1,Auditoría espectral preliminar SINAC SRC10 2021,Alerta exploratoria; no constituye validación temática definitiva
7214,S2SR_llenado_SRC10_000010726,SRC10_0007214,129670,SRC10_CRI_2021__XY__de81ffb1d026,SRC10_CRI_2021__XYY__243472fdce91,SRC10_CRI_2021__XYC__933867147146,-85.476773,10.337263,Costa Rica,CRI,"SINAC - Malla de Entrenamientos del Mapa de Bosques 2021, Costa Rica",10,2021,2,1,Bosque secundario,Forestal,2,12,2021.0,2021.0,12,0,42,3.5,3.5,3.0,6.833333333333333,0.4770652569731702,0.4961471319723695,0.2769034453424074,0.658751696065129,0.5299064856332611,0.5621888856300055,0.3030402092186989,0.7034534534534534,0.36477137014129646,0.38255582673009947,0.1748564135290364,0.5340874350351575,2,2,2,2;9,Bosque secundario;Cultivos,1;9,Cultivos;Forestal,1,1,1,1,Costa Rica,CRI,"SINAC - Malla de Entrenamientos del Mapa de Bosques 2021, Costa Rica",10,2021,2,1,Bosque secundario,Forestal,vegetacion_forestal_esperada,0,0,0,0,none,Señal compatible con bosque maduro/secundario,0,0,False,True,True,0.7712158297445996,0.9189354731776961,0.530325036887612,0.7050727457771098,1,1,0,6,alta,Priorizar revisión temática y espectral,conflicto_tematico_y_rareza_espectral,1,1,Auditoría espectral preliminar SINAC SRC10 2021,Alerta exploratoria; no constituye validación temática definitiva
7256,S2SR_llenado_SRC10_000010956,SRC10_0007256,129909,SRC10_CRI_2021__XY__abb095474fb2,SRC10_CRI_2021__XYY__b2880ad8dd80,SRC10_CRI_2021__XYC__2446f384a3ac,-85.470864,10.427784,Costa Rica,CRI,"SINAC - Malla de Entrenamientos del Mapa de Bosques 2021, Costa Rica",10,2021,2,1,Bosque secundario,Forestal,1,12,2021.0,2021.0,12,0,39,3.25,3.0,2.0,2.4166666666666665,0.7145492471209574,0.7439299164180663,0.5799659072793937,0.808854532677442,0.7321004014821635,0.7564154580528286,0.6065082423463926,0.8214442013129103,0.4979863658669071,0.514638977130333,0.3935257410296411,0.5826828144607435,1,1,1,2,Bosque secundario,1,Forestal,0,0,0,0,Costa Rica,CRI,"SINAC - Malla de Entrenamientos del Mapa de Bosques 2021, Costa Rica",10,2021,2,1,Bosque secundario,Forestal,vegetacion_forestal_esperada,0,0,0,0,none,Señal compatible con bosque maduro/secundario,0,0,False,True,True,0.7712158297445996,0.9189354731776961,0.530325036887612,0.7050727457771098,1,0,0,1,media,Revisar en control de calidad temático/espectral,rareza_espectral_por_clase_anio,1,1,Auditoría espectral preliminar SINAC SRC10 2021,Alerta exploratoria; no constituye validación temática definitiva
7267,S2SR_llenado_SRC10_000011731,SRC10_0007267,130090,SRC10_CRI_2021__XY__724c09487281,SRC10_CRI_2021__XYY__f429c3ba6da2,SRC10_CRI_2021__XYC__4cdf7b1634ae,-85.45664,10.087586,Costa Rica,CRI,"SINAC - Malla de Entrenamientos del Mapa de Bosques 2021, Costa Rica",10,2021,2,1,Bosque secundario,Forestal,1,12,2021.0,2021.0,12,0,40,3.3333333333333335,3.0,1.5,4.75,0.7647478366655717,0.7584305239887854,0.6063092875394903,0.877993741792198,0.7814672192206639,0.7775979263017696,0.639776697300406,0.8871313577081691,0.5277080071429526,0.5364714953988248,0.4299127982996433,0.6160703522563868,1,1,1,2,Bosque secundario,1,Forestal,0,0,0,0,Costa Rica,CRI,"SINAC - Malla de Entrenamientos del Mapa de Bosques 2021, Costa Rica",10,2021,2,1,Bosque secundario,Forestal,vegetacion_forestal_esperada,0,0,0,0,none,Señal compatible con bosque maduro/secundario,0,0,False,True,False,0.7712158297445996,0.9189354731776961,0.530325036887612,0.7050727457771098,1,0,0,1,media,Revisar en control de calidad temático/espectral,rareza_espectral_por_clase_anio,1,1,Auditoría espectral preliminar SINAC SRC10 2021,Alerta exploratoria; no constituye validación temática definitiva
7282,S2SR_llenado_SRC10_000012067,SRC10_0007282,130116,SRC10_CRI_2021__XY__5fbd2e7277db,SRC10_CRI_2021__XYY__2682e014f1ea,SRC10_CRI_2021__XYC__8da20bb95654,-85.451115,10.264983,Costa Rica,CRI,"SINAC - Malla de Entrenamientos del Mapa de Bosques 2021, Costa Rica",10,2021,8,8,Pastos,Pastos,1,12,2021.0,2021.0,12,0,37,3.0833333333333335,3.0,1.0,1.4166666666666667,0.8037185963512897,0.8612783752807538,0.4229885057471264,0.8970041120031329,0.8104797393178714,0.8672456643691668,0.4483128012854847,0.9023756495916851,0.5790439848337373,0.6310612626285887,0.284771449523344,0.6731962128632061,1,1,1,8,Pastos,8,Pastos,0,0,0,0,Costa Rica,CRI,"SINAC - Malla de Entrenamientos del Mapa de Bosques 2021, Costa Rica",10,2021,8,8,Pastos,Pastos,vegetacion_herbacea_estacional,0,0,0,0,medium,Pastos con NDVI > 0.70,0,1,True,True,True,0.3579307118757259,0.8591893481321201,0.23599846443899522,0.604345685823722,1,0,0,2,media,Revisar en control de calidad temático/espectral,regla_clase_media: Pastos con NDVI > 0.70,1,1,Auditoría espectral preliminar SINAC SRC10 2021,Alerta exploratoria; no constituye validación temática definitiva
7333,S2SR_llenado_SRC10_000012637,SRC10_0007333,130375,SRC10_CRI_2021__XY__376b7df20164,SRC10_CRI_2021__XYY__f2ed72e19b98,SRC10_CRI_2021__XYC__45b3d07d3d79,-85.438585,10.293998,Costa Rica,CRI,"SINAC - Malla de Entrenamientos del Mapa de Bosques 2021, Costa Rica",10,2021,2,1,Bosque secundario,Forestal,1,12,2021.0,2021.0,12,0,44,3.6666666666666665,4.0,2.0,2.2083333333333335,0.572366248961708,0.6223452789734223,0.2618181818181818,0.7822362488728584,0.6117498011416997,0.6648363252748537,0.3034029167858164,0.7887601137109118,0.43107765282491967,0.4710816996653162,0.2108582396490266,0.5705609146123615,1,1,1,2,Bosque secundario,1,Forestal,0,0,0,0,Costa Rica,CRI,"SINAC - Malla de Entrenamientos del Mapa de Bosques 2021, Costa Rica",10,2021,2,1,Bosque secundario,Forestal,vegetacion_forestal_esperada,0,0,0,0,none,Señal compatible con bosque maduro/secundario,0,0,False,True,True,0.7712158297445996,0.9189354731776961,0.530325036887612,0.7050727457771098,1,0,0,1,media,Revisar en control de calidad temático/espectral,rareza_espectral_por_clase_anio,1,1,Auditoría espectral preliminar SINAC SRC10 2021,Alerta exploratoria; no constituye validación temática definitiva
7367,S2SR_llenado_SRC10_000013034,SRC10_0007367,130608,SRC10_CRI_2021__XY__95f966a73b68,SRC10_CRI_2021__XYY__6a1e94162092,SRC10_CRI_2021__XYC__8c42cb81c27f,-85.425503,10.199939,Costa Rica,CRI,"SINAC - Malla de Entrenamientos del Mapa de Bosques 2021, Costa Rica",10,2021,8,8,Pastos,Pastos,1,12,2021.0,2021.0,11,1,40,3.3333333333333335,3.5,1.5,1.7272727272727273,0.801466397560691,0.8631609085235673,0.5220433869839048,0.9122582896041964,0.825362541956326,0.8813662054678909,0.5817513778322108,0.9154582587767002,0.5947226085077347,0.6455863594153759,0.3932038834951457,0.7252086811352254,1,1,1,8,Pastos,8,Pastos,0,0,0,0,Costa Rica,CRI,"SINAC - Malla de Entrenamientos del Mapa de Bosques 2021, Costa Rica",10,2021,8,8,Pastos,Pastos,vegetacion_herbacea_estacional,0,0,0,0,medium,Pastos con NDVI > 0.70,0,1,True,True,True,0.3579307118757259,0.8591893481321201,0.23599846443899522,0.604345685823722,1,0,0,2,media,Revisar en control de calidad temático/espectral,regla_clase_media: Pastos con NDVI > 0.70,1,1,Auditoría espectral preliminar SINAC SRC10 2021,Alerta exploratoria; no constituye validación temática definitiva
7386,S2SR_llenado_SRC10_000012814,SRC10_0007386,130632,SRC10_CRI_2021__XY__1dd8f681be55,SRC10_CRI_2021__XYY__0c473e5b28aa,SRC10_CRI_2021__XYC__ca557e99012b,-85.4325,10.348322,Costa Rica,CRI,"SINAC - Malla de Entrenamientos del Mapa de Bosques 2021, Costa Rica",10,2021,8,8,Pastos,Pastos,1,12,2021.0,2021.0,12,0,40,3.3333333333333335,3.5,1.0,1.4583333333333333,0.8337709803539949,0.8545746885249099,0.7158560657848947,0.8824235152969406,0.8497379792408238,0.8732124828894325,0.7395314064500327,0.895800106326422,0.6339132533142139,0.6524660943462994,0.520173440245694,0.6794376098418278,1,1,1,8,Pastos,8,Pastos,0,0,0,0,Costa Rica,CRI,"SINAC - Malla de Entrenamientos del Mapa de Bosques 2021, Costa Rica",10,2021,8,8,Pastos,Pastos,vegetacion_herbacea_estacional,0,0,0,0,medium,Pastos con NDVI > 0.70,0,1,True,False,True,0.3579307118757259,0.8591893481321201,0.23599846443899522,0.604345685823722,1,0,0,2,media,Revisar en control de calidad temático/espectral,regla_clase_media: Pastos con NDVI > 0.70,1,1,Auditoría espectral preliminar SINAC SRC10 2021,Alerta exploratoria; no constituye validación temática definitiva
7404,S2SR_llenado_SRC10_000013402,SRC10_0007404,130838,SRC10_CRI_2021__XY__dad040783212,SRC10_CRI_2021__XYY__06654e1460d9,SRC10_CRI_2021__XYC__3cdf50f8fa83,-85.412495,10.120358,Costa Rica,CRI,"SINAC - Malla de Entrenamientos del Mapa de Bosques 2021, Costa Rica",10,2021,2,1,Bosque secundario,Forestal,1,12,2021.0,2021.0,12,0,40,3.3333333333333335,3.0,1.25,2.2916666666666665,0.6821245952679474,0.7544472283261745,0.3788968824940048,0.8231604049661906,0.711790981244361,0.7804329026745953,0.4194319880418534,0.8521823636330637,0.5046620630203721,0.5334973796528604,0.3053263315828957,0.637060532811241,1,1,1,2,Bosque secundario,1,Forestal,0,0,0,0,Costa Rica,CRI,"SINAC - Malla de Entrenamientos del Mapa de Bosques 2021, Costa Rica",10,2021,2,1,Bosque secundario,Forestal,vegetacion_forestal_esperada,0,0,0,0,none,Señal compatible con bosque maduro/secundario,0,0,False,True,False,0.7712158297445996,0.9189354731776961,0.530325036887612,0.7050727457771098,1,0,0,1,media,Revisar en control de calidad temático/espectral,rareza_espectral_por_clase_anio,1,1,Auditoría espectral preliminar SINAC SRC10 2021,Alerta exploratoria; no constituye validación temática definitiva
7417,S2SR_llenado_SRC10_000013240,SRC10_0007417,130858,SRC10_CRI_2021__XY__7c4e906e12a2,SRC10_CRI_2021__XYY__d64a8d3ef98d,SRC10_CRI_2021__XYC__0c430f38cbc6,-85.41935,10.239785,Costa Rica,CRI,"SINAC - Malla de Entrenamientos del Mapa de Bosques 2021, Costa Rica",10,2021,2,1,Bosque secundario,Forestal,1,12,2021.0,2021.0,12,0,39,3.25,3.5,1.0,0.9583333333333334,0.7263132899666563,0.8075134516141833,0.2878508502356074,0.857142857142857,0.7494919980918243,0.8258558327710694,0.3487466536870284,0.871374527112232,0.46887551195136684,0.4945578011513636,0.2307692307692308,0.5611310234966149,1,1,1,2,Bosque secundario,1,Forestal,0,0,0,0,Costa Rica,CRI,"SINAC - Malla de Entrenamientos del Mapa de Bosques 2021, Costa Rica",10,2021,2,1,Bosque secundario,Forestal,vegetacion_forestal_esperada,0,0,0,0,none,Señal compatible con bosque maduro/secundario,0,0,False,False,True,0.7712158297445996,0.9189354731776961,0.530325036887612,0.7050727457771098,1,0,0,1,media,Revisar en control de calidad temático/espectral,rareza_espectral_por_clase_anio,1,1,Auditoría espectral preliminar SINAC SRC10 2021,Alerta exploratoria; no constituye validación temática definitiva
7418,S2SR_llenado_SRC10_000013389,SRC10_0007418,130860,SRC10_CRI_2021__XY__ed7855961101,SRC10_CRI_2021__XYY__ce46571d293e,SRC10_CRI_2021__XYC__46fb474edcb2,-85.413069,10.250672,Costa Rica,CRI,"SINAC - Malla de Entrenamientos del Mapa de Bosques 2021, Costa Rica",10,2021,8,8,Pastos,Pastos,1,12,2021.0,2021.0,12,0,36,3.0,2.5,1.0,1.2083333333333333,0.7581208544028399,0.8316615930200862,0.5245877299637023,0.8789305787634817,0.7773517983201436,0.8497313281767749,0.5527244165072901,0.888572323051065,0.5532376812158752,0.6139089449730808,0.3602595608582885,0.6538103644900566,1,1,1,8,Pastos,8,Pastos,0,0,0,0,Costa Rica,CRI,"SINAC - Malla de Entrenamientos del Mapa de Bosques 2021, Costa Rica",10,2021,8,8,Pastos,Pastos,vegetacion_herbacea_estacional,0,0,0,0,medium,Pastos con NDVI > 0.70,0,1,True,False,True,0.3579307118757259,0.8591893481321201,0.23599846443899522,0.604345685823722,1,0,0,2,media,Revisar en control de calidad temático/espectral,regla_clase_media: Pastos con NDVI > 0.70,1,1,Auditoría espectral preliminar SINAC SRC10 2021,Alerta exploratoria; no constituye validación temática definitiva
7441,S2SR_llenado_SRC10_000013377,SRC10_0007441,130884,SRC10_CRI_2021__XY__43c8edce62cb,SRC10_CRI_2021__XYY__296c1b3ef2e1,SRC10_CRI_2021__XYC__664409ef32de,-85.413488,10.344787,Costa Rica,CRI,"SINAC - Malla de Entrenamientos del Mapa de Bosques 2021, Costa Rica",10,2021,2,1,Bosque secundario,Forestal,1,12,2021.0,2021.0,12,0,46,3.8333333333333335,4.0,1.5,1.5833333333333333,0.7338991623007175,0.7699954075368975,0.4307659483678259,0.9022479171954854,0.7517902265557829,0.7910745533811071,0.4675713430453002,0.9074013954355272,0.5126702237220743,0.5119509904692715,0.3206774613809789,0.6489874638379942,1,1,1,2,Bosque secundario,1,Forestal,0,0,0,0,Costa Rica,CRI,"SINAC - Malla de Entrenamientos del Mapa de Bosques 2021, Costa Rica",10,2021,2,1,Bosque secundario,Forestal,vegetacion_forestal_esperada,0,0,0,0,none,Señal compatible con bosque maduro/secundario,0,0,False,True,True,0.7712158297445996,0.9189354731776961,0.530325036887612,0.7050727457771098,1,0,0,1,media,Revisar en control de calidad temático/espectral,rareza_espectral_por_clase_anio,1,1,Auditoría espectral preliminar SINAC SRC10 2021,Alerta exploratoria; no constituye validación temática definitiva
7460,S2SR_llenado_SRC10_000013710,SRC10_0007460,131107,SRC10_CRI_2021__XY__59ce3e0082e0,SRC10_CRI_2021__XYY__a40200d831ef,SRC10_CRI_2021__XYC__1f309514176c,-85.399777,10.105932,Costa Rica,CRI,"SINAC - Malla de Entrenamientos del Mapa de Bosques 2021, Costa Rica",10,2021,2,1,Bosque secundario,Forestal,1,12,2021.0,2021.0,11,1,36,3.0,3.5,1.0,3.9545454545454546,0.7259492235402227,0.7558633273703041,0.4790600370986079,0.8992013219498761,0.743444167163538,0.7749407899856793,0.5205299518349494,0.90625,0.5166310238990585,0.5032541894361531,0.3364305728355307,0.6614241567814427,1,1,1,2,Bosque secundario,1,Forestal,0,0,0,0,Costa Rica,CRI,"SINAC - Malla de Entrenamientos del Mapa de Bosques 2021, Costa Rica",10,2021,2,1,Bosque secundario,Forestal,vegetacion_forestal_esperada,0,0,0,0,none,Señal compatible con bosque maduro/secundario,0,0,False,True,True,0.7712158297445996,0.9189354731776961,0.530325036887612,0.7050727457771098,1,0,0,1,media,Revisar en control de calidad temático/espectral,rareza_espectral_por_clase_anio,1,1,Auditoría espectral preliminar SINAC SRC10 2021,Alerta exploratoria; no constituye validación temática definitiva
7461,S2SR_llenado_SRC10_000013709,SRC10_0007461,131109,SRC10_CRI_2021__XY__0c552fae204f,SRC10_CRI_2021__XYY__b297df8e0dff,SRC10_CRI_2021__XYC__eeb516669bba,-85.399808,10.113172,Costa Rica,CRI,"SINAC - Malla de Entrenamientos del Mapa de Bosques 2021, Costa Rica",10,2021,2,1,Bosque secundario,Forestal,1,12,2021.0,2021.0,12,0,35,2.9166666666666665,3.0,1.75,2.9166666666666665,0.677079453832527,0.7390119300147298,0.3951185001768659,0.8829465186680121,0.6946365107474123,0.7494820660687871,0.4564526382708201,0.8922934076137419,0.48707030908442944,0.5249737889700772,0.3090415269205011,0.632032032032032,1,1,1,2,Bosque secundario,1,Forestal,0,0,0,0,Costa Rica,CRI,"SINAC - Malla de Entrenamientos del Mapa de Bosques 2021, Costa Rica",10,2021,2,1,Bosque secundario,Forestal,vegetacion_forestal_esperada,0,0,0,0,none,Señal compatible con bosque maduro/secundario,0,0,False,True,True,0.7712158297445996,0.9189354731776961,0.530325036887612,0.7050727457771098,1,0,0,1,media,Revisar en control de calidad temático/espectral,rareza_espectral_por_clase_anio,1,1,Auditoría espectral preliminar SINAC SRC10 2021,Alerta exploratoria; no constituye validación temática definitiva
7467,S2SR_llenado_SRC10_000013701,SRC10_0007467,131120,SRC10_CRI_2021__XY__d489915ef538,SRC10_CRI_2021__XYY__a79daffc4243,SRC10_CRI_2021__XYC__b38ed9d7a7f6,-85.400029,10.16385,Costa Rica,CRI,"SINAC - Malla de Entrenamientos del Mapa de Bosques 2021, Costa Rica",10,2021,8,8,Pastos,Pastos,1,12,2021.0,2021.0,12,0,35,2.9166666666666665,3.0,1.0,2.4583333333333335,0.781055368415994,0.8339977724004324,0.4828496042216358,0.876749032450134,0.8015088992007765,0.8515422749495636,0.5409836065573771,0.8918495297805643,0.5489672086865657,0.6118371993912233,0.3366221706326175,0.6347629796839729,1,1,1,8,Pastos,8,Pastos,0,0,0,0,Costa Rica,CRI,"SINAC - Malla de Entrenamientos del Mapa de Bosques 2021, Costa Rica",10,2021,8,8,Pastos,Pastos,vegetacion_herbacea_estacional,0,0,0,0,medium,Pastos con NDVI > 0.70,0,1,True,False,True,0.3579307118757259,0.8591893481321201,0.23599846443899522,0.604345685823722,1,0,0,2,media,Revisar en control de calidad temático/espectral,regla_clase_media: Pastos con NDVI > 0.70,1,1,Auditoría espectral preliminar SINAC SRC10 2021,Alerta exploratoria; no constituye validación temática definitiva
7509,S2SR_llenado_SRC10_000013666,SRC10_0007509,131173,SRC10_CRI_2021__XY__fb9a5b582bb4,SRC10_CRI_2021__XYY__2c7e4743cef4,SRC10_CRI_2021__XYC__773e301aa8ca,-85.401114,10.409998,Costa Rica,CRI,"SINAC - Malla de Entrenamientos del Mapa de Bosques 2021, Costa Rica",10,2021,2,1,Bosque secundario,Forestal,1,12,2021.0,2021.0,12,0,40,3.3333333333333335,4.0,9.0,8.375,0.4885797733662289,0.5012539558427559,0.2414485276958233,0.7145557655954631,0.51612831814901,0.5272893122686206,0.3245648617480623,0.7160764650579755,0.39733426392525856,0.396384355250871,0.2525347583139963,0.5668097281831188,1,1,1,2,Bosque secundario,1,Forestal,0,0,0,0,Costa Rica,CRI,"SINAC - Malla de Entrenamientos del Mapa de Bosques 2021, Costa Rica",10,2021,2,1,Bosque secundario,Forestal,vegetacion_forestal_esperada,0,0,0,0,none,Señal compatible con bosque maduro/secundario,0,0,False,True,True,0.7712158297445996,0.9189354731776961,0.530325036887612,0.7050727457771098,1,0,0,1,media,Revisar en control de calidad temático/espectral,rareza_espectral_por_clase_anio,1,1,Auditoría espectral preliminar SINAC SRC10 2021,Alerta exploratoria; no constituye validación temática definitiva
7529,S2SR_llenado_SRC10_000013893,SRC10_0007529,131379,SRC10_CRI_2021__XY__383b877afd1c,SRC10_CRI_2021__XYY__7fb10eb0d4f9,SRC10_CRI_2021__XYC__97a679abf21a,-85.394031,10.239894,Costa Rica,CRI,"SINAC - Malla de Entrenamientos del Mapa de Bosques 2021, Costa Rica",10,2021,2,1,Bosque secundario,Forestal,1,12,2021.0,2021.0,12,0,42,3.5,4.0,2.75,3.9166666666666665,0.6651744343609965,0.7215728741357756,0.3674443266171792,0.7860185417188674,0.6934480702223539,0.7501943481873161,0.418190685198732,0.7994834468185019,0.49707638212987076,0.5320438974183206,0.2853922452660054,0.5870445344129555,1,1,1,2,Bosque secundario,1,Forestal,0,0,0,0,Costa Rica,CRI,"SINAC - Malla de Entrenamientos del Mapa de Bosques 2021, Costa Rica",10,2021,2,1,Bosque secundario,Forestal,vegetacion_forestal_esperada,0,0,0,0,none,Señal compatible con bosque maduro/secundario,0,0,False,True,False,0.7712158297445996,0.9189354731776961,0.530325036887612,0.7050727457771098,1,0,0,1,media,Revisar en control de calidad temático/espectral,rareza_espectral_por_clase_anio,1,1,Auditoría espectral preliminar SINAC SRC10 2021,Alerta exploratoria; no constituye validación temática definitiva
7672,S2SR_llenado_SRC10_000014644,SRC10_0007672,131918,SRC10_CRI_2021__XY__38567adf95fc,SRC10_CRI_2021__XYY__b28ac07e8dba,SRC10_CRI_2021__XYC__aec73979e3f5,-85.369085,10.326879,Costa Rica,CRI,"SINAC - Malla de Entrenamientos del Mapa de Bosques 2021, Costa Rica",10,2021,2,1,Bosque secundario,Forestal,1,12,2021.0,2021.0,12,0,40,3.3333333333333335,3.5,2.5,2.5833333333333335,-0.033929724713044944,-0.028347478501292947,-0.22152466367713,0.0946208684381075,-0.04583493044647708,-0.0137557248700187,-0.3159420289855073,0.0907310704960835,-0.08860534389114288,-0.060626313067054904,-0.3295454545454545,0.0149331936075452,1,1,1,2,Bosque secundario,1,Forestal,0,0,0,0,Costa Rica,CRI,"SINAC - Malla de Entrenamientos del Mapa de Bosques 2021, Costa Rica",10,2021,2,1,Bosque secundario,Forestal,vegetacion_forestal_esperada,0,0,0,0,high,Bosque maduro/secundario con NDVI < 0.30 o NDRE < 0.06,1,0,True,True,True,0.7712158297445996,0.9189354731776961,0.530325036887612,0.7050727457771098,1,0,0,2,alta,Priorizar revisión temática y espectral,regla_clase_alta: Bosque maduro/secundario con NDVI < 0.30 o NDRE < 0.06,1,1,Auditoría espectral preliminar SINAC SRC10 2021,Alerta exploratoria; no constituye validación temática definitiva
7693,S2SR_llenado_SRC10_000014616,SRC10_0007693,131962,SRC10_CRI_2021__XY__3ec361aee919,SRC10_CRI_2021__XYY__29ae774238e7,SRC10_CRI_2021__XYC__12c54e61cfce,-85.369972,10.52959,Costa Rica,CRI,"SINAC - Malla de Entrenamientos del Mapa de Bosques 2021, Costa Rica",10,2021,8,8,Pastos,Pastos,1,12,2021.0,2021.0,12,0,37,3.0833333333333335,3.0,4.25,4.458333333333333,0.32778337428557763,0.21334728082908727,0.1479686105584877,0.8009685230024212,0.37258958275206133,0.264907776970352,0.1971286544071133,0.8172927317181595,0.252779854616393,0.17120342851174575,0.1192037050807216,0.632913920511284,1,1,1,8,Pastos,8,Pastos,0,0,0,0,Costa Rica,CRI,"SINAC - Malla de Entrenamientos del Mapa de Bosques 2021, Costa Rica",10,2021,8,8,Pastos,Pastos,vegetacion_herbacea_estacional,0,0,0,0,medium,Pastos con NDVI < 0.25,0,1,True,True,True,0.3579307118757259,0.8591893481321201,0.23599846443899522,0.604345685823722,1,0,0,2,media,Revisar en control de calidad temático/espectral,regla_clase_media: Pastos con NDVI < 0.25,1,1,Auditoría espectral preliminar SINAC SRC10 2021,Alerta exploratoria; no constituye validación temática definitiva
7742,S2SR_llenado_SRC10_000014876,SRC10_0007742,132207,SRC10_CRI_2021__XY__eca0770fb367,SRC10_CRI_2021__XYY__3d2225d9ca0a,SRC10_CRI_2021__XYC__a5b1b859cf9b,-85.356765,10.406569,Costa Rica,CRI,"SINAC - Malla de Entrenamientos del Mapa de Bosques 2021, Costa Rica",10,2021,2,1,Bosque secundario,Forestal,1,12,2021.0,2021.0,12,0,41,3.4166666666666665,3.5,1.0,2.4166666666666665,0.6779807684836102,0.7089507282750626,0.5179720015134317,0.8347209374036386,0.7041244155403373,0.7281860399559859,0.5597788527988943,0.8480946123521683,0.46553373100816975,0.47835222384152964,0.3691234455565665,0.5906633906633908,1,1,1,2,Bosque secundario,1,Forestal,0,0,0,0,Costa Rica,CRI,"SINAC - Malla de Entrenamientos del Mapa de Bosques 2021, Costa Rica",10,2021,2,1,Bosque secundario,Forestal,vegetacion_forestal_esperada,0,0,0,0,none,Señal compatible con bosque maduro/secundario,0,0,False,True,True,0.7712158297445996,0.9189354731776961,0.530325036887612,0.7050727457771098,1,0,0,1,media,Revisar en control de calidad temático/espectral,rareza_espectral_por_clase_anio,1,1,Auditoría espectral preliminar SINAC SRC10 2021,Alerta exploratoria; no constituye validación temática definitiva
7749,S2SR_llenado_SRC10_000015022,SRC10_0007749,132214,SRC10_CRI_2021__XY__491e4c131a0f,SRC10_CRI_2021__XYY__2eea3a7d7e04,SRC10_CRI_2021__XYC__a77070ab57e3,-85.35054,10.431935,Costa Rica,CRI,"SINAC - Malla de Entrenamientos del Mapa de Bosques 2021, Costa Rica",10,2021,2,1,Bosque secundario,Forestal,1,12,2021.0,2021.0,12,0,40,3.3333333333333335,3.0,2.0,2.0416666666666665,0.7435262675609932,0.7452396024952368,0.565189259139437,0.8615243504168264,0.7616229773016728,0.7627916561154042,0.5937122128174124,0.8674210441445895,0.5217208597750786,0.5205887150333695,0.3661570355014252,0.6147155324278251,1,1,1,2,Bosque secundario,1,Forestal,0,0,0,0,Costa Rica,CRI,"SINAC - Malla de Entrenamientos del Mapa de Bosques 2021, Costa Rica",10,2021,2,1,Bosque secundario,Forestal,vegetacion_forestal_esperada,0,0,0,0,none,Señal compatible con bosque maduro/secundario,0,0,False,True,True,0.7712158297445996,0.9189354731776961,0.530325036887612,0.7050727457771098,1,0,0,1,media,Revisar en control de calidad temático/espectral,rareza_espectral_por_clase_anio,1,1,Auditoría espectral preliminar SINAC SRC10 2021,Alerta exploratoria; no constituye validación temática definitiva
7814,S2SR_llenado_SRC10_000015318,SRC10_0007814,132499,SRC10_CRI_2021__XY__1506ac41a412,SRC10_CRI_2021__XYY__2cbe76561403,SRC10_CRI_2021__XYC__dc6afa27dc19,-85.337687,10.38855,Costa Rica,CRI,"SINAC - Malla de Entrenamientos del Mapa de Bosques 2021, Costa Rica",10,2021,2,1,Bosque secundario,Forestal,1,12,2021.0,2021.0,12,0,42,3.5,3.5,2.0,2.1666666666666665,0.5758248901558473,0.6087166531606416,0.2371342078708375,0.7919998596854095,0.6083365369074073,0.640285468530725,0.2821277653492419,0.81373837178746,0.407048005570179,0.42804444235623734,0.1899421128798842,0.5411784122792539,1,1,1,2,Bosque secundario,1,Forestal,0,0,0,0,Costa Rica,CRI,"SINAC - Malla de Entrenamientos del Mapa de Bosques 2021, Costa Rica",10,2021,2,1,Bosque secundario,Forestal,vegetacion_forestal_esperada,0,0,0,0,none,Señal compatible con bosque maduro/secundario,0,0,False,True,True,0.7712158297445996,0.9189354731776961,0.530325036887612,0.7050727457771098,1,0,0,1,media,Revisar en control de calidad temático/espectral,rareza_espectral_por_clase_anio,1,1,Auditoría espectral preliminar SINAC SRC10 2021,Alerta exploratoria; no constituye validación temática definitiva
7815,S2SR_llenado_SRC10_000015317,SRC10_0007815,132501,SRC10_CRI_2021__XY__6219e91b183e,SRC10_CRI_2021__XYY__b7f2e1a3f14c,SRC10_CRI_2021__XYC__c1731272ba18,-85.337718,10.39579,Costa Rica,CRI,"SINAC - Malla de Entrenamientos del Mapa de Bosques 2021, Costa Rica",10,2021,2,1,Bosque secundario,Forestal,1,12,2021.0,2021.0,12,0,40,3.3333333333333335,4.0,1.0,1.4583333333333333,0.6210583531594674,0.684157588843357,0.3722723164401009,0.8072609611027657,0.6546089522935277,0.7098153463778005,0.4238909855672436,0.8243506187609825,0.4398207769266386,0.48332653142626,0.2733397556409132,0.555351127806684,1,1,1,2,Bosque secundario,1,Forestal,0,0,0,0,Costa Rica,CRI,"SINAC - Malla de Entrenamientos del Mapa de Bosques 2021, Costa Rica",10,2021,2,1,Bosque secundario,Forestal,vegetacion_forestal_esperada,0,0,0,0,none,Señal compatible con bosque maduro/secundario,0,0,False,True,True,0.7712158297445996,0.9189354731776961,0.530325036887612,0.7050727457771098,1,0,0,1,media,Revisar en control de calidad temático/espectral,rareza_espectral_por_clase_anio,1,1,Auditoría espectral preliminar SINAC SRC10 2021,Alerta exploratoria; no constituye validación temática definitiva
7817,S2SR_llenado_SRC10_000015316,SRC10_0007817,132503,SRC10_CRI_2021__XY__2e59bec8bb2d,SRC10_CRI_2021__XYY__5d15c6a0bd42,SRC10_CRI_2021__XYC__f4c505b0dcae,-85.337749,10.403029,Costa Rica,CRI,"SINAC - Malla de Entrenamientos del Mapa de Bosques 2021, Costa Rica",10,2021,2,1,Bosque secundario,Forestal,1,12,2021.0,2021.0,12,0,43,3.5833333333333335,4.0,1.25,1.7916666666666667,0.6370247808359527,0.6667301190099145,0.4627476379758394,0.794238683127572,0.6636967443681433,0.69361558958444,0.4777494140266265,0.8107569721115537,0.43983784908955254,0.4630002735287312,0.2964591027783528,0.5469855992189407,1,1,1,2,Bosque secundario,1,Forestal,0,0,0,0,Costa Rica,CRI,"SINAC - Malla de Entrenamientos del Mapa de Bosques 2021, Costa Rica",10,2021,2,1,Bosque secundario,Forestal,vegetacion_forestal_esperada,0,0,0,0,none,Señal compatible con bosque maduro/secundario,0,0,False,True,True,0.7712158297445996,0.9189354731776961,0.530325036887612,0.7050727457771098,1,0,0,1,media,Revisar en control de calidad temático/espectral,rareza_espectral_por_clase_anio,1,1,Auditoría espectral preliminar SINAC SRC10 2021,Alerta exploratoria; no constituye validación temática definitiva
7818,S2SR_llenado_SRC10_000015174,SRC10_0007818,132504,SRC10_CRI_2021__XY__4034d2ab942f,SRC10_CRI_2021__XYY__3373c874cb82,SRC10_CRI_2021__XYC__17e188aae384,-85.344098,10.406623,Costa Rica,CRI,"SINAC - Malla de Entrenamientos del Mapa de Bosques 2021, Costa Rica",10,2021,2,1,Bosque secundario,Forestal,1,12,2021.0,2021.0,12,0,46,3.8333333333333335,4.0,1.75,1.75,0.6656451940874589,0.7284867034068228,0.4149098022169094,0.8523867491463573,0.6931488783878903,0.7493104548625371,0.4676463616970846,0.8657843287051334,0.4794807799624316,0.5204612039704659,0.3090909090909091,0.5955993859227586,1,1,1,2,Bosque secundario,1,Forestal,0,0,0,0,Costa Rica,CRI,"SINAC - Malla de Entrenamientos del Mapa de Bosques 2021, Costa Rica",10,2021,2,1,Bosque secundario,Forestal,vegetacion_forestal_esperada,0,0,0,0,none,Señal compatible con bosque maduro/secundario,0,0,False,True,True,0.7712158297445996,0.9189354731776961,0.530325036887612,0.7050727457771098,1,0,0,1,media,Revisar en control de calidad temático/espectral,rareza_espectral_por_clase_anio,1,1,Auditoría espectral preliminar SINAC SRC10 2021,Alerta exploratoria; no constituye validación temática definitiva
7864,S2SR_llenado_SRC10_000015538,SRC10_0007864,132743,SRC10_CRI_2021__XY__a33d431f218c,SRC10_CRI_2021__XYY__6035685c9fc6,SRC10_CRI_2021__XYC__600e4ffeff18,-85.324356,10.229325,Costa Rica,CRI,"SINAC - Malla de Entrenamientos del Mapa de Bosques 2021, Costa Rica",10,2021,8,8,Pastos,Pastos,1,12,2021.0,2021.0,12,0,40,3.3333333333333335,3.0,2.0,3.375,0.2818063997724218,0.2695122508864123,0.1360691144708423,0.4661587040225904,0.33300311104629293,0.33416947812555875,0.1890179514255543,0.5108283719756992,0.21382170245780793,0.2085750824184444,0.1101799359132363,0.3235216696528327,1,1,1,8,Pastos,8,Pastos,0,0,0,0,Costa Rica,CRI,"SINAC - Malla de Entrenamientos del Mapa de Bosques 2021, Costa Rica",10,2021,8,8,Pastos,Pastos,vegetacion_herbacea_estacional,0,0,0,0,none,Señal compatible con pastos,0,0,False,True,True,0.3579307118757259,0.8591893481321201,0.23599846443899522,0.604345685823722,1,0,0,1,media,Revisar en control de calidad temático/espectral,rareza_espectral_por_clase_anio,1,1,Auditoría espectral preliminar SINAC SRC10 2021,Alerta exploratoria; no constituye validación temática definitiva
7900,S2SR_llenado_SRC10_000015398,SRC10_0007900,132801,SRC10_CRI_2021__XY__41c17eb68da0,SRC10_CRI_2021__XYY__bbf9e665b79d,SRC10_CRI_2021__XYC__9bd20d5fb73b,-85.331801,10.493553,Costa Rica,CRI,"SINAC - Malla de Entrenamientos del Mapa de Bosques 2021, Costa Rica",10,2021,8,8,Pastos,Pastos,1,12,2021.0,2021.0,12,0,39,3.25,3.0,3.0,2.5,0.3199874778474942,0.2859380125701722,0.231782324436508,0.522373540856031,0.3754395970853255,0.35486937825358045,0.2893320053272475,0.5446325063760723,0.24189339370525087,0.2373635298922997,0.1764706507339762,0.3326665333066613,1,1,1,8,Pastos,8,Pastos,0,0,0,0,Costa Rica,CRI,"SINAC - Malla de Entrenamientos del Mapa de Bosques 2021, Costa Rica",10,2021,8,8,Pastos,Pastos,vegetacion_herbacea_estacional,0,0,0,0,none,Señal compatible con pastos,0,0,False,True,False,0.3579307118757259,0.8591893481321201,0.23599846443899522,0.604345685823722,1,0,0,1,media,Revisar en control de calidad temático/espectral,rareza_espectral_por_clase_anio,1,1,Auditoría espectral preliminar SINAC SRC10 2021,Alerta exploratoria; no constituye validación temática definitiva
7908,S2SR_llenado_SRC10_000015495,SRC10_0007908,132812,SRC10_CRI_2021__XY__4165ff779ef2,SRC10_CRI_2021__XYY__a78ff92a670d,SRC10_CRI_2021__XYC__c136e453eadb,-85.325667,10.540638,Costa Rica,CRI,"SINAC - Malla de Entrenamientos del Mapa de Bosques 2021, Costa Rica",10,2021,2,1,Bosque secundario,Forestal,1,12,2021.0,2021.0,12,0,40,3.3333333333333335,3.0,1.0,3.8333333333333335,0.7402752564331262,0.7599789467538824,0.5783031988873435,0.8440950150552025,0.765947951021024,0.7958836749263425,0.608944099378882,0.8587878787878789,0.5265011100177783,0.5446917947720744,0.4340124003542959,0.6007306889352818,1,1,1,2,Bosque secundario,1,Forestal,0,0,0,0,Costa Rica,CRI,"SINAC - Malla de Entrenamientos del Mapa de Bosques 2021, Costa Rica",10,2021,2,1,Bosque secundario,Forestal,vegetacion_forestal_esperada,0,0,0,0,none,Señal compatible con bosque maduro/secundario,0,0,False,True,False,0.7712158297445996,0.9189354731776961,0.530325036887612,0.7050727457771098,1,0,0,1,media,Revisar en control de calidad temático/espectral,rareza_espectral_por_clase_anio,1,1,Auditoría espectral preliminar SINAC SRC10 2021,Alerta exploratoria; no constituye validación temática definitiva
7948,S2SR_llenado_SRC10_000015744,SRC10_0007948,133056,SRC10_CRI_2021__XY__3358ee1e58aa,SRC10_CRI_2021__XYY__5a39b2d30761,SRC10_CRI_2021__XYC__b40505fea53f,-85.312144,10.337975,Costa Rica,CRI,"SINAC - Malla de Entrenamientos del Mapa de Bosques 2021, Costa Rica",10,2021,2,1,Bosque secundario,Forestal,1,12,2021.0,2021.0,12,0,42,3.5,3.5,1.0,1.2916666666666667,0.7599497580130441,0.761509977644307,0.6411263916175507,0.8475626178292487,0.7777534516546155,0.7812263702192361,0.6734207389749701,0.8640076886112447,0.5136736013727564,0.5074087890804244,0.4319224885262621,0.5972822730080297,1,1,1,2,Bosque secundario,1,Forestal,0,0,0,0,Costa Rica,CRI,"SINAC - Malla de Entrenamientos del Mapa de Bosques 2021, Costa Rica",10,2021,2,1,Bosque secundario,Forestal,vegetacion_forestal_esperada,0,0,0,0,none,Señal compatible con bosque maduro/secundario,0,0,False,True,True,0.7712158297445996,0.9189354731776961,0.530325036887612,0.7050727457771098,1,0,0,1,media,Revisar en control de calidad temático/espectral,rareza_espectral_por_clase_anio,1,1,Auditoría espectral preliminar SINAC SRC10 2021,Alerta exploratoria; no constituye validación temática definitiva
8021,S2SR_llenado_SRC10_000015938,SRC10_0008021,133369,SRC10_CRI_2021__XY__c6000033d5ad,SRC10_CRI_2021__XYY__6f06acbe8a4e,SRC10_CRI_2021__XYC__60f29836a6e4,-85.30014,10.497304,Costa Rica,CRI,"SINAC - Malla de Entrenamientos del Mapa de Bosques 2021, Costa Rica",10,2021,8,8,Pastos,Pastos,1,12,2021.0,2021.0,12,0,41,3.4166666666666665,3.0,3.75,6.708333333333333,0.3066308534749344,0.27087431583146965,0.1707556427870461,0.5153889199776162,0.3512821360112352,0.3125605395128199,0.2095416276894293,0.552107576933023,0.22751817260945273,0.19905983030190005,0.1175178473366282,0.3700068477516549,1,1,1,8,Pastos,8,Pastos,0,0,0,0,Costa Rica,CRI,"SINAC - Malla de Entrenamientos del Mapa de Bosques 2021, Costa Rica",10,2021,8,8,Pastos,Pastos,vegetacion_herbacea_estacional,0,0,0,0,none,Señal compatible con pastos,0,0,False,True,True,0.3579307118757259,0.8591893481321201,0.23599846443899522,0.604345685823722,1,0,0,1,media,Revisar en control de calidad temático/espectral,rareza_espectral_por_clase_anio,1,1,Auditoría espectral preliminar SINAC SRC10 2021,Alerta exploratoria; no constituye validación temática definitiva
8024,S2SR_llenado_SRC10_000015831,SRC10_0008024,133372,SRC10_CRI_2021__XY__d92caa185b12,SRC10_CRI_2021__XYY__42038b5aadfd,SRC10_CRI_2021__XYC__f95be12546c0,-85.306521,10.508138,Costa Rica,CRI,"SINAC - Malla de Entrenamientos del Mapa de Bosques 2021, Costa Rica",10,2021,8,8,Pastos,Pastos,1,12,2021.0,2021.0,12,0,40,3.3333333333333335,3.0,1.25,1.5416666666666667,0.42507647435013246,0.33346361881011777,0.2010438612391753,0.7061927242432657,0.4680762154273818,0.3900965759311676,0.2495579043642054,0.7328282828282828,0.29460503670774746,0.24678442690843122,0.1494736385033786,0.4688853189236555,1,1,1,8,Pastos,8,Pastos,0,0,0,0,Costa Rica,CRI,"SINAC - Malla de Entrenamientos del Mapa de Bosques 2021, Costa Rica",10,2021,8,8,Pastos,Pastos,vegetacion_herbacea_estacional,0,0,0,0,none,Señal compatible con pastos,0,0,False,True,False,0.3579307118757259,0.8591893481321201,0.23599846443899522,0.604345685823722,1,0,0,1,media,Revisar en control de calidad temático/espectral,rareza_espectral_por_clase_anio,1,1,Auditoría espectral preliminar SINAC SRC10 2021,Alerta exploratoria; no constituye validación temática definitiva
8041,S2SR_llenado_SRC10_000016149,SRC10_0008041,133592,SRC10_CRI_2021__XY__4efbe266d5ca,SRC10_CRI_2021__XYY__a93e64b95985,SRC10_CRI_2021__XYC__64cc21bc68d1,-85.292341,10.138952,Costa Rica,CRI,"SINAC - Malla de Entrenamientos del Mapa de Bosques 2021, Costa Rica",10,2021,8,8,Pastos,Pastos,1,12,2021.0,2021.0,12,0,40,3.3333333333333335,3.5,4.75,6.333333333333333,0.3229954427185963,0.32833666275496953,0.190345600978693,0.5503607156505395,0.3987235388534875,0.4198842689805866,0.2449335770679357,0.5871828148367879,0.1711485873369406,0.18345987504555575,0.0691211908193994,0.3227337240179471,1,1,1,8,Pastos,8,Pastos,0,0,0,0,Costa Rica,CRI,"SINAC - Malla de Entrenamientos del Mapa de Bosques 2021, Costa Rica",10,2021,8,8,Pastos,Pastos,vegetacion_herbacea_estacional,0,0,0,0,none,Señal compatible con pastos,0,0,False,True,True,0.3579307118757259,0.8591893481321201,0.23599846443899522,0.604345685823722,1,0,0,1,media,Revisar en control de calidad temático/espectral,rareza_espectral_por_clase_anio,1,1,Auditoría espectral preliminar SINAC SRC10 2021,Alerta exploratoria; no constituye validación temática definitiva
8045,S2SR_llenado_SRC10_000016146,SRC10_0008045,133597,SRC10_CRI_2021__XY__c5d6e7e72e02,SRC10_CRI_2021__XYY__e7c08a5e4963,SRC10_CRI_2021__XYC__9547217f2025,-85.292428,10.160672,Costa Rica,CRI,"SINAC - Malla de Entrenamientos del Mapa de Bosques 2021, Costa Rica",10,2021,2,1,Bosque secundario,Forestal,1,12,2021.0,2021.0,12,0,37,3.0833333333333335,3.0,1.0,8.25,0.7948833177431055,0.7613891724225516,0.7082014388489208,0.8952646239554317,0.8096121858863835,0.7901605431268697,0.730534148285942,0.9043419267299864,0.5633750356841131,0.5502899565285763,0.4708093209721875,0.6459111664591117,1,1,1,2,Bosque secundario,1,Forestal,0,0,0,0,Costa Rica,CRI,"SINAC - Malla de Entrenamientos del Mapa de Bosques 2021, Costa Rica",10,2021,2,1,Bosque secundario,Forestal,vegetacion_forestal_esperada,0,0,0,0,none,Señal compatible con bosque maduro/secundario,0,0,False,True,False,0.7712158297445996,0.9189354731776961,0.530325036887612,0.7050727457771098,1,0,0,1,media,Revisar en control de calidad temático/espectral,rareza_espectral_por_clase_anio,1,1,Auditoría espectral preliminar SINAC SRC10 2021,Alerta exploratoria; no constituye validación temática definitiva
8108,S2SR_llenado_SRC10_000016243,SRC10_0008108,133677,SRC10_CRI_2021__XY__05005429914c,SRC10_CRI_2021__XYY__c57cf672f6a1,SRC10_CRI_2021__XYC__b06527239c1d,-85.28765,10.540795,Costa Rica,CRI,"SINAC - Malla de Entrenamientos del Mapa de Bosques 2021, Costa Rica",10,2021,2,1,Bosque secundario,Forestal,1,12,2021.0,2021.0,12,0,41,3.4166666666666665,3.0,1.0,1.875,0.7264859161191874,0.7466361237716672,0.4929577464788732,0.887468030690537,0.7548337633732168,0.775668767319706,0.5510455104551045,0.898312918881442,0.5174552221116022,0.5300148806052174,0.362506753106429,0.6393176279447604,1,1,1,2,Bosque secundario,1,Forestal,0,0,0,0,Costa Rica,CRI,"SINAC - Malla de Entrenamientos del Mapa de Bosques 2021, Costa Rica",10,2021,2,1,Bosque secundario,Forestal,vegetacion_forestal_esperada,0,0,0,0,none,Señal compatible con bosque maduro/secundario,0,0,False,True,True,0.7712158297445996,0.9189354731776961,0.530325036887612,0.7050727457771098,1,0,0,1,media,Revisar en control de calidad temático/espectral,rareza_espectral_por_clase_anio,1,1,Auditoría espectral preliminar SINAC SRC10 2021,Alerta exploratoria; no constituye validación temática definitiva
8153,S2SR_llenado_SRC10_000016403,SRC10_0008153,133939,SRC10_CRI_2021__XY__72ec2505d8f9,SRC10_CRI_2021__XYY__1df5f78031d2,SRC10_CRI_2021__XYC__63d988380ed8,-85.280498,10.341723,Costa Rica,CRI,"SINAC - Malla de Entrenamientos del Mapa de Bosques 2021, Costa Rica",10,2021,2,1,Bosque secundario,Forestal,1,12,2021.0,2021.0,12,0,40,3.3333333333333335,3.5,1.0,3.0,0.7410014706658732,0.7674392841290392,0.5219985085756899,0.895804835435679,0.7678186015136563,0.7963089965889881,0.5734331150608044,0.9061020008067427,0.5281910804632558,0.5648226918117721,0.3697841726618704,0.6256392687936104,1,1,1,2,Bosque secundario,1,Forestal,0,0,0,0,Costa Rica,CRI,"SINAC - Malla de Entrenamientos del Mapa de Bosques 2021, Costa Rica",10,2021,2,1,Bosque secundario,Forestal,vegetacion_forestal_esperada,0,0,0,0,none,Señal compatible con bosque maduro/secundario,0,0,False,True,False,0.7712158297445996,0.9189354731776961,0.530325036887612,0.7050727457771098,1,0,0,1,media,Revisar en control de calidad temático/espectral,rareza_espectral_por_clase_anio,1,1,Auditoría espectral preliminar SINAC SRC10 2021,Alerta exploratoria; no constituye validación temática definitiva
8173,S2SR_llenado_SRC10_000016532,SRC10_0008173,133971,SRC10_CRI_2021__XY__387d8d09ecc2,SRC10_CRI_2021__XYY__fca04e76a345,SRC10_CRI_2021__XYC__14aa895824fd,-85.274799,10.497407,Costa Rica,CRI,"SINAC - Malla de Entrenamientos del Mapa de Bosques 2021, Costa Rica",10,2021,8,8,Pastos,Pastos,1,12,2021.0,2021.0,12,0,35,2.9166666666666665,3.0,2.0,3.4583333333333335,0.3004629553954519,0.24362141401756254,0.1463407740718665,0.512759643916914,0.3579949381307595,0.3271579143631414,0.2024065320154705,0.5614330283385682,0.23028414126182475,0.19943868769719325,0.1187524990003998,0.3986797621196881,1,1,1,8,Pastos,8,Pastos,0,0,0,0,Costa Rica,CRI,"SINAC - Malla de Entrenamientos del Mapa de Bosques 2021, Costa Rica",10,2021,8,8,Pastos,Pastos,vegetacion_herbacea_estacional,0,0,0,0,medium,Pastos con NDVI < 0.25,0,1,True,True,True,0.3579307118757259,0.8591893481321201,0.23599846443899522,0.604345685823722,1,0,0,2,media,Revisar en control de calidad temático/espectral,regla_clase_media: Pastos con NDVI < 0.25,1,1,Auditoría espectral preliminar SINAC SRC10 2021,Alerta exploratoria; no constituye validación temática definitiva
8188,S2SR_llenado_SRC10_000016760,SRC10_0008188,134194,SRC10_CRI_2021__XY__b7590e2be593,SRC10_CRI_2021__XYY__d5378d5b923e,SRC10_CRI_2021__XYC__11e159276b0d,-85.266915,10.11009,Costa Rica,CRI,"SINAC - Malla de Entrenamientos del Mapa de Bosques 2021, Costa Rica",10,2021,8,8,Pastos,Pastos,1,12,2021.0,2021.0,12,0,37,3.0833333333333335,2.5,3.25,4.416666666666667,0.45413750035451755,0.3181070946204923,0.1481856882221771,0.8730323331083787,0.4918148689470041,0.36825830207504495,0.1892726220335713,0.8832197898704612,0.3105611101956513,0.2335257492674681,0.1166666666666666,0.5750848851715813,1,1,1,8,Pastos,8,Pastos,0,0,0,0,Costa Rica,CRI,"SINAC - Malla de Entrenamientos del Mapa de Bosques 2021, Costa Rica",10,2021,8,8,Pastos,Pastos,vegetacion_herbacea_estacional,0,0,0,0,none,Señal compatible con pastos,0,0,False,True,True,0.3579307118757259,0.8591893481321201,0.23599846443899522,0.604345685823722,1,0,0,1,media,Revisar en control de calidad temático/espectral,rareza_espectral_por_clase_anio,1,1,Auditoría espectral preliminar SINAC SRC10 2021,Alerta exploratoria; no constituye validación temática definitiva
8235,S2SR_llenado_SRC10_000016904,SRC10_0008235,134255,SRC10_CRI_2021__XY__5bde99f465b1,SRC10_CRI_2021__XYY__20f5086667cd,SRC10_CRI_2021__XYC__87f04743d9e6,-85.261893,10.439538,Costa Rica,CRI,"SINAC - Malla de Entrenamientos del Mapa de Bosques 2021, Costa Rica",10,2021,8,8,Pastos,Pastos,1,12,2021.0,2021.0,12,0,40,3.3333333333333335,3.0,2.0,2.375,0.4246472034426892,0.33481442315437204,0.2118564742589704,0.6477680404116868,0.46578993221827947,0.3885787557801045,0.2617420066152149,0.6857546558726964,0.30708033976882293,0.2506824211790223,0.1747311827956989,0.4671196402864406,1,1,1,8,Pastos,8,Pastos,0,0,0,0,Costa Rica,CRI,"SINAC - Malla de Entrenamientos del Mapa de Bosques 2021, Costa Rica",10,2021,8,8,Pastos,Pastos,vegetacion_herbacea_estacional,0,0,0,0,none,Señal compatible con pastos,0,0,False,True,False,0.3579307118757259,0.8591893481321201,0.23599846443899522,0.604345685823722,1,0,0,1,media,Revisar en control de calidad temático/espectral,rareza_espectral_por_clase_anio,1,1,Auditoría espectral preliminar SINAC SRC10 2021,Alerta exploratoria; no constituye validación temática definitiva
8239,S2SR_llenado_SRC10_000016691,SRC10_0008239,134260,SRC10_CRI_2021__XY__caa642a79eb1,SRC10_CRI_2021__XYY__424a4eba91c5,SRC10_CRI_2021__XYC__803721ac88a7,-85.268331,10.464853,Costa Rica,CRI,"SINAC - Malla de Entrenamientos del Mapa de Bosques 2021, Costa Rica",10,2021,8,8,Pastos,Pastos,1,12,2021.0,2021.0,12,0,38,3.1666666666666665,3.0,1.5,2.1666666666666665,0.4792623066519397,0.3439700272769035,0.1758460517584605,0.8523821245274021,0.520314181529654,0.4140435624427209,0.2332982086406744,0.8627075407573415,0.3319559025990324,0.279664424430141,0.1543294896433909,0.5568496375777638,1,1,1,8,Pastos,8,Pastos,0,0,0,0,Costa Rica,CRI,"SINAC - Malla de Entrenamientos del Mapa de Bosques 2021, Costa Rica",10,2021,8,8,Pastos,Pastos,vegetacion_herbacea_estacional,0,0,0,0,none,Señal compatible con pastos,0,0,False,True,False,0.3579307118757259,0.8591893481321201,0.23599846443899522,0.604345685823722,1,0,0,1,media,Revisar en control de calidad temático/espectral,rareza_espectral_por_clase_anio,1,1,Auditoría espectral preliminar SINAC SRC10 2021,Alerta exploratoria; no constituye validación temática definitiva
8248,S2SR_llenado_SRC10_000016891,SRC10_0008248,134269,SRC10_CRI_2021__XY__ceddd274f6a5,SRC10_CRI_2021__XYY__1c510ce7a83d,SRC10_CRI_2021__XYC__c90ebb89dbe6,-85.262157,10.504698,Costa Rica,CRI,"SINAC - Malla de Entrenamientos del Mapa de Bosques 2021, Costa Rica",10,2021,8,8,Pastos,Pastos,1,12,2021.0,2021.0,12,0,39,3.25,3.0,2.5,4.625,0.4045951010910796,0.3383243133471094,0.1888501742160279,0.6839124839124838,0.4376638159728707,0.38623187898633055,0.2175333514838007,0.7085904129093498,0.2915563367000329,0.2588117389690302,0.1404682274247491,0.4817863757974892,1,1,1,8,Pastos,8,Pastos,0,0,0,0,Costa Rica,CRI,"SINAC - Malla de Entrenamientos del Mapa de Bosques 2021, Costa Rica",10,2021,8,8,Pastos,Pastos,vegetacion_herbacea_estacional,0,0,0,0,none,Señal compatible con pastos,0,0,False,True,False,0.3579307118757259,0.8591893481321201,0.23599846443899522,0.604345685823722,1,0,0,1,media,Revisar en control de calidad temático/espectral,rareza_espectral_por_clase_anio,1,1,Auditoría espectral preliminar SINAC SRC10 2021,Alerta exploratoria; no constituye validación temática definitiva
8264,S2SR_llenado_SRC10_000017234,SRC10_0008264,134483,SRC10_CRI_2021__XY__8b2948bb7884,SRC10_CRI_2021__XYY__295d6091843f,SRC10_CRI_2021__XYC__62c7ad5abcbb,-85.254683,10.218741,Costa Rica,CRI,"SINAC - Malla de Entrenamientos del Mapa de Bosques 2021, Costa Rica",10,2021,11,11,Humedal Palustre,Humedal Palustre,1,12,2021.0,2021.0,12,0,44,3.6666666666666665,3.5,15.5,15.083333333333334,0.11030494040684959,0.10652902900272254,0.0737050247236483,0.149300359298324,0.16669533996192498,0.15936282149715036,0.115409244729353,0.2417755414312618,0.08822695898066314,0.08624443729997415,0.0517853167839263,0.1484982049274485,1,1,1,11,Humedal Palustre,11,Humedal Palustre,0,0,0,0,Costa Rica,CRI,"SINAC - Malla de Entrenamientos del Mapa de Bosques 2021, Costa Rica",10,2021,11,11,Humedal Palustre,Humedal Palustre,humedal_mixto,0,0,0,0,none,Señal compatible con humedal palustre mixto,0,0,False,True,True,0.1316404514399923,1.1048266783351772,0.08945365545945422,0.7675428500656656,1,0,0,1,media,Revisar en control de calidad temático/espectral,rareza_espectral_por_clase_anio,1,1,Auditoría espectral preliminar SINAC SRC10 2021,Alerta exploratoria; no constituye validación temática definitiva
8284,S2SR_llenado_SRC10_000017495,SRC10_0008284,134513,SRC10_CRI_2021__XY__a9b176e8f1a5,SRC10_CRI_2021__XYY__2cc3aaddbd63,SRC10_CRI_2021__XYC__332320f51b64,-85.249023,10.388907,Costa Rica,CRI,"SINAC - Malla de Entrenamientos del Mapa de Bosques 2021, Costa Rica",10,2021,2,1,Bosque secundario,Forestal,1,12,2021.0,2021.0,12,0,41,3.4166666666666665,3.5,1.0,2.5,0.7040522493462862,0.7157675784331736,0.4282134803307442,0.877889447236181,0.7242190459911235,0.7372974772221138,0.465340909090909,0.885942267073457,0.4960288061538938,0.4978185072872741,0.3058749738657746,0.6426819296811119,1,1,1,2,Bosque secundario,1,Forestal,0,0,0,0,Costa Rica,CRI,"SINAC - Malla de Entrenamientos del Mapa de Bosques 2021, Costa Rica",10,2021,2,1,Bosque secundario,Forestal,vegetacion_forestal_esperada,0,0,0,0,none,Señal compatible con bosque maduro/secundario,0,0,False,True,True,0.7712158297445996,0.9189354731776961,0.530325036887612,0.7050727457771098,1,0,0,1,media,Revisar en control de calidad temático/espectral,rareza_espectral_por_clase_anio,1,1,Auditoría espectral preliminar SINAC SRC10 2021,Alerta exploratoria; no constituye validación temática definitiva
8304,S2SR_llenado_SRC10_000017471,SRC10_0008304,134536,SRC10_CRI_2021__XY__3eb16e9ff9d4,SRC10_CRI_2021__XYY__2b7f8f9da8a4,SRC10_CRI_2021__XYC__41439c29a157,-85.249573,10.526468,Costa Rica,CRI,"SINAC - Malla de Entrenamientos del Mapa de Bosques 2021, Costa Rica",10,2021,8,8,Pastos,Pastos,1,12,2021.0,2021.0,12,0,23,1.9166666666666667,2.0,37.0,36.833333333333336,0.19965124605558618,0.1703716012930728,0.122051282051282,0.3831739013574777,0.2784128828980373,0.2624575605178333,0.1747240197944423,0.4454466104160605,0.11005204075226749,0.09985636176054966,0.0573539760731878,0.2445797991954341,1,1,1,8,Pastos,8,Pastos,0,0,0,0,Costa Rica,CRI,"SINAC - Malla de Entrenamientos del Mapa de Bosques 2021, Costa Rica",10,2021,8,8,Pastos,Pastos,vegetacion_herbacea_estacional,0,0,0,0,high,Pastos con NDVI < 0.18,1,0,True,True,True,0.3579307118757259,0.8591893481321201,0.23599846443899522,0.604345685823722,1,0,0,2,alta,Priorizar revisión temática y espectral,regla_clase_alta: Pastos con NDVI < 0.18,1,1,Auditoría espectral preliminar SINAC SRC10 2021,Alerta exploratoria; no constituye validación temática definitiva
8309,S2SR_llenado_SRC10_000017466,SRC10_0008309,134542,SRC10_CRI_2021__XY__7185f86ee50f,SRC10_CRI_2021__XYY__bb5b355ca318,SRC10_CRI_2021__XYC__5fbc6201b5b5,-85.24969,10.555428,Costa Rica,CRI,"SINAC - Malla de Entrenamientos del Mapa de Bosques 2021, Costa Rica",10,2021,2,1,Bosque secundario,Forestal,1,12,2021.0,2021.0,12,0,39,3.25,3.0,2.0,4.083333333333333,0.4720033676068928,0.5060322118434,0.2981842535458413,0.6732449045616306,0.5153078711606057,0.5472078737097903,0.3500956795528508,0.6983273596176822,0.34075877153041784,0.3539095477663114,0.2287838615530069,0.4545919672550524,1,1,1,2,Bosque secundario,1,Forestal,0,0,0,0,Costa Rica,CRI,"SINAC - Malla de Entrenamientos del Mapa de Bosques 2021, Costa Rica",10,2021,2,1,Bosque secundario,Forestal,vegetacion_forestal_esperada,0,0,0,0,none,Señal compatible con bosque maduro/secundario,0,0,False,True,True,0.7712158297445996,0.9189354731776961,0.530325036887612,0.7050727457771098,1,0,0,1,media,Revisar en control de calidad temático/espectral,rareza_espectral_por_clase_anio,1,1,Auditoría espectral preliminar SINAC SRC10 2021,Alerta exploratoria; no constituye validación temática definitiva
8312,S2SR_llenado_SRC10_000018020,SRC10_0008312,134725,SRC10_CRI_2021__XY__3ff69abd0964,SRC10_CRI_2021__XYY__4c93051cd44b,SRC10_CRI_2021__XYC__d0247cec1652,-85.235317,10.121071,Costa Rica,CRI,"SINAC - Malla de Entrenamientos del Mapa de Bosques 2021, Costa Rica",10,2021,10,10,Agua,Agua,1,12,2021.0,2021.0,12,0,38,3.1666666666666665,3.0,1.0,1.0,-0.3615068801863002,-0.378906596048608,-0.6293706293706295,-0.1338873115531171,-0.3863956332916651,-0.39877966817727933,-0.6845878136200716,-0.1470538560934053,-0.37944702613408055,-0.3913332600662083,-0.6348547717842323,-0.1327442500496032,1,1,1,10,Agua,10,Agua,0,0,0,0,Costa Rica,CRI,"SINAC - Malla de Entrenamientos del Mapa de Bosques 2021, Costa Rica",10,2021,10,10,Agua,Agua,agua_baja_vegetacion,0,0,0,0,none,Señal compatible con agua,0,0,False,True,True,-0.2862358259768516,0.059073586474462064,-0.3764822402677975,0.1443525126502076,1,0,0,1,media,Revisar en control de calidad temático/espectral,rareza_espectral_por_clase_anio,1,1,Auditoría espectral preliminar SINAC SRC10 2021,Alerta exploratoria; no constituye validación temática definitiva
8351,S2SR_llenado_SRC10_000017975,SRC10_0008351,134775,SRC10_CRI_2021__XY__6225946d2ff6,SRC10_CRI_2021__XYY__fd1ec560f564,SRC10_CRI_2021__XYC__92976756352c,-85.236385,10.396196,Costa Rica,CRI,"SINAC - Malla de Entrenamientos del Mapa de Bosques 2021, Costa Rica",10,2021,2,1,Bosque secundario,Forestal,1,12,2021.0,2021.0,12,0,44,3.6666666666666665,4.0,1.0,1.4166666666666667,0.7068227478555934,0.7306733857613988,0.3880952286283435,0.9021825796672244,0.7329031244564899,0.7602238608504837,0.4343487810632334,0.9110494993967052,0.5118063710458564,0.5000724413261741,0.2888993275150926,0.6742094975182761,1,1,1,2,Bosque secundario,1,Forestal,0,0,0,0,Costa Rica,CRI,"SINAC - Malla de Entrenamientos del Mapa de Bosques 2021, Costa Rica",10,2021,2,1,Bosque secundario,Forestal,vegetacion_forestal_esperada,0,0,0,0,none,Señal compatible con bosque maduro/secundario,0,0,False,True,True,0.7712158297445996,0.9189354731776961,0.530325036887612,0.7050727457771098,1,0,0,1,media,Revisar en control de calidad temático/espectral,rareza_espectral_por_clase_anio,1,1,Auditoría espectral preliminar SINAC SRC10 2021,Alerta exploratoria; no constituye validación temática definitiva
8373,S2SR_llenado_SRC10_000018438,SRC10_0008373,134985,SRC10_CRI_2021__XY__2a3e46a7aa23,SRC10_CRI_2021__XYY__9d1cfc0a0855,SRC10_CRI_2021__XYC__1a61ea708172,-85.222579,10.099397,Costa Rica,CRI,"SINAC - Malla de Entrenamientos del Mapa de Bosques 2021, Costa Rica",10,2021,10,10,Agua,Agua,1,12,2021.0,2021.0,12,0,42,3.5,3.5,0.75,2.5,-0.2579681576880924,-0.3038359741220666,-0.4463768115942028,0.069069069069069,-0.28836662124312407,-0.3011055100668014,-0.5667189952904238,0.0255402750491159,-0.29706187262885186,-0.31348719954534143,-0.5625990491283677,-0.0128593040847201,1,1,1,10,Agua,10,Agua,0,0,0,0,Costa Rica,CRI,"SINAC - Malla de Entrenamientos del Mapa de Bosques 2021, Costa Rica",10,2021,10,10,Agua,Agua,agua_baja_vegetacion,0,0,0,0,none,Señal compatible con agua,0,0,False,True,False,-0.2862358259768516,0.059073586474462064,-0.3764822402677975,0.1443525126502076,1,0,0,1,media,Revisar en control de calidad temático/espectral,rareza_espectral_por_clase_anio,1,1,Auditoría espectral preliminar SINAC SRC10 2021,Alerta exploratoria; no constituye validación temática definitiva
8397,S2SR_llenado_SRC10_000018381,SRC10_0008397,135021,SRC10_CRI_2021__XY__a4d7c6c7ed87,SRC10_CRI_2021__XYY__27b419a19532,SRC10_CRI_2021__XYC__f67c64504ddd,-85.223888,10.439686,Costa Rica,CRI,"SINAC - Malla de Entrenamientos del Mapa de Bosques 2021, Costa Rica",10,2021,8,8,Pastos,Pastos,1,12,2021.0,2021.0,12,0,41,3.4166666666666665,3.0,3.0,4.833333333333333,0.37977563174141077,0.3189426692881975,0.1303191489361702,0.7645437000275709,0.4297767984377748,0.3681097849257643,0.1841929002009377,0.7834136444331726,0.2763090735526806,0.23920871110785757,0.1085321298087255,0.5451549110085695,1,1,1,8,Pastos,8,Pastos,0,0,0,0,Costa Rica,CRI,"SINAC - Malla de Entrenamientos del Mapa de Bosques 2021, Costa Rica",10,2021,8,8,Pastos,Pastos,vegetacion_herbacea_estacional,0,0,0,0,none,Señal compatible con pastos,0,0,False,True,False,0.3579307118757259,0.8591893481321201,0.23599846443899522,0.604345685823722,1,0,0,1,media,Revisar en control de calidad temático/espectral,rareza_espectral_por_clase_anio,1,1,Auditoría espectral preliminar SINAC SRC10 2021,Alerta exploratoria; no constituye validación temática definitiva
8400,S2SR_llenado_SRC10_000018374,SRC10_0008400,135028,SRC10_CRI_2021__XY__849c60e8fdd2,SRC10_CRI_2021__XYY__37d421afc3d4,SRC10_CRI_2021__XYC__41446698bdce,-85.224086,10.490366,Costa Rica,CRI,"SINAC - Malla de Entrenamientos del Mapa de Bosques 2021, Costa Rica",10,2021,8,8,Pastos,Pastos,1,12,2021.0,2021.0,12,0,42,3.5,3.0,4.5,6.166666666666667,0.2531667113309875,0.18989692790661375,0.121077823081014,0.7294185377086932,0.29852666424684454,0.2395321601683355,0.1517536355859709,0.7436596673029725,0.19258079163303868,0.15257303291594948,0.0877363063499757,0.498114788437369,1,1,1,8,Pastos,8,Pastos,0,0,0,0,Costa Rica,CRI,"SINAC - Malla de Entrenamientos del Mapa de Bosques 2021, Costa Rica",10,2021,8,8,Pastos,Pastos,vegetacion_herbacea_estacional,0,0,0,0,medium,Pastos con NDVI < 0.25,0,1,True,True,True,0.3579307118757259,0.8591893481321201,0.23599846443899522,0.604345685823722,1,0,0,2,media,Revisar en control de calidad temático/espectral,regla_clase_media: Pastos con NDVI < 0.25,1,1,Auditoría espectral preliminar SINAC SRC10 2021,Alerta exploratoria; no constituye validación temática definitiva
8404,S2SR_llenado_SRC10_000018154,SRC10_0008404,135033,SRC10_CRI_2021__XY__34f5e98a9c0d,SRC10_CRI_2021__XYY__79d01f5759b0,SRC10_CRI_2021__XYC__d334620e033d,-85.230522,10.515682,Costa Rica,CRI,"SINAC - Malla de Entrenamientos del Mapa de Bosques 2021, Costa Rica",10,2021,2,1,Bosque secundario,Forestal,1,12,2021.0,2021.0,12,0,36,3.0,3.0,1.75,2.0,0.6651907714084152,0.6515554612989317,0.4001021972406745,0.8724516466283326,0.6919523540467191,0.6857541720727622,0.4325761237312711,0.8833094213295075,0.48410904305255253,0.47716510195947803,0.2926297426951591,0.6452893252559015,1,1,1,2,Bosque secundario,1,Forestal,0,0,0,0,Costa Rica,CRI,"SINAC - Malla de Entrenamientos del Mapa de Bosques 2021, Costa Rica",10,2021,2,1,Bosque secundario,Forestal,vegetacion_forestal_esperada,0,0,0,0,none,Señal compatible con bosque maduro/secundario,0,0,False,True,True,0.7712158297445996,0.9189354731776961,0.530325036887612,0.7050727457771098,1,0,0,1,media,Revisar en control de calidad temático/espectral,rareza_espectral_por_clase_anio,1,1,Auditoría espectral preliminar SINAC SRC10 2021,Alerta exploratoria; no constituye validación temática definitiva
8405,S2SR_llenado_SRC10_000018152,SRC10_0008405,135034,SRC10_CRI_2021__XY__302f8219fcb1,SRC10_CRI_2021__XYY__cfa33c24546b,SRC10_CRI_2021__XYC__8d7042592586,-85.230551,10.522922,Costa Rica,CRI,"SINAC - Malla de Entrenamientos del Mapa de Bosques 2021, Costa Rica",10,2021,8,8,Pastos,Pastos,1,12,2021.0,2021.0,12,0,36,3.0,3.0,1.5,2.3333333333333335,0.4487308567121521,0.3003680638134313,0.1969616508219449,0.7893884312408779,0.49302851253213004,0.3513667499871508,0.2512760476362008,0.8143726726080461,0.32098688730128944,0.23114802973847515,0.170849943335904,0.5442133660638544,1,1,1,8,Pastos,8,Pastos,0,0,0,0,Costa Rica,CRI,"SINAC - Malla de Entrenamientos del Mapa de Bosques 2021, Costa Rica",10,2021,8,8,Pastos,Pastos,vegetacion_herbacea_estacional,0,0,0,0,none,Señal compatible con pastos,0,0,False,True,True,0.3579307118757259,0.8591893481321201,0.23599846443899522,0.604345685823722,1,0,0,1,media,Revisar en control de calidad temático/espectral,rareza_espectral_por_clase_anio,1,1,Auditoría espectral preliminar SINAC SRC10 2021,Alerta exploratoria; no constituye validación temática definitiva
8406,S2SR_llenado_SRC10_000018149,SRC10_0008406,135036,SRC10_CRI_2021__XY__08f1fe687937,SRC10_CRI_2021__XYY__59ef366e342d,SRC10_CRI_2021__XYC__f3c608389586,-85.230608,10.537402,Costa Rica,CRI,"SINAC - Malla de Entrenamientos del Mapa de Bosques 2021, Costa Rica",10,2021,8,8,Pastos,Pastos,1,12,2021.0,2021.0,12,0,39,3.25,3.0,3.0,5.791666666666667,0.38554518363226414,0.3594985908205906,0.1838061762006494,0.7576260634986511,0.4194839103547415,0.39121097063885946,0.2347817590388474,0.7626980902072328,0.2601594687570171,0.23347606943771465,0.1510101983982419,0.4720054292500848,1,1,1,8,Pastos,8,Pastos,0,0,0,0,Costa Rica,CRI,"SINAC - Malla de Entrenamientos del Mapa de Bosques 2021, Costa Rica",10,2021,8,8,Pastos,Pastos,vegetacion_herbacea_estacional,0,0,0,0,none,Señal compatible con pastos,0,0,False,False,True,0.3579307118757259,0.8591893481321201,0.23599846443899522,0.604345685823722,1,0,0,1,media,Revisar en control de calidad temático/espectral,rareza_espectral_por_clase_anio,1,1,Auditoría espectral preliminar SINAC SRC10 2021,Alerta exploratoria; no constituye validación temática definitiva
8433,S2SR_llenado_SRC10_000018571,SRC10_0008433,135254,SRC10_CRI_2021__XY__de03c11cb404,SRC10_CRI_2021__XYY__d0a5758b2b99,SRC10_CRI_2021__XYC__64ab936e9a42,-85.217286,10.370929,Costa Rica,CRI,"SINAC - Malla de Entrenamientos del Mapa de Bosques 2021, Costa Rica",10,2021,11,11,Humedal Palustre,Humedal Palustre,1,12,2021.0,2021.0,12,0,40,3.3333333333333335,3.5,2.0,2.5416666666666665,-0.3756518166984817,-0.3421621621621622,-0.7463552858888467,-0.1892217202533723,-0.3953875801748157,-0.3914027028399327,-0.7533992134753871,-0.1597320534078691,-0.36879037445777735,-0.3759310076676439,-0.7084779706275033,-0.1477895102638568,1,1,1,11,Humedal Palustre,11,Humedal Palustre,0,0,0,0,Costa Rica,CRI,"SINAC - Malla de Entrenamientos del Mapa de Bosques 2021, Costa Rica",10,2021,11,11,Humedal Palustre,Humedal Palustre,humedal_mixto,0,0,0,0,medium,Humedal palustre con NDVI < 0.05,0,1,True,True,True,0.1316404514399923,1.1048266783351772,0.08945365545945422,0.7675428500656656,1,0,0,2,media,Revisar en control de calidad temático/espectral,regla_clase_media: Humedal palustre con NDVI < 0.05,1,1,Auditoría espectral preliminar SINAC SRC10 2021,Alerta exploratoria; no constituye validación temática definitiva
8437,S2SR_llenado_SRC10_000018564,SRC10_0008437,135259,SRC10_CRI_2021__XY__f4d5b5b98a0f,SRC10_CRI_2021__XYY__3405e4cf0efb,SRC10_CRI_2021__XYC__d32ad0db8854,-85.217539,10.43609,Costa Rica,CRI,"SINAC - Malla de Entrenamientos del Mapa de Bosques 2021, Costa Rica",10,2021,8,8,Pastos,Pastos,1,12,2021.0,2021.0,12,0,42,3.5,3.0,2.0,2.375,0.407681649765857,0.3303008452338223,0.239085239085239,0.738078783690394,0.4451421736031007,0.3816328251077872,0.2752097333768465,0.7600101071902575,0.3183816671350763,0.27986797722456047,0.1814914645103324,0.5552377477334358,1,1,1,8,Pastos,8,Pastos,0,0,0,0,Costa Rica,CRI,"SINAC - Malla de Entrenamientos del Mapa de Bosques 2021, Costa Rica",10,2021,8,8,Pastos,Pastos,vegetacion_herbacea_estacional,0,0,0,0,none,Señal compatible con pastos,0,0,False,True,False,0.3579307118757259,0.8591893481321201,0.23599846443899522,0.604345685823722,1,0,0,1,media,Revisar en control de calidad temático/espectral,rareza_espectral_por_clase_anio,1,1,Auditoría espectral preliminar SINAC SRC10 2021,Alerta exploratoria; no constituye validación temática definitiva
8452,S2SR_llenado_SRC10_000019067,SRC10_0008452,135460,SRC10_CRI_2021__XY__7fbf013b076b,SRC10_CRI_2021__XYY__79d5cf87b996,SRC10_CRI_2021__XYC__d7c1003f3d6d,-85.203637,10.110328,Costa Rica,CRI,"SINAC - Malla de Entrenamientos del Mapa de Bosques 2021, Costa Rica",10,2021,10,10,Agua,Agua,1,12,2021.0,2021.0,12,0,40,3.3333333333333335,3.5,0.5,0.9583333333333334,-0.3473152015356275,-0.3818396642622372,-0.6064814814814815,-0.0245718540580789,-0.3969535004963764,-0.41364428780129064,-0.7051597051597053,-0.0666666666666666,-0.3985202516791395,-0.4321211054286306,-0.6816326530612244,-0.069192114418245,1,1,1,10,Agua,10,Agua,0,0,0,0,Costa Rica,CRI,"SINAC - Malla de Entrenamientos del Mapa de Bosques 2021, Costa Rica",10,2021,10,10,Agua,Agua,agua_baja_vegetacion,0,0,0,0,none,Señal compatible con agua,0,0,False,True,True,-0.2862358259768516,0.059073586474462064,-0.3764822402677975,0.1443525126502076,1,0,0,1,media,Revisar en control de calidad temático/espectral,rareza_espectral_por_clase_anio,1,1,Auditoría espectral preliminar SINAC SRC10 2021,Alerta exploratoria; no constituye validación temática definitiva
8454,S2SR_llenado_SRC10_000019066,SRC10_0008454,135462,SRC10_CRI_2021__XY__4aa4ce070d42,SRC10_CRI_2021__XYY__95621d47749b,SRC10_CRI_2021__XYC__3a34fe29e0e1,-85.203664,10.117568,Costa Rica,CRI,"SINAC - Malla de Entrenamientos del Mapa de Bosques 2021, Costa Rica",10,2021,10,10,Agua,Agua,1,12,2021.0,2021.0,11,1,39,3.25,4.0,0.0,0.2727272727272727,-0.32969420747969563,-0.3248127572479251,-0.5362997658079626,-0.1449407474931631,-0.3907972883227315,-0.4093569726903454,-0.6197530864197531,-0.1992084432717678,-0.40818678752471305,-0.4282047515282096,-0.6051282051282052,-0.183756345177665,1,1,1,10,Agua,10,Agua,0,0,0,0,Costa Rica,CRI,"SINAC - Malla de Entrenamientos del Mapa de Bosques 2021, Costa Rica",10,2021,10,10,Agua,Agua,agua_baja_vegetacion,0,0,0,0,none,Señal compatible con agua,0,0,False,True,True,-0.2862358259768516,0.059073586474462064,-0.3764822402677975,0.1443525126502076,1,0,0,1,media,Revisar en control de calidad temático/espectral,rareza_espectral_por_clase_anio,1,1,Auditoría espectral preliminar SINAC SRC10 2021,Alerta exploratoria; no constituye validación temática definitiva
8455,S2SR_llenado_SRC10_000019280,SRC10_0008455,135463,SRC10_CRI_2021__XY__5b1de337f815,SRC10_CRI_2021__XYY__2097b16263ee,SRC10_CRI_2021__XYC__db6c83de585d,-85.197349,10.121211,Costa Rica,CRI,"SINAC - Malla de Entrenamientos del Mapa de Bosques 2021, Costa Rica",10,2021,10,10,Agua,Agua,1,12,2021.0,2021.0,11,1,36,3.0,3.0,0.0,1.7272727272727273,-0.42197660746483145,-0.3773156393021964,-0.6821515892420539,-0.1495911495911495,-0.45168785042948445,-0.4942196531791907,-0.7348066298342543,-0.0948236371965186,-0.45459847077159155,-0.5317683547005864,-0.725593667546174,-0.1111111111111111,1,1,1,10,Agua,10,Agua,0,0,0,0,Costa Rica,CRI,"SINAC - Malla de Entrenamientos del Mapa de Bosques 2021, Costa Rica",10,2021,10,10,Agua,Agua,agua_baja_vegetacion,0,0,0,0,none,Señal compatible con agua,0,0,False,True,True,-0.2862358259768516,0.059073586474462064,-0.3764822402677975,0.1443525126502076,1,0,0,1,media,Revisar en control de calidad temático/espectral,rareza_espectral_por_clase_anio,1,1,Auditoría espectral preliminar SINAC SRC10 2021,Alerta exploratoria; no constituye validación temática definitiva
8464,S2SR_llenado_SRC10_000019265,SRC10_0008464,135481,SRC10_CRI_2021__XY__1f40b63667db,SRC10_CRI_2021__XYY__d1c1fac46322,SRC10_CRI_2021__XYC__a6b9c08b09eb,-85.19789,10.266017,Costa Rica,CRI,"SINAC - Malla de Entrenamientos del Mapa de Bosques 2021, Costa Rica",10,2021,8,8,Pastos,Pastos,1,12,2021.0,2021.0,12,0,42,3.5,4.0,1.5,1.2083333333333333,0.8515101733305895,0.8741537440170338,0.6561866789656992,0.9189696807083444,0.8626489787794153,0.8862876875255333,0.681990202311058,0.9245942571785268,0.6274616289576622,0.6440452144614481,0.4369647662249727,0.7159394479073908,1,1,1,8,Pastos,8,Pastos,0,0,0,0,Costa Rica,CRI,"SINAC - Malla de Entrenamientos del Mapa de Bosques 2021, Costa Rica",10,2021,8,8,Pastos,Pastos,vegetacion_herbacea_estacional,0,0,0,0,medium,Pastos con NDVI > 0.70,0,1,True,True,True,0.3579307118757259,0.8591893481321201,0.23599846443899522,0.604345685823722,1,0,0,2,media,Revisar en control de calidad temático/espectral,regla_clase_media: Pastos con NDVI > 0.70,1,1,Auditoría espectral preliminar SINAC SRC10 2021,Alerta exploratoria; no constituye validación temática definitiva
8494,S2SR_llenado_SRC10_000000250,SRC10_0008494,194852,SRC10_CRI_2021__XY__38620bb1eeab,SRC10_CRI_2021__XYY__82a767840f94,SRC10_CRI_2021__XYC__2b2406911cac,-85.805021,10.164282,Costa Rica,CRI,"SINAC - Malla de Entrenamientos del Mapa de Bosques 2021, Costa Rica",10,2021,6,1,Manglar,Forestal,1,12,2021.0,2021.0,12,0,45,3.75,4.0,8.0,8.916666666666666,0.35064283252034695,0.3198451600010822,0.2151601421282104,0.5220724780024504,0.41075186705076777,0.3989945194976777,0.2662338749714339,0.5752934662639959,0.2891697253250981,0.2818192172971157,0.1950243392063292,0.4360623781676414,1,1,1,6,Manglar,1,Forestal,0,0,0,0,Costa Rica,CRI,"SINAC - Malla de Entrenamientos del Mapa de Bosques 2021, Costa Rica",10,2021,6,1,Manglar,Forestal,vegetacion_humeda_mixta,0,0,0,0,medium,Manglar con NDVI < 0.40 o NDRE < 0.08,0,1,True,True,False,0.4116914455712447,1.14441463284126,0.24330834284041267,0.8529656544519223,1,0,0,2,media,Revisar en control de calidad temático/espectral,regla_clase_media: Manglar con NDVI < 0.40 o NDRE < 0.08,1,1,Auditoría espectral preliminar SINAC SRC10 2021,Alerta exploratoria; no constituye validación temática definitiva
8549,S2SR_llenado_SRC10_000015626,SRC10_0008549,195116,SRC10_CRI_2021__XY__2513ef6f41e6,SRC10_CRI_2021__XYY__367266bfa7ec,SRC10_CRI_2021__XYC__38c2460f885d,-85.318401,10.31985,Costa Rica,CRI,"SINAC - Malla de Entrenamientos del Mapa de Bosques 2021, Costa Rica",10,2021,6,1,Manglar,Forestal,1,12,2021.0,2021.0,12,0,37,3.0833333333333335,3.0,5.0,6.916666666666667,0.44285382995573025,0.38872034225197294,0.3050345508390918,0.6893553223388306,0.4739608875574049,0.42989713732299784,0.3333333333333333,0.7049273711193391,0.3124011557819017,0.3036746207917128,0.1993052540165002,0.466438020578148,1,1,1,6,Manglar,1,Forestal,0,0,0,0,Costa Rica,CRI,"SINAC - Malla de Entrenamientos del Mapa de Bosques 2021, Costa Rica",10,2021,6,1,Manglar,Forestal,vegetacion_humeda_mixta,0,0,0,0,medium,Manglar con NDVI < 0.40 o NDRE < 0.08,0,1,True,True,False,0.4116914455712447,1.14441463284126,0.24330834284041267,0.8529656544519223,1,0,0,2,media,Revisar en control de calidad temático/espectral,regla_clase_media: Manglar con NDVI < 0.40 o NDRE < 0.08,1,1,Auditoría espectral preliminar SINAC SRC10 2021,Alerta exploratoria; no constituye validación temática definitiva
8627,S2SR_llenado_SRC10_000016438,SRC10_0008627,195206,SRC10_CRI_2021__XY__bb3da276c34b,SRC10_CRI_2021__XYY__02c1f7d2f7f9,SRC10_CRI_2021__XYC__7cc2553c25b9,-85.279675,10.136588,Costa Rica,CRI,"SINAC - Malla de Entrenamientos del Mapa de Bosques 2021, Costa Rica",10,2021,6,1,Manglar,Forestal,1,12,2021.0,2021.0,12,0,37,3.0833333333333335,3.0,2.75,5.75,-0.16214162232621301,-0.14347916354283205,-0.4859154929577464,0.030568874988349,-0.12820199321902512,-0.08295974479448245,-0.5954631379962193,0.1127451471016059,-0.12169912722617549,-0.07602740863706214,-0.5737051792828685,0.0706216261600741,1,1,1,6,Manglar,1,Forestal,0,0,0,0,Costa Rica,CRI,"SINAC - Malla de Entrenamientos del Mapa de Bosques 2021, Costa Rica",10,2021,6,1,Manglar,Forestal,vegetacion_humeda_mixta,0,0,0,0,high,Manglar con NDVI < 0.30 o NDRE < 0.05,1,0,True,True,True,0.4116914455712447,1.14441463284126,0.24330834284041267,0.8529656544519223,1,0,0,2,alta,Priorizar revisión temática y espectral,regla_clase_alta: Manglar con NDVI < 0.30 o NDRE < 0.05,1,1,Auditoría espectral preliminar SINAC SRC10 2021,Alerta exploratoria; no constituye validación temática definitiva
8629,S2SR_llenado_SRC10_000016437,SRC10_0008629,195208,SRC10_CRI_2021__XY__a2de49a70065,SRC10_CRI_2021__XYY__81f85ebf970b,SRC10_CRI_2021__XYC__3b203b4c3ee6,-85.279685,10.139002,Costa Rica,CRI,"SINAC - Malla de Entrenamientos del Mapa de Bosques 2021, Costa Rica",10,2021,6,1,Manglar,Forestal,1,12,2021.0,2021.0,12,0,33,2.75,2.0,6.75,11.25,0.07124529053048109,0.06836154542105174,-0.0662944870900209,0.2407862407862407,0.13614009018749007,0.1262663349111947,-0.091628959276018,0.3740715732613099,0.10315684176158661,0.12135884591921256,-0.0786774789343099,0.2738654147104851,1,1,1,6,Manglar,1,Forestal,0,0,0,0,Costa Rica,CRI,"SINAC - Malla de Entrenamientos del Mapa de Bosques 2021, Costa Rica",10,2021,6,1,Manglar,Forestal,vegetacion_humeda_mixta,0,0,0,0,high,Manglar con NDVI < 0.30 o NDRE < 0.05,1,0,True,True,True,0.4116914455712447,1.14441463284126,0.24330834284041267,0.8529656544519223,1,0,0,2,alta,Priorizar revisión temática y espectral,regla_clase_alta: Manglar con NDVI < 0.30 o NDRE < 0.05,1,1,Auditoría espectral preliminar SINAC SRC10 2021,Alerta exploratoria; no constituye validación temática definitiva
8649,S2SR_llenado_SRC10_000016414,SRC10_0008649,195228,SRC10_CRI_2021__XY__acb9be283552,SRC10_CRI_2021__XYY__95c85a85f3ef,SRC10_CRI_2021__XYC__1063441855f8,-85.280254,10.281389,Costa Rica,CRI,"SINAC - Malla de Entrenamientos del Mapa de Bosques 2021, Costa Rica",10,2021,6,1,Manglar,Forestal,1,12,2021.0,2021.0,10,2,30,2.5,3.0,2.0,2.4,0.11451658495718094,0.1152895116286707,0.0266893810335037,0.2439935931660437,0.1714675468528321,0.16533838327733485,0.0500257864878803,0.325874791716258,0.09705626091847801,0.09953701001177026,-0.0286259541984733,0.2377777777777777,1,1,1,6,Manglar,1,Forestal,0,0,0,0,Costa Rica,CRI,"SINAC - Malla de Entrenamientos del Mapa de Bosques 2021, Costa Rica",10,2021,6,1,Manglar,Forestal,vegetacion_humeda_mixta,0,0,0,0,high,Manglar con NDVI < 0.30 o NDRE < 0.05,1,0,True,True,True,0.4116914455712447,1.14441463284126,0.24330834284041267,0.8529656544519223,1,0,0,2,alta,Priorizar revisión temática y espectral,regla_clase_alta: Manglar con NDVI < 0.30 o NDRE < 0.05,1,1,Auditoría espectral preliminar SINAC SRC10 2021,Alerta exploratoria; no constituye validación temática definitiva
8689,S2SR_llenado_SRC10_000016624,SRC10_0008689,195271,SRC10_CRI_2021__XY__a0e95f90d01e,SRC10_CRI_2021__XYY__1c45d5b00b10,SRC10_CRI_2021__XYC__d786423069cf,-85.27119,10.124554,Costa Rica,CRI,"SINAC - Malla de Entrenamientos del Mapa de Bosques 2021, Costa Rica",10,2021,6,1,Manglar,Forestal,1,12,2021.0,2021.0,12,0,35,2.9166666666666665,2.5,3.0,4.583333333333333,-0.12636747834558074,-0.12769950126373494,-0.3821782178217821,0.0078740157480315,-0.0666567272833423,-0.0383066675359587,-0.4145077720207253,0.1290808638874937,-0.06378837028247128,-0.06940082958370565,-0.3791208791208791,0.1267175572519084,1,1,1,6,Manglar,1,Forestal,0,0,0,0,Costa Rica,CRI,"SINAC - Malla de Entrenamientos del Mapa de Bosques 2021, Costa Rica",10,2021,6,1,Manglar,Forestal,vegetacion_humeda_mixta,0,0,0,0,high,Manglar con NDVI < 0.30 o NDRE < 0.05,1,0,True,True,True,0.4116914455712447,1.14441463284126,0.24330834284041267,0.8529656544519223,1,0,0,2,alta,Priorizar revisión temática y espectral,regla_clase_alta: Manglar con NDVI < 0.30 o NDRE < 0.05,1,1,Auditoría espectral preliminar SINAC SRC10 2021,Alerta exploratoria; no constituye validación temática definitiva
8690,S2SR_llenado_SRC10_000016673,SRC10_0008690,195272,SRC10_CRI_2021__XY__20046ca9bd6d,SRC10_CRI_2021__XYY__e56b51372e19,SRC10_CRI_2021__XYC__01de82d4d913,-85.269086,10.125769,Costa Rica,CRI,"SINAC - Malla de Entrenamientos del Mapa de Bosques 2021, Costa Rica",10,2021,6,1,Manglar,Forestal,1,12,2021.0,2021.0,12,0,35,2.9166666666666665,2.5,4.5,5.0,-0.12469098574793132,-0.14931103770732101,-0.3024086548275159,0.1231732776617954,-0.047061623039352185,-0.0348776832260052,-0.2652068126520681,0.1419816138917262,-0.0501486077955054,-0.06652297221981965,-0.2097902097902098,0.1513513513513512,1,1,1,6,Manglar,1,Forestal,0,0,0,0,Costa Rica,CRI,"SINAC - Malla de Entrenamientos del Mapa de Bosques 2021, Costa Rica",10,2021,6,1,Manglar,Forestal,vegetacion_humeda_mixta,0,0,0,0,high,Manglar con NDVI < 0.30 o NDRE < 0.05,1,0,True,True,True,0.4116914455712447,1.14441463284126,0.24330834284041267,0.8529656544519223,1,0,0,2,alta,Priorizar revisión temática y espectral,regla_clase_alta: Manglar con NDVI < 0.30 o NDRE < 0.05,1,1,Auditoría espectral preliminar SINAC SRC10 2021,Alerta exploratoria; no constituye validación temática definitiva
8696,S2SR_llenado_SRC10_000016670,SRC10_0008696,195278,SRC10_CRI_2021__XY__9a82901c6bd1,SRC10_CRI_2021__XYY__7aaec0d38768,SRC10_CRI_2021__XYC__d8af71fba90f,-85.269114,10.133009,Costa Rica,CRI,"SINAC - Malla de Entrenamientos del Mapa de Bosques 2021, Costa Rica",10,2021,6,1,Manglar,Forestal,1,12,2021.0,2021.0,12,0,33,2.75,2.5,1.75,2.625,-0.21778934171769868,-0.258199760482978,-0.3660039862385904,-0.0334479425595822,-0.21680574613783055,-0.25319396051103366,-0.4452739511137731,-0.0109484107577536,-0.22228122579294327,-0.2635358337026146,-0.3939470314555051,-0.023076923076923,1,1,1,6,Manglar,1,Forestal,0,0,0,0,Costa Rica,CRI,"SINAC - Malla de Entrenamientos del Mapa de Bosques 2021, Costa Rica",10,2021,6,1,Manglar,Forestal,vegetacion_humeda_mixta,0,0,0,0,high,Manglar con NDVI < 0.30 o NDRE < 0.05,1,0,True,True,True,0.4116914455712447,1.14441463284126,0.24330834284041267,0.8529656544519223,1,0,0,2,alta,Priorizar revisión temática y espectral,regla_clase_alta: Manglar con NDVI < 0.30 o NDRE < 0.05,1,1,Auditoría espectral preliminar SINAC SRC10 2021,Alerta exploratoria; no constituye validación temática definitiva
8700,S2SR_llenado_SRC10_000016667,SRC10_0008700,195282,SRC10_CRI_2021__XY__0644d77c6414,SRC10_CRI_2021__XYY__59afdfa7c104,SRC10_CRI_2021__XYC__e5d62d46271b,-85.269133,10.137836,Costa Rica,CRI,"SINAC - Malla de Entrenamientos del Mapa de Bosques 2021, Costa Rica",10,2021,6,1,Manglar,Forestal,1,12,2021.0,2021.0,12,0,37,3.0833333333333335,3.0,1.25,2.875,-0.3263059992318415,-0.35000492315608867,-0.4736842105263157,0.0051624658366231,-0.293893023732455,-0.31361256544502614,-0.4535519125683061,0.0144404332129963,-0.27326925578000666,-0.27213846900008076,-0.4673768308921439,-0.0157618213660245,1,1,1,6,Manglar,1,Forestal,0,0,0,0,Costa Rica,CRI,"SINAC - Malla de Entrenamientos del Mapa de Bosques 2021, Costa Rica",10,2021,6,1,Manglar,Forestal,vegetacion_humeda_mixta,0,0,0,0,high,Manglar con NDVI < 0.30 o NDRE < 0.05,1,0,True,True,True,0.4116914455712447,1.14441463284126,0.24330834284041267,0.8529656544519223,1,0,0,2,alta,Priorizar revisión temática y espectral,regla_clase_alta: Manglar con NDVI < 0.30 o NDRE < 0.05,1,1,Auditoría espectral preliminar SINAC SRC10 2021,Alerta exploratoria; no constituye validación temática definitiva
8701,S2SR_llenado_SRC10_000016618,SRC10_0008701,195283,SRC10_CRI_2021__XY__e2c4044b9ccf,SRC10_CRI_2021__XYY__208b3e5468ce,SRC10_CRI_2021__XYC__2572f50fc4e7,-85.271247,10.139034,Costa Rica,CRI,"SINAC - Malla de Entrenamientos del Mapa de Bosques 2021, Costa Rica",10,2021,6,1,Manglar,Forestal,1,12,2021.0,2021.0,12,0,38,3.1666666666666665,3.0,3.0,5.541666666666667,-0.23931570744533384,-0.23484248289666965,-0.4332552693208431,0.0552646887725421,-0.22388458193437002,-0.2683110332834837,-0.4604026845637584,0.1752577319587629,-0.2029306643062513,-0.23709767736114265,-0.4046345811051694,0.1266846361185983,1,1,1,6,Manglar,1,Forestal,0,0,0,0,Costa Rica,CRI,"SINAC - Malla de Entrenamientos del Mapa de Bosques 2021, Costa Rica",10,2021,6,1,Manglar,Forestal,vegetacion_humeda_mixta,0,0,0,0,high,Manglar con NDVI < 0.30 o NDRE < 0.05,1,0,True,True,True,0.4116914455712447,1.14441463284126,0.24330834284041267,0.8529656544519223,1,0,0,2,alta,Priorizar revisión temática y espectral,regla_clase_alta: Manglar con NDVI < 0.30 o NDRE < 0.05,1,1,Auditoría espectral preliminar SINAC SRC10 2021,Alerta exploratoria; no constituye validación temática definitiva
8710,S2SR_llenado_SRC10_000016610,SRC10_0008710,195292,SRC10_CRI_2021__XY__0d4e83da9cc8,SRC10_CRI_2021__XYY__83091cd293be,SRC10_CRI_2021__XYC__42464fd32afe,-85.271726,10.259702,Costa Rica,CRI,"SINAC - Malla de Entrenamientos del Mapa de Bosques 2021, Costa Rica",10,2021,6,1,Manglar,Forestal,1,12,2021.0,2021.0,12,0,38,3.1666666666666665,3.5,4.75,4.166666666666667,0.2536330060203708,0.23831276664177709,0.1318294047240335,0.4050483451406722,0.2982286352827787,0.2914381723638224,0.1448646137946782,0.4478274741099068,0.19294760491172766,0.19118028863303171,0.078538972687742,0.2677997700896989,1,1,1,6,Manglar,1,Forestal,0,0,0,0,Costa Rica,CRI,"SINAC - Malla de Entrenamientos del Mapa de Bosques 2021, Costa Rica",10,2021,6,1,Manglar,Forestal,vegetacion_humeda_mixta,0,0,0,0,high,Manglar con NDVI < 0.30 o NDRE < 0.05,1,0,True,True,True,0.4116914455712447,1.14441463284126,0.24330834284041267,0.8529656544519223,1,0,0,2,alta,Priorizar revisión temática y espectral,regla_clase_alta: Manglar con NDVI < 0.30 o NDRE < 0.05,1,1,Auditoría espectral preliminar SINAC SRC10 2021,Alerta exploratoria; no constituye validación temática definitiva
8728,S2SR_llenado_SRC10_000016752,SRC10_0008728,195320,SRC10_CRI_2021__XY__bf4a5ec1cb85,SRC10_CRI_2021__XYY__2944b78133ce,SRC10_CRI_2021__XYC__8b2f7f527b19,-85.266981,10.126984,Costa Rica,CRI,"SINAC - Malla de Entrenamientos del Mapa de Bosques 2021, Costa Rica",10,2021,6,1,Manglar,Forestal,1,12,2021.0,2021.0,12,0,37,3.0833333333333335,3.0,5.0,6.75,-0.038071230188393944,-0.05547851897360405,-0.1653939940541804,0.1340361445783132,-0.009465438745698176,-0.005610507185263,-0.1147258389877132,0.137150466045273,-0.032820955405193364,-0.036103115336309596,-0.1561181434599156,0.1619047619047618,1,1,1,6,Manglar,1,Forestal,0,0,0,0,Costa Rica,CRI,"SINAC - Malla de Entrenamientos del Mapa de Bosques 2021, Costa Rica",10,2021,6,1,Manglar,Forestal,vegetacion_humeda_mixta,0,0,0,0,high,Manglar con NDVI < 0.30 o NDRE < 0.05,1,0,True,True,True,0.4116914455712447,1.14441463284126,0.24330834284041267,0.8529656544519223,1,0,0,2,alta,Priorizar revisión temática y espectral,regla_clase_alta: Manglar con NDVI < 0.30 o NDRE < 0.05,1,1,Auditoría espectral preliminar SINAC SRC10 2021,Alerta exploratoria; no constituye validación temática definitiva
8732,S2SR_llenado_SRC10_000016750,SRC10_0008732,195324,SRC10_CRI_2021__XY__83cbb66c951a,SRC10_CRI_2021__XYY__b3057811a011,SRC10_CRI_2021__XYC__d95e37c944ee,-85.267,10.131811,Costa Rica,CRI,"SINAC - Malla de Entrenamientos del Mapa de Bosques 2021, Costa Rica",10,2021,6,1,Manglar,Forestal,1,12,2021.0,2021.0,12,0,37,3.0833333333333335,3.0,2.25,3.4166666666666665,-0.14607235553705825,-0.10375539539661996,-0.4979423868312757,0.0238095238095238,-0.12229933831954277,-0.032091896776362754,-0.5555555555555556,0.0379746835443038,-0.15075210776663417,-0.0794250548916014,-0.5755102040816327,0.0022918258212376,1,1,1,6,Manglar,1,Forestal,0,0,0,0,Costa Rica,CRI,"SINAC - Malla de Entrenamientos del Mapa de Bosques 2021, Costa Rica",10,2021,6,1,Manglar,Forestal,vegetacion_humeda_mixta,0,0,0,0,high,Manglar con NDVI < 0.30 o NDRE < 0.05,1,0,True,True,True,0.4116914455712447,1.14441463284126,0.24330834284041267,0.8529656544519223,1,0,0,2,alta,Priorizar revisión temática y espectral,regla_clase_alta: Manglar con NDVI < 0.30 o NDRE < 0.05,1,1,Auditoría espectral preliminar SINAC SRC10 2021,Alerta exploratoria; no constituye validación temática definitiva
8738,S2SR_llenado_SRC10_000016747,SRC10_0008738,195330,SRC10_CRI_2021__XY__eec3102380da,SRC10_CRI_2021__XYY__12a7760ad7db,SRC10_CRI_2021__XYC__0c4233583bff,-85.267028,10.139051,Costa Rica,CRI,"SINAC - Malla de Entrenamientos del Mapa de Bosques 2021, Costa Rica",10,2021,6,1,Manglar,Forestal,1,12,2021.0,2021.0,12,0,38,3.1666666666666665,3.0,1.0,1.625,-0.3596531922111598,-0.3522607654069594,-0.6273291925465839,-0.065005820340039,-0.36299959519209873,-0.3661024979890471,-0.6619217081850534,-0.0541862132162162,-0.32747483553762596,-0.32640032046667955,-0.6033402922755741,-0.0761338677625952,1,1,1,6,Manglar,1,Forestal,0,0,0,0,Costa Rica,CRI,"SINAC - Malla de Entrenamientos del Mapa de Bosques 2021, Costa Rica",10,2021,6,1,Manglar,Forestal,vegetacion_humeda_mixta,0,0,0,0,high,Manglar con NDVI < 0.30 o NDRE < 0.05,1,0,True,True,True,0.4116914455712447,1.14441463284126,0.24330834284041267,0.8529656544519223,1,0,0,2,alta,Priorizar revisión temática y espectral,regla_clase_alta: Manglar con NDVI < 0.30 o NDRE < 0.05,1,1,Auditoría espectral preliminar SINAC SRC10 2021,Alerta exploratoria; no constituye validación temática definitiva
8749,S2SR_llenado_SRC10_000016796,SRC10_0008749,195341,SRC10_CRI_2021__XY__e22005aac5ab,SRC10_CRI_2021__XYY__bb257360484d,SRC10_CRI_2021__XYC__e662beb575cc,-85.265381,10.256107,Costa Rica,CRI,"SINAC - Malla de Entrenamientos del Mapa de Bosques 2021, Costa Rica",10,2021,6,1,Manglar,Forestal,1,12,2021.0,2021.0,12,0,39,3.25,3.0,3.5,3.7916666666666665,0.3260068948887787,0.3333340023055605,0.197459922662675,0.4995266559003302,0.37055396377781274,0.3730942254147067,0.2286219181307113,0.5300041330491663,0.23895489711617682,0.22958157698591294,0.1609217422565325,0.349723227730161,1,1,1,6,Manglar,1,Forestal,0,0,0,0,Costa Rica,CRI,"SINAC - Malla de Entrenamientos del Mapa de Bosques 2021, Costa Rica",10,2021,6,1,Manglar,Forestal,vegetacion_humeda_mixta,0,0,0,0,medium,Manglar con NDVI < 0.40 o NDRE < 0.08,0,1,True,True,True,0.4116914455712447,1.14441463284126,0.24330834284041267,0.8529656544519223,1,0,0,2,media,Revisar en control de calidad temático/espectral,regla_clase_media: Manglar con NDVI < 0.40 o NDRE < 0.08,1,1,Auditoría espectral preliminar SINAC SRC10 2021,Alerta exploratoria; no constituye validación temática definitiva
8777,S2SR_llenado_SRC10_000016969,SRC10_0008777,195380,SRC10_CRI_2021__XY__d0242c5483f7,SRC10_CRI_2021__XYY__df04fb9b6c03,SRC10_CRI_2021__XYC__e11114a9c808,-85.260695,10.137868,Costa Rica,CRI,"SINAC - Malla de Entrenamientos del Mapa de Bosques 2021, Costa Rica",10,2021,6,1,Manglar,Forestal,1,12,2021.0,2021.0,11,1,32,2.6666666666666665,2.5,1.0,1.8636363636363635,-0.4014313061880582,-0.491686460807601,-0.6511229946524064,0.0492390331244405,-0.4081788071980568,-0.4503464203233256,-0.6643835616438355,0.0065481758652946,-0.3850612101272166,-0.3602150537634409,-0.6547254577658913,-0.0683982683982684,1,1,1,6,Manglar,1,Forestal,0,0,0,0,Costa Rica,CRI,"SINAC - Malla de Entrenamientos del Mapa de Bosques 2021, Costa Rica",10,2021,6,1,Manglar,Forestal,vegetacion_humeda_mixta,0,0,0,0,high,Manglar con NDVI < 0.30 o NDRE < 0.05,1,0,True,True,True,0.4116914455712447,1.14441463284126,0.24330834284041267,0.8529656544519223,1,0,0,2,alta,Priorizar revisión temática y espectral,regla_clase_alta: Manglar con NDVI < 0.30 o NDRE < 0.05,1,1,Auditoría espectral preliminar SINAC SRC10 2021,Alerta exploratoria; no constituye validación temática definitiva
8778,S2SR_llenado_SRC10_000016869,SRC10_0008778,195381,SRC10_CRI_2021__XY__78804e572223,SRC10_CRI_2021__XYY__351d7ec130ad,SRC10_CRI_2021__XYC__ce294d772c4b,-85.262809,10.139067,Costa Rica,CRI,"SINAC - Malla de Entrenamientos del Mapa de Bosques 2021, Costa Rica",10,2021,6,1,Manglar,Forestal,1,12,2021.0,2021.0,12,0,36,3.0,3.0,1.5,2.0416666666666665,-0.32477820717587313,-0.33665173767898693,-0.5521628498727736,-0.0106382978723403,-0.3259690683048126,-0.3299954235356269,-0.6286972326200315,-0.0396716826265389,-0.3059747675726055,-0.28688219714749225,-0.5778687377553876,-0.0730270906949351,1,1,1,6,Manglar,1,Forestal,0,0,0,0,Costa Rica,CRI,"SINAC - Malla de Entrenamientos del Mapa de Bosques 2021, Costa Rica",10,2021,6,1,Manglar,Forestal,vegetacion_humeda_mixta,0,0,0,0,high,Manglar con NDVI < 0.30 o NDRE < 0.05,1,0,True,True,True,0.4116914455712447,1.14441463284126,0.24330834284041267,0.8529656544519223,1,0,0,2,alta,Priorizar revisión temática y espectral,regla_clase_alta: Manglar con NDVI < 0.30 o NDRE < 0.05,1,1,Auditoría espectral preliminar SINAC SRC10 2021,Alerta exploratoria; no constituye validación temática definitiva
8800,S2SR_llenado_SRC10_000017138,SRC10_0008800,195405,SRC10_CRI_2021__XY__63dc2b3b5f35,SRC10_CRI_2021__XYY__f487c3f24c58,SRC10_CRI_2021__XYC__9f4c0e1b2543,-85.256326,10.09927,Costa Rica,CRI,"SINAC - Malla de Entrenamientos del Mapa de Bosques 2021, Costa Rica",10,2021,6,1,Manglar,Forestal,1,12,2021.0,2021.0,12,0,36,3.0,2.5,2.0,3.7916666666666665,-0.19281260235124034,-0.1608327072130659,-0.724845995893224,0.0798685578117474,-0.19813716640751391,-0.15532139538862524,-0.7721518987341771,0.1126810314376544,-0.2985139599227296,-0.3053042521428312,-0.7488372093023256,0.0638297872340425,1,1,1,6,Manglar,1,Forestal,0,0,0,0,Costa Rica,CRI,"SINAC - Malla de Entrenamientos del Mapa de Bosques 2021, Costa Rica",10,2021,6,1,Manglar,Forestal,vegetacion_humeda_mixta,0,0,0,0,high,Manglar con NDVI < 0.30 o NDRE < 0.05,1,0,True,True,True,0.4116914455712447,1.14441463284126,0.24330834284041267,0.8529656544519223,1,0,0,2,alta,Priorizar revisión temática y espectral,regla_clase_alta: Manglar con NDVI < 0.30 o NDRE < 0.05,1,1,Auditoría espectral preliminar SINAC SRC10 2021,Alerta exploratoria; no constituye validación temática definitiva
8801,S2SR_llenado_SRC10_000017049,SRC10_0008801,195406,SRC10_CRI_2021__XY__cac261af8abe,SRC10_CRI_2021__XYY__61cf1dbe99d6,SRC10_CRI_2021__XYC__831579dd8bea,-85.25844,10.100469,Costa Rica,CRI,"SINAC - Malla de Entrenamientos del Mapa de Bosques 2021, Costa Rica",10,2021,6,1,Manglar,Forestal,1,12,2021.0,2021.0,12,0,36,3.0,3.0,4.25,7.083333333333333,0.1751862056215809,0.18372142896009575,-0.17100416224323,0.4501642935377876,0.2240115291229666,0.21161003117701838,-0.0286738351254479,0.4537540805223068,0.08425605255680374,0.1294921395587492,-0.2543940795559666,0.1926910299003322,1,1,1,6,Manglar,1,Forestal,0,0,0,0,Costa Rica,CRI,"SINAC - Malla de Entrenamientos del Mapa de Bosques 2021, Costa Rica",10,2021,6,1,Manglar,Forestal,vegetacion_humeda_mixta,0,0,0,0,high,Manglar con NDVI < 0.30 o NDRE < 0.05,1,0,True,True,True,0.4116914455712447,1.14441463284126,0.24330834284041267,0.8529656544519223,1,0,0,2,alta,Priorizar revisión temática y espectral,regla_clase_alta: Manglar con NDVI < 0.30 o NDRE < 0.05,1,1,Auditoría espectral preliminar SINAC SRC10 2021,Alerta exploratoria; no constituye validación temática definitiva
8830,S2SR_llenado_SRC10_000017121,SRC10_0008830,195435,SRC10_CRI_2021__XY__86764c7dd510,SRC10_CRI_2021__XYY__de3daba4b4e9,SRC10_CRI_2021__XYC__f0361d305e9d,-85.256467,10.135471,Costa Rica,CRI,"SINAC - Malla de Entrenamientos del Mapa de Bosques 2021, Costa Rica",10,2021,6,1,Manglar,Forestal,1,12,2021.0,2021.0,12,0,39,3.25,3.0,2.5,2.6666666666666665,-0.36169409339454267,-0.3643919588622223,-0.6699029126213593,-0.0739888846090353,-0.3484889969848373,-0.39172483776891076,-0.6379928315412188,-0.0532321092278719,-0.32528378795542506,-0.3534505402543178,-0.5800415800415799,-0.0556950850114921,1,1,1,6,Manglar,1,Forestal,0,0,0,0,Costa Rica,CRI,"SINAC - Malla de Entrenamientos del Mapa de Bosques 2021, Costa Rica",10,2021,6,1,Manglar,Forestal,vegetacion_humeda_mixta,0,0,0,0,high,Manglar con NDVI < 0.30 o NDRE < 0.05,1,0,True,True,True,0.4116914455712447,1.14441463284126,0.24330834284041267,0.8529656544519223,1,0,0,2,alta,Priorizar revisión temática y espectral,regla_clase_alta: Manglar con NDVI < 0.30 o NDRE < 0.05,1,1,Auditoría espectral preliminar SINAC SRC10 2021,Alerta exploratoria; no constituye validación temática definitiva
8831,S2SR_llenado_SRC10_000017034,SRC10_0008831,195436,SRC10_CRI_2021__XY__971ce9ad5a25,SRC10_CRI_2021__XYY__cfc487a3d7bb,SRC10_CRI_2021__XYC__f7b54cf49420,-85.258581,10.13667,Costa Rica,CRI,"SINAC - Malla de Entrenamientos del Mapa de Bosques 2021, Costa Rica",10,2021,6,1,Manglar,Forestal,1,12,2021.0,2021.0,11,1,35,2.9166666666666665,3.0,1.5,1.4545454545454546,-0.4517839506064618,-0.4590846047156727,-0.6991525423728813,-0.1978964340332429,-0.4534010598607711,-0.4192672998643147,-0.7308584686774943,-0.2323877930937213,-0.41696417581579387,-0.3668639053254438,-0.6647398843930635,-0.2515991650057298,1,1,1,6,Manglar,1,Forestal,0,0,0,0,Costa Rica,CRI,"SINAC - Malla de Entrenamientos del Mapa de Bosques 2021, Costa Rica",10,2021,6,1,Manglar,Forestal,vegetacion_humeda_mixta,0,0,0,0,high,Manglar con NDVI < 0.30 o NDRE < 0.05,1,0,True,True,True,0.4116914455712447,1.14441463284126,0.24330834284041267,0.8529656544519223,1,0,0,2,alta,Priorizar revisión temática y espectral,regla_clase_alta: Manglar con NDVI < 0.30 o NDRE < 0.05,1,1,Auditoría espectral preliminar SINAC SRC10 2021,Alerta exploratoria; no constituye validación temática definitiva
8840,S2SR_llenado_SRC10_000017115,SRC10_0008840,195446,SRC10_CRI_2021__XY__741a685f9727,SRC10_CRI_2021__XYY__b570404bd9c6,SRC10_CRI_2021__XYC__aad46aede9d1,-85.256524,10.149951,Costa Rica,CRI,"SINAC - Malla de Entrenamientos del Mapa de Bosques 2021, Costa Rica",10,2021,6,1,Manglar,Forestal,1,12,2021.0,2021.0,12,0,41,3.4166666666666665,3.5,10.0,9.625,0.16836077234256844,0.1597415372197905,0.0464240664046154,0.3291284286826726,0.18116098939953232,0.1773748361649393,0.0140446848297535,0.3066169500785358,0.0876118598314156,0.088827829805634,-0.002138821630347,0.1580161476355247,1,1,1,6,Manglar,1,Forestal,0,0,0,0,Costa Rica,CRI,"SINAC - Malla de Entrenamientos del Mapa de Bosques 2021, Costa Rica",10,2021,6,1,Manglar,Forestal,vegetacion_humeda_mixta,0,0,0,0,high,Manglar con NDVI < 0.30 o NDRE < 0.05,1,0,True,True,True,0.4116914455712447,1.14441463284126,0.24330834284041267,0.8529656544519223,1,0,0,2,alta,Priorizar revisión temática y espectral,regla_clase_alta: Manglar con NDVI < 0.30 o NDRE < 0.05,1,1,Auditoría espectral preliminar SINAC SRC10 2021,Alerta exploratoria; no constituye validación temática definitiva
8877,S2SR_llenado_SRC10_000017373,SRC10_0008877,195483,SRC10_CRI_2021__XY__3078c29b0df7,SRC10_CRI_2021__XYY__3bf1856904f7,SRC10_CRI_2021__XYC__38cefbf03a50,-85.252192,10.121007,Costa Rica,CRI,"SINAC - Malla de Entrenamientos del Mapa de Bosques 2021, Costa Rica",10,2021,6,1,Manglar,Forestal,1,12,2021.0,2021.0,12,0,39,3.25,3.0,6.25,8.125,0.21707939025955028,0.22398781625104042,-0.111111111111111,0.4315391879131256,0.3063572797043073,0.32457363973781883,-0.1060329067641682,0.5232558139534883,0.2373865637178828,0.27187188396357204,-0.1052150045745654,0.3980699638118214,1,1,1,6,Manglar,1,Forestal,0,0,0,0,Costa Rica,CRI,"SINAC - Malla de Entrenamientos del Mapa de Bosques 2021, Costa Rica",10,2021,6,1,Manglar,Forestal,vegetacion_humeda_mixta,0,0,0,0,high,Manglar con NDVI < 0.30 o NDRE < 0.05,1,0,True,True,False,0.4116914455712447,1.14441463284126,0.24330834284041267,0.8529656544519223,1,0,0,2,alta,Priorizar revisión temática y espectral,regla_clase_alta: Manglar con NDVI < 0.30 o NDRE < 0.05,1,1,Auditoría espectral preliminar SINAC SRC10 2021,Alerta exploratoria; no constituye validación temática definitiva
8878,S2SR_llenado_SRC10_000017260,SRC10_0008878,195484,SRC10_CRI_2021__XY__b2f17275a3b4,SRC10_CRI_2021__XYY__97a9c7c41f27,SRC10_CRI_2021__XYC__3642490e8dc6,-85.254306,10.122206,Costa Rica,CRI,"SINAC - Malla de Entrenamientos del Mapa de Bosques 2021, Costa Rica",10,2021,6,1,Manglar,Forestal,1,12,2021.0,2021.0,12,0,40,3.3333333333333335,3.0,5.5,6.875,-0.0005020356934864328,0.0054644644427925,-0.1797752808988764,0.1632432432432431,0.16263047216433374,0.12817153620518895,-0.0071942446043165,0.3732793522267206,0.09707964792779866,0.0854157330605185,-0.0408805031446541,0.2713643178410794,1,1,1,6,Manglar,1,Forestal,0,0,0,0,Costa Rica,CRI,"SINAC - Malla de Entrenamientos del Mapa de Bosques 2021, Costa Rica",10,2021,6,1,Manglar,Forestal,vegetacion_humeda_mixta,0,0,0,0,high,Manglar con NDVI < 0.30 o NDRE < 0.05,1,0,True,True,True,0.4116914455712447,1.14441463284126,0.24330834284041267,0.8529656544519223,1,0,0,2,alta,Priorizar revisión temática y espectral,regla_clase_alta: Manglar con NDVI < 0.30 o NDRE < 0.05,1,1,Auditoría espectral preliminar SINAC SRC10 2021,Alerta exploratoria; no constituye validación temática definitiva
8889,S2SR_llenado_SRC10_000017365,SRC10_0008889,195495,SRC10_CRI_2021__XY__b6759a150b78,SRC10_CRI_2021__XYY__08e85076ae84,SRC10_CRI_2021__XYC__856108131387,-85.252248,10.135487,Costa Rica,CRI,"SINAC - Malla de Entrenamientos del Mapa de Bosques 2021, Costa Rica",10,2021,6,1,Manglar,Forestal,1,12,2021.0,2021.0,12,0,35,2.9166666666666665,3.0,1.5,1.7916666666666667,-0.3492089143182424,-0.3100319076956254,-0.6491935483870968,-0.0397614314115307,-0.3606864787504748,-0.33350484282956405,-0.7058823529411764,-0.0502008032128513,-0.3560079864657339,-0.3604716689825537,-0.6747967479674796,-0.0765643218033424,1,1,1,6,Manglar,1,Forestal,0,0,0,0,Costa Rica,CRI,"SINAC - Malla de Entrenamientos del Mapa de Bosques 2021, Costa Rica",10,2021,6,1,Manglar,Forestal,vegetacion_humeda_mixta,0,0,0,0,high,Manglar con NDVI < 0.30 o NDRE < 0.05,1,0,True,True,True,0.4116914455712447,1.14441463284126,0.24330834284041267,0.8529656544519223,1,0,0,2,alta,Priorizar revisión temática y espectral,regla_clase_alta: Manglar con NDVI < 0.30 o NDRE < 0.05,1,1,Auditoría espectral preliminar SINAC SRC10 2021,Alerta exploratoria; no constituye validación temática definitiva
8890,S2SR_llenado_SRC10_000017254,SRC10_0008890,195496,SRC10_CRI_2021__XY__04c15a98314d,SRC10_CRI_2021__XYY__3d6a52a99996,SRC10_CRI_2021__XYC__9cebaab10e7f,-85.254362,10.136686,Costa Rica,CRI,"SINAC - Malla de Entrenamientos del Mapa de Bosques 2021, Costa Rica",10,2021,6,1,Manglar,Forestal,1,12,2021.0,2021.0,12,0,41,3.4166666666666665,3.0,3.5,3.125,-0.29534851471438917,-0.3510613301754237,-0.4982935153583618,-0.0942635535355571,-0.2867301598676944,-0.3049470862296526,-0.4736842105263158,-0.0458302028549963,-0.2731078088695061,-0.26448480349293724,-0.4404332129963899,-0.0881953867028493,1,1,1,6,Manglar,1,Forestal,0,0,0,0,Costa Rica,CRI,"SINAC - Malla de Entrenamientos del Mapa de Bosques 2021, Costa Rica",10,2021,6,1,Manglar,Forestal,vegetacion_humeda_mixta,0,0,0,0,high,Manglar con NDVI < 0.30 o NDRE < 0.05,1,0,True,True,True,0.4116914455712447,1.14441463284126,0.24330834284041267,0.8529656544519223,1,0,0,2,alta,Priorizar revisión temática y espectral,regla_clase_alta: Manglar con NDVI < 0.30 o NDRE < 0.05,1,1,Auditoría espectral preliminar SINAC SRC10 2021,Alerta exploratoria; no constituye validación temática definitiva
8900,S2SR_llenado_SRC10_000017249,SRC10_0008900,195506,SRC10_CRI_2021__XY__91e9d9ad7e74,SRC10_CRI_2021__XYY__122cc752e5fa,SRC10_CRI_2021__XYC__73de595f81a3,-85.254409,10.148753,Costa Rica,CRI,"SINAC - Malla de Entrenamientos del Mapa de Bosques 2021, Costa Rica",10,2021,6,1,Manglar,Forestal,1,12,2021.0,2021.0,12,0,41,3.4166666666666665,3.5,6.0,5.916666666666667,0.0033837646079279402,0.01549923213070635,-0.180874089554263,0.1089083817861943,0.07413330838090397,0.07736871285246125,-0.055613850996852,0.1789473684210526,-0.010071748188834875,0.00387940845411265,-0.1497401983939536,0.0994040524433849,1,1,1,6,Manglar,1,Forestal,0,0,0,0,Costa Rica,CRI,"SINAC - Malla de Entrenamientos del Mapa de Bosques 2021, Costa Rica",10,2021,6,1,Manglar,Forestal,vegetacion_humeda_mixta,0,0,0,0,high,Manglar con NDVI < 0.30 o NDRE < 0.05,1,0,True,True,True,0.4116914455712447,1.14441463284126,0.24330834284041267,0.8529656544519223,1,0,0,2,alta,Priorizar revisión temática y espectral,regla_clase_alta: Manglar con NDVI < 0.30 o NDRE < 0.05,1,1,Auditoría espectral preliminar SINAC SRC10 2021,Alerta exploratoria; no constituye validación temática definitiva
8901,S2SR_llenado_SRC10_000017359,SRC10_0008901,195507,SRC10_CRI_2021__XY__3a41a0ac4dda,SRC10_CRI_2021__XYY__ba26631e6e87,SRC10_CRI_2021__XYC__8db66142ad5b,-85.252305,10.149968,Costa Rica,CRI,"SINAC - Malla de Entrenamientos del Mapa de Bosques 2021, Costa Rica",10,2021,6,1,Manglar,Forestal,1,12,2021.0,2021.0,12,0,41,3.4166666666666665,3.0,12.0,11.75,0.16219246907093535,0.15372110771603395,0.0986287256485668,0.2409162839101684,0.18554280215764907,0.18086868402543682,0.0863449012620283,0.2693478173731074,0.1054402680705222,0.09538108937827594,0.0496747309233923,0.1743706948976477,1,1,1,6,Manglar,1,Forestal,0,0,0,0,Costa Rica,CRI,"SINAC - Malla de Entrenamientos del Mapa de Bosques 2021, Costa Rica",10,2021,6,1,Manglar,Forestal,vegetacion_humeda_mixta,0,0,0,0,high,Manglar con NDVI < 0.30 o NDRE < 0.05,1,0,True,True,True,0.4116914455712447,1.14441463284126,0.24330834284041267,0.8529656544519223,1,0,0,2,alta,Priorizar revisión temática y espectral,regla_clase_alta: Manglar con NDVI < 0.30 o NDRE < 0.05,1,1,Auditoría espectral preliminar SINAC SRC10 2021,Alerta exploratoria; no constituye validación temática definitiva
8903,S2SR_llenado_SRC10_000017358,SRC10_0008903,195509,SRC10_CRI_2021__XY__66fbb6416d58,SRC10_CRI_2021__XYY__5a35c5d7d7a1,SRC10_CRI_2021__XYC__4adea77aa44d,-85.252314,10.152381,Costa Rica,CRI,"SINAC - Malla de Entrenamientos del Mapa de Bosques 2021, Costa Rica",10,2021,6,1,Manglar,Forestal,1,12,2021.0,2021.0,12,0,39,3.25,3.0,7.75,9.416666666666666,0.058795589752431376,0.067421953488141,-0.1183533447684391,0.2466555183946488,0.13923030814669723,0.13993879297828093,0.0025187427768285,0.2703739213806328,0.020895243193150375,0.03818618638309005,-0.1650893796004206,0.1310285958173282,1,1,1,6,Manglar,1,Forestal,0,0,0,0,Costa Rica,CRI,"SINAC - Malla de Entrenamientos del Mapa de Bosques 2021, Costa Rica",10,2021,6,1,Manglar,Forestal,vegetacion_humeda_mixta,0,0,0,0,high,Manglar con NDVI < 0.30 o NDRE < 0.05,1,0,True,True,True,0.4116914455712447,1.14441463284126,0.24330834284041267,0.8529656544519223,1,0,0,2,alta,Priorizar revisión temática y espectral,regla_clase_alta: Manglar con NDVI < 0.30 o NDRE < 0.05,1,1,Auditoría espectral preliminar SINAC SRC10 2021,Alerta exploratoria; no constituye validación temática definitiva
8909,S2SR_llenado_SRC10_000017350,SRC10_0008909,195515,SRC10_CRI_2021__XY__d1f1d1067066,SRC10_CRI_2021__XYY__528a0cdcbbd2,SRC10_CRI_2021__XYC__82367a1f5d91,-85.25272,10.256156,Costa Rica,CRI,"SINAC - Malla de Entrenamientos del Mapa de Bosques 2021, Costa Rica",10,2021,6,1,Manglar,Forestal,1,12,2021.0,2021.0,12,0,40,3.3333333333333335,3.5,3.0,2.875,0.33882975320794034,0.33790005932144407,0.1963785668455581,0.4967625051742008,0.4024382038470378,0.41358563246869245,0.2733564127866882,0.5417423462303385,0.27861741548214575,0.28655505343708804,0.1672593704310558,0.3655817744419217,1,1,1,6,Manglar,1,Forestal,0,0,0,0,Costa Rica,CRI,"SINAC - Malla de Entrenamientos del Mapa de Bosques 2021, Costa Rica",10,2021,6,1,Manglar,Forestal,vegetacion_humeda_mixta,0,0,0,0,medium,Manglar con NDVI < 0.40 o NDRE < 0.08,0,1,True,True,False,0.4116914455712447,1.14441463284126,0.24330834284041267,0.8529656544519223,1,0,0,2,media,Revisar en control de calidad temático/espectral,regla_clase_media: Manglar con NDVI < 0.40 o NDRE < 0.08,1,1,Auditoría espectral preliminar SINAC SRC10 2021,Alerta exploratoria; no constituye validación temática definitiva
8935,S2SR_llenado_SRC10_000017451,SRC10_0008935,195541,SRC10_CRI_2021__XY__0dae8ba93ea5,SRC10_CRI_2021__XYY__b158ee582d45,SRC10_CRI_2021__XYC__d6798ff305fb,-85.250078,10.119808,Costa Rica,CRI,"SINAC - Malla de Entrenamientos del Mapa de Bosques 2021, Costa Rica",10,2021,6,1,Manglar,Forestal,1,12,2021.0,2021.0,12,0,41,3.4166666666666665,3.0,2.0,3.3333333333333335,-0.2630780241331648,-0.25048116593517294,-0.5450643776824036,-0.0795180722891566,-0.25384516817733116,-0.2201756460897636,-0.4634146341463415,-0.0857648099027409,-0.24725784895282268,-0.2335279945721899,-0.4684931506849314,-0.0881834215167548,1,1,1,6,Manglar,1,Forestal,0,0,0,0,Costa Rica,CRI,"SINAC - Malla de Entrenamientos del Mapa de Bosques 2021, Costa Rica",10,2021,6,1,Manglar,Forestal,vegetacion_humeda_mixta,0,0,0,0,high,Manglar con NDVI < 0.30 o NDRE < 0.05,1,0,True,True,True,0.4116914455712447,1.14441463284126,0.24330834284041267,0.8529656544519223,1,0,0,2,alta,Priorizar revisión temática y espectral,regla_clase_alta: Manglar con NDVI < 0.30 o NDRE < 0.05,1,1,Auditoría espectral preliminar SINAC SRC10 2021,Alerta exploratoria; no constituye validación temática definitiva
8936,S2SR_llenado_SRC10_000017559,SRC10_0008936,195542,SRC10_CRI_2021__XY__b8e13259d09b,SRC10_CRI_2021__XYY__93a67152ec0d,SRC10_CRI_2021__XYC__cf12f0f83b32,-85.247973,10.121023,Costa Rica,CRI,"SINAC - Malla de Entrenamientos del Mapa de Bosques 2021, Costa Rica",10,2021,6,1,Manglar,Forestal,1,12,2021.0,2021.0,12,0,42,3.5,3.0,9.5,10.541666666666666,0.35922304883179806,0.36466661366172837,0.0626145839351397,0.6565660396440129,0.4362267151878428,0.45551382291311104,0.111791173283697,0.7056328415994584,0.3079046731268333,0.3262286308373331,0.0778822516563234,0.4776950780312125,1,1,1,6,Manglar,1,Forestal,0,0,0,0,Costa Rica,CRI,"SINAC - Malla de Entrenamientos del Mapa de Bosques 2021, Costa Rica",10,2021,6,1,Manglar,Forestal,vegetacion_humeda_mixta,0,0,0,0,medium,Manglar con NDVI < 0.40 o NDRE < 0.08,0,1,True,True,False,0.4116914455712447,1.14441463284126,0.24330834284041267,0.8529656544519223,1,0,0,2,media,Revisar en control de calidad temático/espectral,regla_clase_media: Manglar con NDVI < 0.40 o NDRE < 0.08,1,1,Auditoría espectral preliminar SINAC SRC10 2021,Alerta exploratoria; no constituye validación temática definitiva
8947,S2SR_llenado_SRC10_000017445,SRC10_0008947,195553,SRC10_CRI_2021__XY__005efce95da7,SRC10_CRI_2021__XYY__7c32790bf132,SRC10_CRI_2021__XYC__fc83563c92bf,-85.250134,10.134289,Costa Rica,CRI,"SINAC - Malla de Entrenamientos del Mapa de Bosques 2021, Costa Rica",10,2021,6,1,Manglar,Forestal,1,12,2021.0,2021.0,12,0,36,3.0,3.0,2.75,2.9166666666666665,-0.2945342006101623,-0.24595175188762713,-0.5809018567639258,-0.0355987055016181,-0.2837070107022785,-0.22159683935593036,-0.5294117647058824,-0.0541176470588235,-0.27137613524548415,-0.24820850126142724,-0.4853801169590644,-0.0821917808219178,1,1,1,6,Manglar,1,Forestal,0,0,0,0,Costa Rica,CRI,"SINAC - Malla de Entrenamientos del Mapa de Bosques 2021, Costa Rica",10,2021,6,1,Manglar,Forestal,vegetacion_humeda_mixta,0,0,0,0,high,Manglar con NDVI < 0.30 o NDRE < 0.05,1,0,True,True,True,0.4116914455712447,1.14441463284126,0.24330834284041267,0.8529656544519223,1,0,0,2,alta,Priorizar revisión temática y espectral,regla_clase_alta: Manglar con NDVI < 0.30 o NDRE < 0.05,1,1,Auditoría espectral preliminar SINAC SRC10 2021,Alerta exploratoria; no constituye validación temática definitiva
8948,S2SR_llenado_SRC10_000017553,SRC10_0008948,195554,SRC10_CRI_2021__XY__4a9d1fbd4db6,SRC10_CRI_2021__XYY__eed87d54f52d,SRC10_CRI_2021__XYC__f440c4ae8502,-85.248029,10.135503,Costa Rica,CRI,"SINAC - Malla de Entrenamientos del Mapa de Bosques 2021, Costa Rica",10,2021,6,1,Manglar,Forestal,1,12,2021.0,2021.0,12,0,33,2.75,2.5,2.0,2.2916666666666665,-0.32611893910299306,-0.32306281661186265,-0.6149532710280373,-0.0123324396782841,-0.34569258686387205,-0.27790082557718576,-0.6964285714285714,-0.05390625,-0.337724907240225,-0.2691152059290521,-0.6382978723404256,-0.0987224157955865,1,1,1,6,Manglar,1,Forestal,0,0,0,0,Costa Rica,CRI,"SINAC - Malla de Entrenamientos del Mapa de Bosques 2021, Costa Rica",10,2021,6,1,Manglar,Forestal,vegetacion_humeda_mixta,0,0,0,0,high,Manglar con NDVI < 0.30 o NDRE < 0.05,1,0,True,True,True,0.4116914455712447,1.14441463284126,0.24330834284041267,0.8529656544519223,1,0,0,2,alta,Priorizar revisión temática y espectral,regla_clase_alta: Manglar con NDVI < 0.30 o NDRE < 0.05,1,1,Auditoría espectral preliminar SINAC SRC10 2021,Alerta exploratoria; no constituye validación temática definitiva
8963,S2SR_llenado_SRC10_000017436,SRC10_0008963,195569,SRC10_CRI_2021__XY__0c4f9d44a5db,SRC10_CRI_2021__XYY__f7ffc6f92a3e,SRC10_CRI_2021__XYC__47f1d488afdb,-85.250209,10.153596,Costa Rica,CRI,"SINAC - Malla de Entrenamientos del Mapa de Bosques 2021, Costa Rica",10,2021,6,1,Manglar,Forestal,1,12,2021.0,2021.0,12,0,37,3.0833333333333335,3.0,2.0,1.75,-0.18181567648471017,-0.18165614784482595,-0.3315068493150684,0.0328515111695138,-0.24384869375694995,-0.24427627538975824,-0.396551724137931,-0.0713245997088791,-0.3786481264866129,-0.40634826934782214,-0.6029882604055495,-0.1441441441441441,1,1,1,6,Manglar,1,Forestal,0,0,0,0,Costa Rica,CRI,"SINAC - Malla de Entrenamientos del Mapa de Bosques 2021, Costa Rica",10,2021,6,1,Manglar,Forestal,vegetacion_humeda_mixta,0,0,0,0,high,Manglar con NDVI < 0.30 o NDRE < 0.05,1,0,True,True,True,0.4116914455712447,1.14441463284126,0.24330834284041267,0.8529656544519223,1,0,0,2,alta,Priorizar revisión temática y espectral,regla_clase_alta: Manglar con NDVI < 0.30 o NDRE < 0.05,1,1,Auditoría espectral preliminar SINAC SRC10 2021,Alerta exploratoria; no constituye validación temática definitiva
8965,S2SR_llenado_SRC10_000017435,SRC10_0008965,195571,SRC10_CRI_2021__XY__cd9214b22f8e,SRC10_CRI_2021__XYY__7f7545a20967,SRC10_CRI_2021__XYC__2a92ccb5d401,-85.250218,10.156009,Costa Rica,CRI,"SINAC - Malla de Entrenamientos del Mapa de Bosques 2021, Costa Rica",10,2021,6,1,Manglar,Forestal,1,12,2021.0,2021.0,12,0,41,3.4166666666666665,3.5,5.25,5.75,0.33033428826154465,0.29396929156496043,0.003875830708904,0.6087768440709618,0.3081482337272034,0.24763468704604302,0.0433877585397841,0.5996093749999999,0.1364574886576518,0.08081482341408036,-0.0330201841689144,0.3587467362924281,1,1,1,6,Manglar,1,Forestal,0,0,0,0,Costa Rica,CRI,"SINAC - Malla de Entrenamientos del Mapa de Bosques 2021, Costa Rica",10,2021,6,1,Manglar,Forestal,vegetacion_humeda_mixta,0,0,0,0,high,Manglar con NDVI < 0.30 o NDRE < 0.05,1,0,True,True,True,0.4116914455712447,1.14441463284126,0.24330834284041267,0.8529656544519223,1,0,0,2,alta,Priorizar revisión temática y espectral,regla_clase_alta: Manglar con NDVI < 0.30 o NDRE < 0.05,1,1,Auditoría espectral preliminar SINAC SRC10 2021,Alerta exploratoria; no constituye validación temática definitiva
8967,S2SR_llenado_SRC10_000017434,SRC10_0008967,195573,SRC10_CRI_2021__XY__fd151e65adf8,SRC10_CRI_2021__XYY__1cb5b05e3a5b,SRC10_CRI_2021__XYC__48cea1d3fff6,-85.250228,10.158422,Costa Rica,CRI,"SINAC - Malla de Entrenamientos del Mapa de Bosques 2021, Costa Rica",10,2021,6,1,Manglar,Forestal,1,12,2021.0,2021.0,12,0,36,3.0,3.0,1.0,2.125,-0.14662792533368507,-0.14352396754559466,-0.4726775956284154,0.1188059701492537,-0.18243960845566853,-0.20313530338396005,-0.380281690140845,0.2035010940919036,-0.3417982751266575,-0.41934055101759415,-0.474959319708381,0.0612638687891943,1,1,1,6,Manglar,1,Forestal,0,0,0,0,Costa Rica,CRI,"SINAC - Malla de Entrenamientos del Mapa de Bosques 2021, Costa Rica",10,2021,6,1,Manglar,Forestal,vegetacion_humeda_mixta,0,0,0,0,high,Manglar con NDVI < 0.30 o NDRE < 0.05,1,0,True,True,True,0.4116914455712447,1.14441463284126,0.24330834284041267,0.8529656544519223,1,0,0,2,alta,Priorizar revisión temática y espectral,regla_clase_alta: Manglar con NDVI < 0.30 o NDRE < 0.05,1,1,Auditoría espectral preliminar SINAC SRC10 2021,Alerta exploratoria; no constituye validación temática definitiva
8969,S2SR_llenado_SRC10_000017433,SRC10_0008969,195575,SRC10_CRI_2021__XY__979bed8c39cb,SRC10_CRI_2021__XYY__9a0fb6b6299f,SRC10_CRI_2021__XYC__849ec33ff09b,-85.250237,10.160836,Costa Rica,CRI,"SINAC - Malla de Entrenamientos del Mapa de Bosques 2021, Costa Rica",10,2021,6,1,Manglar,Forestal,1,12,2021.0,2021.0,12,0,40,3.3333333333333335,3.0,4.5,4.083333333333333,-0.04167421206129188,-0.02631195675442635,-0.2473794549266247,0.1462526084134565,0.06106657515998177,-0.0013021635431194768,-0.072599531615925,0.2382608695652174,-0.10476583254806905,-0.1160631597731811,-0.2270042194092827,0.0221366698748796,1,1,1,6,Manglar,1,Forestal,0,0,0,0,Costa Rica,CRI,"SINAC - Malla de Entrenamientos del Mapa de Bosques 2021, Costa Rica",10,2021,6,1,Manglar,Forestal,vegetacion_humeda_mixta,0,0,0,0,high,Manglar con NDVI < 0.30 o NDRE < 0.05,1,0,True,True,True,0.4116914455712447,1.14441463284126,0.24330834284041267,0.8529656544519223,1,0,0,2,alta,Priorizar revisión temática y espectral,regla_clase_alta: Manglar con NDVI < 0.30 o NDRE < 0.05,1,1,Auditoría espectral preliminar SINAC SRC10 2021,Alerta exploratoria; no constituye validación temática definitiva
8971,S2SR_llenado_SRC10_000017432,SRC10_0008971,195577,SRC10_CRI_2021__XY__50faaae91ace,SRC10_CRI_2021__XYY__d17a50cc5bab,SRC10_CRI_2021__XYC__3171e851638b,-85.250247,10.163249,Costa Rica,CRI,"SINAC - Malla de Entrenamientos del Mapa de Bosques 2021, Costa Rica",10,2021,6,1,Manglar,Forestal,1,12,2021.0,2021.0,12,0,42,3.5,3.5,7.0,6.5,0.12322949300811122,0.11416945672374959,-0.03451536643026,0.292118582791034,0.17592622189967475,0.1646508161614657,0.0914688443411593,0.2460346735521947,0.021854206213584793,0.05435584845788084,-0.1553994732221246,0.1153489306540455,1,1,1,6,Manglar,1,Forestal,0,0,0,0,Costa Rica,CRI,"SINAC - Malla de Entrenamientos del Mapa de Bosques 2021, Costa Rica",10,2021,6,1,Manglar,Forestal,vegetacion_humeda_mixta,0,0,0,0,high,Manglar con NDVI < 0.30 o NDRE < 0.05,1,0,True,True,True,0.4116914455712447,1.14441463284126,0.24330834284041267,0.8529656544519223,1,0,0,2,alta,Priorizar revisión temática y espectral,regla_clase_alta: Manglar con NDVI < 0.30 o NDRE < 0.05,1,1,Auditoría espectral preliminar SINAC SRC10 2021,Alerta exploratoria; no constituye validación temática definitiva
8973,S2SR_llenado_SRC10_000017538,SRC10_0008973,195579,SRC10_CRI_2021__XY__e0b7bdd198ec,SRC10_CRI_2021__XYY__7b7727dcc2a9,SRC10_CRI_2021__XYC__da90b98c183d,-85.248151,10.166877,Costa Rica,CRI,"SINAC - Malla de Entrenamientos del Mapa de Bosques 2021, Costa Rica",10,2021,6,1,Manglar,Forestal,1,12,2021.0,2021.0,12,0,43,3.5833333333333335,4.0,3.75,5.5,0.02058212863270014,0.0617908428233446,-0.2253711201079622,0.2124492557510149,0.08548810811841256,0.11781793160301435,-0.1336898395721925,0.2115384615384615,-0.1289741872006296,-0.1439833891361647,-0.4450976624486967,0.0820227256956982,1,1,1,6,Manglar,1,Forestal,0,0,0,0,Costa Rica,CRI,"SINAC - Malla de Entrenamientos del Mapa de Bosques 2021, Costa Rica",10,2021,6,1,Manglar,Forestal,vegetacion_humeda_mixta,0,0,0,0,high,Manglar con NDVI < 0.30 o NDRE < 0.05,1,0,True,True,True,0.4116914455712447,1.14441463284126,0.24330834284041267,0.8529656544519223,1,0,0,2,alta,Priorizar revisión temática y espectral,regla_clase_alta: Manglar con NDVI < 0.30 o NDRE < 0.05,1,1,Auditoría espectral preliminar SINAC SRC10 2021,Alerta exploratoria; no constituye validación temática definitiva
8975,S2SR_llenado_SRC10_000017431,SRC10_0008975,195581,SRC10_CRI_2021__XY__44e8dc12357a,SRC10_CRI_2021__XYY__6ffcb57a0e60,SRC10_CRI_2021__XYC__375bfabbd37a,-85.250284,10.172903,Costa Rica,CRI,"SINAC - Malla de Entrenamientos del Mapa de Bosques 2021, Costa Rica",10,2021,6,1,Manglar,Forestal,1,12,2021.0,2021.0,12,0,43,3.5833333333333335,3.5,5.5,8.291666666666666,0.34196415742575365,0.3094346863643048,0.2023809523809523,0.4931757288669691,0.4150746198046022,0.38732879689806565,0.2391073326248671,0.5867759320782575,0.17201895871241601,0.1578877632704888,-0.0905032610611669,0.3854116470786491,1,1,1,6,Manglar,1,Forestal,0,0,0,0,Costa Rica,CRI,"SINAC - Malla de Entrenamientos del Mapa de Bosques 2021, Costa Rica",10,2021,6,1,Manglar,Forestal,vegetacion_humeda_mixta,0,0,0,0,medium,Manglar con NDVI < 0.40 o NDRE < 0.08,0,1,True,True,True,0.4116914455712447,1.14441463284126,0.24330834284041267,0.8529656544519223,1,0,0,2,media,Revisar en control de calidad temático/espectral,regla_clase_media: Manglar con NDVI < 0.40 o NDRE < 0.08,1,1,Auditoría espectral preliminar SINAC SRC10 2021,Alerta exploratoria; no constituye validación temática definitiva
8992,S2SR_llenado_SRC10_000017424,SRC10_0008992,195598,SRC10_CRI_2021__XY__d60e93ac5162,SRC10_CRI_2021__XYY__c8c907fa8051,SRC10_CRI_2021__XYC__c438e4291471,-85.250605,10.254958,Costa Rica,CRI,"SINAC - Malla de Entrenamientos del Mapa de Bosques 2021, Costa Rica",10,2021,6,1,Manglar,Forestal,1,12,2021.0,2021.0,12,0,39,3.25,3.5,2.25,2.6666666666666665,0.36939957187697553,0.3986026981372789,0.1505193988189954,0.4827890556045895,0.42143752470312323,0.45077611348201985,0.1984589307858643,0.5393081761006289,0.2855762157124309,0.2956961283684857,0.1057649777554865,0.375,1,1,1,6,Manglar,1,Forestal,0,0,0,0,Costa Rica,CRI,"SINAC - Malla de Entrenamientos del Mapa de Bosques 2021, Costa Rica",10,2021,6,1,Manglar,Forestal,vegetacion_humeda_mixta,0,0,0,0,medium,Manglar con NDVI < 0.40 o NDRE < 0.08,0,1,True,True,False,0.4116914455712447,1.14441463284126,0.24330834284041267,0.8529656544519223,1,0,0,2,media,Revisar en control de calidad temático/espectral,regla_clase_media: Manglar con NDVI < 0.40 o NDRE < 0.08,1,1,Auditoría espectral preliminar SINAC SRC10 2021,Alerta exploratoria; no constituye validación temática definitiva
9016,S2SR_llenado_SRC10_000017643,SRC10_0009016,195622,SRC10_CRI_2021__XY__4b5ad58fecc9,SRC10_CRI_2021__XYY__6c8b39aaeff4,SRC10_CRI_2021__XYC__25d62875d240,-85.245869,10.122238,Costa Rica,CRI,"SINAC - Malla de Entrenamientos del Mapa de Bosques 2021, Costa Rica",10,2021,6,1,Manglar,Forestal,1,12,2021.0,2021.0,12,0,39,3.25,3.0,1.75,1.7916666666666667,-0.310446599778654,-0.2558186728904127,-0.5314009661835749,-0.0981614210034278,-0.3153042165720619,-0.32282970185400683,-0.5316804407713499,-0.0223592906707787,-0.29168759452990406,-0.2836224780790285,-0.4925373134328358,-0.0589981447124304,1,1,1,6,Manglar,1,Forestal,0,0,0,0,Costa Rica,CRI,"SINAC - Malla de Entrenamientos del Mapa de Bosques 2021, Costa Rica",10,2021,6,1,Manglar,Forestal,vegetacion_humeda_mixta,0,0,0,0,high,Manglar con NDVI < 0.30 o NDRE < 0.05,1,0,True,True,True,0.4116914455712447,1.14441463284126,0.24330834284041267,0.8529656544519223,1,0,0,2,alta,Priorizar revisión temática y espectral,regla_clase_alta: Manglar con NDVI < 0.30 o NDRE < 0.05,1,1,Auditoría espectral preliminar SINAC SRC10 2021,Alerta exploratoria; no constituye validación temática definitiva
9026,S2SR_llenado_SRC10_000017638,SRC10_0009026,195632,SRC10_CRI_2021__XY__b1d0fea9d37d,SRC10_CRI_2021__XYY__fc9737541b3e,SRC10_CRI_2021__XYC__929dcb858156,-85.245915,10.134305,Costa Rica,CRI,"SINAC - Malla de Entrenamientos del Mapa de Bosques 2021, Costa Rica",10,2021,6,1,Manglar,Forestal,1,12,2021.0,2021.0,11,1,36,3.0,3.0,1.5,1.9090909090909092,-0.3062740087309596,-0.2605875714965316,-0.5324675324675324,-0.123275902251338,-0.31052393962083524,-0.2529154975939308,-0.5111940298507462,-0.0615808823529411,-0.3031197436100175,-0.3075097934472934,-0.4677859677859678,-0.0928476232785428,1,1,1,6,Manglar,1,Forestal,0,0,0,0,Costa Rica,CRI,"SINAC - Malla de Entrenamientos del Mapa de Bosques 2021, Costa Rica",10,2021,6,1,Manglar,Forestal,vegetacion_humeda_mixta,0,0,0,0,high,Manglar con NDVI < 0.30 o NDRE < 0.05,1,0,True,True,True,0.4116914455712447,1.14441463284126,0.24330834284041267,0.8529656544519223,1,0,0,2,alta,Priorizar revisión temática y espectral,regla_clase_alta: Manglar con NDVI < 0.30 o NDRE < 0.05,1,1,Auditoría espectral preliminar SINAC SRC10 2021,Alerta exploratoria; no constituye validación temática definitiva
9027,S2SR_llenado_SRC10_000017711,SRC10_0009027,195633,SRC10_CRI_2021__XY__bf43b47a1919,SRC10_CRI_2021__XYY__56cb28d9122e,SRC10_CRI_2021__XYC__4118477dffc7,-85.243811,10.135519,Costa Rica,CRI,"SINAC - Malla de Entrenamientos del Mapa de Bosques 2021, Costa Rica",10,2021,6,1,Manglar,Forestal,1,12,2021.0,2021.0,12,0,37,3.0833333333333335,3.0,2.0,1.7083333333333333,-0.3238479277177115,-0.31510077617627585,-0.546617915904936,-0.0814577463760711,-0.3204844780936651,-0.341996056036762,-0.546617915904936,-0.0384764865915273,-0.3188951172418868,-0.364907837150824,-0.5260804769001489,-0.0744481855592966,1,1,1,6,Manglar,1,Forestal,0,0,0,0,Costa Rica,CRI,"SINAC - Malla de Entrenamientos del Mapa de Bosques 2021, Costa Rica",10,2021,6,1,Manglar,Forestal,vegetacion_humeda_mixta,0,0,0,0,high,Manglar con NDVI < 0.30 o NDRE < 0.05,1,0,True,True,True,0.4116914455712447,1.14441463284126,0.24330834284041267,0.8529656544519223,1,0,0,2,alta,Priorizar revisión temática y espectral,regla_clase_alta: Manglar con NDVI < 0.30 o NDRE < 0.05,1,1,Auditoría espectral preliminar SINAC SRC10 2021,Alerta exploratoria; no constituye validación temática definitiva
9034,S2SR_llenado_SRC10_000017634,SRC10_0009034,195640,SRC10_CRI_2021__XY__94dca5337f21,SRC10_CRI_2021__XYY__68b1e1b8b4fa,SRC10_CRI_2021__XYC__a506484bb922,-85.245953,10.143958,Costa Rica,CRI,"SINAC - Malla de Entrenamientos del Mapa de Bosques 2021, Costa Rica",10,2021,6,1,Manglar,Forestal,1,12,2021.0,2021.0,12,0,44,3.6666666666666665,4.0,9.5,10.458333333333334,0.0826718470607472,0.09314844531030794,-0.0766512956928079,0.2314606840108437,0.12112779311970513,0.15053008100280157,-0.0958681699812777,0.3023976532364506,0.03823738146683892,0.049990594033122754,-0.1800118385087507,0.1554221791770635,1,1,1,6,Manglar,1,Forestal,0,0,0,0,Costa Rica,CRI,"SINAC - Malla de Entrenamientos del Mapa de Bosques 2021, Costa Rica",10,2021,6,1,Manglar,Forestal,vegetacion_humeda_mixta,0,0,0,0,high,Manglar con NDVI < 0.30 o NDRE < 0.05,1,0,True,True,True,0.4116914455712447,1.14441463284126,0.24330834284041267,0.8529656544519223,1,0,0,2,alta,Priorizar revisión temática y espectral,regla_clase_alta: Manglar con NDVI < 0.30 o NDRE < 0.05,1,1,Auditoría espectral preliminar SINAC SRC10 2021,Alerta exploratoria; no constituye validación temática definitiva
9065,S2SR_llenado_SRC10_000017892,SRC10_0009065,195671,SRC10_CRI_2021__XY__62ae7c47c886,SRC10_CRI_2021__XYY__826b86bb606d,SRC10_CRI_2021__XYC__2d04342da1c1,-85.239407,10.087267,Costa Rica,CRI,"SINAC - Malla de Entrenamientos del Mapa de Bosques 2021, Costa Rica",10,2021,6,1,Manglar,Forestal,1,12,2021.0,2021.0,12,0,41,3.4166666666666665,3.5,2.0,2.4583333333333335,-0.1923725385294429,-0.15990846885275029,-0.4776632302405499,0.0721529991306866,-0.22664729823458085,-0.20533628592808706,-0.6604774535809018,0.0933694181326116,-0.3242945831534469,-0.276852129761031,-0.6952380952380952,0.0459070796460177,1,1,1,6,Manglar,1,Forestal,0,0,0,0,Costa Rica,CRI,"SINAC - Malla de Entrenamientos del Mapa de Bosques 2021, Costa Rica",10,2021,6,1,Manglar,Forestal,vegetacion_humeda_mixta,0,0,0,0,high,Manglar con NDVI < 0.30 o NDRE < 0.05,1,0,True,True,True,0.4116914455712447,1.14441463284126,0.24330834284041267,0.8529656544519223,1,0,0,2,alta,Priorizar revisión temática y espectral,regla_clase_alta: Manglar con NDVI < 0.30 o NDRE < 0.05,1,1,Auditoría espectral preliminar SINAC SRC10 2021,Alerta exploratoria; no constituye validación temática definitiva
9066,S2SR_llenado_SRC10_000017825,SRC10_0009066,195672,SRC10_CRI_2021__XY__16284271a9f5,SRC10_CRI_2021__XYY__829f310d8c8a,SRC10_CRI_2021__XYC__f3ead4217482,-85.24152,10.088466,Costa Rica,CRI,"SINAC - Malla de Entrenamientos del Mapa de Bosques 2021, Costa Rica",10,2021,6,1,Manglar,Forestal,1,12,2021.0,2021.0,12,0,42,3.5,4.0,2.0,2.3333333333333335,-0.24773157459749004,-0.2491274103703181,-0.4160039612279806,-0.0499678704690911,-0.22524276383266165,-0.2000874438751427,-0.5824688035233668,-0.0247838616714697,-0.3757402546868655,-0.3667839589247433,-0.6353276353276355,-0.1182907764460656,1,1,1,6,Manglar,1,Forestal,0,0,0,0,Costa Rica,CRI,"SINAC - Malla de Entrenamientos del Mapa de Bosques 2021, Costa Rica",10,2021,6,1,Manglar,Forestal,vegetacion_humeda_mixta,0,0,0,0,high,Manglar con NDVI < 0.30 o NDRE < 0.05,1,0,True,True,True,0.4116914455712447,1.14441463284126,0.24330834284041267,0.8529656544519223,1,0,0,2,alta,Priorizar revisión temática y espectral,regla_clase_alta: Manglar con NDVI < 0.30 o NDRE < 0.05,1,1,Auditoría espectral preliminar SINAC SRC10 2021,Alerta exploratoria; no constituye validación temática definitiva
9067,S2SR_llenado_SRC10_000017891,SRC10_0009067,195673,SRC10_CRI_2021__XY__932981b468de,SRC10_CRI_2021__XYY__cc47a441ea66,SRC10_CRI_2021__XYC__f20ea4ae8861,-85.239416,10.089681,Costa Rica,CRI,"SINAC - Malla de Entrenamientos del Mapa de Bosques 2021, Costa Rica",10,2021,6,1,Manglar,Forestal,1,12,2021.0,2021.0,12,0,41,3.4166666666666665,3.5,5.25,5.125,0.008157649852992709,0.011426627488849001,-0.2053333333333333,0.1449328005811842,0.07895923924331517,0.08704277254074355,-0.1059245960502692,0.2848629320619785,-0.0735100160194151,-0.0592613146016594,-0.2191435768261965,0.0357527785468496,1,1,1,6,Manglar,1,Forestal,0,0,0,0,Costa Rica,CRI,"SINAC - Malla de Entrenamientos del Mapa de Bosques 2021, Costa Rica",10,2021,6,1,Manglar,Forestal,vegetacion_humeda_mixta,0,0,0,0,high,Manglar con NDVI < 0.30 o NDRE < 0.05,1,0,True,True,True,0.4116914455712447,1.14441463284126,0.24330834284041267,0.8529656544519223,1,0,0,2,alta,Priorizar revisión temática y espectral,regla_clase_alta: Manglar con NDVI < 0.30 o NDRE < 0.05,1,1,Auditoría espectral preliminar SINAC SRC10 2021,Alerta exploratoria; no constituye validación temática definitiva
9068,S2SR_llenado_SRC10_000017824,SRC10_0009068,195674,SRC10_CRI_2021__XY__64c25a57ce46,SRC10_CRI_2021__XYY__4bf3bdc0a1d8,SRC10_CRI_2021__XYC__dab6b54ee56d,-85.24153,10.090879,Costa Rica,CRI,"SINAC - Malla de Entrenamientos del Mapa de Bosques 2021, Costa Rica",10,2021,6,1,Manglar,Forestal,1,12,2021.0,2021.0,12,0,40,3.3333333333333335,3.0,1.5,2.4166666666666665,-0.15990999634568145,-0.1576374984929663,-0.389757541643213,0.1073961499493414,-0.23649410632148324,-0.2392706769298572,-0.5780154631501289,0.1307350764676862,-0.3851513021998118,-0.44404232094381624,-0.6828963795255929,0.0231593501555479,1,1,1,6,Manglar,1,Forestal,0,0,0,0,Costa Rica,CRI,"SINAC - Malla de Entrenamientos del Mapa de Bosques 2021, Costa Rica",10,2021,6,1,Manglar,Forestal,vegetacion_humeda_mixta,0,0,0,0,high,Manglar con NDVI < 0.30 o NDRE < 0.05,1,0,True,True,True,0.4116914455712447,1.14441463284126,0.24330834284041267,0.8529656544519223,1,0,0,2,alta,Priorizar revisión temática y espectral,regla_clase_alta: Manglar con NDVI < 0.30 o NDRE < 0.05,1,1,Auditoría espectral preliminar SINAC SRC10 2021,Alerta exploratoria; no constituye validación temática definitiva
9069,S2SR_llenado_SRC10_000017823,SRC10_0009069,195676,SRC10_CRI_2021__XY__36ce3021d55b,SRC10_CRI_2021__XYY__3df584cc9796,SRC10_CRI_2021__XYC__4adb05b53936,-85.241539,10.093293,Costa Rica,CRI,"SINAC - Malla de Entrenamientos del Mapa de Bosques 2021, Costa Rica",10,2021,6,1,Manglar,Forestal,1,12,2021.0,2021.0,12,0,43,3.5833333333333335,4.0,3.75,5.833333333333333,-0.07328151137493417,-0.061070600484129205,-0.2859025032938076,0.0816119200812733,0.00687594046051616,0.0224090720237689,-0.1360424028268552,0.1497258540700126,-0.10537905677425706,-0.11226715433988191,-0.2951015531660693,0.0567319216939672,1,1,1,6,Manglar,1,Forestal,0,0,0,0,Costa Rica,CRI,"SINAC - Malla de Entrenamientos del Mapa de Bosques 2021, Costa Rica",10,2021,6,1,Manglar,Forestal,vegetacion_humeda_mixta,0,0,0,0,high,Manglar con NDVI < 0.30 o NDRE < 0.05,1,0,True,True,True,0.4116914455712447,1.14441463284126,0.24330834284041267,0.8529656544519223,1,0,0,2,alta,Priorizar revisión temática y espectral,regla_clase_alta: Manglar con NDVI < 0.30 o NDRE < 0.05,1,1,Auditoría espectral preliminar SINAC SRC10 2021,Alerta exploratoria; no constituye validación temática definitiva
9070,S2SR_llenado_SRC10_000017890,SRC10_0009070,195677,SRC10_CRI_2021__XY__babb9a6de5da,SRC10_CRI_2021__XYY__2e9482d4a719,SRC10_CRI_2021__XYC__0c80d5bbeca3,-85.239434,10.094507,Costa Rica,CRI,"SINAC - Malla de Entrenamientos del Mapa de Bosques 2021, Costa Rica",10,2021,6,1,Manglar,Forestal,1,12,2021.0,2021.0,12,0,43,3.5833333333333335,4.0,5.75,8.416666666666666,0.35440918842858826,0.3823784834852161,0.0872093023255813,0.5601117038820731,0.33861017584718417,0.3843405647382919,0.0982318271119843,0.5643805629956631,0.18512610707510255,0.2059258668100657,0.0801932367149758,0.302877802293007,1,1,1,6,Manglar,1,Forestal,0,0,0,0,Costa Rica,CRI,"SINAC - Malla de Entrenamientos del Mapa de Bosques 2021, Costa Rica",10,2021,6,1,Manglar,Forestal,vegetacion_humeda_mixta,0,0,0,0,medium,Manglar con NDVI < 0.40 o NDRE < 0.08,0,1,True,True,True,0.4116914455712447,1.14441463284126,0.24330834284041267,0.8529656544519223,1,0,0,2,media,Revisar en control de calidad temático/espectral,regla_clase_media: Manglar con NDVI < 0.40 o NDRE < 0.08,1,1,Auditoría espectral preliminar SINAC SRC10 2021,Alerta exploratoria; no constituye validación temática definitiva
9071,S2SR_llenado_SRC10_000017889,SRC10_0009071,195678,SRC10_CRI_2021__XY__16f877e2da9d,SRC10_CRI_2021__XYY__a744edb2a41d,SRC10_CRI_2021__XYC__d25d901bd50f,-85.239444,10.096921,Costa Rica,CRI,"SINAC - Malla de Entrenamientos del Mapa de Bosques 2021, Costa Rica",10,2021,6,1,Manglar,Forestal,1,12,2021.0,2021.0,12,0,43,3.5833333333333335,4.0,9.0,11.5,0.3009962800574875,0.3071116572739049,0.1547049441786283,0.4297213382021884,0.3157061939651813,0.33511817450335546,0.1679748822605965,0.437845405126382,0.18014970485384899,0.1797330265604995,0.0825754819934521,0.2552805764343253,1,1,1,6,Manglar,1,Forestal,0,0,0,0,Costa Rica,CRI,"SINAC - Malla de Entrenamientos del Mapa de Bosques 2021, Costa Rica",10,2021,6,1,Manglar,Forestal,vegetacion_humeda_mixta,0,0,0,0,medium,Manglar con NDVI < 0.40 o NDRE < 0.08,0,1,True,True,True,0.4116914455712447,1.14441463284126,0.24330834284041267,0.8529656544519223,1,0,0,2,media,Revisar en control de calidad temático/espectral,regla_clase_media: Manglar con NDVI < 0.40 o NDRE < 0.08,1,1,Auditoría espectral preliminar SINAC SRC10 2021,Alerta exploratoria; no constituye validación temática definitiva
9077,S2SR_llenado_SRC10_000017885,SRC10_0009077,195684,SRC10_CRI_2021__XY__c1499f27c570,SRC10_CRI_2021__XYY__de24e517d9d3,SRC10_CRI_2021__XYC__4920acd40184,-85.239481,10.106574,Costa Rica,CRI,"SINAC - Malla de Entrenamientos del Mapa de Bosques 2021, Costa Rica",10,2021,6,1,Manglar,Forestal,1,12,2021.0,2021.0,12,0,40,3.3333333333333335,3.5,6.25,6.708333333333333,-2.2997981063344285e-05,0.05917333862570185,-0.2503975616220514,0.1060011217049915,0.018428795548027767,0.0923239887005699,-0.2459185013349673,0.1453940066592675,-0.027289677914679022,0.037410224065652295,-0.2660843549741876,0.0766823161189357,1,1,1,6,Manglar,1,Forestal,0,0,0,0,Costa Rica,CRI,"SINAC - Malla de Entrenamientos del Mapa de Bosques 2021, Costa Rica",10,2021,6,1,Manglar,Forestal,vegetacion_humeda_mixta,0,0,0,0,high,Manglar con NDVI < 0.30 o NDRE < 0.05,1,0,True,True,True,0.4116914455712447,1.14441463284126,0.24330834284041267,0.8529656544519223,1,0,0,2,alta,Priorizar revisión temática y espectral,regla_clase_alta: Manglar con NDVI < 0.30 o NDRE < 0.05,1,1,Auditoría espectral preliminar SINAC SRC10 2021,Alerta exploratoria; no constituye validación temática definitiva
9079,S2SR_llenado_SRC10_000017884,SRC10_0009079,195686,SRC10_CRI_2021__XY__c459fc3b5f38,SRC10_CRI_2021__XYY__9ac82612a47f,SRC10_CRI_2021__XYC__a291a1c0a0d8,-85.23949,10.108988,Costa Rica,CRI,"SINAC - Malla de Entrenamientos del Mapa de Bosques 2021, Costa Rica",10,2021,6,1,Manglar,Forestal,1,12,2021.0,2021.0,12,0,41,3.4166666666666665,3.5,4.75,6.208333333333333,0.022827082179091154,0.05954376263529901,-0.2543962424747839,0.2214484679665737,0.0342571023243946,0.10685543817135926,-0.3382121117527704,0.2664041994750656,-0.03414936691881864,0.03946531467691425,-0.36632366119712,0.0780437044745057,1,1,1,6,Manglar,1,Forestal,0,0,0,0,Costa Rica,CRI,"SINAC - Malla de Entrenamientos del Mapa de Bosques 2021, Costa Rica",10,2021,6,1,Manglar,Forestal,vegetacion_humeda_mixta,0,0,0,0,high,Manglar con NDVI < 0.30 o NDRE < 0.05,1,0,True,True,True,0.4116914455712447,1.14441463284126,0.24330834284041267,0.8529656544519223,1,0,0,2,alta,Priorizar revisión temática y espectral,regla_clase_alta: Manglar con NDVI < 0.30 o NDRE < 0.05,1,1,Auditoría espectral preliminar SINAC SRC10 2021,Alerta exploratoria; no constituye validación temática definitiva
9089,S2SR_llenado_SRC10_000017879,SRC10_0009089,195696,SRC10_CRI_2021__XY__b5454e90a9ca,SRC10_CRI_2021__XYY__48713bc6605b,SRC10_CRI_2021__XYC__aab938622338,-85.239536,10.121055,Costa Rica,CRI,"SINAC - Malla de Entrenamientos del Mapa de Bosques 2021, Costa Rica",10,2021,6,1,Manglar,Forestal,1,12,2021.0,2021.0,12,0,38,3.1666666666666665,3.0,1.0,1.125,-0.400982310416888,-0.37586294747502946,-0.6561844863731656,-0.1295066343568072,-0.41664666025916247,-0.3788137468143825,-0.7633928571428572,-0.1252779999877869,-0.39694898416643176,-0.3511532913495431,-0.7476190476190476,-0.1210701557163397,1,1,1,6,Manglar,1,Forestal,0,0,0,0,Costa Rica,CRI,"SINAC - Malla de Entrenamientos del Mapa de Bosques 2021, Costa Rica",10,2021,6,1,Manglar,Forestal,vegetacion_humeda_mixta,0,0,0,0,high,Manglar con NDVI < 0.30 o NDRE < 0.05,1,0,True,True,True,0.4116914455712447,1.14441463284126,0.24330834284041267,0.8529656544519223,1,0,0,2,alta,Priorizar revisión temática y espectral,regla_clase_alta: Manglar con NDVI < 0.30 o NDRE < 0.05,1,1,Auditoría espectral preliminar SINAC SRC10 2021,Alerta exploratoria; no constituye validación temática definitiva
9090,S2SR_llenado_SRC10_000017813,SRC10_0009090,195697,SRC10_CRI_2021__XY__fe80ee7f17fd,SRC10_CRI_2021__XYY__00c09f1e0ec8,SRC10_CRI_2021__XYC__5acafdaa5a27,-85.24165,10.122254,Costa Rica,CRI,"SINAC - Malla de Entrenamientos del Mapa de Bosques 2021, Costa Rica",10,2021,6,1,Manglar,Forestal,1,12,2021.0,2021.0,12,0,37,3.0833333333333335,3.0,5.75,5.666666666666667,-0.030494462584123933,-0.02959467559702015,-0.1323253225440502,0.0664172123479888,0.09022174456505459,0.1222765538303548,-0.1360912081474471,0.2752360203340596,0.046216341451031824,0.07732141478377444,-0.203165282771584,0.2127071823204419,1,1,1,6,Manglar,1,Forestal,0,0,0,0,Costa Rica,CRI,"SINAC - Malla de Entrenamientos del Mapa de Bosques 2021, Costa Rica",10,2021,6,1,Manglar,Forestal,vegetacion_humeda_mixta,0,0,0,0,high,Manglar con NDVI < 0.30 o NDRE < 0.05,1,0,True,True,True,0.4116914455712447,1.14441463284126,0.24330834284041267,0.8529656544519223,1,0,0,2,alta,Priorizar revisión temática y espectral,regla_clase_alta: Manglar con NDVI < 0.30 o NDRE < 0.05,1,1,Auditoría espectral preliminar SINAC SRC10 2021,Alerta exploratoria; no constituye validación temática definitiva
9098,S2SR_llenado_SRC10_000017808,SRC10_0009098,195705,SRC10_CRI_2021__XY__4533cc34f9b4,SRC10_CRI_2021__XYY__3df930c13a9e,SRC10_CRI_2021__XYC__bdce84228f95,-85.241697,10.134321,Costa Rica,CRI,"SINAC - Malla de Entrenamientos del Mapa de Bosques 2021, Costa Rica",10,2021,6,1,Manglar,Forestal,1,12,2021.0,2021.0,12,0,36,3.0,3.0,1.0,1.25,-0.3497659483836832,-0.3395021947272246,-0.5880398671096345,-0.0738137082601054,-0.34444661672707905,-0.35949682970166424,-0.6290726817042606,-0.0682926829268291,-0.3479848717216416,-0.368241668268132,-0.601078167115903,-0.0981247274313127,1,1,1,6,Manglar,1,Forestal,0,0,0,0,Costa Rica,CRI,"SINAC - Malla de Entrenamientos del Mapa de Bosques 2021, Costa Rica",10,2021,6,1,Manglar,Forestal,vegetacion_humeda_mixta,0,0,0,0,high,Manglar con NDVI < 0.30 o NDRE < 0.05,1,0,True,True,True,0.4116914455712447,1.14441463284126,0.24330834284041267,0.8529656544519223,1,0,0,2,alta,Priorizar revisión temática y espectral,regla_clase_alta: Manglar con NDVI < 0.30 o NDRE < 0.05,1,1,Auditoría espectral preliminar SINAC SRC10 2021,Alerta exploratoria; no constituye validación temática definitiva
9118,S2SR_llenado_SRC10_000017945,SRC10_0009118,195728,SRC10_CRI_2021__XY__d9b865664842,SRC10_CRI_2021__XYY__ed892225807e,SRC10_CRI_2021__XYC__c4b197a35b80,-85.237293,10.086068,Costa Rica,CRI,"SINAC - Malla de Entrenamientos del Mapa de Bosques 2021, Costa Rica",10,2021,6,1,Manglar,Forestal,1,12,2021.0,2021.0,12,0,42,3.5,4.0,6.75,7.125,0.3517039732148361,0.35707170328838467,0.1595718197659945,0.5292675452038001,0.3573932826778013,0.3732653563059388,0.1601246105919003,0.5617689015691868,0.2140314126788381,0.23088002269743801,0.1044680167148826,0.3383863080684596,1,1,1,6,Manglar,1,Forestal,0,0,0,0,Costa Rica,CRI,"SINAC - Malla de Entrenamientos del Mapa de Bosques 2021, Costa Rica",10,2021,6,1,Manglar,Forestal,vegetacion_humeda_mixta,0,0,0,0,medium,Manglar con NDVI < 0.40 o NDRE < 0.08,0,1,True,True,True,0.4116914455712447,1.14441463284126,0.24330834284041267,0.8529656544519223,1,0,0,2,media,Revisar en control de calidad temático/espectral,regla_clase_media: Manglar con NDVI < 0.40 o NDRE < 0.08,1,1,Auditoría espectral preliminar SINAC SRC10 2021,Alerta exploratoria; no constituye validación temática definitiva
9119,S2SR_llenado_SRC10_000018029,SRC10_0009119,195729,SRC10_CRI_2021__XY__b73078cd22b1,SRC10_CRI_2021__XYY__9ee02e632276,SRC10_CRI_2021__XYC__49af7f78fa66,-85.235188,10.087283,Costa Rica,CRI,"SINAC - Malla de Entrenamientos del Mapa de Bosques 2021, Costa Rica",10,2021,6,1,Manglar,Forestal,1,12,2021.0,2021.0,12,0,42,3.5,4.0,3.5,4.541666666666667,-0.04240299236497013,-0.0322685761623071,-0.1918819188191882,0.1478581310519073,0.03447530089900727,0.06134971930450875,-0.186733958183129,0.1772954924874791,-0.13558728579314586,-0.14142493795071875,-0.3736805265589101,0.062330623306233,1,1,1,6,Manglar,1,Forestal,0,0,0,0,Costa Rica,CRI,"SINAC - Malla de Entrenamientos del Mapa de Bosques 2021, Costa Rica",10,2021,6,1,Manglar,Forestal,vegetacion_humeda_mixta,0,0,0,0,high,Manglar con NDVI < 0.30 o NDRE < 0.05,1,0,True,True,True,0.4116914455712447,1.14441463284126,0.24330834284041267,0.8529656544519223,1,0,0,2,alta,Priorizar revisión temática y espectral,regla_clase_alta: Manglar con NDVI < 0.30 o NDRE < 0.05,1,1,Auditoría espectral preliminar SINAC SRC10 2021,Alerta exploratoria; no constituye validación temática definitiva
9120,S2SR_llenado_SRC10_000017944,SRC10_0009120,195730,SRC10_CRI_2021__XY__64272adeeb05,SRC10_CRI_2021__XYY__8e04714bee7d,SRC10_CRI_2021__XYC__9e8f04bb6218,-85.237302,10.088482,Costa Rica,CRI,"SINAC - Malla de Entrenamientos del Mapa de Bosques 2021, Costa Rica",10,2021,6,1,Manglar,Forestal,1,12,2021.0,2021.0,12,0,43,3.5833333333333335,4.0,9.0,10.5,0.2522269056281676,0.23428098292595922,0.1366619115549215,0.4526229288377625,0.2722178651187441,0.25853309682559994,0.1547169811320755,0.4498010117205463,0.13746340875410848,0.13993229364598164,0.035070140280561,0.248298071196495,1,1,1,6,Manglar,1,Forestal,0,0,0,0,Costa Rica,CRI,"SINAC - Malla de Entrenamientos del Mapa de Bosques 2021, Costa Rica",10,2021,6,1,Manglar,Forestal,vegetacion_humeda_mixta,0,0,0,0,high,Manglar con NDVI < 0.30 o NDRE < 0.05,1,0,True,True,True,0.4116914455712447,1.14441463284126,0.24330834284041267,0.8529656544519223,1,0,0,2,alta,Priorizar revisión temática y espectral,regla_clase_alta: Manglar con NDVI < 0.30 o NDRE < 0.05,1,1,Auditoría espectral preliminar SINAC SRC10 2021,Alerta exploratoria; no constituye validación temática definitiva
9121,S2SR_llenado_SRC10_000018028,SRC10_0009121,195731,SRC10_CRI_2021__XY__403c9dfaf626,SRC10_CRI_2021__XYY__40bf8e2ca23f,SRC10_CRI_2021__XYC__cced65b8959c,-85.235198,10.089696,Costa Rica,CRI,"SINAC - Malla de Entrenamientos del Mapa de Bosques 2021, Costa Rica",10,2021,6,1,Manglar,Forestal,1,12,2021.0,2021.0,12,0,43,3.5833333333333335,4.0,2.25,4.083333333333333,-0.12771633947078342,-0.12411519505263235,-0.3718137833372669,0.1059073462098975,-0.004410597522004081,-0.0242587401815544,-0.1822892271662763,0.1903733719320517,-0.1722625694800972,-0.16573100870242224,-0.3856754276725437,0.0899293859540832,1,1,1,6,Manglar,1,Forestal,0,0,0,0,Costa Rica,CRI,"SINAC - Malla de Entrenamientos del Mapa de Bosques 2021, Costa Rica",10,2021,6,1,Manglar,Forestal,vegetacion_humeda_mixta,0,0,0,0,high,Manglar con NDVI < 0.30 o NDRE < 0.05,1,0,True,True,True,0.4116914455712447,1.14441463284126,0.24330834284041267,0.8529656544519223,1,0,0,2,alta,Priorizar revisión temática y espectral,regla_clase_alta: Manglar con NDVI < 0.30 o NDRE < 0.05,1,1,Auditoría espectral preliminar SINAC SRC10 2021,Alerta exploratoria; no constituye validación temática definitiva
9122,S2SR_llenado_SRC10_000017943,SRC10_0009122,195732,SRC10_CRI_2021__XY__8de4dc4b49bb,SRC10_CRI_2021__XYY__bb771133e105,SRC10_CRI_2021__XYC__1e8f6343ba13,-85.237311,10.090895,Costa Rica,CRI,"SINAC - Malla de Entrenamientos del Mapa de Bosques 2021, Costa Rica",10,2021,6,1,Manglar,Forestal,1,12,2021.0,2021.0,12,0,43,3.5833333333333335,3.5,5.5,8.541666666666666,0.16356801460490586,0.15597569529407046,0.0203350333314232,0.3892251094168409,0.15212192454721352,0.15888638838221747,-0.0081584788498162,0.3091603053435114,0.005901684202906117,0.05773026069161665,-0.1766929467173678,0.0919778699861687,1,1,1,6,Manglar,1,Forestal,0,0,0,0,Costa Rica,CRI,"SINAC - Malla de Entrenamientos del Mapa de Bosques 2021, Costa Rica",10,2021,6,1,Manglar,Forestal,vegetacion_humeda_mixta,0,0,0,0,high,Manglar con NDVI < 0.30 o NDRE < 0.05,1,0,True,True,True,0.4116914455712447,1.14441463284126,0.24330834284041267,0.8529656544519223,1,0,0,2,alta,Priorizar revisión temática y espectral,regla_clase_alta: Manglar con NDVI < 0.30 o NDRE < 0.05,1,1,Auditoría espectral preliminar SINAC SRC10 2021,Alerta exploratoria; no constituye validación temática definitiva
9123,S2SR_llenado_SRC10_000018027,SRC10_0009123,195733,SRC10_CRI_2021__XY__ad00e739225f,SRC10_CRI_2021__XYY__c219fd41b890,SRC10_CRI_2021__XYC__5803e2404a32,-85.235207,10.09211,Costa Rica,CRI,"SINAC - Malla de Entrenamientos del Mapa de Bosques 2021, Costa Rica",10,2021,6,1,Manglar,Forestal,1,12,2021.0,2021.0,12,0,40,3.3333333333333335,3.5,1.5,2.0833333333333335,-0.25335839493746587,-0.24528624235082155,-0.5644179894179895,-0.0280572828339928,-0.27783805204749795,-0.32476197450148164,-0.6045293359123146,0.0806607389794709,-0.39285512032395814,-0.42383651230361097,-0.6197164980029894,-0.0132799581529362,1,1,1,6,Manglar,1,Forestal,0,0,0,0,Costa Rica,CRI,"SINAC - Malla de Entrenamientos del Mapa de Bosques 2021, Costa Rica",10,2021,6,1,Manglar,Forestal,vegetacion_humeda_mixta,0,0,0,0,high,Manglar con NDVI < 0.30 o NDRE < 0.05,1,0,True,True,True,0.4116914455712447,1.14441463284126,0.24330834284041267,0.8529656544519223,1,0,0,2,alta,Priorizar revisión temática y espectral,regla_clase_alta: Manglar con NDVI < 0.30 o NDRE < 0.05,1,1,Auditoría espectral preliminar SINAC SRC10 2021,Alerta exploratoria; no constituye validación temática definitiva
9124,S2SR_llenado_SRC10_000017942,SRC10_0009124,195734,SRC10_CRI_2021__XY__59092fd79055,SRC10_CRI_2021__XYY__c8fc16fcecbb,SRC10_CRI_2021__XYC__f643331954b1,-85.237321,10.093309,Costa Rica,CRI,"SINAC - Malla de Entrenamientos del Mapa de Bosques 2021, Costa Rica",10,2021,6,1,Manglar,Forestal,1,12,2021.0,2021.0,12,0,41,3.4166666666666665,3.5,2.0,2.125,-0.25377583736849635,-0.28750199054723763,-0.4053017299282057,-0.0265123818709088,-0.277989520574422,-0.251940063145968,-0.5995833452241659,0.0120898100172712,-0.4133175372469751,-0.3904497961264015,-0.7312000000000001,-0.2026563419309534,1,1,1,6,Manglar,1,Forestal,0,0,0,0,Costa Rica,CRI,"SINAC - Malla de Entrenamientos del Mapa de Bosques 2021, Costa Rica",10,2021,6,1,Manglar,Forestal,vegetacion_humeda_mixta,0,0,0,0,high,Manglar con NDVI < 0.30 o NDRE < 0.05,1,0,True,True,True,0.4116914455712447,1.14441463284126,0.24330834284041267,0.8529656544519223,1,0,0,2,alta,Priorizar revisión temática y espectral,regla_clase_alta: Manglar con NDVI < 0.30 o NDRE < 0.05,1,1,Auditoría espectral preliminar SINAC SRC10 2021,Alerta exploratoria; no constituye validación temática definitiva
9125,S2SR_llenado_SRC10_000018026,SRC10_0009125,195735,SRC10_CRI_2021__XY__83e7bc8474fa,SRC10_CRI_2021__XYY__8f10998c0d29,SRC10_CRI_2021__XYC__37930110d16b,-85.235216,10.094523,Costa Rica,CRI,"SINAC - Malla de Entrenamientos del Mapa de Bosques 2021, Costa Rica",10,2021,6,1,Manglar,Forestal,1,12,2021.0,2021.0,12,0,41,3.4166666666666665,4.0,5.25,5.375,0.18840097595538105,0.18505554255524626,-0.0241596638655461,0.3527544351073763,0.14980255816169327,0.12969259550900053,0.0398818316100442,0.3214878362787238,0.026081514532428875,0.00954584472136695,-0.1072607260726073,0.1875564054269083,1,1,1,6,Manglar,1,Forestal,0,0,0,0,Costa Rica,CRI,"SINAC - Malla de Entrenamientos del Mapa de Bosques 2021, Costa Rica",10,2021,6,1,Manglar,Forestal,vegetacion_humeda_mixta,0,0,0,0,high,Manglar con NDVI < 0.30 o NDRE < 0.05,1,0,True,True,True,0.4116914455712447,1.14441463284126,0.24330834284041267,0.8529656544519223,1,0,0,2,alta,Priorizar revisión temática y espectral,regla_clase_alta: Manglar con NDVI < 0.30 o NDRE < 0.05,1,1,Auditoría espectral preliminar SINAC SRC10 2021,Alerta exploratoria; no constituye validación temática definitiva
9126,S2SR_llenado_SRC10_000017941,SRC10_0009126,195736,SRC10_CRI_2021__XY__6024b62e05b1,SRC10_CRI_2021__XYY__f6434d134485,SRC10_CRI_2021__XYC__e403764eb7bc,-85.23733,10.095722,Costa Rica,CRI,"SINAC - Malla de Entrenamientos del Mapa de Bosques 2021, Costa Rica",10,2021,6,1,Manglar,Forestal,1,12,2021.0,2021.0,12,0,43,3.5833333333333335,4.0,3.0,4.166666666666667,-0.12635365248202624,-0.13899443792577343,-0.3992673992673992,0.0863459814759486,-0.16346657856102076,-0.15759180094734185,-0.5384615384615385,0.1266924656623777,-0.2698292701253151,-0.2804151716732108,-0.6919374247894103,0.0611250918971248,1,1,1,6,Manglar,1,Forestal,0,0,0,0,Costa Rica,CRI,"SINAC - Malla de Entrenamientos del Mapa de Bosques 2021, Costa Rica",10,2021,6,1,Manglar,Forestal,vegetacion_humeda_mixta,0,0,0,0,high,Manglar con NDVI < 0.30 o NDRE < 0.05,1,0,True,True,True,0.4116914455712447,1.14441463284126,0.24330834284041267,0.8529656544519223,1,0,0,2,alta,Priorizar revisión temática y espectral,regla_clase_alta: Manglar con NDVI < 0.30 o NDRE < 0.05,1,1,Auditoría espectral preliminar SINAC SRC10 2021,Alerta exploratoria; no constituye validación temática definitiva
9134,S2SR_llenado_SRC10_000017935,SRC10_0009134,195744,SRC10_CRI_2021__XY__63d99091ff68,SRC10_CRI_2021__XYY__9e47af6cc48a,SRC10_CRI_2021__XYC__bb6e2b2bcc5d,-85.237376,10.107789,Costa Rica,CRI,"SINAC - Malla de Entrenamientos del Mapa de Bosques 2021, Costa Rica",10,2021,6,1,Manglar,Forestal,1,12,2021.0,2021.0,12,0,38,3.1666666666666665,3.0,1.0,2.9583333333333335,-0.28475139647314224,-0.28712190449538855,-0.4461028192371476,-0.0900546803414613,-0.2812584098334188,-0.29901394251932245,-0.4635416666666666,0.0171563366918538,-0.3004966303865165,-0.30067490763307736,-0.4964838255977497,-0.0261348405582916,1,1,1,6,Manglar,1,Forestal,0,0,0,0,Costa Rica,CRI,"SINAC - Malla de Entrenamientos del Mapa de Bosques 2021, Costa Rica",10,2021,6,1,Manglar,Forestal,vegetacion_humeda_mixta,0,0,0,0,high,Manglar con NDVI < 0.30 o NDRE < 0.05,1,0,True,True,True,0.4116914455712447,1.14441463284126,0.24330834284041267,0.8529656544519223,1,0,0,2,alta,Priorizar revisión temática y espectral,regla_clase_alta: Manglar con NDVI < 0.30 o NDRE < 0.05,1,1,Auditoría espectral preliminar SINAC SRC10 2021,Alerta exploratoria; no constituye validación temática definitiva
9136,S2SR_llenado_SRC10_000018007,SRC10_0009136,195746,SRC10_CRI_2021__XY__ce7b779c840d,SRC10_CRI_2021__XYY__79ad7e564c2d,SRC10_CRI_2021__XYC__b3c9dc8cf3e7,-85.235791,10.244154,Costa Rica,CRI,"SINAC - Malla de Entrenamientos del Mapa de Bosques 2021, Costa Rica",10,2021,11,11,Humedal Palustre,Humedal Palustre,1,12,2021.0,2021.0,12,0,33,2.75,3.0,4.75,6.833333333333333,0.01791471201688617,-0.0345497406883545,-0.2235725308641975,0.3126135415132321,0.040933535027438496,0.02996715489009295,-0.1490666867379196,0.2742485280446234,-0.14244079966845702,-0.12431837154160265,-0.4237404180284932,0.0997592939288579,1,1,1,11,Humedal Palustre,11,Humedal Palustre,0,0,0,0,Costa Rica,CRI,"SINAC - Malla de Entrenamientos del Mapa de Bosques 2021, Costa Rica",10,2021,11,11,Humedal Palustre,Humedal Palustre,humedal_mixto,0,0,0,0,medium,Humedal palustre con NDVI < 0.05,0,1,True,True,True,0.1316404514399923,1.1048266783351772,0.08945365545945422,0.7675428500656656,1,0,0,2,media,Revisar en control de calidad temático/espectral,regla_clase_media: Humedal palustre con NDVI < 0.05,1,1,Auditoría espectral preliminar SINAC SRC10 2021,Alerta exploratoria; no constituye validación temática definitiva
9140,S2SR_llenado_SRC10_000018005,SRC10_0009140,195750,SRC10_CRI_2021__XY__b089e1f68272,SRC10_CRI_2021__XYY__b448a3facc64,SRC10_CRI_2021__XYC__9cb09dacf0f4,-85.23581,10.248981,Costa Rica,CRI,"SINAC - Malla de Entrenamientos del Mapa de Bosques 2021, Costa Rica",10,2021,6,1,Manglar,Forestal,1,12,2021.0,2021.0,12,0,37,3.0833333333333335,3.0,5.25,7.75,0.29857767892935266,0.2925183872873971,0.2282471626733921,0.4385245901639344,0.3434708224472974,0.33116733034495616,0.2717086834733893,0.4798291409587091,0.21747496362599242,0.20555927942151614,0.1611253196930946,0.3178360101437024,1,1,1,6,Manglar,1,Forestal,0,0,0,0,Costa Rica,CRI,"SINAC - Malla de Entrenamientos del Mapa de Bosques 2021, Costa Rica",10,2021,6,1,Manglar,Forestal,vegetacion_humeda_mixta,0,0,0,0,high,Manglar con NDVI < 0.30 o NDRE < 0.05,1,0,True,True,True,0.4116914455712447,1.14441463284126,0.24330834284041267,0.8529656544519223,1,0,0,2,alta,Priorizar revisión temática y espectral,regla_clase_alta: Manglar con NDVI < 0.30 o NDRE < 0.05,1,1,Auditoría espectral preliminar SINAC SRC10 2021,Alerta exploratoria; no constituye validación temática definitiva
9149,S2SR_llenado_SRC10_000018144,SRC10_0009149,195763,SRC10_CRI_2021__XY__24d7a6a99e2f,SRC10_CRI_2021__XYY__1bfdf2a693b7,SRC10_CRI_2021__XYC__10f04f8232a8,-85.230961,10.084885,Costa Rica,CRI,"SINAC - Malla de Entrenamientos del Mapa de Bosques 2021, Costa Rica",10,2021,6,1,Manglar,Forestal,1,12,2021.0,2021.0,12,0,40,3.3333333333333335,3.0,2.75,4.083333333333333,-0.18000889889874908,-0.20095940195928502,-0.3859649122807018,0.0901486931838981,-0.3061144800505228,-0.3008849248396678,-0.6134831460674158,0.070101133248295,-0.4007027871034048,-0.42725317439751226,-0.7357910906298002,0.03651228411432,1,1,1,6,Manglar,1,Forestal,0,0,0,0,Costa Rica,CRI,"SINAC - Malla de Entrenamientos del Mapa de Bosques 2021, Costa Rica",10,2021,6,1,Manglar,Forestal,vegetacion_humeda_mixta,0,0,0,0,high,Manglar con NDVI < 0.30 o NDRE < 0.05,1,0,True,True,True,0.4116914455712447,1.14441463284126,0.24330834284041267,0.8529656544519223,1,0,0,2,alta,Priorizar revisión temática y espectral,regla_clase_alta: Manglar con NDVI < 0.30 o NDRE < 0.05,1,1,Auditoría espectral preliminar SINAC SRC10 2021,Alerta exploratoria; no constituye validación temática definitiva
9150,S2SR_llenado_SRC10_000018085,SRC10_0009150,195764,SRC10_CRI_2021__XY__008486db51c7,SRC10_CRI_2021__XYY__4072e8931c99,SRC10_CRI_2021__XYC__6061286cb2c1,-85.233075,10.086084,Costa Rica,CRI,"SINAC - Malla de Entrenamientos del Mapa de Bosques 2021, Costa Rica",10,2021,6,1,Manglar,Forestal,1,12,2021.0,2021.0,12,0,42,3.5,4.0,4.0,5.166666666666667,0.026302215642754905,0.053170793866542,-0.1031953902566788,0.2369442932317183,0.04789255189387968,0.06593162511180034,-0.1057154676202575,0.2166904175321642,-0.10048175845162244,-0.07816234837858779,-0.3154803754687192,0.0785249457700651,1,1,1,6,Manglar,1,Forestal,0,0,0,0,Costa Rica,CRI,"SINAC - Malla de Entrenamientos del Mapa de Bosques 2021, Costa Rica",10,2021,6,1,Manglar,Forestal,vegetacion_humeda_mixta,0,0,0,0,high,Manglar con NDVI < 0.30 o NDRE < 0.05,1,0,True,True,True,0.4116914455712447,1.14441463284126,0.24330834284041267,0.8529656544519223,1,0,0,2,alta,Priorizar revisión temática y espectral,regla_clase_alta: Manglar con NDVI < 0.30 o NDRE < 0.05,1,1,Auditoría espectral preliminar SINAC SRC10 2021,Alerta exploratoria; no constituye validación temática definitiva
9151,S2SR_llenado_SRC10_000018143,SRC10_0009151,195765,SRC10_CRI_2021__XY__71c8324a35fb,SRC10_CRI_2021__XYY__e276a137f5ec,SRC10_CRI_2021__XYC__74da85772320,-85.23097,10.087299,Costa Rica,CRI,"SINAC - Malla de Entrenamientos del Mapa de Bosques 2021, Costa Rica",10,2021,6,1,Manglar,Forestal,1,12,2021.0,2021.0,12,0,42,3.5,3.5,8.0,9.25,0.21511568207851428,0.23918674793841327,0.0338345864661654,0.3902611150317572,0.2104473966970587,0.23991014519134185,0.0170749814402375,0.3661041819515774,0.08826795188060672,0.11641539749495215,-0.0453296703296702,0.2156723762560894,1,1,1,6,Manglar,1,Forestal,0,0,0,0,Costa Rica,CRI,"SINAC - Malla de Entrenamientos del Mapa de Bosques 2021, Costa Rica",10,2021,6,1,Manglar,Forestal,vegetacion_humeda_mixta,0,0,0,0,high,Manglar con NDVI < 0.30 o NDRE < 0.05,1,0,True,True,True,0.4116914455712447,1.14441463284126,0.24330834284041267,0.8529656544519223,1,0,0,2,alta,Priorizar revisión temática y espectral,regla_clase_alta: Manglar con NDVI < 0.30 o NDRE < 0.05,1,1,Auditoría espectral preliminar SINAC SRC10 2021,Alerta exploratoria; no constituye validación temática definitiva
9152,S2SR_llenado_SRC10_000018084,SRC10_0009152,195766,SRC10_CRI_2021__XY__40407d1a7c21,SRC10_CRI_2021__XYY__736735f586e6,SRC10_CRI_2021__XYC__1cae4fe2753b,-85.233084,10.088498,Costa Rica,CRI,"SINAC - Malla de Entrenamientos del Mapa de Bosques 2021, Costa Rica",10,2021,6,1,Manglar,Forestal,1,12,2021.0,2021.0,12,0,40,3.3333333333333335,3.5,2.0,2.25,-0.23829583871349955,-0.22107601382506956,-0.6016918860955558,0.10719131614654,-0.2964164850482898,-0.3102181699772061,-0.6350710900473935,0.1355191256830601,-0.37852372735160095,-0.38432365339412605,-0.7641653905053598,0.037015447391431,1,1,1,6,Manglar,1,Forestal,0,0,0,0,Costa Rica,CRI,"SINAC - Malla de Entrenamientos del Mapa de Bosques 2021, Costa Rica",10,2021,6,1,Manglar,Forestal,vegetacion_humeda_mixta,0,0,0,0,high,Manglar con NDVI < 0.30 o NDRE < 0.05,1,0,True,True,True,0.4116914455712447,1.14441463284126,0.24330834284041267,0.8529656544519223,1,0,0,2,alta,Priorizar revisión temática y espectral,regla_clase_alta: Manglar con NDVI < 0.30 o NDRE < 0.05,1,1,Auditoría espectral preliminar SINAC SRC10 2021,Alerta exploratoria; no constituye validación temática definitiva
9153,S2SR_llenado_SRC10_000018142,SRC10_0009153,195767,SRC10_CRI_2021__XY__ad800a438ca7,SRC10_CRI_2021__XYY__ad48c4fb14ac,SRC10_CRI_2021__XYC__1d9f32543fdf,-85.230979,10.089712,Costa Rica,CRI,"SINAC - Malla de Entrenamientos del Mapa de Bosques 2021, Costa Rica",10,2021,6,1,Manglar,Forestal,1,12,2021.0,2021.0,12,0,42,3.5,3.5,9.0,9.916666666666666,0.255356307115296,0.2780841025166793,0.1312530955918772,0.3523756694142548,0.2713073660131349,0.29635262981778354,0.1382589612289685,0.3730628598377321,0.14659814754839473,0.14904274324252265,0.079312257348863,0.2078100532414656,1,1,1,6,Manglar,1,Forestal,0,0,0,0,Costa Rica,CRI,"SINAC - Malla de Entrenamientos del Mapa de Bosques 2021, Costa Rica",10,2021,6,1,Manglar,Forestal,vegetacion_humeda_mixta,0,0,0,0,high,Manglar con NDVI < 0.30 o NDRE < 0.05,1,0,True,True,True,0.4116914455712447,1.14441463284126,0.24330834284041267,0.8529656544519223,1,0,0,2,alta,Priorizar revisión temática y espectral,regla_clase_alta: Manglar con NDVI < 0.30 o NDRE < 0.05,1,1,Auditoría espectral preliminar SINAC SRC10 2021,Alerta exploratoria; no constituye validación temática definitiva
9154,S2SR_llenado_SRC10_000018083,SRC10_0009154,195768,SRC10_CRI_2021__XY__50036c02c18a,SRC10_CRI_2021__XYY__0d7c0f61fddf,SRC10_CRI_2021__XYC__9e4ee00b1841,-85.233093,10.090911,Costa Rica,CRI,"SINAC - Malla de Entrenamientos del Mapa de Bosques 2021, Costa Rica",10,2021,6,1,Manglar,Forestal,1,12,2021.0,2021.0,12,0,43,3.5833333333333335,4.0,2.0,2.9583333333333335,-0.14676092607298222,-0.16465406303957109,-0.3305489904058881,0.0864691753402722,-0.027555495698943545,-0.0607609590662291,-0.1362137304175283,0.1898016997167139,-0.170054354472014,-0.19228395947411756,-0.3297682709447415,0.0984628167843789,1,1,1,6,Manglar,1,Forestal,0,0,0,0,Costa Rica,CRI,"SINAC - Malla de Entrenamientos del Mapa de Bosques 2021, Costa Rica",10,2021,6,1,Manglar,Forestal,vegetacion_humeda_mixta,0,0,0,0,high,Manglar con NDVI < 0.30 o NDRE < 0.05,1,0,True,True,True,0.4116914455712447,1.14441463284126,0.24330834284041267,0.8529656544519223,1,0,0,2,alta,Priorizar revisión temática y espectral,regla_clase_alta: Manglar con NDVI < 0.30 o NDRE < 0.05,1,1,Auditoría espectral preliminar SINAC SRC10 2021,Alerta exploratoria; no constituye validación temática definitiva
9155,S2SR_llenado_SRC10_000018141,SRC10_0009155,195769,SRC10_CRI_2021__XY__718d56e50a40,SRC10_CRI_2021__XYY__0efb0d95f1b6,SRC10_CRI_2021__XYC__a21cf301b777,-85.230989,10.092126,Costa Rica,CRI,"SINAC - Malla de Entrenamientos del Mapa de Bosques 2021, Costa Rica",10,2021,6,1,Manglar,Forestal,1,12,2021.0,2021.0,12,0,42,3.5,3.5,10.0,11.041666666666666,0.34315769040558447,0.35326696736397084,0.1835803876852907,0.4520408163265306,0.32536135761854984,0.3338253947285967,0.1855476100865637,0.4210242587601078,0.18344333211259523,0.17865107748525677,0.1021377672209026,0.2648752399232245,1,1,1,6,Manglar,1,Forestal,0,0,0,0,Costa Rica,CRI,"SINAC - Malla de Entrenamientos del Mapa de Bosques 2021, Costa Rica",10,2021,6,1,Manglar,Forestal,vegetacion_humeda_mixta,0,0,0,0,medium,Manglar con NDVI < 0.40 o NDRE < 0.08,0,1,True,True,True,0.4116914455712447,1.14441463284126,0.24330834284041267,0.8529656544519223,1,0,0,2,media,Revisar en control de calidad temático/espectral,regla_clase_media: Manglar con NDVI < 0.40 o NDRE < 0.08,1,1,Auditoría espectral preliminar SINAC SRC10 2021,Alerta exploratoria; no constituye validación temática definitiva
9163,S2SR_llenado_SRC10_000018132,SRC10_0009163,195777,SRC10_CRI_2021__XY__8bb906e6513c,SRC10_CRI_2021__XYY__784b1eef0766,SRC10_CRI_2021__XYC__04129e834b77,-85.231562,10.241756,Costa Rica,CRI,"SINAC - Malla de Entrenamientos del Mapa de Bosques 2021, Costa Rica",10,2021,11,11,Humedal Palustre,Humedal Palustre,1,12,2021.0,2021.0,12,0,40,3.3333333333333335,4.0,1.25,2.2083333333333335,-0.056114326330335106,-0.1161759030994595,-0.2559250258655951,0.2701324658891323,-0.08168050369739466,-0.13123251932126476,-0.3149865169369436,0.1523136405342631,-0.2648431859765363,-0.31411764705882345,-0.5004878048780489,0.0310045473336088,1,1,1,11,Humedal Palustre,11,Humedal Palustre,0,0,0,0,Costa Rica,CRI,"SINAC - Malla de Entrenamientos del Mapa de Bosques 2021, Costa Rica",10,2021,11,11,Humedal Palustre,Humedal Palustre,humedal_mixto,0,0,0,0,medium,Humedal palustre con NDVI < 0.05,0,1,True,True,True,0.1316404514399923,1.1048266783351772,0.08945365545945422,0.7675428500656656,1,0,0,2,media,Revisar en control de calidad temático/espectral,regla_clase_media: Humedal palustre con NDVI < 0.05,1,1,Auditoría espectral preliminar SINAC SRC10 2021,Alerta exploratoria; no constituye validación temática definitiva
9164,S2SR_llenado_SRC10_000018131,SRC10_0009164,195778,SRC10_CRI_2021__XY__01ae6865a30c,SRC10_CRI_2021__XYY__5d4068326802,SRC10_CRI_2021__XYC__8988cabba6b6,-85.231571,10.24417,Costa Rica,CRI,"SINAC - Malla de Entrenamientos del Mapa de Bosques 2021, Costa Rica",10,2021,11,11,Humedal Palustre,Humedal Palustre,1,12,2021.0,2021.0,12,0,38,3.1666666666666665,3.0,4.0,4.583333333333333,0.11281938994483508,0.09616971044453175,0.0217290799815071,0.3034548849524299,0.10913390591286402,0.07589457814984005,-0.0063157894736841,0.3325766174801361,-0.07120679732398767,-0.07861687986861854,-0.1609589041095889,0.0606679306908355,1,1,1,11,Humedal Palustre,11,Humedal Palustre,0,0,0,0,Costa Rica,CRI,"SINAC - Malla de Entrenamientos del Mapa de Bosques 2021, Costa Rica",10,2021,11,11,Humedal Palustre,Humedal Palustre,humedal_mixto,0,0,0,0,none,Señal compatible con humedal palustre mixto,0,0,False,True,True,0.1316404514399923,1.1048266783351772,0.08945365545945422,0.7675428500656656,1,0,0,1,media,Revisar en control de calidad temático/espectral,rareza_espectral_por_clase_anio,1,1,Auditoría espectral preliminar SINAC SRC10 2021,Alerta exploratoria; no constituye validación temática definitiva
9166,S2SR_llenado_SRC10_000018074,SRC10_0009166,195780,SRC10_CRI_2021__XY__5c36dadeff89,SRC10_CRI_2021__XYY__2bf7c9ca154e,SRC10_CRI_2021__XYC__87a0f3d1283c,-85.233695,10.247782,Costa Rica,CRI,"SINAC - Malla de Entrenamientos del Mapa de Bosques 2021, Costa Rica",10,2021,6,1,Manglar,Forestal,1,12,2021.0,2021.0,11,1,33,2.75,2.5,7.0,7.909090909090909,0.3342673063217176,0.3059589384076114,0.1887767179458399,0.4938898138290309,0.3852423712102109,0.3592858615557712,0.2268418113961621,0.5284168460017612,0.244788752371209,0.2340386453951672,0.1166283856988082,0.3431875413314607,1,1,1,6,Manglar,1,Forestal,0,0,0,0,Costa Rica,CRI,"SINAC - Malla de Entrenamientos del Mapa de Bosques 2021, Costa Rica",10,2021,6,1,Manglar,Forestal,vegetacion_humeda_mixta,0,0,0,0,medium,Manglar con NDVI < 0.40 o NDRE < 0.08,0,1,True,True,True,0.4116914455712447,1.14441463284126,0.24330834284041267,0.8529656544519223,1,0,0,2,media,Revisar en control de calidad temático/espectral,regla_clase_media: Manglar con NDVI < 0.40 o NDRE < 0.08,1,1,Auditoría espectral preliminar SINAC SRC10 2021,Alerta exploratoria; no constituye validación temática definitiva
9168,S2SR_llenado_SRC10_000018073,SRC10_0009168,195782,SRC10_CRI_2021__XY__5b5da94e3e31,SRC10_CRI_2021__XYY__bd3817073dbe,SRC10_CRI_2021__XYC__41a133e69245,-85.233704,10.250195,Costa Rica,CRI,"SINAC - Malla de Entrenamientos del Mapa de Bosques 2021, Costa Rica",10,2021,6,1,Manglar,Forestal,1,12,2021.0,2021.0,12,0,37,3.0833333333333335,3.0,6.0,9.666666666666666,0.34237499110596276,0.3202100694871251,0.1894870913212153,0.5205704882062534,0.38735784544764745,0.3810513987639682,0.2624617098301308,0.5558943089430894,0.24251002452043902,0.24855385517154033,0.1306855459215117,0.3593372497548753,1,1,1,6,Manglar,1,Forestal,0,0,0,0,Costa Rica,CRI,"SINAC - Malla de Entrenamientos del Mapa de Bosques 2021, Costa Rica",10,2021,6,1,Manglar,Forestal,vegetacion_humeda_mixta,0,0,0,0,medium,Manglar con NDVI < 0.40 o NDRE < 0.08,0,1,True,True,False,0.4116914455712447,1.14441463284126,0.24330834284041267,0.8529656544519223,1,0,0,2,media,Revisar en control de calidad temático/espectral,regla_clase_media: Manglar con NDVI < 0.40 o NDRE < 0.08,1,1,Auditoría espectral preliminar SINAC SRC10 2021,Alerta exploratoria; no constituye validación temática definitiva
9169,S2SR_llenado_SRC10_000018129,SRC10_0009169,195783,SRC10_CRI_2021__XY__787ace82d3d0,SRC10_CRI_2021__XYY__02c5ba083021,SRC10_CRI_2021__XYC__b98e8eddf795,-85.231599,10.25141,Costa Rica,CRI,"SINAC - Malla de Entrenamientos del Mapa de Bosques 2021, Costa Rica",10,2021,6,1,Manglar,Forestal,1,12,2021.0,2021.0,12,0,33,2.75,2.5,7.0,10.0,0.31482648532447727,0.30751650465491964,0.1723270440251572,0.4645669291338583,0.35263571816818545,0.34378696292979605,0.2133891213389122,0.506268081002893,0.21703964704005688,0.21531808229485994,0.0987358834313143,0.3361847733105218,1,1,1,6,Manglar,1,Forestal,0,0,0,0,Costa Rica,CRI,"SINAC - Malla de Entrenamientos del Mapa de Bosques 2021, Costa Rica",10,2021,6,1,Manglar,Forestal,vegetacion_humeda_mixta,0,0,0,0,medium,Manglar con NDVI < 0.40 o NDRE < 0.08,0,1,True,True,True,0.4116914455712447,1.14441463284126,0.24330834284041267,0.8529656544519223,1,0,0,2,media,Revisar en control de calidad temático/espectral,regla_clase_media: Manglar con NDVI < 0.40 o NDRE < 0.08,1,1,Auditoría espectral preliminar SINAC SRC10 2021,Alerta exploratoria; no constituye validación temática definitiva
9170,S2SR_llenado_SRC10_000018072,SRC10_0009170,195784,SRC10_CRI_2021__XY__9eb24a2675e4,SRC10_CRI_2021__XYY__4309642452dc,SRC10_CRI_2021__XYC__2844e6881e5a,-85.233714,10.252609,Costa Rica,CRI,"SINAC - Malla de Entrenamientos del Mapa de Bosques 2021, Costa Rica",10,2021,6,1,Manglar,Forestal,1,12,2021.0,2021.0,12,0,37,3.0833333333333335,3.0,5.0,8.291666666666666,0.29921259129778865,0.30115668048316685,0.1718522972519508,0.4256714162660545,0.3410121229774157,0.3492582263756897,0.2239706030403704,0.4694883587237712,0.20561983801478656,0.2215509106521374,0.0864713146072466,0.3078821124944059,1,1,1,6,Manglar,1,Forestal,0,0,0,0,Costa Rica,CRI,"SINAC - Malla de Entrenamientos del Mapa de Bosques 2021, Costa Rica",10,2021,6,1,Manglar,Forestal,vegetacion_humeda_mixta,0,0,0,0,medium,Manglar con NDVI < 0.40 o NDRE < 0.08,0,1,True,True,True,0.4116914455712447,1.14441463284126,0.24330834284041267,0.8529656544519223,1,0,0,2,media,Revisar en control de calidad temático/espectral,regla_clase_media: Manglar con NDVI < 0.40 o NDRE < 0.08,1,1,Auditoría espectral preliminar SINAC SRC10 2021,Alerta exploratoria; no constituye validación temática definitiva
9189,S2SR_llenado_SRC10_000018294,SRC10_0009189,195806,SRC10_CRI_2021__XY__b9b47931ff49,SRC10_CRI_2021__XYY__fa5135b7be21,SRC10_CRI_2021__XYC__d15a1d73a4dc,-85.227258,10.220052,Costa Rica,CRI,"SINAC - Malla de Entrenamientos del Mapa de Bosques 2021, Costa Rica",10,2021,6,1,Manglar,Forestal,1,12,2021.0,2021.0,12,0,37,3.0833333333333335,3.0,3.25,4.875,0.4075868973158465,0.381486127181658,0.2744568326890451,0.5930076058278544,0.4433747921592821,0.41633125469002935,0.2936271590232281,0.6170962030909198,0.27089620335444536,0.25351614953341006,0.141355754072517,0.3652069104057854,1,1,1,6,Manglar,1,Forestal,0,0,0,0,Costa Rica,CRI,"SINAC - Malla de Entrenamientos del Mapa de Bosques 2021, Costa Rica",10,2021,6,1,Manglar,Forestal,vegetacion_humeda_mixta,0,0,0,0,medium,Manglar con NDVI < 0.40 o NDRE < 0.08,0,1,True,True,False,0.4116914455712447,1.14441463284126,0.24330834284041267,0.8529656544519223,1,0,0,2,media,Revisar en control de calidad temático/espectral,regla_clase_media: Manglar con NDVI < 0.40 o NDRE < 0.08,1,1,Auditoría espectral preliminar SINAC SRC10 2021,Alerta exploratoria; no constituye validación temática definitiva
9196,S2SR_llenado_SRC10_000018213,SRC10_0009196,195813,SRC10_CRI_2021__XY__422efc3372fb,SRC10_CRI_2021__XYY__d80f68ff10d4,SRC10_CRI_2021__XYC__5559b744fa84,-85.229428,10.235731,Costa Rica,CRI,"SINAC - Malla de Entrenamientos del Mapa de Bosques 2021, Costa Rica",10,2021,11,11,Humedal Palustre,Humedal Palustre,1,12,2021.0,2021.0,12,0,35,2.9166666666666665,3.0,2.0,4.25,-0.09613210522167998,-0.1260625726692579,-0.3120710706917603,0.1183673469387755,-0.1965128645549601,-0.247789475564128,-0.4263959390862943,0.1370892018779342,-0.3434299817041617,-0.3883811927057679,-0.5818035267798394,0.0802854594112399,1,1,1,11,Humedal Palustre,11,Humedal Palustre,0,0,0,0,Costa Rica,CRI,"SINAC - Malla de Entrenamientos del Mapa de Bosques 2021, Costa Rica",10,2021,11,11,Humedal Palustre,Humedal Palustre,humedal_mixto,0,0,0,0,medium,Humedal palustre con NDVI < 0.05,0,1,True,True,True,0.1316404514399923,1.1048266783351772,0.08945365545945422,0.7675428500656656,1,0,0,2,media,Revisar en control de calidad temático/espectral,regla_clase_media: Humedal palustre con NDVI < 0.05,1,1,Auditoría espectral preliminar SINAC SRC10 2021,Alerta exploratoria; no constituye validación temática definitiva
9198,S2SR_llenado_SRC10_000018212,SRC10_0009198,195815,SRC10_CRI_2021__XY__3830ddd73326,SRC10_CRI_2021__XYY__ea9c892b234c,SRC10_CRI_2021__XYC__fe6881adb0d3,-85.229438,10.238144,Costa Rica,CRI,"SINAC - Malla de Entrenamientos del Mapa de Bosques 2021, Costa Rica",10,2021,11,11,Humedal Palustre,Humedal Palustre,1,12,2021.0,2021.0,12,0,37,3.0833333333333335,3.0,2.75,4.083333333333333,-0.0701202778291721,-0.0944572520605664,-0.2584269662921348,0.1473743647656691,-0.11947336654369138,-0.132660714074233,-0.3111291632818846,0.1792294807370184,-0.2684410094299061,-0.30811328252422787,-0.3944536352882686,0.0313542361574383,1,1,1,11,Humedal Palustre,11,Humedal Palustre,0,0,0,0,Costa Rica,CRI,"SINAC - Malla de Entrenamientos del Mapa de Bosques 2021, Costa Rica",10,2021,11,11,Humedal Palustre,Humedal Palustre,humedal_mixto,0,0,0,0,medium,Humedal palustre con NDVI < 0.05,0,1,True,True,True,0.1316404514399923,1.1048266783351772,0.08945365545945422,0.7675428500656656,1,0,0,2,media,Revisar en control de calidad temático/espectral,regla_clase_media: Humedal palustre con NDVI < 0.05,1,1,Auditoría espectral preliminar SINAC SRC10 2021,Alerta exploratoria; no constituye validación temática definitiva
9201,S2SR_llenado_SRC10_000018286,SRC10_0009201,195818,SRC10_CRI_2021__XY__22c42554c322,SRC10_CRI_2021__XYY__6ded9d7a1d47,SRC10_CRI_2021__XYC__65c4e66a8232,-85.227341,10.241772,Costa Rica,CRI,"SINAC - Malla de Entrenamientos del Mapa de Bosques 2021, Costa Rica",10,2021,11,11,Humedal Palustre,Humedal Palustre,1,12,2021.0,2021.0,12,0,32,2.6666666666666665,2.5,3.75,5.041666666666667,-0.020097311456082515,-0.05935736785960505,-0.1341176470588235,0.1502797456665613,-0.04113596016776236,-0.07170766461883066,-0.1948580302074572,0.2189570464743295,-0.2195162620781039,-0.23476964953479357,-0.4224180445340438,0.1131482230182989,1,1,1,11,Humedal Palustre,11,Humedal Palustre,0,0,0,0,Costa Rica,CRI,"SINAC - Malla de Entrenamientos del Mapa de Bosques 2021, Costa Rica",10,2021,11,11,Humedal Palustre,Humedal Palustre,humedal_mixto,0,0,0,0,medium,Humedal palustre con NDVI < 0.05,0,1,True,True,True,0.1316404514399923,1.1048266783351772,0.08945365545945422,0.7675428500656656,1,0,0,2,media,Revisar en control de calidad temático/espectral,regla_clase_media: Humedal palustre con NDVI < 0.05,1,1,Auditoría espectral preliminar SINAC SRC10 2021,Alerta exploratoria; no constituye validación temática definitiva
9202,S2SR_llenado_SRC10_000018210,SRC10_0009202,195819,SRC10_CRI_2021__XY__3d2654008a13,SRC10_CRI_2021__XYY__2856b260d963,SRC10_CRI_2021__XYC__6ed5be979dfd,-85.229456,10.242971,Costa Rica,CRI,"SINAC - Malla de Entrenamientos del Mapa de Bosques 2021, Costa Rica",10,2021,11,11,Humedal Palustre,Humedal Palustre,1,12,2021.0,2021.0,12,0,40,3.3333333333333335,3.5,2.0,3.8333333333333335,0.07503490310543219,0.07203440094899169,-0.0812720848056537,0.3340423533831056,0.18270831582069913,0.15663579656224236,-0.0359712230215827,0.3841249277251317,-0.04562616369605011,-0.03205464152881605,-0.2737814475797031,0.0696094485257363,1,1,1,11,Humedal Palustre,11,Humedal Palustre,0,0,0,0,Costa Rica,CRI,"SINAC - Malla de Entrenamientos del Mapa de Bosques 2021, Costa Rica",10,2021,11,11,Humedal Palustre,Humedal Palustre,humedal_mixto,0,0,0,0,none,Señal compatible con humedal palustre mixto,0,0,False,True,True,0.1316404514399923,1.1048266783351772,0.08945365545945422,0.7675428500656656,1,0,0,1,media,Revisar en control de calidad temático/espectral,rareza_espectral_por_clase_anio,1,1,Auditoría espectral preliminar SINAC SRC10 2021,Alerta exploratoria; no constituye validación temática definitiva
9203,S2SR_llenado_SRC10_000018285,SRC10_0009203,195820,SRC10_CRI_2021__XY__689d0fcc8bdc,SRC10_CRI_2021__XYY__7db7f1cb4ce7,SRC10_CRI_2021__XYC__6694790d0ce3,-85.227351,10.244186,Costa Rica,CRI,"SINAC - Malla de Entrenamientos del Mapa de Bosques 2021, Costa Rica",10,2021,11,11,Humedal Palustre,Humedal Palustre,1,12,2021.0,2021.0,12,0,38,3.1666666666666665,3.0,2.5,4.625,0.006672738259952339,-0.01099129510681855,-0.3213483146067415,0.2413308427807882,-0.08423100647484195,0.021731478608226898,-0.637883008356546,0.2025440313111546,-0.2659684829186871,-0.2228371561056991,-0.6790123456790124,0.0725358621718087,1,1,1,11,Humedal Palustre,11,Humedal Palustre,0,0,0,0,Costa Rica,CRI,"SINAC - Malla de Entrenamientos del Mapa de Bosques 2021, Costa Rica",10,2021,11,11,Humedal Palustre,Humedal Palustre,humedal_mixto,0,0,0,0,medium,Humedal palustre con NDVI < 0.05,0,1,True,True,True,0.1316404514399923,1.1048266783351772,0.08945365545945422,0.7675428500656656,1,0,0,2,media,Revisar en control de calidad temático/espectral,regla_clase_media: Humedal palustre con NDVI < 0.05,1,1,Auditoría espectral preliminar SINAC SRC10 2021,Alerta exploratoria; no constituye validación temática definitiva
9204,S2SR_llenado_SRC10_000018209,SRC10_0009204,195821,SRC10_CRI_2021__XY__4efc871d66f5,SRC10_CRI_2021__XYY__a243645b1f13,SRC10_CRI_2021__XYC__c4291d605da2,-85.229465,10.245385,Costa Rica,CRI,"SINAC - Malla de Entrenamientos del Mapa de Bosques 2021, Costa Rica",10,2021,11,11,Humedal Palustre,Humedal Palustre,1,12,2021.0,2021.0,12,0,38,3.1666666666666665,3.0,6.25,5.25,0.20722841200016448,0.2329690016299168,0.0196969696969696,0.3308480894687791,0.22206547048664968,0.2717281553645675,0.0397031539888682,0.310532452390206,0.013268289361989342,0.0027814315195658504,-0.0903085642945167,0.1595598349381017,1,1,1,11,Humedal Palustre,11,Humedal Palustre,0,0,0,0,Costa Rica,CRI,"SINAC - Malla de Entrenamientos del Mapa de Bosques 2021, Costa Rica",10,2021,11,11,Humedal Palustre,Humedal Palustre,humedal_mixto,0,0,0,0,none,Señal compatible con humedal palustre mixto,0,0,False,False,True,0.1316404514399923,1.1048266783351772,0.08945365545945422,0.7675428500656656,1,0,0,1,media,Revisar en control de calidad temático/espectral,rareza_espectral_por_clase_anio,1,1,Auditoría espectral preliminar SINAC SRC10 2021,Alerta exploratoria; no constituye validación temática definitiva
9216,S2SR_llenado_SRC10_000018433,SRC10_0009216,195836,SRC10_CRI_2021__XY__d8fadaa537f2,SRC10_CRI_2021__XYY__0dd26b1c8c92,SRC10_CRI_2021__XYC__3f9f3a52d244,-85.222992,10.208001,Costa Rica,CRI,"SINAC - Malla de Entrenamientos del Mapa de Bosques 2021, Costa Rica",10,2021,6,1,Manglar,Forestal,1,12,2021.0,2021.0,12,0,40,3.3333333333333335,3.5,3.75,3.9583333333333335,-0.095652661343844,-0.03254818159988535,-0.5204726185776324,0.1256830601092896,-0.10427705974043573,-0.0574547476853818,-0.5106060125830019,0.0676363008971704,-0.22748507040217625,-0.1826608720309793,-0.548666078783386,0.0311520129872481,1,1,1,6,Manglar,1,Forestal,0,0,0,0,Costa Rica,CRI,"SINAC - Malla de Entrenamientos del Mapa de Bosques 2021, Costa Rica",10,2021,6,1,Manglar,Forestal,vegetacion_humeda_mixta,0,0,0,0,high,Manglar con NDVI < 0.30 o NDRE < 0.05,1,0,True,True,True,0.4116914455712447,1.14441463284126,0.24330834284041267,0.8529656544519223,1,0,0,2,alta,Priorizar revisión temática y espectral,regla_clase_alta: Manglar con NDVI < 0.30 o NDRE < 0.05,1,1,Auditoría espectral preliminar SINAC SRC10 2021,Alerta exploratoria; no constituye validación temática definitiva
9217,S2SR_llenado_SRC10_000018432,SRC10_0009217,195837,SRC10_CRI_2021__XY__a9c14d44ca10,SRC10_CRI_2021__XYY__365d02e2d6d3,SRC10_CRI_2021__XYC__4ea8f487c537,-85.223001,10.210414,Costa Rica,CRI,"SINAC - Malla de Entrenamientos del Mapa de Bosques 2021, Costa Rica",10,2021,6,1,Manglar,Forestal,1,12,2021.0,2021.0,12,0,41,3.4166666666666665,3.5,2.5,5.916666666666667,-0.10288511145825467,-0.0776290074857153,-0.5261324041811847,0.1100084392656514,-0.14433304504838318,-0.08538624019567126,-0.7198952879581152,0.1461836248888853,-0.2505981035666089,-0.20918292747255585,-0.7754459601259182,0.0770998994707692,1,1,1,6,Manglar,1,Forestal,0,0,0,0,Costa Rica,CRI,"SINAC - Malla de Entrenamientos del Mapa de Bosques 2021, Costa Rica",10,2021,6,1,Manglar,Forestal,vegetacion_humeda_mixta,0,0,0,0,high,Manglar con NDVI < 0.30 o NDRE < 0.05,1,0,True,True,True,0.4116914455712447,1.14441463284126,0.24330834284041267,0.8529656544519223,1,0,0,2,alta,Priorizar revisión temática y espectral,regla_clase_alta: Manglar con NDVI < 0.30 o NDRE < 0.05,1,1,Auditoría espectral preliminar SINAC SRC10 2021,Alerta exploratoria; no constituye validación temática definitiva
9218,S2SR_llenado_SRC10_000018431,SRC10_0009218,195838,SRC10_CRI_2021__XY__1d2e8d1e99b0,SRC10_CRI_2021__XYY__81707d47daeb,SRC10_CRI_2021__XYC__33a4c6e7d16a,-85.22301,10.212828,Costa Rica,CRI,"SINAC - Malla de Entrenamientos del Mapa de Bosques 2021, Costa Rica",10,2021,6,1,Manglar,Forestal,1,12,2021.0,2021.0,12,0,41,3.4166666666666665,3.5,3.75,4.625,0.1546472167754892,0.15417818758170693,0.0069133794225295,0.2864260626045143,0.24208334202854842,0.2420371612001172,0.0464662241311987,0.3878986121271769,0.041104900462691586,0.0697396160350886,-0.1437565582371458,0.1578821018392014,1,1,1,6,Manglar,1,Forestal,0,0,0,0,Costa Rica,CRI,"SINAC - Malla de Entrenamientos del Mapa de Bosques 2021, Costa Rica",10,2021,6,1,Manglar,Forestal,vegetacion_humeda_mixta,0,0,0,0,high,Manglar con NDVI < 0.30 o NDRE < 0.05,1,0,True,True,True,0.4116914455712447,1.14441463284126,0.24330834284041267,0.8529656544519223,1,0,0,2,alta,Priorizar revisión temática y espectral,regla_clase_alta: Manglar con NDVI < 0.30 o NDRE < 0.05,1,1,Auditoría espectral preliminar SINAC SRC10 2021,Alerta exploratoria; no constituye validación temática definitiva
9219,S2SR_llenado_SRC10_000018355,SRC10_0009219,195839,SRC10_CRI_2021__XY__fb06da94c082,SRC10_CRI_2021__XYY__49d904dfc7ef,SRC10_CRI_2021__XYC__42389b374040,-85.225125,10.214026,Costa Rica,CRI,"SINAC - Malla de Entrenamientos del Mapa de Bosques 2021, Costa Rica",10,2021,6,1,Manglar,Forestal,1,12,2021.0,2021.0,12,0,42,3.5,4.0,5.0,6.916666666666667,0.2718167773954525,0.2486257088523993,0.1713214453666162,0.4205459976855745,0.39256366130213793,0.38581953406380276,0.2306805074971164,0.5383074702273547,0.15994035866567133,0.18707614025475444,0.0066401062416998,0.276882336100773,1,1,1,6,Manglar,1,Forestal,0,0,0,0,Costa Rica,CRI,"SINAC - Malla de Entrenamientos del Mapa de Bosques 2021, Costa Rica",10,2021,6,1,Manglar,Forestal,vegetacion_humeda_mixta,0,0,0,0,high,Manglar con NDVI < 0.30 o NDRE < 0.05,1,0,True,True,True,0.4116914455712447,1.14441463284126,0.24330834284041267,0.8529656544519223,1,0,0,2,alta,Priorizar revisión temática y espectral,regla_clase_alta: Manglar con NDVI < 0.30 o NDRE < 0.05,1,1,Auditoría espectral preliminar SINAC SRC10 2021,Alerta exploratoria; no constituye validación temática definitiva
9221,S2SR_llenado_SRC10_000018354,SRC10_0009221,195841,SRC10_CRI_2021__XY__1b3d9a8d919f,SRC10_CRI_2021__XYY__6cff75e1faa2,SRC10_CRI_2021__XYC__0548d4ed2664,-85.225134,10.21644,Costa Rica,CRI,"SINAC - Malla de Entrenamientos del Mapa de Bosques 2021, Costa Rica",10,2021,6,1,Manglar,Forestal,1,12,2021.0,2021.0,12,0,40,3.3333333333333335,4.0,7.5,8.5,0.3521560716625341,0.3369160220772015,0.1789354473386182,0.5313451004260499,0.3980085786564042,0.3805454713895971,0.2907988848693857,0.5634920634920634,0.2724107568220457,0.2642203336481723,0.1929784191816102,0.3660227835562159,1,1,1,6,Manglar,1,Forestal,0,0,0,0,Costa Rica,CRI,"SINAC - Malla de Entrenamientos del Mapa de Bosques 2021, Costa Rica",10,2021,6,1,Manglar,Forestal,vegetacion_humeda_mixta,0,0,0,0,medium,Manglar con NDVI < 0.40 o NDRE < 0.08,0,1,True,True,False,0.4116914455712447,1.14441463284126,0.24330834284041267,0.8529656544519223,1,0,0,2,media,Revisar en control de calidad temático/espectral,regla_clase_media: Manglar con NDVI < 0.40 o NDRE < 0.08,1,1,Auditoría espectral preliminar SINAC SRC10 2021,Alerta exploratoria; no constituye validación temática definitiva
9222,S2SR_llenado_SRC10_000018353,SRC10_0009222,195842,SRC10_CRI_2021__XY__608db006b57b,SRC10_CRI_2021__XYY__00d6dd56385f,SRC10_CRI_2021__XYC__4f5fec2f1b1b,-85.225143,10.218853,Costa Rica,CRI,"SINAC - Malla de Entrenamientos del Mapa de Bosques 2021, Costa Rica",10,2021,6,1,Manglar,Forestal,1,12,2021.0,2021.0,12,0,41,3.4166666666666665,3.5,7.75,9.083333333333334,0.34129732500986804,0.3425169446052211,0.229678952449702,0.4542322455770256,0.39327806127031617,0.3808917964146345,0.2733734108195408,0.51333347166888,0.26233884869953505,0.2588883919188294,0.1843907466544525,0.3397407404195162,1,1,1,6,Manglar,1,Forestal,0,0,0,0,Costa Rica,CRI,"SINAC - Malla de Entrenamientos del Mapa de Bosques 2021, Costa Rica",10,2021,6,1,Manglar,Forestal,vegetacion_humeda_mixta,0,0,0,0,medium,Manglar con NDVI < 0.40 o NDRE < 0.08,0,1,True,True,False,0.4116914455712447,1.14441463284126,0.24330834284041267,0.8529656544519223,1,0,0,2,media,Revisar en control de calidad temático/espectral,regla_clase_media: Manglar con NDVI < 0.40 o NDRE < 0.08,1,1,Auditoría espectral preliminar SINAC SRC10 2021,Alerta exploratoria; no constituye validación temática definitiva
9227,S2SR_llenado_SRC10_000018424,SRC10_0009227,195847,SRC10_CRI_2021__XY__70b3a36707f8,SRC10_CRI_2021__XYY__10332f0adc72,SRC10_CRI_2021__XYC__597cbf3ac8fc,-85.223223,10.268336,Costa Rica,CRI,"SINAC - Malla de Entrenamientos del Mapa de Bosques 2021, Costa Rica",10,2021,6,1,Manglar,Forestal,1,12,2021.0,2021.0,12,0,39,3.25,3.5,2.75,3.875,0.06896951328852549,0.06574711034969875,-0.1449925261584454,0.1909604519774012,0.13066977398838334,0.1614843219603765,-0.1570996978851963,0.2697603263640999,0.06526389117535213,0.09444616881758675,-0.1953857245854362,0.1897565071368598,1,1,1,6,Manglar,1,Forestal,0,0,0,0,Costa Rica,CRI,"SINAC - Malla de Entrenamientos del Mapa de Bosques 2021, Costa Rica",10,2021,6,1,Manglar,Forestal,vegetacion_humeda_mixta,0,0,0,0,high,Manglar con NDVI < 0.30 o NDRE < 0.05,1,0,True,True,True,0.4116914455712447,1.14441463284126,0.24330834284041267,0.8529656544519223,1,0,0,2,alta,Priorizar revisión temática y espectral,regla_clase_alta: Manglar con NDVI < 0.30 o NDRE < 0.05,1,1,Auditoría espectral preliminar SINAC SRC10 2021,Alerta exploratoria; no constituye validación temática definitiva
9243,S2SR_llenado_SRC10_000018533,SRC10_0009243,195871,SRC10_CRI_2021__XY__86fedfc112bb,SRC10_CRI_2021__XYY__2d6e075d2cbe,SRC10_CRI_2021__XYC__34ba919e0038,-85.218772,10.208017,Costa Rica,CRI,"SINAC - Malla de Entrenamientos del Mapa de Bosques 2021, Costa Rica",10,2021,6,1,Manglar,Forestal,1,12,2021.0,2021.0,12,0,41,3.4166666666666665,3.5,5.25,5.75,0.24286021980680061,0.24953503402355287,0.0653330575798135,0.3899283144755983,0.25834710905963304,0.2770170876498861,0.1202001461741721,0.4110985277463193,0.0856042486854315,0.1050223095081293,-0.0621701324334535,0.2393042697341486,1,1,1,6,Manglar,1,Forestal,0,0,0,0,Costa Rica,CRI,"SINAC - Malla de Entrenamientos del Mapa de Bosques 2021, Costa Rica",10,2021,6,1,Manglar,Forestal,vegetacion_humeda_mixta,0,0,0,0,high,Manglar con NDVI < 0.30 o NDRE < 0.05,1,0,True,True,True,0.4116914455712447,1.14441463284126,0.24330834284041267,0.8529656544519223,1,0,0,2,alta,Priorizar revisión temática y espectral,regla_clase_alta: Manglar con NDVI < 0.30 o NDRE < 0.05,1,1,Auditoría espectral preliminar SINAC SRC10 2021,Alerta exploratoria; no constituye validación temática definitiva
9244,S2SR_llenado_SRC10_000018482,SRC10_0009244,195872,SRC10_CRI_2021__XY__5d5ac65d3389,SRC10_CRI_2021__XYY__6d228c142e92,SRC10_CRI_2021__XYC__fef160915c32,-85.220887,10.209215,Costa Rica,CRI,"SINAC - Malla de Entrenamientos del Mapa de Bosques 2021, Costa Rica",10,2021,6,1,Manglar,Forestal,1,12,2021.0,2021.0,12,0,42,3.5,4.0,1.25,2.0416666666666665,-0.05563550932652315,-0.0586872828158482,-0.3647054431419398,0.2686567164179105,-0.12819924547718814,-0.0907314467781179,-0.6058609722853248,0.1623931623931624,-0.3332798346002717,-0.32310819214895503,-0.6824081745374206,-0.0044843049327354,1,1,1,6,Manglar,1,Forestal,0,0,0,0,Costa Rica,CRI,"SINAC - Malla de Entrenamientos del Mapa de Bosques 2021, Costa Rica",10,2021,6,1,Manglar,Forestal,vegetacion_humeda_mixta,0,0,0,0,high,Manglar con NDVI < 0.30 o NDRE < 0.05,1,0,True,True,True,0.4116914455712447,1.14441463284126,0.24330834284041267,0.8529656544519223,1,0,0,2,alta,Priorizar revisión temática y espectral,regla_clase_alta: Manglar con NDVI < 0.30 o NDRE < 0.05,1,1,Auditoría espectral preliminar SINAC SRC10 2021,Alerta exploratoria; no constituye validación temática definitiva
9245,S2SR_llenado_SRC10_000018532,SRC10_0009245,195873,SRC10_CRI_2021__XY__9b589b7f78ec,SRC10_CRI_2021__XYY__956fad5f8b09,SRC10_CRI_2021__XYC__db309c934471,-85.218781,10.21043,Costa Rica,CRI,"SINAC - Malla de Entrenamientos del Mapa de Bosques 2021, Costa Rica",10,2021,6,1,Manglar,Forestal,1,12,2021.0,2021.0,12,0,37,3.0833333333333335,3.0,2.75,4.5,-0.07643256094195885,-0.0781582629384037,-0.3337482478273058,0.1525157232704402,-0.12766149134101082,-0.13498462186174065,-0.4370960993820804,0.1866737176097302,-0.27195483127745096,-0.3274439481029615,-0.4711281825926605,0.0415094339622641,1,1,1,6,Manglar,1,Forestal,0,0,0,0,Costa Rica,CRI,"SINAC - Malla de Entrenamientos del Mapa de Bosques 2021, Costa Rica",10,2021,6,1,Manglar,Forestal,vegetacion_humeda_mixta,0,0,0,0,high,Manglar con NDVI < 0.30 o NDRE < 0.05,1,0,True,True,True,0.4116914455712447,1.14441463284126,0.24330834284041267,0.8529656544519223,1,0,0,2,alta,Priorizar revisión temática y espectral,regla_clase_alta: Manglar con NDVI < 0.30 o NDRE < 0.05,1,1,Auditoría espectral preliminar SINAC SRC10 2021,Alerta exploratoria; no constituye validación temática definitiva
9246,S2SR_llenado_SRC10_000018481,SRC10_0009246,195874,SRC10_CRI_2021__XY__6e099b5e2e41,SRC10_CRI_2021__XYY__414f884f9fed,SRC10_CRI_2021__XYC__19d2c20a7219,-85.220896,10.211629,Costa Rica,CRI,"SINAC - Malla de Entrenamientos del Mapa de Bosques 2021, Costa Rica",10,2021,6,1,Manglar,Forestal,1,12,2021.0,2021.0,12,0,39,3.25,3.5,2.25,3.375,-0.11153045031812275,-0.1385467824518606,-0.3314191960623461,0.0694980694980695,-0.14997778998253347,-0.18522058156262125,-0.4921739130434782,0.2237799553701368,-0.2883574871637581,-0.3248432512816204,-0.6094311223617146,0.0630090943664916,1,1,1,6,Manglar,1,Forestal,0,0,0,0,Costa Rica,CRI,"SINAC - Malla de Entrenamientos del Mapa de Bosques 2021, Costa Rica",10,2021,6,1,Manglar,Forestal,vegetacion_humeda_mixta,0,0,0,0,high,Manglar con NDVI < 0.30 o NDRE < 0.05,1,0,True,True,True,0.4116914455712447,1.14441463284126,0.24330834284041267,0.8529656544519223,1,0,0,2,alta,Priorizar revisión temática y espectral,regla_clase_alta: Manglar con NDVI < 0.30 o NDRE < 0.05,1,1,Auditoría espectral preliminar SINAC SRC10 2021,Alerta exploratoria; no constituye validación temática definitiva
9247,S2SR_llenado_SRC10_000018531,SRC10_0009247,195875,SRC10_CRI_2021__XY__2f080b947e3d,SRC10_CRI_2021__XYY__e3601bd13a80,SRC10_CRI_2021__XYC__2c0db01814a7,-85.21879,10.212843,Costa Rica,CRI,"SINAC - Malla de Entrenamientos del Mapa de Bosques 2021, Costa Rica",10,2021,6,1,Manglar,Forestal,1,12,2021.0,2021.0,12,0,41,3.4166666666666665,3.5,1.75,2.2083333333333335,-0.05887232406963605,-0.060377300147951,-0.2432432432432432,0.0617529880478087,-0.18468030442300867,-0.22850383212718664,-0.3860640301318266,0.0292072322670375,-0.3467562799723325,-0.36123216398430935,-0.6129916085330098,-0.0484354907843977,1,1,1,6,Manglar,1,Forestal,0,0,0,0,Costa Rica,CRI,"SINAC - Malla de Entrenamientos del Mapa de Bosques 2021, Costa Rica",10,2021,6,1,Manglar,Forestal,vegetacion_humeda_mixta,0,0,0,0,high,Manglar con NDVI < 0.30 o NDRE < 0.05,1,0,True,True,True,0.4116914455712447,1.14441463284126,0.24330834284041267,0.8529656544519223,1,0,0,2,alta,Priorizar revisión temática y espectral,regla_clase_alta: Manglar con NDVI < 0.30 o NDRE < 0.05,1,1,Auditoría espectral preliminar SINAC SRC10 2021,Alerta exploratoria; no constituye validación temática definitiva
9270,S2SR_llenado_SRC10_000018673,SRC10_0009270,195918,SRC10_CRI_2021__XY__cda48e1e0f72,SRC10_CRI_2021__XYY__528d5c7a8f72,SRC10_CRI_2021__XYC__0a0e8bcf7ca2,-85.214506,10.195965,Costa Rica,CRI,"SINAC - Malla de Entrenamientos del Mapa de Bosques 2021, Costa Rica",10,2021,6,1,Manglar,Forestal,1,12,2021.0,2021.0,12,0,41,3.4166666666666665,3.5,8.0,7.916666666666667,0.3823510507772759,0.40105575131727433,0.1730769230769231,0.5059076262083781,0.47494341825020653,0.5030133634763404,0.3298701298701299,0.5467980295566502,0.3576363716218281,0.3494212118357863,0.2840125391849529,0.4201718679330619,1,1,1,6,Manglar,1,Forestal,0,0,0,0,Costa Rica,CRI,"SINAC - Malla de Entrenamientos del Mapa de Bosques 2021, Costa Rica",10,2021,6,1,Manglar,Forestal,vegetacion_humeda_mixta,0,0,0,0,none,Señal compatible con manglar,0,0,False,True,False,0.4116914455712447,1.14441463284126,0.24330834284041267,0.8529656544519223,1,0,0,1,media,Revisar en control de calidad temático/espectral,rareza_espectral_por_clase_anio,1,1,Auditoría espectral preliminar SINAC SRC10 2021,Alerta exploratoria; no constituye validación temática definitiva
9280,S2SR_llenado_SRC10_000018668,SRC10_0009280,195928,SRC10_CRI_2021__XY__fa9e7f0e5841,SRC10_CRI_2021__XYY__a07db7751e1a,SRC10_CRI_2021__XYC__2975dc9e9d1d,-85.214552,10.208032,Costa Rica,CRI,"SINAC - Malla de Entrenamientos del Mapa de Bosques 2021, Costa Rica",10,2021,6,1,Manglar,Forestal,1,12,2021.0,2021.0,12,0,39,3.25,3.5,12.0,12.125,0.20264785519255582,0.21070489357989342,0.1325285385744711,0.2369352650063856,0.24967346431548235,0.2526147816078223,0.1653339074615564,0.3004732298275041,0.15385268263384896,0.15772483415640964,0.1044943905707535,0.1891338681627407,1,1,1,6,Manglar,1,Forestal,0,0,0,0,Costa Rica,CRI,"SINAC - Malla de Entrenamientos del Mapa de Bosques 2021, Costa Rica",10,2021,6,1,Manglar,Forestal,vegetacion_humeda_mixta,0,0,0,0,high,Manglar con NDVI < 0.30 o NDRE < 0.05,1,0,True,True,True,0.4116914455712447,1.14441463284126,0.24330834284041267,0.8529656544519223,1,0,0,2,alta,Priorizar revisión temática y espectral,regla_clase_alta: Manglar con NDVI < 0.30 o NDRE < 0.05,1,1,Auditoría espectral preliminar SINAC SRC10 2021,Alerta exploratoria; no constituye validación temática definitiva
9296,S2SR_llenado_SRC10_000018741,SRC10_0009296,195970,SRC10_CRI_2021__XY__eca8f46304c9,SRC10_CRI_2021__XYY__323d3de129da,SRC10_CRI_2021__XYC__95158765d557,-85.212365,10.187526,Costa Rica,CRI,"SINAC - Malla de Entrenamientos del Mapa de Bosques 2021, Costa Rica",10,2021,6,1,Manglar,Forestal,1,12,2021.0,2021.0,12,0,42,3.5,3.5,11.5,12.166666666666666,0.19977477636892885,0.2019425609699031,0.1520335745653343,0.2447970719372412,0.2455148384230789,0.24520387409464184,0.1834698873328516,0.2801311775649251,0.15433043979193414,0.15740062004751376,0.1115821571183439,0.173646007816862,1,1,1,6,Manglar,1,Forestal,0,0,0,0,Costa Rica,CRI,"SINAC - Malla de Entrenamientos del Mapa de Bosques 2021, Costa Rica",10,2021,6,1,Manglar,Forestal,vegetacion_humeda_mixta,0,0,0,0,high,Manglar con NDVI < 0.30 o NDRE < 0.05,1,0,True,True,True,0.4116914455712447,1.14441463284126,0.24330834284041267,0.8529656544519223,1,0,0,2,alta,Priorizar revisión temática y espectral,regla_clase_alta: Manglar con NDVI < 0.30 o NDRE < 0.05,1,1,Auditoría espectral preliminar SINAC SRC10 2021,Alerta exploratoria; no constituye validación temática definitiva
9297,S2SR_llenado_SRC10_000018834,SRC10_0009297,195971,SRC10_CRI_2021__XY__e7aa3ea0d80d,SRC10_CRI_2021__XYY__d5e7d7416746,SRC10_CRI_2021__XYC__3247efcde308,-85.210259,10.188741,Costa Rica,CRI,"SINAC - Malla de Entrenamientos del Mapa de Bosques 2021, Costa Rica",10,2021,6,1,Manglar,Forestal,1,12,2021.0,2021.0,12,0,44,3.6666666666666665,3.5,15.0,15.125,0.21300386234756943,0.21625725771312893,0.139451020838913,0.2741433021806854,0.2662839768925523,0.27001563392329164,0.1686108201738799,0.327237728585178,0.17380907393617337,0.17524287647380293,0.1127174621634574,0.2322530864197531,1,1,1,6,Manglar,1,Forestal,0,0,0,0,Costa Rica,CRI,"SINAC - Malla de Entrenamientos del Mapa de Bosques 2021, Costa Rica",10,2021,6,1,Manglar,Forestal,vegetacion_humeda_mixta,0,0,0,0,high,Manglar con NDVI < 0.30 o NDRE < 0.05,1,0,True,True,True,0.4116914455712447,1.14441463284126,0.24330834284041267,0.8529656544519223,1,0,0,2,alta,Priorizar revisión temática y espectral,regla_clase_alta: Manglar con NDVI < 0.30 o NDRE < 0.05,1,1,Auditoría espectral preliminar SINAC SRC10 2021,Alerta exploratoria; no constituye validación temática definitiva
9299,S2SR_llenado_SRC10_000018833,SRC10_0009299,195973,SRC10_CRI_2021__XY__cb43e3cf28b1,SRC10_CRI_2021__XYY__fb9f65457e14,SRC10_CRI_2021__XYC__9a75c3d3da9a,-85.210269,10.191154,Costa Rica,CRI,"SINAC - Malla de Entrenamientos del Mapa de Bosques 2021, Costa Rica",10,2021,6,1,Manglar,Forestal,1,12,2021.0,2021.0,12,0,46,3.8333333333333335,4.0,13.5,12.875,0.276319588709317,0.2801069518716577,0.1741080944191608,0.3226509974558862,0.3201657716344742,0.3309212250074244,0.1966122147980961,0.3636664283073333,0.20648006890062234,0.21483427316725628,0.1102124894425106,0.2504059759662228,1,1,1,6,Manglar,1,Forestal,0,0,0,0,Costa Rica,CRI,"SINAC - Malla de Entrenamientos del Mapa de Bosques 2021, Costa Rica",10,2021,6,1,Manglar,Forestal,vegetacion_humeda_mixta,0,0,0,0,high,Manglar con NDVI < 0.30 o NDRE < 0.05,1,0,True,True,True,0.4116914455712447,1.14441463284126,0.24330834284041267,0.8529656544519223,1,0,0,2,alta,Priorizar revisión temática y espectral,regla_clase_alta: Manglar con NDVI < 0.30 o NDRE < 0.05,1,1,Auditoría espectral preliminar SINAC SRC10 2021,Alerta exploratoria; no constituye validación temática definitiva
9301,S2SR_llenado_SRC10_000018832,SRC10_0009301,195975,SRC10_CRI_2021__XY__d6b576e1a91f,SRC10_CRI_2021__XYY__8b37d0ae0634,SRC10_CRI_2021__XYC__23b8530b4ea2,-85.210278,10.193567,Costa Rica,CRI,"SINAC - Malla de Entrenamientos del Mapa de Bosques 2021, Costa Rica",10,2021,6,1,Manglar,Forestal,1,12,2021.0,2021.0,12,0,43,3.5833333333333335,3.5,14.25,12.0,0.20266519678908332,0.2033010074197329,0.125715236853473,0.2660903552590908,0.25061767504554394,0.2497932912391385,0.1514999189067462,0.3150052236903927,0.15957502533606163,0.15924512439134159,0.1037961252507634,0.196985030855868,1,1,1,6,Manglar,1,Forestal,0,0,0,0,Costa Rica,CRI,"SINAC - Malla de Entrenamientos del Mapa de Bosques 2021, Costa Rica",10,2021,6,1,Manglar,Forestal,vegetacion_humeda_mixta,0,0,0,0,high,Manglar con NDVI < 0.30 o NDRE < 0.05,1,0,True,True,True,0.4116914455712447,1.14441463284126,0.24330834284041267,0.8529656544519223,1,0,0,2,alta,Priorizar revisión temática y espectral,regla_clase_alta: Manglar con NDVI < 0.30 o NDRE < 0.05,1,1,Auditoría espectral preliminar SINAC SRC10 2021,Alerta exploratoria; no constituye validación temática definitiva
9302,S2SR_llenado_SRC10_000018738,SRC10_0009302,195976,SRC10_CRI_2021__XY__db490a27e5cc,SRC10_CRI_2021__XYY__503f53b9c091,SRC10_CRI_2021__XYC__b91303ea0709,-85.212392,10.194766,Costa Rica,CRI,"SINAC - Malla de Entrenamientos del Mapa de Bosques 2021, Costa Rica",10,2021,6,1,Manglar,Forestal,1,12,2021.0,2021.0,12,0,42,3.5,3.0,16.0,14.083333333333334,0.19646805620073668,0.1935670236852693,0.1506074312967189,0.2270091135045567,0.24730930620843886,0.2504766172158853,0.1887990606093478,0.2870466321243523,0.17088601553107818,0.17310838989632132,0.1326301488900808,0.1937590711175617,1,1,1,6,Manglar,1,Forestal,0,0,0,0,Costa Rica,CRI,"SINAC - Malla de Entrenamientos del Mapa de Bosques 2021, Costa Rica",10,2021,6,1,Manglar,Forestal,vegetacion_humeda_mixta,0,0,0,0,high,Manglar con NDVI < 0.30 o NDRE < 0.05,1,0,True,True,True,0.4116914455712447,1.14441463284126,0.24330834284041267,0.8529656544519223,1,0,0,2,alta,Priorizar revisión temática y espectral,regla_clase_alta: Manglar con NDVI < 0.30 o NDRE < 0.05,1,1,Auditoría espectral preliminar SINAC SRC10 2021,Alerta exploratoria; no constituye validación temática definitiva
9309,S2SR_llenado_SRC10_000018828,SRC10_0009309,195983,SRC10_CRI_2021__XY__b81a6914e3ab,SRC10_CRI_2021__XYY__659005a8c6d4,SRC10_CRI_2021__XYC__af07321200a7,-85.210314,10.203221,Costa Rica,CRI,"SINAC - Malla de Entrenamientos del Mapa de Bosques 2021, Costa Rica",10,2021,6,1,Manglar,Forestal,1,12,2021.0,2021.0,12,0,40,3.3333333333333335,3.5,6.25,7.791666666666667,0.21165370937442718,0.18810462644429687,0.081561457718942,0.3411536102342384,0.2123456690723041,0.2243950969408524,0.0597738287560581,0.3436415272956768,0.1039640010878417,0.11154116319074356,-0.0234023402340234,0.1983587649276869,1,1,1,6,Manglar,1,Forestal,0,0,0,0,Costa Rica,CRI,"SINAC - Malla de Entrenamientos del Mapa de Bosques 2021, Costa Rica",10,2021,6,1,Manglar,Forestal,vegetacion_humeda_mixta,0,0,0,0,high,Manglar con NDVI < 0.30 o NDRE < 0.05,1,0,True,True,True,0.4116914455712447,1.14441463284126,0.24330834284041267,0.8529656544519223,1,0,0,2,alta,Priorizar revisión temática y espectral,regla_clase_alta: Manglar con NDVI < 0.30 o NDRE < 0.05,1,1,Auditoría espectral preliminar SINAC SRC10 2021,Alerta exploratoria; no constituye validación temática definitiva
9310,S2SR_llenado_SRC10_000018734,SRC10_0009310,195984,SRC10_CRI_2021__XY__f1826a6f06e4,SRC10_CRI_2021__XYY__52f1829f601a,SRC10_CRI_2021__XYC__99a130042526,-85.212429,10.20442,Costa Rica,CRI,"SINAC - Malla de Entrenamientos del Mapa de Bosques 2021, Costa Rica",10,2021,6,1,Manglar,Forestal,1,12,2021.0,2021.0,12,0,41,3.4166666666666665,3.5,3.5,4.833333333333333,-0.09416879807656259,-0.12136332402428335,-0.3484162895927602,0.1001480019733596,-0.141685285402626,-0.1585592517030325,-0.5651177795041278,0.1460674157303371,-0.23845403428854883,-0.25976935165551995,-0.6726381355820368,0.088235294117647,1,1,1,6,Manglar,1,Forestal,0,0,0,0,Costa Rica,CRI,"SINAC - Malla de Entrenamientos del Mapa de Bosques 2021, Costa Rica",10,2021,6,1,Manglar,Forestal,vegetacion_humeda_mixta,0,0,0,0,high,Manglar con NDVI < 0.30 o NDRE < 0.05,1,0,True,True,True,0.4116914455712447,1.14441463284126,0.24330834284041267,0.8529656544519223,1,0,0,2,alta,Priorizar revisión temática y espectral,regla_clase_alta: Manglar con NDVI < 0.30 o NDRE < 0.05,1,1,Auditoría espectral preliminar SINAC SRC10 2021,Alerta exploratoria; no constituye validación temática definitiva
9311,S2SR_llenado_SRC10_000018827,SRC10_0009311,195985,SRC10_CRI_2021__XY__aee28e54f7ae,SRC10_CRI_2021__XYY__1bbae4a16f29,SRC10_CRI_2021__XYC__27ffd731980a,-85.210323,10.205635,Costa Rica,CRI,"SINAC - Malla de Entrenamientos del Mapa de Bosques 2021, Costa Rica",10,2021,6,1,Manglar,Forestal,1,12,2021.0,2021.0,12,0,41,3.4166666666666665,4.0,5.25,7.5,0.10643027314009952,0.11940446783085605,-0.1055872134554191,0.2782258064516129,0.12609477801199007,0.1443558303213784,-0.2267296141048355,0.2656846699399891,-0.07393885997858683,-0.03714983720199785,-0.3916899736028175,0.0686962629874529,1,1,1,6,Manglar,1,Forestal,0,0,0,0,Costa Rica,CRI,"SINAC - Malla de Entrenamientos del Mapa de Bosques 2021, Costa Rica",10,2021,6,1,Manglar,Forestal,vegetacion_humeda_mixta,0,0,0,0,high,Manglar con NDVI < 0.30 o NDRE < 0.05,1,0,True,True,True,0.4116914455712447,1.14441463284126,0.24330834284041267,0.8529656544519223,1,0,0,2,alta,Priorizar revisión temática y espectral,regla_clase_alta: Manglar con NDVI < 0.30 o NDRE < 0.05,1,1,Auditoría espectral preliminar SINAC SRC10 2021,Alerta exploratoria; no constituye validación temática definitiva
9313,S2SR_llenado_SRC10_000018826,SRC10_0009313,195987,SRC10_CRI_2021__XY__fa03fabbf574,SRC10_CRI_2021__XYY__88d367535fa9,SRC10_CRI_2021__XYC__168ce29bc456,-85.210332,10.208048,Costa Rica,CRI,"SINAC - Malla de Entrenamientos del Mapa de Bosques 2021, Costa Rica",10,2021,6,1,Manglar,Forestal,1,12,2021.0,2021.0,12,0,35,2.9166666666666665,2.5,2.75,4.333333333333333,-0.14630371222521935,-0.15947005984439666,-0.3653603034134007,0.0982822979015365,-0.15795735675402314,-0.16748627999162147,-0.4555256064690026,0.1115674315480361,-0.2742785938627563,-0.2997959228686453,-0.6192271442035816,0.0304422745548535,1,1,1,6,Manglar,1,Forestal,0,0,0,0,Costa Rica,CRI,"SINAC - Malla de Entrenamientos del Mapa de Bosques 2021, Costa Rica",10,2021,6,1,Manglar,Forestal,vegetacion_humeda_mixta,0,0,0,0,high,Manglar con NDVI < 0.30 o NDRE < 0.05,1,0,True,True,True,0.4116914455712447,1.14441463284126,0.24330834284041267,0.8529656544519223,1,0,0,2,alta,Priorizar revisión temática y espectral,regla_clase_alta: Manglar con NDVI < 0.30 o NDRE < 0.05,1,1,Auditoría espectral preliminar SINAC SRC10 2021,Alerta exploratoria; no constituye validación temática definitiva
9322,S2SR_llenado_SRC10_000018991,SRC10_0009322,196023,SRC10_CRI_2021__XY__19a8bdd38ed8,SRC10_CRI_2021__XYY__a954896b645f,SRC10_CRI_2021__XYC__33c1ede11e16,-85.206013,10.181516,Costa Rica,CRI,"SINAC - Malla de Entrenamientos del Mapa de Bosques 2021, Costa Rica",10,2021,6,1,Manglar,Forestal,1,12,2021.0,2021.0,12,0,40,3.3333333333333335,4.0,2.25,2.5833333333333335,0.04978780643505429,-0.02680454255257405,-0.205036351220322,0.4534924081295048,-0.06371686578482437,-0.1585007327057953,-0.4079352945528074,0.3965741610078822,-0.2659694264737009,-0.32157422230184307,-0.5253694581280788,0.1114327585458857,1,1,1,6,Manglar,1,Forestal,0,0,0,0,Costa Rica,CRI,"SINAC - Malla de Entrenamientos del Mapa de Bosques 2021, Costa Rica",10,2021,6,1,Manglar,Forestal,vegetacion_humeda_mixta,0,0,0,0,high,Manglar con NDVI < 0.30 o NDRE < 0.05,1,0,True,True,True,0.4116914455712447,1.14441463284126,0.24330834284041267,0.8529656544519223,1,0,0,2,alta,Priorizar revisión temática y espectral,regla_clase_alta: Manglar con NDVI < 0.30 o NDRE < 0.05,1,1,Auditoría espectral preliminar SINAC SRC10 2021,Alerta exploratoria; no constituye validación temática definitiva
9324,S2SR_llenado_SRC10_000018990,SRC10_0009324,196025,SRC10_CRI_2021__XY__9367ad88b65f,SRC10_CRI_2021__XYY__5bb54abe1025,SRC10_CRI_2021__XYC__b98a33b5dbf4,-85.206022,10.183929,Costa Rica,CRI,"SINAC - Malla de Entrenamientos del Mapa de Bosques 2021, Costa Rica",10,2021,6,1,Manglar,Forestal,1,12,2021.0,2021.0,12,0,43,3.5833333333333335,3.5,10.75,10.166666666666666,0.12906380154464844,0.13267232521156552,0.0831234256926952,0.1485148514851485,0.18929900767111155,0.19465656634395279,0.1385964912280701,0.2367071006197974,0.11345900704188876,0.11522074320070795,0.063063063063063,0.1523978164772325,1,1,1,6,Manglar,1,Forestal,0,0,0,0,Costa Rica,CRI,"SINAC - Malla de Entrenamientos del Mapa de Bosques 2021, Costa Rica",10,2021,6,1,Manglar,Forestal,vegetacion_humeda_mixta,0,0,0,0,high,Manglar con NDVI < 0.30 o NDRE < 0.05,1,0,True,True,True,0.4116914455712447,1.14441463284126,0.24330834284041267,0.8529656544519223,1,0,0,2,alta,Priorizar revisión temática y espectral,regla_clase_alta: Manglar con NDVI < 0.30 o NDRE < 0.05,1,1,Auditoría espectral preliminar SINAC SRC10 2021,Alerta exploratoria; no constituye validación temática definitiva
9325,S2SR_llenado_SRC10_000018912,SRC10_0009325,196026,SRC10_CRI_2021__XY__183e900126b6,SRC10_CRI_2021__XYY__b540608cf802,SRC10_CRI_2021__XYC__fe0c2cad43e9,-85.208136,10.185128,Costa Rica,CRI,"SINAC - Malla de Entrenamientos del Mapa de Bosques 2021, Costa Rica",10,2021,6,1,Manglar,Forestal,1,12,2021.0,2021.0,12,0,43,3.5833333333333335,3.5,4.5,6.041666666666667,0.30655743930690976,0.2929958963563517,0.1565799220971634,0.4900450933776553,0.3825567972480199,0.35649783025827525,0.2422435830993701,0.5810943856990488,0.2510408097106679,0.23794438144942903,0.1391017528504518,0.3557302835358589,1,1,1,6,Manglar,1,Forestal,0,0,0,0,Costa Rica,CRI,"SINAC - Malla de Entrenamientos del Mapa de Bosques 2021, Costa Rica",10,2021,6,1,Manglar,Forestal,vegetacion_humeda_mixta,0,0,0,0,high,Manglar con NDVI < 0.30 o NDRE < 0.05,1,0,True,True,True,0.4116914455712447,1.14441463284126,0.24330834284041267,0.8529656544519223,1,0,0,2,alta,Priorizar revisión temática y espectral,regla_clase_alta: Manglar con NDVI < 0.30 o NDRE < 0.05,1,1,Auditoría espectral preliminar SINAC SRC10 2021,Alerta exploratoria; no constituye validación temática definitiva
9328,S2SR_llenado_SRC10_000018988,SRC10_0009328,196029,SRC10_CRI_2021__XY__8cb302c8ac95,SRC10_CRI_2021__XYY__285358ec6a9b,SRC10_CRI_2021__XYC__55f2ffc38e34,-85.20604,10.188756,Costa Rica,CRI,"SINAC - Malla de Entrenamientos del Mapa de Bosques 2021, Costa Rica",10,2021,6,1,Manglar,Forestal,1,12,2021.0,2021.0,12,0,43,3.5833333333333335,3.0,12.0,11.75,0.11887933553671526,0.1191052933302133,0.0761289857575625,0.1483633862125034,0.16359469303391436,0.16741278556892908,0.1140192641750666,0.1911917772573511,0.0987126202021371,0.10552769570805895,0.0605694710327456,0.1174883679312813,1,1,1,6,Manglar,1,Forestal,0,0,0,0,Costa Rica,CRI,"SINAC - Malla de Entrenamientos del Mapa de Bosques 2021, Costa Rica",10,2021,6,1,Manglar,Forestal,vegetacion_humeda_mixta,0,0,0,0,high,Manglar con NDVI < 0.30 o NDRE < 0.05,1,0,True,True,True,0.4116914455712447,1.14441463284126,0.24330834284041267,0.8529656544519223,1,0,0,2,alta,Priorizar revisión temática y espectral,regla_clase_alta: Manglar con NDVI < 0.30 o NDRE < 0.05,1,1,Auditoría espectral preliminar SINAC SRC10 2021,Alerta exploratoria; no constituye validación temática definitiva
9330,S2SR_llenado_SRC10_000018987,SRC10_0009330,196031,SRC10_CRI_2021__XY__4766ef3344e3,SRC10_CRI_2021__XYY__8c965c6bc364,SRC10_CRI_2021__XYC__f9584e1143ab,-85.206049,10.19117,Costa Rica,CRI,"SINAC - Malla de Entrenamientos del Mapa de Bosques 2021, Costa Rica",10,2021,6,1,Manglar,Forestal,1,12,2021.0,2021.0,12,0,46,3.8333333333333335,4.0,11.25,12.791666666666666,0.27952008201866546,0.2778384735648589,0.192116568167301,0.3597827453787446,0.3500337306900894,0.34481022874959044,0.2450474458195133,0.4390554628154527,0.25632462314251214,0.2575768527783185,0.184723434228687,0.3256303620438732,1,1,1,6,Manglar,1,Forestal,0,0,0,0,Costa Rica,CRI,"SINAC - Malla de Entrenamientos del Mapa de Bosques 2021, Costa Rica",10,2021,6,1,Manglar,Forestal,vegetacion_humeda_mixta,0,0,0,0,high,Manglar con NDVI < 0.30 o NDRE < 0.05,1,0,True,True,False,0.4116914455712447,1.14441463284126,0.24330834284041267,0.8529656544519223,1,0,0,2,alta,Priorizar revisión temática y espectral,regla_clase_alta: Manglar con NDVI < 0.30 o NDRE < 0.05,1,1,Auditoría espectral preliminar SINAC SRC10 2021,Alerta exploratoria; no constituye validación temática definitiva
9331,S2SR_llenado_SRC10_000018909,SRC10_0009331,196032,SRC10_CRI_2021__XY__c850eedcd419,SRC10_CRI_2021__XYY__acad64c1c6c3,SRC10_CRI_2021__XYC__90683c5c2286,-85.208163,10.192369,Costa Rica,CRI,"SINAC - Malla de Entrenamientos del Mapa de Bosques 2021, Costa Rica",10,2021,6,1,Manglar,Forestal,1,12,2021.0,2021.0,12,0,44,3.6666666666666665,4.0,13.0,11.333333333333334,0.14398713770817306,0.1424413920347101,0.0775712378697837,0.1943936203400405,0.1794975596380569,0.17471211994726565,0.1121999483955927,0.2301735588700799,0.10420055604814997,0.10777011114292925,0.0610548747757286,0.1433212456481162,1,1,1,6,Manglar,1,Forestal,0,0,0,0,Costa Rica,CRI,"SINAC - Malla de Entrenamientos del Mapa de Bosques 2021, Costa Rica",10,2021,6,1,Manglar,Forestal,vegetacion_humeda_mixta,0,0,0,0,high,Manglar con NDVI < 0.30 o NDRE < 0.05,1,0,True,True,True,0.4116914455712447,1.14441463284126,0.24330834284041267,0.8529656544519223,1,0,0,2,alta,Priorizar revisión temática y espectral,regla_clase_alta: Manglar con NDVI < 0.30 o NDRE < 0.05,1,1,Auditoría espectral preliminar SINAC SRC10 2021,Alerta exploratoria; no constituye validación temática definitiva
9333,S2SR_llenado_SRC10_000018908,SRC10_0009333,196034,SRC10_CRI_2021__XY__98d626ddefd9,SRC10_CRI_2021__XYY__942d6382fa3e,SRC10_CRI_2021__XYC__b49a98872a9d,-85.208172,10.194782,Costa Rica,CRI,"SINAC - Malla de Entrenamientos del Mapa de Bosques 2021, Costa Rica",10,2021,6,1,Manglar,Forestal,1,12,2021.0,2021.0,12,0,44,3.6666666666666665,3.5,14.0,14.333333333333334,0.3131660721409971,0.2896446840282558,0.1884708068185427,0.4464993979022565,0.3772385767899227,0.3588763780725658,0.2314913527600094,0.5073887421112563,0.2444938948233983,0.24861904401669954,0.1672636262634709,0.3188746326845305,1,1,1,6,Manglar,1,Forestal,0,0,0,0,Costa Rica,CRI,"SINAC - Malla de Entrenamientos del Mapa de Bosques 2021, Costa Rica",10,2021,6,1,Manglar,Forestal,vegetacion_humeda_mixta,0,0,0,0,high,Manglar con NDVI < 0.30 o NDRE < 0.05,1,0,True,True,False,0.4116914455712447,1.14441463284126,0.24330834284041267,0.8529656544519223,1,0,0,2,alta,Priorizar revisión temática y espectral,regla_clase_alta: Manglar con NDVI < 0.30 o NDRE < 0.05,1,1,Auditoría espectral preliminar SINAC SRC10 2021,Alerta exploratoria; no constituye validación temática definitiva
9334,S2SR_llenado_SRC10_000018985,SRC10_0009334,196035,SRC10_CRI_2021__XY__09e912642bd6,SRC10_CRI_2021__XYY__6797711a5cfb,SRC10_CRI_2021__XYC__1064174f873a,-85.206067,10.195996,Costa Rica,CRI,"SINAC - Malla de Entrenamientos del Mapa de Bosques 2021, Costa Rica",10,2021,6,1,Manglar,Forestal,1,12,2021.0,2021.0,12,0,43,3.5833333333333335,3.5,11.5,12.166666666666666,0.3427973782068889,0.35730080777717077,0.2663508805797712,0.4128770823953174,0.3832071478631011,0.388600240061712,0.3093817685698674,0.4664484451718493,0.23483420991681248,0.24063130413262404,0.1837965768704773,0.2737150020894275,1,1,1,6,Manglar,1,Forestal,0,0,0,0,Costa Rica,CRI,"SINAC - Malla de Entrenamientos del Mapa de Bosques 2021, Costa Rica",10,2021,6,1,Manglar,Forestal,vegetacion_humeda_mixta,0,0,0,0,medium,Manglar con NDVI < 0.40 o NDRE < 0.08,0,1,True,True,True,0.4116914455712447,1.14441463284126,0.24330834284041267,0.8529656544519223,1,0,0,2,media,Revisar en control de calidad temático/espectral,regla_clase_media: Manglar con NDVI < 0.40 o NDRE < 0.08,1,1,Auditoría espectral preliminar SINAC SRC10 2021,Alerta exploratoria; no constituye validación temática definitiva
9336,S2SR_llenado_SRC10_000018984,SRC10_0009336,196037,SRC10_CRI_2021__XY__ae77e4f9a091,SRC10_CRI_2021__XYY__a34a6b73b097,SRC10_CRI_2021__XYC__f5a8f7f0e17e,-85.206076,10.19841,Costa Rica,CRI,"SINAC - Malla de Entrenamientos del Mapa de Bosques 2021, Costa Rica",10,2021,6,1,Manglar,Forestal,1,12,2021.0,2021.0,12,0,41,3.4166666666666665,3.0,2.0,2.2083333333333335,-0.18997183507533308,-0.19384588281846749,-0.4146101088925927,0.0857142857142857,-0.25216928554613816,-0.2907167335937414,-0.4806560769015239,0.0955041234370843,-0.3229657736181537,-0.3495752763990183,-0.5573844987177781,0.0588832487309644,1,1,1,6,Manglar,1,Forestal,0,0,0,0,Costa Rica,CRI,"SINAC - Malla de Entrenamientos del Mapa de Bosques 2021, Costa Rica",10,2021,6,1,Manglar,Forestal,vegetacion_humeda_mixta,0,0,0,0,high,Manglar con NDVI < 0.30 o NDRE < 0.05,1,0,True,True,True,0.4116914455712447,1.14441463284126,0.24330834284041267,0.8529656544519223,1,0,0,2,alta,Priorizar revisión temática y espectral,regla_clase_alta: Manglar con NDVI < 0.30 o NDRE < 0.05,1,1,Auditoría espectral preliminar SINAC SRC10 2021,Alerta exploratoria; no constituye validación temática definitiva
9337,S2SR_llenado_SRC10_000018906,SRC10_0009337,196038,SRC10_CRI_2021__XY__623fda7e6062,SRC10_CRI_2021__XYY__e11076b5a3fb,SRC10_CRI_2021__XYC__b17dc1587162,-85.208191,10.199609,Costa Rica,CRI,"SINAC - Malla de Entrenamientos del Mapa de Bosques 2021, Costa Rica",10,2021,6,1,Manglar,Forestal,1,12,2021.0,2021.0,12,0,40,3.3333333333333335,3.0,5.25,7.916666666666667,0.4406392805857124,0.41723394412303505,0.2741935483870967,0.5862792735325273,0.4235086265927655,0.4130395072359816,0.2598130841121495,0.5499188652001279,0.24475944444860978,0.23511000078501296,0.1541095890410958,0.3393352184380168,1,1,1,6,Manglar,1,Forestal,0,0,0,0,Costa Rica,CRI,"SINAC - Malla de Entrenamientos del Mapa de Bosques 2021, Costa Rica",10,2021,6,1,Manglar,Forestal,vegetacion_humeda_mixta,0,0,0,0,none,Señal compatible con manglar,0,0,False,False,True,0.4116914455712447,1.14441463284126,0.24330834284041267,0.8529656544519223,1,0,0,1,media,Revisar en control de calidad temático/espectral,rareza_espectral_por_clase_anio,1,1,Auditoría espectral preliminar SINAC SRC10 2021,Alerta exploratoria; no constituye validación temática definitiva
9338,S2SR_llenado_SRC10_000018983,SRC10_0009338,196039,SRC10_CRI_2021__XY__10b4f65f731a,SRC10_CRI_2021__XYY__6e16d516e187,SRC10_CRI_2021__XYC__38de6e2d095e,-85.206085,10.200823,Costa Rica,CRI,"SINAC - Malla de Entrenamientos del Mapa de Bosques 2021, Costa Rica",10,2021,6,1,Manglar,Forestal,1,12,2021.0,2021.0,12,0,40,3.3333333333333335,3.0,2.0,3.0416666666666665,-0.08010192515136956,-0.08385750269306674,-0.3262673318198026,0.0845987421005634,-0.10025514065214852,-0.12650844195921504,-0.4015710138010579,0.1261796630818525,-0.20448154683992967,-0.2585926460654845,-0.4692896119941558,0.0628870184807801,1,1,1,6,Manglar,1,Forestal,0,0,0,0,Costa Rica,CRI,"SINAC - Malla de Entrenamientos del Mapa de Bosques 2021, Costa Rica",10,2021,6,1,Manglar,Forestal,vegetacion_humeda_mixta,0,0,0,0,high,Manglar con NDVI < 0.30 o NDRE < 0.05,1,0,True,True,True,0.4116914455712447,1.14441463284126,0.24330834284041267,0.8529656544519223,1,0,0,2,alta,Priorizar revisión temática y espectral,regla_clase_alta: Manglar con NDVI < 0.30 o NDRE < 0.05,1,1,Auditoría espectral preliminar SINAC SRC10 2021,Alerta exploratoria; no constituye validación temática definitiva
9339,S2SR_llenado_SRC10_000018905,SRC10_0009339,196040,SRC10_CRI_2021__XY__b09e6e4536d0,SRC10_CRI_2021__XYY__9903531496b2,SRC10_CRI_2021__XYC__4c70c4a02108,-85.2082,10.202022,Costa Rica,CRI,"SINAC - Malla de Entrenamientos del Mapa de Bosques 2021, Costa Rica",10,2021,6,1,Manglar,Forestal,1,12,2021.0,2021.0,12,0,42,3.5,3.5,3.75,6.458333333333333,-0.13816806835519202,-0.0991414433807612,-0.4057205452775073,0.1890471788657081,-0.19283044872215307,-0.16984173451367865,-0.5268342136223685,0.114672333696652,-0.28295750049448676,-0.27536325729672406,-0.6223571263970504,0.0522327253611692,1,1,1,6,Manglar,1,Forestal,0,0,0,0,Costa Rica,CRI,"SINAC - Malla de Entrenamientos del Mapa de Bosques 2021, Costa Rica",10,2021,6,1,Manglar,Forestal,vegetacion_humeda_mixta,0,0,0,0,high,Manglar con NDVI < 0.30 o NDRE < 0.05,1,0,True,True,True,0.4116914455712447,1.14441463284126,0.24330834284041267,0.8529656544519223,1,0,0,2,alta,Priorizar revisión temática y espectral,regla_clase_alta: Manglar con NDVI < 0.30 o NDRE < 0.05,1,1,Auditoría espectral preliminar SINAC SRC10 2021,Alerta exploratoria; no constituye validación temática definitiva
9340,S2SR_llenado_SRC10_000018982,SRC10_0009340,196041,SRC10_CRI_2021__XY__39645b16de21,SRC10_CRI_2021__XYY__4e9413512c0e,SRC10_CRI_2021__XYC__18c1f5518c57,-85.206094,10.203237,Costa Rica,CRI,"SINAC - Malla de Entrenamientos del Mapa de Bosques 2021, Costa Rica",10,2021,6,1,Manglar,Forestal,1,12,2021.0,2021.0,12,0,34,2.8333333333333335,2.5,6.5,6.458333333333333,0.1082076060968901,0.1158963911208839,0.0351807228915662,0.2227930873423634,0.057985434607006205,0.056540437319030204,-0.0223378082364852,0.1696606786427145,-0.039306323428091115,-0.04557890389092415,-0.1181754116814313,0.0716721834732237,1,1,1,6,Manglar,1,Forestal,0,0,0,0,Costa Rica,CRI,"SINAC - Malla de Entrenamientos del Mapa de Bosques 2021, Costa Rica",10,2021,6,1,Manglar,Forestal,vegetacion_humeda_mixta,0,0,0,0,high,Manglar con NDVI < 0.30 o NDRE < 0.05,1,0,True,True,True,0.4116914455712447,1.14441463284126,0.24330834284041267,0.8529656544519223,1,0,0,2,alta,Priorizar revisión temática y espectral,regla_clase_alta: Manglar con NDVI < 0.30 o NDRE < 0.05,1,1,Auditoría espectral preliminar SINAC SRC10 2021,Alerta exploratoria; no constituye validación temática definitiva
9341,S2SR_llenado_SRC10_000018904,SRC10_0009341,196042,SRC10_CRI_2021__XY__6716ee9365c9,SRC10_CRI_2021__XYY__91870285a534,SRC10_CRI_2021__XYC__25fb28608dfa,-85.208209,10.204436,Costa Rica,CRI,"SINAC - Malla de Entrenamientos del Mapa de Bosques 2021, Costa Rica",10,2021,6,1,Manglar,Forestal,1,12,2021.0,2021.0,12,0,40,3.3333333333333335,4.0,4.75,4.708333333333333,-0.026364102400271917,-0.00045520021782539987,-0.2857665615141955,0.1020408163265306,0.061222961467976005,0.09318813588781695,-0.1858789727582293,0.2251497005988023,-0.10309250882711536,-0.1051242970197902,-0.3438970974046219,0.0492307692307692,1,1,1,6,Manglar,1,Forestal,0,0,0,0,Costa Rica,CRI,"SINAC - Malla de Entrenamientos del Mapa de Bosques 2021, Costa Rica",10,2021,6,1,Manglar,Forestal,vegetacion_humeda_mixta,0,0,0,0,high,Manglar con NDVI < 0.30 o NDRE < 0.05,1,0,True,True,True,0.4116914455712447,1.14441463284126,0.24330834284041267,0.8529656544519223,1,0,0,2,alta,Priorizar revisión temática y espectral,regla_clase_alta: Manglar con NDVI < 0.30 o NDRE < 0.05,1,1,Auditoría espectral preliminar SINAC SRC10 2021,Alerta exploratoria; no constituye validación temática definitiva
9342,S2SR_llenado_SRC10_000018981,SRC10_0009342,196043,SRC10_CRI_2021__XY__7b0f53349fdb,SRC10_CRI_2021__XYY__df1afa41fa26,SRC10_CRI_2021__XYC__9596dddd05c7,-85.206103,10.20565,Costa Rica,CRI,"SINAC - Malla de Entrenamientos del Mapa de Bosques 2021, Costa Rica",10,2021,6,1,Manglar,Forestal,1,12,2021.0,2021.0,12,0,40,3.3333333333333335,4.0,4.5,5.375,0.08934420790453555,0.08579780038710125,0.0192114607642692,0.1620360432519022,0.09071986523204595,0.0744771631778623,0.0006891798759475464,0.1933690576351783,-0.020805341172100606,-0.0085456102022958,-0.1084829012268552,0.0880713688984365,1,1,1,6,Manglar,1,Forestal,0,0,0,0,Costa Rica,CRI,"SINAC - Malla de Entrenamientos del Mapa de Bosques 2021, Costa Rica",10,2021,6,1,Manglar,Forestal,vegetacion_humeda_mixta,0,0,0,0,high,Manglar con NDVI < 0.30 o NDRE < 0.05,1,0,True,True,True,0.4116914455712447,1.14441463284126,0.24330834284041267,0.8529656544519223,1,0,0,2,alta,Priorizar revisión temática y espectral,regla_clase_alta: Manglar con NDVI < 0.30 o NDRE < 0.05,1,1,Auditoría espectral preliminar SINAC SRC10 2021,Alerta exploratoria; no constituye validación temática definitiva
9343,S2SR_llenado_SRC10_000018903,SRC10_0009343,196044,SRC10_CRI_2021__XY__6e0a67c0d40b,SRC10_CRI_2021__XYY__90db2532efcf,SRC10_CRI_2021__XYC__34d12b73069e,-85.208218,10.206849,Costa Rica,CRI,"SINAC - Malla de Entrenamientos del Mapa de Bosques 2021, Costa Rica",10,2021,6,1,Manglar,Forestal,1,12,2021.0,2021.0,12,0,37,3.0833333333333335,3.0,4.75,5.291666666666667,0.061839874675017996,0.06935296794331211,-0.0568654646324548,0.1306105944197331,0.0777942497494954,0.0978110210379323,-0.0749824807288016,0.1675433025447296,-0.03842778921988164,-0.05399955673153975,-0.1656831593281888,0.0826982310503329,1,1,1,6,Manglar,1,Forestal,0,0,0,0,Costa Rica,CRI,"SINAC - Malla de Entrenamientos del Mapa de Bosques 2021, Costa Rica",10,2021,6,1,Manglar,Forestal,vegetacion_humeda_mixta,0,0,0,0,high,Manglar con NDVI < 0.30 o NDRE < 0.05,1,0,True,True,True,0.4116914455712447,1.14441463284126,0.24330834284041267,0.8529656544519223,1,0,0,2,alta,Priorizar revisión temática y espectral,regla_clase_alta: Manglar con NDVI < 0.30 o NDRE < 0.05,1,1,Auditoría espectral preliminar SINAC SRC10 2021,Alerta exploratoria; no constituye validación temática definitiva
9344,S2SR_llenado_SRC10_000018980,SRC10_0009344,196045,SRC10_CRI_2021__XY__b84b0e865f01,SRC10_CRI_2021__XYY__f89046652184,SRC10_CRI_2021__XYC__a4682e737a69,-85.206112,10.208064,Costa Rica,CRI,"SINAC - Malla de Entrenamientos del Mapa de Bosques 2021, Costa Rica",10,2021,6,1,Manglar,Forestal,1,12,2021.0,2021.0,12,0,40,3.3333333333333335,3.5,8.5,8.583333333333334,0.23375678443231848,0.24982638378067779,0.0573414422241529,0.3461217681401168,0.29390131254613977,0.303020856572479,0.1412742382271468,0.4118529632408102,0.1431622997104906,0.1518068940812412,-0.0322147651006712,0.2156424581005586,1,1,1,6,Manglar,1,Forestal,0,0,0,0,Costa Rica,CRI,"SINAC - Malla de Entrenamientos del Mapa de Bosques 2021, Costa Rica",10,2021,6,1,Manglar,Forestal,vegetacion_humeda_mixta,0,0,0,0,high,Manglar con NDVI < 0.30 o NDRE < 0.05,1,0,True,True,True,0.4116914455712447,1.14441463284126,0.24330834284041267,0.8529656544519223,1,0,0,2,alta,Priorizar revisión temática y espectral,regla_clase_alta: Manglar con NDVI < 0.30 o NDRE < 0.05,1,1,Auditoría espectral preliminar SINAC SRC10 2021,Alerta exploratoria; no constituye validación temática definitiva
9360,S2SR_llenado_SRC10_000019131,SRC10_0009360,196100,SRC10_CRI_2021__XY__13f41418fd3f,SRC10_CRI_2021__XYY__41d9084c8b69,SRC10_CRI_2021__XYC__677192f2724d,-85.201793,10.181531,Costa Rica,CRI,"SINAC - Malla de Entrenamientos del Mapa de Bosques 2021, Costa Rica",10,2021,6,1,Manglar,Forestal,1,12,2021.0,2021.0,12,0,41,3.4166666666666665,3.0,5.0,5.541666666666667,0.04835406957206733,0.058370179041158404,-0.1672200174505333,0.2393788506825864,0.16115612960418976,0.14316957293159294,0.0355501378841772,0.2681254695717506,-0.028620404841065785,-0.02990424053844935,-0.1451227912242295,0.1331496786042241,1,1,1,6,Manglar,1,Forestal,0,0,0,0,Costa Rica,CRI,"SINAC - Malla de Entrenamientos del Mapa de Bosques 2021, Costa Rica",10,2021,6,1,Manglar,Forestal,vegetacion_humeda_mixta,0,0,0,0,high,Manglar con NDVI < 0.30 o NDRE < 0.05,1,0,True,True,True,0.4116914455712447,1.14441463284126,0.24330834284041267,0.8529656544519223,1,0,0,2,alta,Priorizar revisión temática y espectral,regla_clase_alta: Manglar con NDVI < 0.30 o NDRE < 0.05,1,1,Auditoría espectral preliminar SINAC SRC10 2021,Alerta exploratoria; no constituye validación temática definitiva
9361,S2SR_llenado_SRC10_000019062,SRC10_0009361,196101,SRC10_CRI_2021__XY__86b914a43585,SRC10_CRI_2021__XYY__c91bc62a65d9,SRC10_CRI_2021__XYC__defb1b472bda,-85.203907,10.18273,Costa Rica,CRI,"SINAC - Malla de Entrenamientos del Mapa de Bosques 2021, Costa Rica",10,2021,6,1,Manglar,Forestal,1,12,2021.0,2021.0,12,0,36,3.0,3.0,1.0,1.3333333333333333,-0.09358634096388994,-0.11368035098776735,-0.1865771812080537,0.0676328502415458,-0.1415224085865199,-0.15593502583795577,-0.2509363295880149,0.0019777479316987,-0.3314341440303595,-0.3277650560431524,-0.5540691192865105,-0.120659713777034,1,1,1,6,Manglar,1,Forestal,0,0,0,0,Costa Rica,CRI,"SINAC - Malla de Entrenamientos del Mapa de Bosques 2021, Costa Rica",10,2021,6,1,Manglar,Forestal,vegetacion_humeda_mixta,0,0,0,0,high,Manglar con NDVI < 0.30 o NDRE < 0.05,1,0,True,True,True,0.4116914455712447,1.14441463284126,0.24330834284041267,0.8529656544519223,1,0,0,2,alta,Priorizar revisión temática y espectral,regla_clase_alta: Manglar con NDVI < 0.30 o NDRE < 0.05,1,1,Auditoría espectral preliminar SINAC SRC10 2021,Alerta exploratoria; no constituye validación temática definitiva
9362,S2SR_llenado_SRC10_000019130,SRC10_0009362,196102,SRC10_CRI_2021__XY__f0b671c01bba,SRC10_CRI_2021__XYY__9ff6c01cc845,SRC10_CRI_2021__XYC__121c94f298a9,-85.201802,10.183945,Costa Rica,CRI,"SINAC - Malla de Entrenamientos del Mapa de Bosques 2021, Costa Rica",10,2021,6,1,Manglar,Forestal,1,12,2021.0,2021.0,12,0,42,3.5,3.5,6.75,8.291666666666666,0.23149265655532528,0.2535086328829927,0.0568421052631579,0.4084033613445378,0.3107887815932589,0.35014248720835217,0.0010834236186349,0.4708756106726795,0.14963305817620726,0.13269274261804925,-0.0488934637159032,0.3477961432506887,1,1,1,6,Manglar,1,Forestal,0,0,0,0,Costa Rica,CRI,"SINAC - Malla de Entrenamientos del Mapa de Bosques 2021, Costa Rica",10,2021,6,1,Manglar,Forestal,vegetacion_humeda_mixta,0,0,0,0,high,Manglar con NDVI < 0.30 o NDRE < 0.05,1,0,True,True,True,0.4116914455712447,1.14441463284126,0.24330834284041267,0.8529656544519223,1,0,0,2,alta,Priorizar revisión temática y espectral,regla_clase_alta: Manglar con NDVI < 0.30 o NDRE < 0.05,1,1,Auditoría espectral preliminar SINAC SRC10 2021,Alerta exploratoria; no constituye validación temática definitiva
9363,S2SR_llenado_SRC10_000019061,SRC10_0009363,196103,SRC10_CRI_2021__XY__f29c8ed5285f,SRC10_CRI_2021__XYY__a43bd1ea3410,SRC10_CRI_2021__XYC__8b3e198616bf,-85.203916,10.185144,Costa Rica,CRI,"SINAC - Malla de Entrenamientos del Mapa de Bosques 2021, Costa Rica",10,2021,6,1,Manglar,Forestal,1,12,2021.0,2021.0,12,0,44,3.6666666666666665,3.5,8.5,8.541666666666666,0.3382726414556954,0.33786519141165994,0.2768391636167617,0.4311440677966102,0.3719766574408329,0.3675065536919133,0.3091475262888685,0.4531568228105906,0.2251218847840223,0.2256897866768952,0.1874115983026874,0.2791922137982709,1,1,1,6,Manglar,1,Forestal,0,0,0,0,Costa Rica,CRI,"SINAC - Malla de Entrenamientos del Mapa de Bosques 2021, Costa Rica",10,2021,6,1,Manglar,Forestal,vegetacion_humeda_mixta,0,0,0,0,medium,Manglar con NDVI < 0.40 o NDRE < 0.08,0,1,True,True,True,0.4116914455712447,1.14441463284126,0.24330834284041267,0.8529656544519223,1,0,0,2,media,Revisar en control de calidad temático/espectral,regla_clase_media: Manglar con NDVI < 0.40 o NDRE < 0.08,1,1,Auditoría espectral preliminar SINAC SRC10 2021,Alerta exploratoria; no constituye validación temática definitiva
9371,S2SR_llenado_SRC10_000019055,SRC10_0009371,196111,SRC10_CRI_2021__XY__504be79f7a72,SRC10_CRI_2021__XYY__2a53ed217225,SRC10_CRI_2021__XYC__6a8bbf1bd5bb,-85.20398,10.202038,Costa Rica,CRI,"SINAC - Malla de Entrenamientos del Mapa de Bosques 2021, Costa Rica",10,2021,6,1,Manglar,Forestal,1,12,2021.0,2021.0,12,0,39,3.25,3.0,5.75,6.458333333333333,0.18772155167172114,0.15357884235093605,0.0557615095856663,0.396057345243013,0.2233371390805178,0.20576076867062354,0.0719320500174276,0.409649363652102,0.09427275370967152,0.06880482210694666,-0.0098360655737704,0.2385766976802383,1,1,1,6,Manglar,1,Forestal,0,0,0,0,Costa Rica,CRI,"SINAC - Malla de Entrenamientos del Mapa de Bosques 2021, Costa Rica",10,2021,6,1,Manglar,Forestal,vegetacion_humeda_mixta,0,0,0,0,high,Manglar con NDVI < 0.30 o NDRE < 0.05,1,0,True,True,True,0.4116914455712447,1.14441463284126,0.24330834284041267,0.8529656544519223,1,0,0,2,alta,Priorizar revisión temática y espectral,regla_clase_alta: Manglar con NDVI < 0.30 o NDRE < 0.05,1,1,Auditoría espectral preliminar SINAC SRC10 2021,Alerta exploratoria; no constituye validación temática definitiva
9372,S2SR_llenado_SRC10_000019126,SRC10_0009372,196112,SRC10_CRI_2021__XY__fa0db71db00c,SRC10_CRI_2021__XYY__69194453a711,SRC10_CRI_2021__XYC__5f085a7e1a0b,-85.201875,10.203252,Costa Rica,CRI,"SINAC - Malla de Entrenamientos del Mapa de Bosques 2021, Costa Rica",10,2021,6,1,Manglar,Forestal,1,12,2021.0,2021.0,12,0,43,3.5833333333333335,4.0,6.0,7.916666666666667,0.2808089017263979,0.2639968435434243,0.1387572428896294,0.4361702127659573,0.3173847180481826,0.30237925135490906,0.1756983700766837,0.492822966507177,0.17309803729267503,0.1546952560449088,0.0746268656716417,0.286536248561565,1,1,1,6,Manglar,1,Forestal,0,0,0,0,Costa Rica,CRI,"SINAC - Malla de Entrenamientos del Mapa de Bosques 2021, Costa Rica",10,2021,6,1,Manglar,Forestal,vegetacion_humeda_mixta,0,0,0,0,high,Manglar con NDVI < 0.30 o NDRE < 0.05,1,0,True,True,True,0.4116914455712447,1.14441463284126,0.24330834284041267,0.8529656544519223,1,0,0,2,alta,Priorizar revisión temática y espectral,regla_clase_alta: Manglar con NDVI < 0.30 o NDRE < 0.05,1,1,Auditoría espectral preliminar SINAC SRC10 2021,Alerta exploratoria; no constituye validación temática definitiva
9373,S2SR_llenado_SRC10_000019054,SRC10_0009373,196113,SRC10_CRI_2021__XY__163af3503649,SRC10_CRI_2021__XYY__cd37eaf83971,SRC10_CRI_2021__XYC__bbbc3eb2abb6,-85.203989,10.204451,Costa Rica,CRI,"SINAC - Malla de Entrenamientos del Mapa de Bosques 2021, Costa Rica",10,2021,6,1,Manglar,Forestal,1,12,2021.0,2021.0,12,0,39,3.25,3.5,8.75,9.833333333333334,0.21184148400809236,0.1997353433111766,0.1418809116829044,0.2826192734162868,0.24788784381855197,0.2385758167243457,0.1673843053495589,0.3156504218054602,0.15338335066101358,0.15925691684298435,0.1022082018927445,0.2099857550426749,1,1,1,6,Manglar,1,Forestal,0,0,0,0,Costa Rica,CRI,"SINAC - Malla de Entrenamientos del Mapa de Bosques 2021, Costa Rica",10,2021,6,1,Manglar,Forestal,vegetacion_humeda_mixta,0,0,0,0,high,Manglar con NDVI < 0.30 o NDRE < 0.05,1,0,True,True,True,0.4116914455712447,1.14441463284126,0.24330834284041267,0.8529656544519223,1,0,0,2,alta,Priorizar revisión temática y espectral,regla_clase_alta: Manglar con NDVI < 0.30 o NDRE < 0.05,1,1,Auditoría espectral preliminar SINAC SRC10 2021,Alerta exploratoria; no constituye validación temática definitiva
9374,S2SR_llenado_SRC10_000019125,SRC10_0009374,196114,SRC10_CRI_2021__XY__ce4a8bf2ae85,SRC10_CRI_2021__XYY__3282a2b13186,SRC10_CRI_2021__XYC__1b32ffab8eb9,-85.201884,10.205666,Costa Rica,CRI,"SINAC - Malla de Entrenamientos del Mapa de Bosques 2021, Costa Rica",10,2021,6,1,Manglar,Forestal,1,12,2021.0,2021.0,12,0,41,3.4166666666666665,3.5,1.5,2.4583333333333335,-0.22115147664983356,-0.24216251055356341,-0.4967356368019285,0.137031768610716,-0.24940511348239655,-0.29125689058379617,-0.6317191569973952,0.1620626151012891,-0.34979309146381454,-0.36696066959925,-0.730216074869254,0.0599152295263217,1,1,1,6,Manglar,1,Forestal,0,0,0,0,Costa Rica,CRI,"SINAC - Malla de Entrenamientos del Mapa de Bosques 2021, Costa Rica",10,2021,6,1,Manglar,Forestal,vegetacion_humeda_mixta,0,0,0,0,high,Manglar con NDVI < 0.30 o NDRE < 0.05,1,0,True,True,True,0.4116914455712447,1.14441463284126,0.24330834284041267,0.8529656544519223,1,0,0,2,alta,Priorizar revisión temática y espectral,regla_clase_alta: Manglar con NDVI < 0.30 o NDRE < 0.05,1,1,Auditoría espectral preliminar SINAC SRC10 2021,Alerta exploratoria; no constituye validación temática definitiva
9375,S2SR_llenado_SRC10_000019053,SRC10_0009375,196115,SRC10_CRI_2021__XY__4f373d476217,SRC10_CRI_2021__XYY__c86d30f57405,SRC10_CRI_2021__XYC__dd4637cf3b5f,-85.203998,10.206865,Costa Rica,CRI,"SINAC - Malla de Entrenamientos del Mapa de Bosques 2021, Costa Rica",10,2021,6,1,Manglar,Forestal,1,12,2021.0,2021.0,12,0,40,3.3333333333333335,3.0,2.5,3.875,-0.18598603445378944,-0.22285991233961822,-0.5224416517055656,0.0771017126038936,-0.20754695976654117,-0.28780302532315344,-0.5559633027522936,0.1517458252536392,-0.2893752212711082,-0.3829629227796758,-0.5939597315436241,0.0770216589668601,1,1,1,6,Manglar,1,Forestal,0,0,0,0,Costa Rica,CRI,"SINAC - Malla de Entrenamientos del Mapa de Bosques 2021, Costa Rica",10,2021,6,1,Manglar,Forestal,vegetacion_humeda_mixta,0,0,0,0,high,Manglar con NDVI < 0.30 o NDRE < 0.05,1,0,True,True,True,0.4116914455712447,1.14441463284126,0.24330834284041267,0.8529656544519223,1,0,0,2,alta,Priorizar revisión temática y espectral,regla_clase_alta: Manglar con NDVI < 0.30 o NDRE < 0.05,1,1,Auditoría espectral preliminar SINAC SRC10 2021,Alerta exploratoria; no constituye validación temática definitiva
9384,S2SR_llenado_SRC10_000019277,SRC10_0009384,196174,SRC10_CRI_2021__XY__712cb3b18cd2,SRC10_CRI_2021__XYY__3c258509ec76,SRC10_CRI_2021__XYC__c254fc48c7e9,-85.197565,10.179134,Costa Rica,CRI,"SINAC - Malla de Entrenamientos del Mapa de Bosques 2021, Costa Rica",10,2021,6,1,Manglar,Forestal,1,12,2021.0,2021.0,12,0,46,3.8333333333333335,4.0,5.75,7.041666666666667,0.08039707171139325,0.08946839228435136,-0.0711009174311927,0.2260216847372811,0.10237772745183486,0.11895644731834934,-0.0577576443941109,0.2199233716475096,-0.013579587778430368,-0.007970682959452401,-0.1797884841363102,0.1147855260004792,1,1,1,6,Manglar,1,Forestal,0,0,0,0,Costa Rica,CRI,"SINAC - Malla de Entrenamientos del Mapa de Bosques 2021, Costa Rica",10,2021,6,1,Manglar,Forestal,vegetacion_humeda_mixta,0,0,0,0,high,Manglar con NDVI < 0.30 o NDRE < 0.05,1,0,True,True,True,0.4116914455712447,1.14441463284126,0.24330834284041267,0.8529656544519223,1,0,0,2,alta,Priorizar revisión temática y espectral,regla_clase_alta: Manglar con NDVI < 0.30 o NDRE < 0.05,1,1,Auditoría espectral preliminar SINAC SRC10 2021,Alerta exploratoria; no constituye validación temática definitiva
9385,S2SR_llenado_SRC10_000019190,SRC10_0009385,196175,SRC10_CRI_2021__XY__f573b6519fca,SRC10_CRI_2021__XYY__8f45ae0905a8,SRC10_CRI_2021__XYC__6fae566c91ba,-85.199679,10.180332,Costa Rica,CRI,"SINAC - Malla de Entrenamientos del Mapa de Bosques 2021, Costa Rica",10,2021,6,1,Manglar,Forestal,1,12,2021.0,2021.0,12,0,38,3.1666666666666665,3.0,5.75,6.208333333333333,0.10357817453555873,0.15134884421388065,-0.2010512483574245,0.1988314979746094,0.23154710989824454,0.22911310803588275,0.0422778257118205,0.3465138527354265,0.08833485541901809,0.12695844682727084,-0.0184050396540067,0.1737956429833113,1,1,1,6,Manglar,1,Forestal,0,0,0,0,Costa Rica,CRI,"SINAC - Malla de Entrenamientos del Mapa de Bosques 2021, Costa Rica",10,2021,6,1,Manglar,Forestal,vegetacion_humeda_mixta,0,0,0,0,high,Manglar con NDVI < 0.30 o NDRE < 0.05,1,0,True,True,True,0.4116914455712447,1.14441463284126,0.24330834284041267,0.8529656544519223,1,0,0,2,alta,Priorizar revisión temática y espectral,regla_clase_alta: Manglar con NDVI < 0.30 o NDRE < 0.05,1,1,Auditoría espectral preliminar SINAC SRC10 2021,Alerta exploratoria; no constituye validación temática definitiva
9386,S2SR_llenado_SRC10_000019276,SRC10_0009386,196176,SRC10_CRI_2021__XY__0c0891a3c6be,SRC10_CRI_2021__XYY__88486b9f69c7,SRC10_CRI_2021__XYC__f84c238d1222,-85.197574,10.181547,Costa Rica,CRI,"SINAC - Malla de Entrenamientos del Mapa de Bosques 2021, Costa Rica",10,2021,6,1,Manglar,Forestal,1,12,2021.0,2021.0,12,0,43,3.5833333333333335,3.5,5.25,6.125,-0.0863204374896512,-0.11537056595766379,-0.2817820453556933,0.1100362756952842,-0.041834857536906085,-0.036790693878555755,-0.2905317180272733,0.1849390919158361,-0.1648471959209861,-0.18182338551810823,-0.374804660726525,0.104869908454277,1,1,1,6,Manglar,1,Forestal,0,0,0,0,Costa Rica,CRI,"SINAC - Malla de Entrenamientos del Mapa de Bosques 2021, Costa Rica",10,2021,6,1,Manglar,Forestal,vegetacion_humeda_mixta,0,0,0,0,high,Manglar con NDVI < 0.30 o NDRE < 0.05,1,0,True,True,True,0.4116914455712447,1.14441463284126,0.24330834284041267,0.8529656544519223,1,0,0,2,alta,Priorizar revisión temática y espectral,regla_clase_alta: Manglar con NDVI < 0.30 o NDRE < 0.05,1,1,Auditoría espectral preliminar SINAC SRC10 2021,Alerta exploratoria; no constituye validación temática definitiva
9387,S2SR_llenado_SRC10_000019188,SRC10_0009387,196177,SRC10_CRI_2021__XY__9c58b7e5d477,SRC10_CRI_2021__XYY__3b88f5aa2dc4,SRC10_CRI_2021__XYC__b773a92578cf,-85.199751,10.19964,Costa Rica,CRI,"SINAC - Malla de Entrenamientos del Mapa de Bosques 2021, Costa Rica",10,2021,6,1,Manglar,Forestal,1,12,2021.0,2021.0,12,0,40,3.3333333333333335,3.0,6.75,8.125,0.38009864882227967,0.3872246975440715,0.2884181884042125,0.481663091649422,0.43323008915158306,0.43845893528620394,0.3368397315136668,0.5135950569829151,0.27469369541622407,0.27730840731858,0.2201029756208436,0.3261324041811846,1,1,1,6,Manglar,1,Forestal,0,0,0,0,Costa Rica,CRI,"SINAC - Malla de Entrenamientos del Mapa de Bosques 2021, Costa Rica",10,2021,6,1,Manglar,Forestal,vegetacion_humeda_mixta,0,0,0,0,medium,Manglar con NDVI < 0.40 o NDRE < 0.08,0,1,True,True,False,0.4116914455712447,1.14441463284126,0.24330834284041267,0.8529656544519223,1,0,0,2,media,Revisar en control de calidad temático/espectral,regla_clase_media: Manglar con NDVI < 0.40 o NDRE < 0.08,1,1,Auditoría espectral preliminar SINAC SRC10 2021,Alerta exploratoria; no constituye validación temática definitiva
9957,S2SR_llenado_SRC10_000003861,SRC10_0009957,203973,SRC10_CRI_2021__XY__190b6bcac64e,SRC10_CRI_2021__XYY__4d766cab151e,SRC10_CRI_2021__XYC__bd25ec10d5a4,-85.635996,10.516263,Costa Rica,CRI,"SINAC - Malla de Entrenamientos del Mapa de Bosques 2021, Costa Rica",10,2021,9,9,Cultivos,Cultivos,1,12,2021.0,2021.0,12,0,42,3.5,3.0,15.0,14.541666666666666,0.1743821346227821,0.09948363356788355,0.0397177843469403,0.5394112060778727,0.2078658530559511,0.1530842739485741,0.0840108401084011,0.5717439293598233,0.13105320648470117,0.0910642213821329,0.0282061621988941,0.4163517008155958,1,1,1,9,Cultivos,9,Cultivos,0,0,0,0,Costa Rica,CRI,"SINAC - Malla de Entrenamientos del Mapa de Bosques 2021, Costa Rica",10,2021,9,9,Cultivos,Cultivos,vegetacion_agricola_variable,0,0,0,0,medium,Cultivos con NDVI < 0.15,0,1,True,True,False,0.1536375757090489,1.0203636997877854,0.05659136737313636,0.7678171918292649,1,0,0,2,media,Revisar en control de calidad temático/espectral,regla_clase_media: Cultivos con NDVI < 0.15,1,1,Auditoría espectral preliminar SINAC SRC10 2021,Alerta exploratoria; no constituye validación temática definitiva
9958,S2SR_llenado_SRC10_000003926,SRC10_0009958,203974,SRC10_CRI_2021__XY__639aadd9ab37,SRC10_CRI_2021__XYY__44a52ab0c88e,SRC10_CRI_2021__XYC__823f3f2e78f2,-85.633891,10.51748,Costa Rica,CRI,"SINAC - Malla de Entrenamientos del Mapa de Bosques 2021, Costa Rica",10,2021,9,9,Cultivos,Cultivos,1,12,2021.0,2021.0,11,1,39,3.25,3.5,8.0,10.227272727272727,0.1995167819333304,0.151093439363817,0.038449111470113,0.582019848219498,0.24831128576593126,0.2150735294117647,0.0813008130081301,0.6024430871737924,0.1632085728371086,0.1391641533821629,0.0374414976599063,0.4325486182190379,1,1,1,9,Cultivos,9,Cultivos,0,0,0,0,Costa Rica,CRI,"SINAC - Malla de Entrenamientos del Mapa de Bosques 2021, Costa Rica",10,2021,9,9,Cultivos,Cultivos,vegetacion_agricola_variable,0,0,0,0,none,Señal compatible con cultivos o variabilidad agrícola esperada,0,0,False,True,False,0.1536375757090489,1.0203636997877854,0.05659136737313636,0.7678171918292649,1,0,0,1,media,Revisar en control de calidad temático/espectral,rareza_espectral_por_clase_anio,1,1,Auditoría espectral preliminar SINAC SRC10 2021,Alerta exploratoria; no constituye validación temática definitiva
11583,S2SR_llenado_SRC10_000007525,SRC10_0011583,206453,SRC10_CRI_2021__XY__174a6b6bb34a,SRC10_CRI_2021__XYY__5cade7790df1,SRC10_CRI_2021__XYC__9a52951a9b18,-85.542631,10.425033,Costa Rica,CRI,"SINAC - Malla de Entrenamientos del Mapa de Bosques 2021, Costa Rica",10,2021,9,9,Cultivos,Cultivos,1,12,2021.0,2021.0,11,1,35,2.9166666666666665,2.5,11.0,18.227272727272727,0.26978189474902403,0.1457828078684991,0.0425055928411632,0.6467661691542288,0.30466732295242777,0.1846083371507099,0.0897490429604423,0.6658261892755085,0.18302028787176228,0.1045465035771982,0.0343157044812273,0.4567102748787299,1,1,1,9,Cultivos,9,Cultivos,0,0,0,0,Costa Rica,CRI,"SINAC - Malla de Entrenamientos del Mapa de Bosques 2021, Costa Rica",10,2021,9,9,Cultivos,Cultivos,vegetacion_agricola_variable,0,0,0,0,medium,Cultivos con NDVI < 0.15,0,1,True,True,False,0.1536375757090489,1.0203636997877854,0.05659136737313636,0.7678171918292649,1,0,0,2,media,Revisar en control de calidad temático/espectral,regla_clase_media: Cultivos con NDVI < 0.15,1,1,Auditoría espectral preliminar SINAC SRC10 2021,Alerta exploratoria; no constituye validación temática definitiva
12206,S2SR_llenado_SRC10_000008453,SRC10_0012206,207385,SRC10_CRI_2021__XY__5c7b89036649,SRC10_CRI_2021__XYY__7eb2a23a08d9,SRC10_CRI_2021__XYC__417ee2aeaef8,-85.523684,10.435983,Costa Rica,CRI,"SINAC - Malla de Entrenamientos del Mapa de Bosques 2021, Costa Rica",10,2021,9,9,Cultivos,Cultivos,1,12,2021.0,2021.0,12,0,42,3.5,3.0,4.0,5.875,0.35187013817636353,0.1459939834421788,0.0953654188948306,0.7842223657354364,0.3882388034844497,0.2065504054554935,0.1548735436203467,0.7990375276279631,0.27037696758011026,0.11109667491302816,0.0789193788555626,0.6108407694566798,1,1,1,9,Cultivos,9,Cultivos,0,0,0,0,Costa Rica,CRI,"SINAC - Malla de Entrenamientos del Mapa de Bosques 2021, Costa Rica",10,2021,9,9,Cultivos,Cultivos,vegetacion_agricola_variable,0,0,0,0,medium,Cultivos con NDVI < 0.15,0,1,True,True,False,0.1536375757090489,1.0203636997877854,0.05659136737313636,0.7678171918292649,1,0,0,2,media,Revisar en control de calidad temático/espectral,regla_clase_media: Cultivos con NDVI < 0.15,1,1,Auditoría espectral preliminar SINAC SRC10 2021,Alerta exploratoria; no constituye validación temática definitiva
12383,S2SR_llenado_SRC10_000008560,SRC10_0012383,207668,SRC10_CRI_2021__XY__b54e55116eb2,SRC10_CRI_2021__XYY__cd7a12a63988,SRC10_CRI_2021__XYC__9bf836bcab05,-85.521578,10.4372,Costa Rica,CRI,"SINAC - Malla de Entrenamientos del Mapa de Bosques 2021, Costa Rica",10,2021,9,9,Cultivos,Cultivos,1,12,2021.0,2021.0,12,0,38,3.1666666666666665,3.0,3.0,7.916666666666667,0.37290734447028084,0.1492947415828452,0.1135986733001658,0.8078473250887044,0.4145352017522019,0.20083083626912773,0.1490886510131491,0.8194420617154521,0.29442104693617804,0.10674825152445494,0.082573500082123,0.6394517682727917,1,1,1,9,Cultivos,9,Cultivos,0,0,0,0,Costa Rica,CRI,"SINAC - Malla de Entrenamientos del Mapa de Bosques 2021, Costa Rica",10,2021,9,9,Cultivos,Cultivos,vegetacion_agricola_variable,0,0,0,0,medium,Cultivos con NDVI < 0.15,0,1,True,True,False,0.1536375757090489,1.0203636997877854,0.05659136737313636,0.7678171918292649,1,0,0,2,media,Revisar en control de calidad temático/espectral,regla_clase_media: Cultivos con NDVI < 0.15,1,1,Auditoría espectral preliminar SINAC SRC10 2021,Alerta exploratoria; no constituye validación temática definitiva
13080,S2SR_llenado_SRC10_000009524,SRC10_0013080,208657,SRC10_CRI_2021__XY__d9672f01b2ff,SRC10_CRI_2021__XYY__d86374b93f58,SRC10_CRI_2021__XYC__14cb73ee499b,-85.502618,10.445735,Costa Rica,CRI,"SINAC - Malla de Entrenamientos del Mapa de Bosques 2021, Costa Rica",10,2021,9,9,Cultivos,Cultivos,1,12,2021.0,2021.0,12,0,42,3.5,3.5,7.25,8.958333333333334,0.1284787489602829,0.11537308735181534,0.0551613641565575,0.2420974597283137,0.16173952092485913,0.1526720766451716,0.0693121693121693,0.2802474593280752,0.08793396187655396,0.0707209259345328,0.0298089171974521,0.1732933233308327,1,1,1,9,Cultivos,9,Cultivos,0,0,0,0,Costa Rica,CRI,"SINAC - Malla de Entrenamientos del Mapa de Bosques 2021, Costa Rica",10,2021,9,9,Cultivos,Cultivos,vegetacion_agricola_variable,0,0,0,0,medium,Cultivos con NDVI < 0.15,0,1,True,True,False,0.1536375757090489,1.0203636997877854,0.05659136737313636,0.7678171918292649,1,0,0,2,media,Revisar en control de calidad temático/espectral,regla_clase_media: Cultivos con NDVI < 0.15,1,1,Auditoría espectral preliminar SINAC SRC10 2021,Alerta exploratoria; no constituye validación temática definitiva
13420,S2SR_llenado_SRC10_000009931,SRC10_0013420,209158,SRC10_CRI_2021__XY__586fe9350987,SRC10_CRI_2021__XYY__503e99ba58b6,SRC10_CRI_2021__XYC__a10359771b28,-85.494416,10.49645,Costa Rica,CRI,"SINAC - Malla de Entrenamientos del Mapa de Bosques 2021, Costa Rica",10,2021,9,9,Cultivos,Cultivos,1,12,2021.0,2021.0,12,0,42,3.5,3.0,7.5,8.5,0.34347390229080066,0.149751092560161,0.0759678597516435,0.8133958821996352,0.3797257255308857,0.20933808730899428,0.1048909840895698,0.826634382566586,0.24491054366225296,0.1374808303559848,0.0376314333148865,0.6034006376195538,1,1,1,9,Cultivos,9,Cultivos,0,0,0,0,Costa Rica,CRI,"SINAC - Malla de Entrenamientos del Mapa de Bosques 2021, Costa Rica",10,2021,9,9,Cultivos,Cultivos,vegetacion_agricola_variable,0,0,0,0,medium,Cultivos con NDVI < 0.15,0,1,True,True,False,0.1536375757090489,1.0203636997877854,0.05659136737313636,0.7678171918292649,1,0,0,2,media,Revisar en control de calidad temático/espectral,regla_clase_media: Cultivos con NDVI < 0.15,1,1,Auditoría espectral preliminar SINAC SRC10 2021,Alerta exploratoria; no constituye validación temática definitiva
13501,S2SR_llenado_SRC10_000010138,SRC10_0013501,209343,SRC10_CRI_2021__XY__39b55fbee6af,SRC10_CRI_2021__XYY__c764713bf68c,SRC10_CRI_2021__XYC__fd106997d88a,-85.489836,10.421664,Costa Rica,CRI,"SINAC - Malla de Entrenamientos del Mapa de Bosques 2021, Costa Rica",10,2021,9,9,Cultivos,Cultivos,1,12,2021.0,2021.0,12,0,33,2.75,2.5,9.25,12.875,0.10207459169017706,0.089495529696411,0.0354366611410434,0.3012499676143684,0.15497432808314657,0.14208348457016723,0.0603041426324069,0.364445890475622,0.09102060965098464,0.07932597340118869,0.0221964782205745,0.2758423094248563,1,1,1,9,Cultivos,9,Cultivos,0,0,0,0,Costa Rica,CRI,"SINAC - Malla de Entrenamientos del Mapa de Bosques 2021, Costa Rica",10,2021,9,9,Cultivos,Cultivos,vegetacion_agricola_variable,0,0,0,0,medium,Cultivos con NDVI < 0.15,0,1,True,True,False,0.1536375757090489,1.0203636997877854,0.05659136737313636,0.7678171918292649,1,0,0,2,media,Revisar en control de calidad temático/espectral,regla_clase_media: Cultivos con NDVI < 0.15,1,1,Auditoría espectral preliminar SINAC SRC10 2021,Alerta exploratoria; no constituye validación temática definitiva
13558,S2SR_llenado_SRC10_000010015,SRC10_0013558,209400,SRC10_CRI_2021__XY__d4e9035854ec,SRC10_CRI_2021__XYY__e03eed874054,SRC10_CRI_2021__XYC__ab0bc425eaca,-85.492299,10.495253,Costa Rica,CRI,"SINAC - Malla de Entrenamientos del Mapa de Bosques 2021, Costa Rica",10,2021,9,9,Cultivos,Cultivos,1,12,2021.0,2021.0,12,0,41,3.4166666666666665,3.0,4.5,6.875,0.3462824231859458,0.1496159907559492,0.0713058419243986,0.7716171617161716,0.38347528070447984,0.2096948035018846,0.0933435348125477,0.7987787147426576,0.24081083719178734,0.12873487218898771,0.014194464158978,0.5984496124031008,1,1,1,9,Cultivos,9,Cultivos,0,0,0,0,Costa Rica,CRI,"SINAC - Malla de Entrenamientos del Mapa de Bosques 2021, Costa Rica",10,2021,9,9,Cultivos,Cultivos,vegetacion_agricola_variable,0,0,0,0,medium,Cultivos con NDVI < 0.15,0,1,True,True,False,0.1536375757090489,1.0203636997877854,0.05659136737313636,0.7678171918292649,1,0,0,2,media,Revisar en control de calidad temático/espectral,regla_clase_media: Cultivos con NDVI < 0.15,1,1,Auditoría espectral preliminar SINAC SRC10 2021,Alerta exploratoria; no constituye validación temática definitiva
13902,S2SR_llenado_SRC10_000010609,SRC10_0013902,210111,SRC10_CRI_2021__XY__69c92ef81110,SRC10_CRI_2021__XYY__d238b0dfa448,SRC10_CRI_2021__XYC__0b9819f57d6e,-85.479252,10.41568,Costa Rica,CRI,"SINAC - Malla de Entrenamientos del Mapa de Bosques 2021, Costa Rica",10,2021,9,9,Cultivos,Cultivos,1,12,2021.0,2021.0,12,0,36,3.0,3.0,6.25,6.708333333333333,0.13960450231611565,0.13896268451070787,0.0597851471275105,0.3098546135535173,0.17981645170028604,0.17951089362114725,0.0806120118748572,0.3474284231475513,0.11722065637450114,0.1148350388597929,0.0413363533408833,0.2343930580089367,1,1,1,9,Cultivos,9,Cultivos,0,0,0,0,Costa Rica,CRI,"SINAC - Malla de Entrenamientos del Mapa de Bosques 2021, Costa Rica",10,2021,9,9,Cultivos,Cultivos,vegetacion_agricola_variable,0,0,0,0,medium,Cultivos con NDVI < 0.15,0,1,True,True,False,0.1536375757090489,1.0203636997877854,0.05659136737313636,0.7678171918292649,1,0,0,2,media,Revisar en control de calidad temático/espectral,regla_clase_media: Cultivos con NDVI < 0.15,1,1,Auditoría espectral preliminar SINAC SRC10 2021,Alerta exploratoria; no constituye validación temática definitiva
14625,S2SR_llenado_SRC10_000011749,SRC10_0014625,211356,SRC10_CRI_2021__XY__7436fabaa7ba,SRC10_CRI_2021__XYY__34232f31cd82,SRC10_CRI_2021__XYC__b9a8fcc95270,-85.456294,10.472495,Costa Rica,CRI,"SINAC - Malla de Entrenamientos del Mapa de Bosques 2021, Costa Rica",10,2021,9,9,Cultivos,Cultivos,1,12,2021.0,2021.0,12,0,39,3.25,3.0,9.75,10.958333333333334,0.3237117398523173,0.14874878534669586,0.0096834848702453,0.8751911872856832,0.359356296010172,0.21224810340547115,0.0303608866411224,0.880281482187637,0.229761041931281,0.1244381660112464,-0.0554189798524774,0.6931457742207313,1,1,1,9,Cultivos,9,Cultivos,0,0,0,0,Costa Rica,CRI,"SINAC - Malla de Entrenamientos del Mapa de Bosques 2021, Costa Rica",10,2021,9,9,Cultivos,Cultivos,vegetacion_agricola_variable,0,0,0,0,medium,Cultivos con NDVI < 0.15,0,1,True,True,False,0.1536375757090489,1.0203636997877854,0.05659136737313636,0.7678171918292649,1,0,0,2,media,Revisar en control de calidad temático/espectral,regla_clase_media: Cultivos con NDVI < 0.15,1,1,Auditoría espectral preliminar SINAC SRC10 2021,Alerta exploratoria; no constituye validación temática definitiva
14626,S2SR_llenado_SRC10_000011590,SRC10_0014626,211357,SRC10_CRI_2021__XY__d2de4fc7f7b5,SRC10_CRI_2021__XYY__65214b215896,SRC10_CRI_2021__XYC__e1c7d9c8cfa5,-85.458411,10.473692,Costa Rica,CRI,"SINAC - Malla de Entrenamientos del Mapa de Bosques 2021, Costa Rica",10,2021,9,9,Cultivos,Cultivos,1,12,2021.0,2021.0,12,0,38,3.1666666666666665,3.0,7.75,10.083333333333334,0.31597620986152813,0.15155213549997426,0.0436555662236596,0.8598386733608228,0.35522726470675897,0.2080879204939729,0.049137394342803,0.8694668532641113,0.22608116627495456,0.13190505776672745,-0.0403180793562652,0.6720203498189973,1,1,1,9,Cultivos,9,Cultivos,0,0,0,0,Costa Rica,CRI,"SINAC - Malla de Entrenamientos del Mapa de Bosques 2021, Costa Rica",10,2021,9,9,Cultivos,Cultivos,vegetacion_agricola_variable,0,0,0,0,none,Señal compatible con cultivos o variabilidad agrícola esperada,0,0,False,True,False,0.1536375757090489,1.0203636997877854,0.05659136737313636,0.7678171918292649,1,0,0,1,media,Revisar en control de calidad temático/espectral,rareza_espectral_por_clase_anio,1,1,Auditoría espectral preliminar SINAC SRC10 2021,Alerta exploratoria; no constituye validación temática definitiva
14676,S2SR_llenado_SRC10_000011919,SRC10_0014676,211515,SRC10_CRI_2021__XY__d58242638266,SRC10_CRI_2021__XYY__3d8b0ff036f0,SRC10_CRI_2021__XYC__2ec1693f268f,-85.453796,10.389251,Costa Rica,CRI,"SINAC - Malla de Entrenamientos del Mapa de Bosques 2021, Costa Rica",10,2021,9,9,Cultivos,Cultivos,1,12,2021.0,2021.0,12,0,39,3.25,3.5,2.25,2.6666666666666665,-0.2323171143556617,-0.23231741186464586,-0.3609196167154644,-0.0981697012165679,-0.327545777569948,-0.31743446901081085,-0.5588507877664505,-0.1371014577436735,-0.363473463816904,-0.3739795613357105,-0.5758718190386427,-0.1826997894853171,1,1,1,9,Cultivos,9,Cultivos,0,0,0,0,Costa Rica,CRI,"SINAC - Malla de Entrenamientos del Mapa de Bosques 2021, Costa Rica",10,2021,9,9,Cultivos,Cultivos,vegetacion_agricola_variable,0,0,0,0,medium,Cultivos con NDVI < 0.15,0,1,True,True,True,0.1536375757090489,1.0203636997877854,0.05659136737313636,0.7678171918292649,1,0,0,2,media,Revisar en control de calidad temático/espectral,regla_clase_media: Cultivos con NDVI < 0.15,1,1,Auditoría espectral preliminar SINAC SRC10 2021,Alerta exploratoria; no constituye validación temática definitiva
15228,S2SR_llenado_SRC10_000012945,SRC10_0015228,212422,SRC10_CRI_2021__XY__c8194057a9c5,SRC10_CRI_2021__XYY__0a0ca4e71c0e,SRC10_CRI_2021__XYC__3c3b12992552,-85.428696,10.440042,Costa Rica,CRI,"SINAC - Malla de Entrenamientos del Mapa de Bosques 2021, Costa Rica",10,2021,9,9,Cultivos,Cultivos,1,12,2021.0,2021.0,12,0,47,3.9166666666666665,4.0,6.75,7.041666666666667,0.21606193039798094,0.15020060329264984,0.0595751844369954,0.4983124397299903,0.2554922696115502,0.18832081916570456,0.0799619889985569,0.5470554472684689,0.1376998982426069,0.10034510770629645,0.0395069308414879,0.2981916500004746,1,1,1,9,Cultivos,9,Cultivos,0,0,0,0,Costa Rica,CRI,"SINAC - Malla de Entrenamientos del Mapa de Bosques 2021, Costa Rica",10,2021,9,9,Cultivos,Cultivos,vegetacion_agricola_variable,0,0,0,0,none,Señal compatible con cultivos o variabilidad agrícola esperada,0,0,False,True,False,0.1536375757090489,1.0203636997877854,0.05659136737313636,0.7678171918292649,1,0,0,1,media,Revisar en control de calidad temático/espectral,rareza_espectral_por_clase_anio,1,1,Auditoría espectral preliminar SINAC SRC10 2021,Alerta exploratoria; no constituye validación temática definitiva
16343,S2SR_llenado_SRC10_000015649,SRC10_0016343,214898,SRC10_CRI_2021__XY__4b49ee47b180,SRC10_CRI_2021__XYY__f1bcd055b80b,SRC10_CRI_2021__XYC__daa2d7f7b3d4,-85.317575,10.119545,Costa Rica,CRI,"SINAC - Malla de Entrenamientos del Mapa de Bosques 2021, Costa Rica",10,2021,9,9,Cultivos,Cultivos,1,12,2021.0,2021.0,12,0,33,2.75,2.0,9.0,13.041666666666666,0.25829199554623733,0.1307817832475596,0.0383449287461261,0.6826236687013586,0.2937536882298012,0.17296910153757672,0.0882073014490831,0.700767037332225,0.18086554614994932,0.0937946455252019,0.0431580550573538,0.5022002200220022,1,1,1,9,Cultivos,9,Cultivos,0,0,0,0,Costa Rica,CRI,"SINAC - Malla de Entrenamientos del Mapa de Bosques 2021, Costa Rica",10,2021,9,9,Cultivos,Cultivos,vegetacion_agricola_variable,0,0,0,0,medium,Cultivos con NDVI < 0.15,0,1,True,True,False,0.1536375757090489,1.0203636997877854,0.05659136737313636,0.7678171918292649,1,0,0,2,media,Revisar en control de calidad temático/espectral,regla_clase_media: Cultivos con NDVI < 0.15,1,1,Auditoría espectral preliminar SINAC SRC10 2021,Alerta exploratoria; no constituye validación temática definitiva
17148,S2SR_llenado_SRC10_000018087,SRC10_0017148,216939,SRC10_CRI_2021__XY__52c3ff65f9f0,SRC10_CRI_2021__XYY__f63daaf6d1d1,SRC10_CRI_2021__XYC__2523d6e4cf83,-85.232591,10.504814,Costa Rica,CRI,"SINAC - Malla de Entrenamientos del Mapa de Bosques 2021, Costa Rica",10,2021,9,9,Cultivos,Cultivos,1,12,2021.0,2021.0,12,0,36,3.0,3.0,7.0,7.75,0.1232202293538388,0.1031113372972777,0.0754549489569463,0.2063134280373619,0.16127124965194037,0.1521721582345463,0.1044711951848667,0.2483946489997428,0.11216779377569615,0.11734900716783825,0.0681231380337637,0.1727863705581064,1,1,1,9,Cultivos,9,Cultivos,0,0,0,0,Costa Rica,CRI,"SINAC - Malla de Entrenamientos del Mapa de Bosques 2021, Costa Rica",10,2021,9,9,Cultivos,Cultivos,vegetacion_agricola_variable,0,0,0,0,medium,Cultivos con NDVI < 0.15,0,1,True,True,False,0.1536375757090489,1.0203636997877854,0.05659136737313636,0.7678171918292649,1,0,0,2,media,Revisar en control de calidad temático/espectral,regla_clase_media: Cultivos con NDVI < 0.15,1,1,Auditoría espectral preliminar SINAC SRC10 2021,Alerta exploratoria; no constituye validación temática definitiva
17571,S2SR_llenado_SRC10_000018931,SRC10_0017571,217790,SRC10_CRI_2021__XY__c085fa1128d4,SRC10_CRI_2021__XYY__b76417ac08e1,SRC10_CRI_2021__XYC__dc1553dfa1bb,-85.207192,10.490431,Costa Rica,CRI,"SINAC - Malla de Entrenamientos del Mapa de Bosques 2021, Costa Rica",10,2021,9,9,Cultivos,Cultivos,1,12,2021.0,2021.0,12,0,34,2.8333333333333335,3.0,6.5,7.375,0.23784124461577247,0.1463577574763337,0.0742175856929955,0.7203941070187366,0.28124710128161323,0.19920550677860088,0.1265025758443044,0.7277260182236951,0.17251119806042317,0.11535271871902986,0.0563607085346215,0.4886193876713453,1,1,1,9,Cultivos,9,Cultivos,0,0,0,0,Costa Rica,CRI,"SINAC - Malla de Entrenamientos del Mapa de Bosques 2021, Costa Rica",10,2021,9,9,Cultivos,Cultivos,vegetacion_agricola_variable,0,0,0,0,medium,Cultivos con NDVI < 0.15,0,1,True,True,False,0.1536375757090489,1.0203636997877854,0.05659136737313636,0.7678171918292649,1,0,0,2,media,Revisar en control de calidad temático/espectral,regla_clase_media: Cultivos con NDVI < 0.15,1,1,Auditoría espectral preliminar SINAC SRC10 2021,Alerta exploratoria; no constituye validación temática definitiva
17572,S2SR_llenado_SRC10_000018855,SRC10_0017572,217791,SRC10_CRI_2021__XY__a76cb04afbe6,SRC10_CRI_2021__XYY__971743cee577,SRC10_CRI_2021__XYC__a34b3f23c4ff,-85.209308,10.49163,Costa Rica,CRI,"SINAC - Malla de Entrenamientos del Mapa de Bosques 2021, Costa Rica",10,2021,9,9,Cultivos,Cultivos,1,12,2021.0,2021.0,12,0,34,2.8333333333333335,3.0,5.25,6.083333333333333,0.2341088832315306,0.14547693157556152,0.0836488812392427,0.6794872374129454,0.27513922862206325,0.18375812016277895,0.1208944793850454,0.699642398123052,0.1667684212300887,0.0992775550774462,0.0630541871921182,0.4760154592602322,1,1,1,9,Cultivos,9,Cultivos,0,0,0,0,Costa Rica,CRI,"SINAC - Malla de Entrenamientos del Mapa de Bosques 2021, Costa Rica",10,2021,9,9,Cultivos,Cultivos,vegetacion_agricola_variable,0,0,0,0,medium,Cultivos con NDVI < 0.15,0,1,True,True,False,0.1536375757090489,1.0203636997877854,0.05659136737313636,0.7678171918292649,1,0,0,2,media,Revisar en control de calidad temático/espectral,regla_clase_media: Cultivos con NDVI < 0.15,1,1,Auditoría espectral preliminar SINAC SRC10 2021,Alerta exploratoria; no constituye validación temática definitiva
17578,S2SR_llenado_SRC10_000018851,SRC10_0017578,217797,SRC10_CRI_2021__XY__86ca435fce66,SRC10_CRI_2021__XYY__cd2d92ab7094,SRC10_CRI_2021__XYC__11f03f1fa7db,-85.209336,10.49887,Costa Rica,CRI,"SINAC - Malla de Entrenamientos del Mapa de Bosques 2021, Costa Rica",10,2021,9,9,Cultivos,Cultivos,1,12,2021.0,2021.0,12,0,34,2.8333333333333335,3.0,6.0,5.541666666666667,0.15157564844196003,0.10395229098779224,0.0668989547038327,0.4261682242990655,0.19621029740557497,0.1555975642504045,0.0995292535305984,0.4507081366287143,0.10414435340723018,0.07863671306887304,0.0397456279809221,0.2710875331564987,1,1,1,9,Cultivos,9,Cultivos,0,0,0,0,Costa Rica,CRI,"SINAC - Malla de Entrenamientos del Mapa de Bosques 2021, Costa Rica",10,2021,9,9,Cultivos,Cultivos,vegetacion_agricola_variable,0,0,0,0,medium,Cultivos con NDVI < 0.15,0,1,True,True,False,0.1536375757090489,1.0203636997877854,0.05659136737313636,0.7678171918292649,1,0,0,2,media,Revisar en control de calidad temático/espectral,regla_clase_media: Cultivos con NDVI < 0.15,1,1,Auditoría espectral preliminar SINAC SRC10 2021,Alerta exploratoria; no constituye validación temática definitiva
17897,S2SR_llenado_SRC10_000015373,SRC10_0017897,3810,SRC10_CRI_2021__XY__9e050a533801,SRC10_CRI_2021__XYY__3afdde3bdf0e,SRC10_CRI_2021__XYC__9c94d38c79d2,-85.333919,10.38229,Costa Rica,CRI,"SINAC - Malla de Entrenamientos del Mapa de Bosques 2021, Costa Rica",10,2021,4,1,Bosque secundario deciduo,Forestal,1,12,2021.0,2021.0,12,0,43,3.5833333333333335,4.0,1.0,1.2083333333333333,0.6875545199653876,0.6891134686671172,0.3956729006233956,0.8659324213177608,0.715720811784413,0.7194002023578094,0.4401791426743441,0.8793002309643327,0.47674334230639004,0.45939552728777683,0.2891883973044242,0.6039481559721855,1,1,1,4,Bosque secundario deciduo,1,Forestal,0,0,0,0,Costa Rica,CRI,"SINAC - Malla de Entrenamientos del Mapa de Bosques 2021, Costa Rica",10,2021,4,1,Bosque secundario deciduo,Forestal,vegetacion_forestal_estacional,0,0,0,0,none,Señal compatible con bosque secundario deciduo,0,0,False,True,True,0.7101254465285555,0.920871495546843,0.47129198023377195,0.6830999624184676,1,0,0,1,media,Revisar en control de calidad temático/espectral,rareza_espectral_por_clase_anio,1,1,Auditoría espectral preliminar SINAC SRC10 2021,Alerta exploratoria; no constituye validación temática definitiva
17922,S2SR_llenado_SRC10_000013220,SRC10_0017922,2802,SRC10_CRI_2021__XY__f10933bb2980,SRC10_CRI_2021__XYY__3a0c12d23494,SRC10_CRI_2021__XYC__ef1ff175576f,-85.419822,10.500854,Costa Rica,CRI,"SINAC - Malla de Entrenamientos del Mapa de Bosques 2021, Costa Rica",10,2021,4,1,Bosque secundario deciduo,Forestal,1,12,2021.0,2021.0,12,0,41,3.4166666666666665,3.0,2.0,4.375,0.6153334941716994,0.7031473812977691,0.2741679873217116,0.8737864113119063,0.6504389034275914,0.7286934777073318,0.3145764741095481,0.8863966429483671,0.4554756423542077,0.5192764424371794,0.2117706237424547,0.637417507403776,1,1,1,4,Bosque secundario deciduo,1,Forestal,0,0,0,0,Costa Rica,CRI,"SINAC - Malla de Entrenamientos del Mapa de Bosques 2021, Costa Rica",10,2021,4,1,Bosque secundario deciduo,Forestal,vegetacion_forestal_estacional,0,0,0,0,none,Señal compatible con bosque secundario deciduo,0,0,False,True,False,0.7101254465285555,0.920871495546843,0.47129198023377195,0.6830999624184676,1,0,0,1,media,Revisar en control de calidad temático/espectral,rareza_espectral_por_clase_anio,1,1,Auditoría espectral preliminar SINAC SRC10 2021,Alerta exploratoria; no constituye validación temática definitiva
18018,S2SR_llenado_SRC10_000015803,SRC10_0018018,3305,SRC10_CRI_2021__XY__492ab7b1b32c,SRC10_CRI_2021__XYY__01d8ad677127,SRC10_CRI_2021__XYC__68493f30603f,-85.309075,10.467884,Costa Rica,CRI,"SINAC - Malla de Entrenamientos del Mapa de Bosques 2021, Costa Rica",10,2021,4,1,Bosque secundario deciduo,Forestal,1,12,2021.0,2021.0,12,0,35,2.9166666666666665,2.5,1.0,2.4583333333333335,0.6439225796403184,0.697669368506298,0.3081761006289308,0.9048808731613404,0.6738461717580161,0.7138191720163376,0.3663876368319382,0.9145408684629796,0.43093883972273117,0.46247732938247904,0.2287203242617254,0.6052448259092946,1,1,1,4,Bosque secundario deciduo,1,Forestal,0,0,0,0,Costa Rica,CRI,"SINAC - Malla de Entrenamientos del Mapa de Bosques 2021, Costa Rica",10,2021,4,1,Bosque secundario deciduo,Forestal,vegetacion_forestal_estacional,0,0,0,0,none,Señal compatible con bosque secundario deciduo,0,0,False,True,True,0.7101254465285555,0.920871495546843,0.47129198023377195,0.6830999624184676,1,0,0,1,media,Revisar en control de calidad temático/espectral,rareza_espectral_por_clase_anio,1,1,Auditoría espectral preliminar SINAC SRC10 2021,Alerta exploratoria; no constituye validación temática definitiva
18030,S2SR_llenado_SRC10_000003928,SRC10_0018030,5293,SRC10_CRI_2021__XY__16d506a6e575,SRC10_CRI_2021__XYY__bdccb5fcf935,SRC10_CRI_2021__XYC__cbecb2403a48,-85.633867,10.158815,Costa Rica,CRI,"SINAC - Malla de Entrenamientos del Mapa de Bosques 2021, Costa Rica",10,2021,4,1,Bosque secundario deciduo,Forestal,1,12,2021.0,2021.0,12,0,29,2.4166666666666665,2.0,6.0,12.166666666666666,0.6545891512066494,0.6738214487435399,0.3979560235366987,0.8857683811928053,0.681475407396464,0.6921215481777734,0.4545454545454545,0.9141773352299668,0.4874056533193174,0.505407478319877,0.2953081876724931,0.7030162412993038,1,1,1,4,Bosque secundario deciduo,1,Forestal,0,0,0,0,Costa Rica,CRI,"SINAC - Malla de Entrenamientos del Mapa de Bosques 2021, Costa Rica",10,2021,4,1,Bosque secundario deciduo,Forestal,vegetacion_forestal_estacional,0,0,0,0,none,Señal compatible con bosque secundario deciduo,0,0,False,True,False,0.7101254465285555,0.920871495546843,0.47129198023377195,0.6830999624184676,1,0,0,1,media,Revisar en control de calidad temático/espectral,rareza_espectral_por_clase_anio,1,1,Auditoría espectral preliminar SINAC SRC10 2021,Alerta exploratoria; no constituye validación temática definitiva
18132,S2SR_llenado_SRC10_000009481,SRC10_0018132,5684,SRC10_CRI_2021__XY__acd7f09530bb,SRC10_CRI_2021__XYY__daa92119e8e9,SRC10_CRI_2021__XYC__e0bbe288b3d6,-85.503583,10.08889,Costa Rica,CRI,"SINAC - Malla de Entrenamientos del Mapa de Bosques 2021, Costa Rica",10,2021,4,1,Bosque secundario deciduo,Forestal,1,12,2021.0,2021.0,12,0,37,3.0833333333333335,3.5,1.0,4.208333333333333,0.6558467077910511,0.700020098719482,0.3670604334457203,0.8471810089020773,0.6823472649030303,0.7266599712553312,0.4030475986608827,0.8497081712062258,0.47185389296759084,0.5054521142560768,0.2645511422241774,0.5865613891087328,1,1,1,4,Bosque secundario deciduo,1,Forestal,0,0,0,0,Costa Rica,CRI,"SINAC - Malla de Entrenamientos del Mapa de Bosques 2021, Costa Rica",10,2021,4,1,Bosque secundario deciduo,Forestal,vegetacion_forestal_estacional,0,0,0,0,none,Señal compatible con bosque secundario deciduo,0,0,False,True,False,0.7101254465285555,0.920871495546843,0.47129198023377195,0.6830999624184676,1,0,0,1,media,Revisar en control de calidad temático/espectral,rareza_espectral_por_clase_anio,1,1,Auditoría espectral preliminar SINAC SRC10 2021,Alerta exploratoria; no constituye validación temática definitiva
18142,S2SR_llenado_SRC10_000001571,SRC10_0018142,5361,SRC10_CRI_2021__XY__4298e2054e6d,SRC10_CRI_2021__XYY__c11c91ae3738,SRC10_CRI_2021__XYC__4fba078b4310,-85.737224,10.116391,Costa Rica,CRI,"SINAC - Malla de Entrenamientos del Mapa de Bosques 2021, Costa Rica",10,2021,4,1,Bosque secundario deciduo,Forestal,1,12,2021.0,2021.0,10,2,35,2.9166666666666665,3.0,1.0,1.5,0.6155209588300744,0.6487730881526357,0.340632603406326,0.8489329075963004,0.6491407656824998,0.6884738622823778,0.3683686176836862,0.8779171643281888,0.43818573589002413,0.48712907651065845,0.2453113278319579,0.6035164698882519,1,1,1,4,Bosque secundario deciduo,1,Forestal,0,0,0,0,Costa Rica,CRI,"SINAC - Malla de Entrenamientos del Mapa de Bosques 2021, Costa Rica",10,2021,4,1,Bosque secundario deciduo,Forestal,vegetacion_forestal_estacional,0,0,0,0,none,Señal compatible con bosque secundario deciduo,0,0,False,True,False,0.7101254465285555,0.920871495546843,0.47129198023377195,0.6830999624184676,1,0,0,1,media,Revisar en control de calidad temático/espectral,rareza_espectral_por_clase_anio,1,1,Auditoría espectral preliminar SINAC SRC10 2021,Alerta exploratoria; no constituye validación temática definitiva
18207,S2SR_llenado_SRC10_000010773,SRC10_0018207,4432,SRC10_CRI_2021__XY__b6c933c33ed2,SRC10_CRI_2021__XYY__f3c31e30790c,SRC10_CRI_2021__XYC__0d05cde070ad,-85.475322,10.22103,Costa Rica,CRI,"SINAC - Malla de Entrenamientos del Mapa de Bosques 2021, Costa Rica",10,2021,4,1,Bosque secundario deciduo,Forestal,1,12,2021.0,2021.0,11,1,31,2.5833333333333335,2.5,1.0,3.8636363636363638,0.6519439981958597,0.6251362756157084,0.2978349912229374,0.9115826702033598,0.6820151467608419,0.6554381523233146,0.3700745473908413,0.919257165926524,0.45760355924887564,0.4401582591493571,0.239421531869309,0.6362071932541731,1,1,1,4,Bosque secundario deciduo,1,Forestal,0,0,0,0,Costa Rica,CRI,"SINAC - Malla de Entrenamientos del Mapa de Bosques 2021, Costa Rica",10,2021,4,1,Bosque secundario deciduo,Forestal,vegetacion_forestal_estacional,0,0,0,0,none,Señal compatible con bosque secundario deciduo,0,0,False,True,True,0.7101254465285555,0.920871495546843,0.47129198023377195,0.6830999624184676,1,0,0,1,media,Revisar en control de calidad temático/espectral,rareza_espectral_por_clase_anio,1,1,Auditoría espectral preliminar SINAC SRC10 2021,Alerta exploratoria; no constituye validación temática definitiva
18221,S2SR_llenado_SRC10_000016576,SRC10_0018221,3821,SRC10_CRI_2021__XY__b4b9fb237132,SRC10_CRI_2021__XYY__3d838d4f8673,SRC10_CRI_2021__XYC__0c33f3a51e80,-85.273656,10.334171,Costa Rica,CRI,"SINAC - Malla de Entrenamientos del Mapa de Bosques 2021, Costa Rica",10,2021,4,1,Bosque secundario deciduo,Forestal,1,12,2021.0,2021.0,12,0,43,3.5833333333333335,3.5,1.0,5.708333333333333,0.6852403714755684,0.703465212082649,0.3622611464968153,0.8958115369559803,0.7165926883212529,0.7263256341119071,0.4197754436798261,0.904411778525382,0.4830689709656757,0.4919296037657777,0.2789559543230016,0.6493795387039435,1,1,1,4,Bosque secundario deciduo,1,Forestal,0,0,0,0,Costa Rica,CRI,"SINAC - Malla de Entrenamientos del Mapa de Bosques 2021, Costa Rica",10,2021,4,1,Bosque secundario deciduo,Forestal,vegetacion_forestal_estacional,0,0,0,0,none,Señal compatible con bosque secundario deciduo,0,0,False,True,False,0.7101254465285555,0.920871495546843,0.47129198023377195,0.6830999624184676,1,0,0,1,media,Revisar en control de calidad temático/espectral,rareza_espectral_por_clase_anio,1,1,Auditoría espectral preliminar SINAC SRC10 2021,Alerta exploratoria; no constituye validación temática definitiva
18233,S2SR_llenado_SRC10_000002074,SRC10_0018233,2511,SRC10_CRI_2021__XY__e8f926797a53,SRC10_CRI_2021__XYY__06302d9bca3c,SRC10_CRI_2021__XYC__414c9afbabfd,-85.712502,10.528874,Costa Rica,CRI,"SINAC - Malla de Entrenamientos del Mapa de Bosques 2021, Costa Rica",10,2021,4,1,Bosque secundario deciduo,Forestal,1,12,2021.0,2021.0,12,0,38,3.1666666666666665,3.0,2.0,3.375,0.6720765145332471,0.6997416815531781,0.3089135142736605,0.8831575040933917,0.6998689796645561,0.7163626136882899,0.3699934205836399,0.8943048481264317,0.4664047695313481,0.4791482652992195,0.2359684032441375,0.6029268540256931,1,1,1,4,Bosque secundario deciduo,1,Forestal,0,0,0,0,Costa Rica,CRI,"SINAC - Malla de Entrenamientos del Mapa de Bosques 2021, Costa Rica",10,2021,4,1,Bosque secundario deciduo,Forestal,vegetacion_forestal_estacional,0,0,0,0,none,Señal compatible con bosque secundario deciduo,0,0,False,True,False,0.7101254465285555,0.920871495546843,0.47129198023377195,0.6830999624184676,1,0,0,1,media,Revisar en control de calidad temático/espectral,rareza_espectral_por_clase_anio,1,1,Auditoría espectral preliminar SINAC SRC10 2021,Alerta exploratoria; no constituye validación temática definitiva
18240,S2SR_llenado_SRC10_000000216,SRC10_0018240,3882,SRC10_CRI_2021__XY__afa29330980e,SRC10_CRI_2021__XYY__977348a58f07,SRC10_CRI_2021__XYC__ae892efe3ab3,-85.806137,10.311095,Costa Rica,CRI,"SINAC - Malla de Entrenamientos del Mapa de Bosques 2021, Costa Rica",10,2021,4,1,Bosque secundario deciduo,Forestal,1,12,2021.0,2021.0,12,0,42,3.5,3.0,2.5,4.541666666666667,0.6653058063851215,0.7067752035146421,0.3131808674356665,0.8708108108108109,0.6967487512622195,0.7397954083621406,0.3654872698456456,0.8792929292929295,0.48839238944054514,0.5094125041295856,0.2434866363067611,0.6477692049647769,1,1,1,4,Bosque secundario deciduo,1,Forestal,0,0,0,0,Costa Rica,CRI,"SINAC - Malla de Entrenamientos del Mapa de Bosques 2021, Costa Rica",10,2021,4,1,Bosque secundario deciduo,Forestal,vegetacion_forestal_estacional,0,0,0,0,none,Señal compatible con bosque secundario deciduo,0,0,False,True,False,0.7101254465285555,0.920871495546843,0.47129198023377195,0.6830999624184676,1,0,0,1,media,Revisar en control de calidad temático/espectral,rareza_espectral_por_clase_anio,1,1,Auditoría espectral preliminar SINAC SRC10 2021,Alerta exploratoria; no constituye validación temática definitiva
18270,S2SR_llenado_SRC10_000000474,SRC10_0018270,3814,SRC10_CRI_2021__XY__b196e7cbfbe3,SRC10_CRI_2021__XYY__f895d56221a0,SRC10_CRI_2021__XYC__073a68632384,-85.797376,10.327185,Costa Rica,CRI,"SINAC - Malla de Entrenamientos del Mapa de Bosques 2021, Costa Rica",10,2021,4,1,Bosque secundario deciduo,Forestal,1,12,2021.0,2021.0,12,0,39,3.25,3.0,1.75,4.5,0.6471356788913666,0.7038646755172051,0.2803052086321839,0.9062583222370172,0.6711244734753361,0.7481145151553743,0.3159944036132688,0.912676755147606,0.4738088572310078,0.5355421988882931,0.2232415902140672,0.6521460602178091,1,1,1,4,Bosque secundario deciduo,1,Forestal,0,0,0,0,Costa Rica,CRI,"SINAC - Malla de Entrenamientos del Mapa de Bosques 2021, Costa Rica",10,2021,4,1,Bosque secundario deciduo,Forestal,vegetacion_forestal_estacional,0,0,0,0,none,Señal compatible con bosque secundario deciduo,0,0,False,True,False,0.7101254465285555,0.920871495546843,0.47129198023377195,0.6830999624184676,1,0,0,1,media,Revisar en control de calidad temático/espectral,rareza_espectral_por_clase_anio,1,1,Auditoría espectral preliminar SINAC SRC10 2021,Alerta exploratoria; no constituye validación temática definitiva
18272,S2SR_llenado_SRC10_000001298,SRC10_0018272,3149,SRC10_CRI_2021__XY__c82cf11bd17d,SRC10_CRI_2021__XYY__d6893d94ee69,SRC10_CRI_2021__XYC__c44e21d529f9,-85.75756,10.445753,Costa Rica,CRI,"SINAC - Malla de Entrenamientos del Mapa de Bosques 2021, Costa Rica",10,2021,4,1,Bosque secundario deciduo,Forestal,1,12,2021.0,2021.0,12,0,40,3.3333333333333335,3.0,1.0,2.875,0.6499434949205488,0.7016723138172765,0.2883840234518138,0.8848300355149671,0.6751780413197407,0.7108241078358692,0.3445026178010471,0.8922383099928792,0.4530652801454593,0.4875466057795777,0.2178272980501393,0.6447323559495397,1,1,1,4,Bosque secundario deciduo,1,Forestal,0,0,0,0,Costa Rica,CRI,"SINAC - Malla de Entrenamientos del Mapa de Bosques 2021, Costa Rica",10,2021,4,1,Bosque secundario deciduo,Forestal,vegetacion_forestal_estacional,0,0,0,0,none,Señal compatible con bosque secundario deciduo,0,0,False,True,False,0.7101254465285555,0.920871495546843,0.47129198023377195,0.6830999624184676,1,0,0,1,media,Revisar en control de calidad temático/espectral,rareza_espectral_por_clase_anio,1,1,Auditoría espectral preliminar SINAC SRC10 2021,Alerta exploratoria; no constituye validación temática definitiva
18274,S2SR_llenado_SRC10_000016721,SRC10_0018274,3955,SRC10_CRI_2021__XY__e3a22c7e0ec1,SRC10_CRI_2021__XYY__205fde935212,SRC10_CRI_2021__XYC__6d8c7336edb1,-85.267727,10.341893,Costa Rica,CRI,"SINAC - Malla de Entrenamientos del Mapa de Bosques 2021, Costa Rica",10,2021,4,1,Bosque secundario deciduo,Forestal,1,12,2021.0,2021.0,12,0,38,3.1666666666666665,3.5,1.0,1.0416666666666667,0.6800573317469464,0.712934447588856,0.3489073097211756,0.8880647336480109,0.7132474611249954,0.7438609566030498,0.4031239614489864,0.8997180829641563,0.47856723941239704,0.4682366116857103,0.2641889945260732,0.6481021638879034,1,1,1,4,Bosque secundario deciduo,1,Forestal,0,0,0,0,Costa Rica,CRI,"SINAC - Malla de Entrenamientos del Mapa de Bosques 2021, Costa Rica",10,2021,4,1,Bosque secundario deciduo,Forestal,vegetacion_forestal_estacional,0,0,0,0,none,Señal compatible con bosque secundario deciduo,0,0,False,False,True,0.7101254465285555,0.920871495546843,0.47129198023377195,0.6830999624184676,1,0,0,1,media,Revisar en control de calidad temático/espectral,rareza_espectral_por_clase_anio,1,1,Auditoría espectral preliminar SINAC SRC10 2021,Alerta exploratoria; no constituye validación temática definitiva
18285,S2SR_llenado_SRC10_000006795,SRC10_0018285,5712,SRC10_CRI_2021__XY__aba0523eb645,SRC10_CRI_2021__XYY__60f2ecfae243,SRC10_CRI_2021__XYC__be7be5e874e1,-85.557277,10.086786,Costa Rica,CRI,"SINAC - Malla de Entrenamientos del Mapa de Bosques 2021, Costa Rica",10,2021,4,1,Bosque secundario deciduo,Forestal,1,12,2021.0,2021.0,12,0,36,3.0,3.0,2.5,5.666666666666667,0.7032105362414818,0.7094957179102803,0.4548599100657212,0.9075274880180432,0.7257539047709739,0.7336222222796993,0.4791804362194315,0.9146500130106686,0.52243711855438,0.5228581280880107,0.3083893598363051,0.6841382467383841,1,1,1,4,Bosque secundario deciduo,1,Forestal,0,0,0,0,Costa Rica,CRI,"SINAC - Malla de Entrenamientos del Mapa de Bosques 2021, Costa Rica",10,2021,4,1,Bosque secundario deciduo,Forestal,vegetacion_forestal_estacional,0,0,0,0,none,Señal compatible con bosque secundario deciduo,0,0,False,True,False,0.7101254465285555,0.920871495546843,0.47129198023377195,0.6830999624184676,1,0,0,1,media,Revisar en control de calidad temático/espectral,rareza_espectral_por_clase_anio,1,1,Auditoría espectral preliminar SINAC SRC10 2021,Alerta exploratoria; no constituye validación temática definitiva
18313,S2SR_llenado_SRC10_000019337,SRC10_0018313,2693,SRC10_CRI_2021__XY__5926feb155e4,SRC10_CRI_2021__XYY__a336a9757eb4,SRC10_CRI_2021__XYC__ca0a695b86aa,-85.196154,10.505843,Costa Rica,CRI,"SINAC - Malla de Entrenamientos del Mapa de Bosques 2021, Costa Rica",10,2021,4,1,Bosque secundario deciduo,Forestal,1,12,2021.0,2021.0,11,1,33,2.75,3.0,1.0,2.0,0.635547127889527,0.7055708478240865,0.2438685793614068,0.8839962785798484,0.6701531097821806,0.7125795709372897,0.3018892626236178,0.8928461308944946,0.4638997442362917,0.4498413434741992,0.198848892141859,0.6844241501775747,1,1,1,4,Bosque secundario deciduo,1,Forestal,0,0,0,0,Costa Rica,CRI,"SINAC - Malla de Entrenamientos del Mapa de Bosques 2021, Costa Rica",10,2021,4,1,Bosque secundario deciduo,Forestal,vegetacion_forestal_estacional,0,0,0,0,none,Señal compatible con bosque secundario deciduo,0,0,False,True,True,0.7101254465285555,0.920871495546843,0.47129198023377195,0.6830999624184676,1,0,0,1,media,Revisar en control de calidad temático/espectral,rareza_espectral_por_clase_anio,1,1,Auditoría espectral preliminar SINAC SRC10 2021,Alerta exploratoria; no constituye validación temática definitiva
18319,S2SR_llenado_SRC10_000016872,SRC10_0018319,3166,SRC10_CRI_2021__XY__c962ac55065c,SRC10_CRI_2021__XYY__102da24f3034,SRC10_CRI_2021__XYC__ae17de4ac9ef,-85.262787,10.44606,Costa Rica,CRI,"SINAC - Malla de Entrenamientos del Mapa de Bosques 2021, Costa Rica",10,2021,4,1,Bosque secundario deciduo,Forestal,1,12,2021.0,2021.0,12,0,36,3.0,3.0,1.0,1.125,0.6719113593253732,0.7120025483339678,0.3548583612549497,0.8923769065731014,0.6944132533550967,0.7361743275487255,0.3866403422178348,0.9054322950705538,0.46361135101735035,0.46577525484802196,0.2669322709163346,0.6404268258172912,1,1,1,4,Bosque secundario deciduo,1,Forestal,0,0,0,0,Costa Rica,CRI,"SINAC - Malla de Entrenamientos del Mapa de Bosques 2021, Costa Rica",10,2021,4,1,Bosque secundario deciduo,Forestal,vegetacion_forestal_estacional,0,0,0,0,none,Señal compatible con bosque secundario deciduo,0,0,False,False,True,0.7101254465285555,0.920871495546843,0.47129198023377195,0.6830999624184676,1,0,0,1,media,Revisar en control de calidad temático/espectral,rareza_espectral_por_clase_anio,1,1,Auditoría espectral preliminar SINAC SRC10 2021,Alerta exploratoria; no constituye validación temática definitiva
18384,S2SR_llenado_SRC10_000015874,SRC10_0018384,3800,SRC10_CRI_2021__XY__f31f5e241801,SRC10_CRI_2021__XYY__a18da7eee289,SRC10_CRI_2021__XYC__fc2137bc9efc,-85.304808,10.338909,Costa Rica,CRI,"SINAC - Malla de Entrenamientos del Mapa de Bosques 2021, Costa Rica",10,2021,4,1,Bosque secundario deciduo,Forestal,1,12,2021.0,2021.0,12,0,39,3.25,3.0,1.0,1.0416666666666667,0.6614164357232891,0.707306114163298,0.3248099516240497,0.9089473684210528,0.6883014868176893,0.7410836915491212,0.3585029546946815,0.9154654287808456,0.47720879837709523,0.47658608440996214,0.2344868735083532,0.6947686986597492,1,1,1,4,Bosque secundario deciduo,1,Forestal,0,0,0,0,Costa Rica,CRI,"SINAC - Malla de Entrenamientos del Mapa de Bosques 2021, Costa Rica",10,2021,4,1,Bosque secundario deciduo,Forestal,vegetacion_forestal_estacional,0,0,0,0,none,Señal compatible con bosque secundario deciduo,0,0,False,True,False,0.7101254465285555,0.920871495546843,0.47129198023377195,0.6830999624184676,1,0,0,1,media,Revisar en control de calidad temático/espectral,rareza_espectral_por_clase_anio,1,1,Auditoría espectral preliminar SINAC SRC10 2021,Alerta exploratoria; no constituye validación temática definitiva
18394,S2SR_llenado_SRC10_000004181,SRC10_0018394,5632,SRC10_CRI_2021__XY__6e4efcaefd64,SRC10_CRI_2021__XYY__fa56fb22e8cb,SRC10_CRI_2021__XYC__a80a733deec5,-85.622809,10.089657,Costa Rica,CRI,"SINAC - Malla de Entrenamientos del Mapa de Bosques 2021, Costa Rica",10,2021,4,1,Bosque secundario deciduo,Forestal,1,12,2021.0,2021.0,11,1,33,2.75,3.0,1.0,4.909090909090909,0.6662240940617496,0.7075673364685763,0.3130899155489319,0.8934296680966358,0.6970367044353601,0.7301775147928995,0.366927893639693,0.9012758837063376,0.48525715764399524,0.5193855157278713,0.2492269827517436,0.6545322169639607,1,1,1,4,Bosque secundario deciduo,1,Forestal,0,0,0,0,Costa Rica,CRI,"SINAC - Malla de Entrenamientos del Mapa de Bosques 2021, Costa Rica",10,2021,4,1,Bosque secundario deciduo,Forestal,vegetacion_forestal_estacional,0,0,0,0,none,Señal compatible con bosque secundario deciduo,0,0,False,True,False,0.7101254465285555,0.920871495546843,0.47129198023377195,0.6830999624184676,1,0,0,1,media,Revisar en control de calidad temático/espectral,rareza_espectral_por_clase_anio,1,1,Auditoría espectral preliminar SINAC SRC10 2021,Alerta exploratoria; no constituye validación temática definitiva
18399,S2SR_llenado_SRC10_000001267,SRC10_0018399,2973,SRC10_CRI_2021__XY__94aba82e0209,SRC10_CRI_2021__XYY__3fbdbec15034,SRC10_CRI_2021__XYC__105c306cdc1d,-85.759936,10.470337,Costa Rica,CRI,"SINAC - Malla de Entrenamientos del Mapa de Bosques 2021, Costa Rica",10,2021,4,1,Bosque secundario deciduo,Forestal,1,12,2021.0,2021.0,12,0,43,3.5833333333333335,4.0,2.25,3.9583333333333335,0.6364844227930639,0.6915704870932244,0.3271086212262682,0.8187042842215255,0.6704602714072997,0.7235311974469921,0.3616770002952465,0.8392402131109566,0.44142866647621787,0.4508297341631897,0.241787829833064,0.5985504328568553,1,1,1,4,Bosque secundario deciduo,1,Forestal,0,0,0,0,Costa Rica,CRI,"SINAC - Malla de Entrenamientos del Mapa de Bosques 2021, Costa Rica",10,2021,4,1,Bosque secundario deciduo,Forestal,vegetacion_forestal_estacional,0,0,0,0,none,Señal compatible con bosque secundario deciduo,0,0,False,True,True,0.7101254465285555,0.920871495546843,0.47129198023377195,0.6830999624184676,1,0,0,1,media,Revisar en control de calidad temático/espectral,rareza_espectral_por_clase_anio,1,1,Auditoría espectral preliminar SINAC SRC10 2021,Alerta exploratoria; no constituye validación temática definitiva
18404,S2SR_llenado_SRC10_000005131,SRC10_0018404,5163,SRC10_CRI_2021__XY__f83dc73b2208,SRC10_CRI_2021__XYY__233c81b98d4d,SRC10_CRI_2021__XYC__4745c4fc1081,-85.590702,10.137386,Costa Rica,CRI,"SINAC - Malla de Entrenamientos del Mapa de Bosques 2021, Costa Rica",10,2021,4,1,Bosque secundario deciduo,Forestal,1,12,2021.0,2021.0,9,3,23,1.9166666666666667,2.0,1.0,4.0,0.7258088618730109,0.7091697941389961,0.5134530147162166,0.8838909816086861,0.7491887694925387,0.7342593493612837,0.5515178678835998,0.8711843711843711,0.49992763080969055,0.5185185185185185,0.3353267397031377,0.6003830690546863,1,1,1,4,Bosque secundario deciduo,1,Forestal,0,0,0,0,Costa Rica,CRI,"SINAC - Malla de Entrenamientos del Mapa de Bosques 2021, Costa Rica",10,2021,4,1,Bosque secundario deciduo,Forestal,vegetacion_forestal_estacional,0,0,0,0,none,Señal compatible con bosque secundario deciduo,0,0,False,True,False,0.7101254465285555,0.920871495546843,0.47129198023377195,0.6830999624184676,1,0,0,1,media,Revisar en control de calidad temático/espectral,rareza_espectral_por_clase_anio,1,1,Auditoría espectral preliminar SINAC SRC10 2021,Alerta exploratoria; no constituye validación temática definitiva
18405,S2SR_llenado_SRC10_000018479,SRC10_0018405,2622,SRC10_CRI_2021__XY__5221a6826959,SRC10_CRI_2021__XYY__e66bb95008a4,SRC10_CRI_2021__XYC__f56500aac67a,-85.220991,10.535941,Costa Rica,CRI,"SINAC - Malla de Entrenamientos del Mapa de Bosques 2021, Costa Rica",10,2021,4,1,Bosque secundario deciduo,Forestal,1,12,2021.0,2021.0,12,0,36,3.0,3.0,1.25,1.875,0.6626297898691277,0.6739649482189598,0.3637322087506589,0.8525373134328358,0.690819846470708,0.7073291777504269,0.4154294915384634,0.8661016949152542,0.44781335300013625,0.4459263726364905,0.2670007158196135,0.5723610173306324,1,1,1,4,Bosque secundario deciduo,1,Forestal,0,0,0,0,Costa Rica,CRI,"SINAC - Malla de Entrenamientos del Mapa de Bosques 2021, Costa Rica",10,2021,4,1,Bosque secundario deciduo,Forestal,vegetacion_forestal_estacional,0,0,0,0,none,Señal compatible con bosque secundario deciduo,0,0,False,True,True,0.7101254465285555,0.920871495546843,0.47129198023377195,0.6830999624184676,1,0,0,1,media,Revisar en control de calidad temático/espectral,rareza_espectral_por_clase_anio,1,1,Auditoría espectral preliminar SINAC SRC10 2021,Alerta exploratoria; no constituye validación temática definitiva
18415,S2SR_llenado_SRC10_000001360,SRC10_0018415,3154,SRC10_CRI_2021__XY__af55593e1338,SRC10_CRI_2021__XYY__e4fd3fb03381,SRC10_CRI_2021__XYC__dfd38a26b82e,-85.753258,10.443833,Costa Rica,CRI,"SINAC - Malla de Entrenamientos del Mapa de Bosques 2021, Costa Rica",10,2021,4,1,Bosque secundario deciduo,Forestal,1,12,2021.0,2021.0,12,0,40,3.3333333333333335,3.0,1.0,4.041666666666667,0.6616778563328284,0.6957812702944594,0.3478516774573278,0.8839779005524862,0.6860024787951308,0.7150902095866907,0.3866877059962089,0.889811980760822,0.4647697356293692,0.4824008250938728,0.2513963953940812,0.6068635119731678,1,1,1,4,Bosque secundario deciduo,1,Forestal,0,0,0,0,Costa Rica,CRI,"SINAC - Malla de Entrenamientos del Mapa de Bosques 2021, Costa Rica",10,2021,4,1,Bosque secundario deciduo,Forestal,vegetacion_forestal_estacional,0,0,0,0,none,Señal compatible con bosque secundario deciduo,0,0,False,True,False,0.7101254465285555,0.920871495546843,0.47129198023377195,0.6830999624184676,1,0,0,1,media,Revisar en control de calidad temático/espectral,rareza_espectral_por_clase_anio,1,1,Auditoría espectral preliminar SINAC SRC10 2021,Alerta exploratoria; no constituye validación temática definitiva
18450,S2SR_llenado_SRC10_000013624,SRC10_0018450,5246,SRC10_CRI_2021__XY__54fb5af88e12,SRC10_CRI_2021__XYY__7007d95af178,SRC10_CRI_2021__XYC__eecf178f7d4e,-85.403103,10.128788,Costa Rica,CRI,"SINAC - Malla de Entrenamientos del Mapa de Bosques 2021, Costa Rica",10,2021,4,1,Bosque secundario deciduo,Forestal,1,12,2021.0,2021.0,12,0,39,3.25,3.5,2.25,3.2083333333333335,0.6861510057221542,0.7042534649953862,0.4278310818170652,0.8837733603598836,0.7108283952515143,0.7251064819067653,0.4605180245826715,0.895108992933903,0.4998019521916391,0.5025800579150571,0.3143270777281867,0.6565754174749145,1,1,1,4,Bosque secundario deciduo,1,Forestal,0,0,0,0,Costa Rica,CRI,"SINAC - Malla de Entrenamientos del Mapa de Bosques 2021, Costa Rica",10,2021,4,1,Bosque secundario deciduo,Forestal,vegetacion_forestal_estacional,0,0,0,0,none,Señal compatible con bosque secundario deciduo,0,0,False,True,False,0.7101254465285555,0.920871495546843,0.47129198023377195,0.6830999624184676,1,0,0,1,media,Revisar en control de calidad temático/espectral,rareza_espectral_por_clase_anio,1,1,Auditoría espectral preliminar SINAC SRC10 2021,Alerta exploratoria; no constituye validación temática definitiva
18521,S2SR_llenado_SRC10_000015519,SRC10_0018521,3796,SRC10_CRI_2021__XY__a0960fa1302f,SRC10_CRI_2021__XYY__a6605a1411a2,SRC10_CRI_2021__XYC__50424f584f5c,-85.324995,10.3543,Costa Rica,CRI,"SINAC - Malla de Entrenamientos del Mapa de Bosques 2021, Costa Rica",10,2021,4,1,Bosque secundario deciduo,Forestal,1,12,2021.0,2021.0,12,0,40,3.3333333333333335,3.0,1.25,1.625,0.5896059294463344,0.5917283377618361,0.2653739612188366,0.8244983528002396,0.6215818809482662,0.6273662852256969,0.3031718711581017,0.8425577646426653,0.42087691112919107,0.4155999238722415,0.200473372781065,0.5930313588850175,1,1,1,4,Bosque secundario deciduo,1,Forestal,0,0,0,0,Costa Rica,CRI,"SINAC - Malla de Entrenamientos del Mapa de Bosques 2021, Costa Rica",10,2021,4,1,Bosque secundario deciduo,Forestal,vegetacion_forestal_estacional,0,0,0,0,none,Señal compatible con bosque secundario deciduo,0,0,False,True,True,0.7101254465285555,0.920871495546843,0.47129198023377195,0.6830999624184676,1,0,0,1,media,Revisar en control de calidad temático/espectral,rareza_espectral_por_clase_anio,1,1,Auditoría espectral preliminar SINAC SRC10 2021,Alerta exploratoria; no constituye validación temática definitiva
18550,S2SR_llenado_SRC10_000016768,SRC10_0018550,3521,SRC10_CRI_2021__XY__8a1f27b7b3d4,SRC10_CRI_2021__XYY__c3a83dfa22ee,SRC10_CRI_2021__XYC__dbecb528f262,-85.2662,10.406266,Costa Rica,CRI,"SINAC - Malla de Entrenamientos del Mapa de Bosques 2021, Costa Rica",10,2021,4,1,Bosque secundario deciduo,Forestal,1,12,2021.0,2021.0,12,0,39,3.25,3.0,1.25,3.625,0.6281067636671603,0.6128114026385255,0.3409456885037447,0.8683283409278909,0.6520860456334164,0.642101946863574,0.3915583956006348,0.8824299933540114,0.4401737282252056,0.4310568436935162,0.2432353788533564,0.6344676121696238,1,1,1,4,Bosque secundario deciduo,1,Forestal,0,0,0,0,Costa Rica,CRI,"SINAC - Malla de Entrenamientos del Mapa de Bosques 2021, Costa Rica",10,2021,4,1,Bosque secundario deciduo,Forestal,vegetacion_forestal_estacional,0,0,0,0,none,Señal compatible con bosque secundario deciduo,0,0,False,True,True,0.7101254465285555,0.920871495546843,0.47129198023377195,0.6830999624184676,1,0,0,1,media,Revisar en control de calidad temático/espectral,rareza_espectral_por_clase_anio,1,1,Auditoría espectral preliminar SINAC SRC10 2021,Alerta exploratoria; no constituye validación temática definitiva
18581,S2SR_llenado_SRC10_000008602,SRC10_0018581,4700,SRC10_CRI_2021__XY__620968af3484,SRC10_CRI_2021__XYY__2f4435180b94,SRC10_CRI_2021__XYC__957808387ded,-85.52101,10.183149,Costa Rica,CRI,"SINAC - Malla de Entrenamientos del Mapa de Bosques 2021, Costa Rica",10,2021,4,1,Bosque secundario deciduo,Forestal,1,12,2021.0,2021.0,12,0,30,2.5,2.0,1.25,6.0,0.73045621873047,0.7072957328891631,0.5634306134603931,0.8772882719774692,0.7509895273890314,0.7352910810974449,0.571219654869845,0.891129751918615,0.5165276087642888,0.5091830874374308,0.3712660028449502,0.6194328209333626,1,1,1,4,Bosque secundario deciduo,1,Forestal,0,0,0,0,Costa Rica,CRI,"SINAC - Malla de Entrenamientos del Mapa de Bosques 2021, Costa Rica",10,2021,4,1,Bosque secundario deciduo,Forestal,vegetacion_forestal_estacional,0,0,0,0,none,Señal compatible con bosque secundario deciduo,0,0,False,True,False,0.7101254465285555,0.920871495546843,0.47129198023377195,0.6830999624184676,1,0,0,1,media,Revisar en control de calidad temático/espectral,rareza_espectral_por_clase_anio,1,1,Auditoría espectral preliminar SINAC SRC10 2021,Alerta exploratoria; no constituye validación temática definitiva
18600,S2SR_llenado_SRC10_000019450,SRC10_0018600,2603,SRC10_CRI_2021__XY__4009e359aba4,SRC10_CRI_2021__XYY__e9fd2ba5cdd4,SRC10_CRI_2021__XYC__dd4c65cccb7f,-85.193758,10.516881,Costa Rica,CRI,"SINAC - Malla de Entrenamientos del Mapa de Bosques 2021, Costa Rica",10,2021,4,1,Bosque secundario deciduo,Forestal,1,12,2021.0,2021.0,11,1,31,2.5833333333333335,2.5,1.0,4.2272727272727275,0.6939301496071886,0.7040624159268227,0.3483647175421209,0.8752886836027713,0.7164798935561735,0.7182497331910352,0.405050505050505,0.8877630553390491,0.4765671119561119,0.5063894110665903,0.2542161149281698,0.6175422974176312,1,1,1,4,Bosque secundario deciduo,1,Forestal,0,0,0,0,Costa Rica,CRI,"SINAC - Malla de Entrenamientos del Mapa de Bosques 2021, Costa Rica",10,2021,4,1,Bosque secundario deciduo,Forestal,vegetacion_forestal_estacional,0,0,0,0,none,Señal compatible con bosque secundario deciduo,0,0,False,True,False,0.7101254465285555,0.920871495546843,0.47129198023377195,0.6830999624184676,1,0,0,1,media,Revisar en control de calidad temático/espectral,rareza_espectral_por_clase_anio,1,1,Auditoría espectral preliminar SINAC SRC10 2021,Alerta exploratoria; no constituye validación temática definitiva
18608,S2SR_llenado_SRC10_000002755,SRC10_0018608,4078,SRC10_CRI_2021__XY__6ae39c331457,SRC10_CRI_2021__XYY__af4253cee111,SRC10_CRI_2021__XYC__841ccd603fcd,-85.685626,10.268074,Costa Rica,CRI,"SINAC - Malla de Entrenamientos del Mapa de Bosques 2021, Costa Rica",10,2021,4,1,Bosque secundario deciduo,Forestal,1,12,2021.0,2021.0,11,1,39,3.25,3.5,1.0,1.6818181818181819,0.6504609893845601,0.6906238070326749,0.3470023358422009,0.8134658249660993,0.6807574860308271,0.7238872444975706,0.384841075794621,0.8280012387666911,0.48105458731839956,0.5055389716465083,0.2711370262390671,0.6080274428607741,1,1,1,4,Bosque secundario deciduo,1,Forestal,0,0,0,0,Costa Rica,CRI,"SINAC - Malla de Entrenamientos del Mapa de Bosques 2021, Costa Rica",10,2021,4,1,Bosque secundario deciduo,Forestal,vegetacion_forestal_estacional,0,0,0,0,none,Señal compatible con bosque secundario deciduo,0,0,False,True,False,0.7101254465285555,0.920871495546843,0.47129198023377195,0.6830999624184676,1,0,0,1,media,Revisar en control de calidad temático/espectral,rareza_espectral_por_clase_anio,1,1,Auditoría espectral preliminar SINAC SRC10 2021,Alerta exploratoria; no constituye validación temática definitiva
18622,S2SR_llenado_SRC10_000010989,SRC10_0018622,4291,SRC10_CRI_2021__XY__6d959fe31e37,SRC10_CRI_2021__XYY__5e3bc32b3775,SRC10_CRI_2021__XYC__2bcc31f5a272,-85.470466,10.232712,Costa Rica,CRI,"SINAC - Malla de Entrenamientos del Mapa de Bosques 2021, Costa Rica",10,2021,4,1,Bosque secundario deciduo,Forestal,1,12,2021.0,2021.0,12,0,38,3.1666666666666665,3.0,2.0,4.5,0.6702124775605568,0.6803395062137034,0.3240152477763658,0.8607684813804987,0.7047656253668477,0.7177011073906037,0.3868613138686131,0.8737773450509885,0.4892614658951017,0.5009893230702381,0.2544931703810209,0.6339570696441359,1,1,1,4,Bosque secundario deciduo,1,Forestal,0,0,0,0,Costa Rica,CRI,"SINAC - Malla de Entrenamientos del Mapa de Bosques 2021, Costa Rica",10,2021,4,1,Bosque secundario deciduo,Forestal,vegetacion_forestal_estacional,0,0,0,0,none,Señal compatible con bosque secundario deciduo,0,0,False,True,False,0.7101254465285555,0.920871495546843,0.47129198023377195,0.6830999624184676,1,0,0,1,media,Revisar en control de calidad temático/espectral,rareza_espectral_por_clase_anio,1,1,Auditoría espectral preliminar SINAC SRC10 2021,Alerta exploratoria; no constituye validación temática definitiva
18624,S2SR_llenado_SRC10_000016060,SRC10_0018624,3053,SRC10_CRI_2021__XY__2c52d910f44d,SRC10_CRI_2021__XYY__9c0c6671440b,SRC10_CRI_2021__XYC__c58d01268e67,-85.295013,10.464834,Costa Rica,CRI,"SINAC - Malla de Entrenamientos del Mapa de Bosques 2021, Costa Rica",10,2021,4,1,Bosque secundario deciduo,Forestal,1,12,2021.0,2021.0,12,0,36,3.0,3.0,1.0,3.625,0.6684115552370935,0.662840784329565,0.3470852017937219,0.8923294818474576,0.7021533978465055,0.707394682222803,0.4036885245901639,0.899689443443801,0.4756163121767856,0.45997867987289587,0.2737401873892124,0.6385068762278978,1,1,1,4,Bosque secundario deciduo,1,Forestal,0,0,0,0,Costa Rica,CRI,"SINAC - Malla de Entrenamientos del Mapa de Bosques 2021, Costa Rica",10,2021,4,1,Bosque secundario deciduo,Forestal,vegetacion_forestal_estacional,0,0,0,0,none,Señal compatible con bosque secundario deciduo,0,0,False,True,True,0.7101254465285555,0.920871495546843,0.47129198023377195,0.6830999624184676,1,0,0,1,media,Revisar en control de calidad temático/espectral,rareza_espectral_por_clase_anio,1,1,Auditoría espectral preliminar SINAC SRC10 2021,Alerta exploratoria; no constituye validación temática definitiva
18665,S2SR_llenado_SRC10_000006631,SRC10_0018665,5578,SRC10_CRI_2021__XY__64d2ad107f44,SRC10_CRI_2021__XYY__2d25444030cb,SRC10_CRI_2021__XYC__e55528ef4eab,-85.560326,10.124757,Costa Rica,CRI,"SINAC - Malla de Entrenamientos del Mapa de Bosques 2021, Costa Rica",10,2021,4,1,Bosque secundario deciduo,Forestal,1,12,2021.0,2021.0,12,0,31,2.5833333333333335,2.0,5.75,10.458333333333334,0.6638161829546007,0.675836809389441,0.3592601293460837,0.8872556940364488,0.6894356937152767,0.6988944189354804,0.3814749399855782,0.89992688533086,0.5030736932531129,0.5208735823962756,0.2665776320848256,0.655235451284257,1,1,1,4,Bosque secundario deciduo,1,Forestal,0,0,0,0,Costa Rica,CRI,"SINAC - Malla de Entrenamientos del Mapa de Bosques 2021, Costa Rica",10,2021,4,1,Bosque secundario deciduo,Forestal,vegetacion_forestal_estacional,0,0,0,0,none,Señal compatible con bosque secundario deciduo,0,0,False,True,False,0.7101254465285555,0.920871495546843,0.47129198023377195,0.6830999624184676,1,0,0,1,media,Revisar en control de calidad temático/espectral,rareza_espectral_por_clase_anio,1,1,Auditoría espectral preliminar SINAC SRC10 2021,Alerta exploratoria; no constituye validación temática definitiva
18775,S2SR_llenado_SRC10_000004802,SRC10_0018775,5316,SRC10_CRI_2021__XY__09d00e4b8e37,SRC10_CRI_2021__XYY__eebd62548034,SRC10_CRI_2021__XYC__f677322f0549,-85.598439,10.1207,Costa Rica,CRI,"SINAC - Malla de Entrenamientos del Mapa de Bosques 2021, Costa Rica",10,2021,4,1,Bosque secundario deciduo,Forestal,1,12,2021.0,2021.0,10,2,25,2.0833333333333335,1.5,1.5,4.6,0.6157441289171628,0.6369743123645786,0.4300888511327716,0.8534357483911148,0.6375352642817158,0.6544641852274053,0.4708281315022887,0.8679880329094988,0.42122018187131466,0.42522436461477614,0.2981164603533408,0.5705077817953152,1,1,1,4,Bosque secundario deciduo,1,Forestal,0,0,0,0,Costa Rica,CRI,"SINAC - Malla de Entrenamientos del Mapa de Bosques 2021, Costa Rica",10,2021,4,1,Bosque secundario deciduo,Forestal,vegetacion_forestal_estacional,0,0,0,0,none,Señal compatible con bosque secundario deciduo,0,0,False,True,True,0.7101254465285555,0.920871495546843,0.47129198023377195,0.6830999624184676,1,0,0,1,media,Revisar en control de calidad temático/espectral,rareza_espectral_por_clase_anio,1,1,Auditoría espectral preliminar SINAC SRC10 2021,Alerta exploratoria; no constituye validación temática definitiva
18825,S2SR_llenado_SRC10_000018230,SRC10_0018825,2427,SRC10_CRI_2021__XY__34cf92577d01,SRC10_CRI_2021__XYY__4a9edbb96ad9,SRC10_CRI_2021__XYC__c3d83fb9abc3,-85.228688,10.541331,Costa Rica,CRI,"SINAC - Malla de Entrenamientos del Mapa de Bosques 2021, Costa Rica",10,2021,4,1,Bosque secundario deciduo,Forestal,1,12,2021.0,2021.0,12,0,39,3.25,3.0,1.5,3.625,0.6952037237605726,0.6844787839778779,0.4049057945254176,0.8776346604215458,0.727640348367145,0.7365880384596394,0.4516868653783165,0.8902409345339499,0.4890174223532266,0.48417318418834615,0.2936368943374197,0.6389971334655631,1,1,1,4,Bosque secundario deciduo,1,Forestal,0,0,0,0,Costa Rica,CRI,"SINAC - Malla de Entrenamientos del Mapa de Bosques 2021, Costa Rica",10,2021,4,1,Bosque secundario deciduo,Forestal,vegetacion_forestal_estacional,0,0,0,0,none,Señal compatible con bosque secundario deciduo,0,0,False,True,False,0.7101254465285555,0.920871495546843,0.47129198023377195,0.6830999624184676,1,0,0,1,media,Revisar en control de calidad temático/espectral,rareza_espectral_por_clase_anio,1,1,Auditoría espectral preliminar SINAC SRC10 2021,Alerta exploratoria; no constituye validación temática definitiva
18828,S2SR_llenado_SRC10_000016324,SRC10_0018828,2423,SRC10_CRI_2021__XY__b2a757d6f36f,SRC10_CRI_2021__XYY__5d858674524e,SRC10_CRI_2021__XYC__429c86960200,-85.284638,10.552197,Costa Rica,CRI,"SINAC - Malla de Entrenamientos del Mapa de Bosques 2021, Costa Rica",10,2021,4,1,Bosque secundario deciduo,Forestal,1,12,2021.0,2021.0,12,0,40,3.3333333333333335,3.0,1.25,2.6666666666666665,0.6466500192458929,0.7625328105168485,0.298444976076555,0.8730540446501474,0.6748188309655184,0.7820834049611334,0.3459715639810426,0.8819706608133425,0.40897499420219696,0.4343140016576733,0.2182689881402977,0.57082005865619,1,1,1,4,Bosque secundario deciduo,1,Forestal,0,0,0,0,Costa Rica,CRI,"SINAC - Malla de Entrenamientos del Mapa de Bosques 2021, Costa Rica",10,2021,4,1,Bosque secundario deciduo,Forestal,vegetacion_forestal_estacional,0,0,0,0,none,Señal compatible con bosque secundario deciduo,0,0,False,False,True,0.7101254465285555,0.920871495546843,0.47129198023377195,0.6830999624184676,1,0,0,1,media,Revisar en control de calidad temático/espectral,rareza_espectral_por_clase_anio,1,1,Auditoría espectral preliminar SINAC SRC10 2021,Alerta exploratoria; no constituye validación temática definitiva
18837,S2SR_llenado_SRC10_000003130,SRC10_0018837,3467,SRC10_CRI_2021__XY__dcb48d788563,SRC10_CRI_2021__XYY__9b69b351cf1c,SRC10_CRI_2021__XYC__6cfb639f4c2c,-85.672,10.49556,Costa Rica,CRI,"SINAC - Malla de Entrenamientos del Mapa de Bosques 2021, Costa Rica",10,2021,4,1,Bosque secundario deciduo,Forestal,1,12,2021.0,2021.0,12,0,43,3.5833333333333335,3.5,1.75,1.75,0.624257079334278,0.6678445311993344,0.2307692307692307,0.8962536023054755,0.6539276067362613,0.6981514679311404,0.2946502057613168,0.9056768558951964,0.45628361992410355,0.48374214453859565,0.2179636082075106,0.6599771577745146,1,1,1,4,Bosque secundario deciduo,1,Forestal,0,0,0,0,Costa Rica,CRI,"SINAC - Malla de Entrenamientos del Mapa de Bosques 2021, Costa Rica",10,2021,4,1,Bosque secundario deciduo,Forestal,vegetacion_forestal_estacional,0,0,0,0,none,Señal compatible con bosque secundario deciduo,0,0,False,True,False,0.7101254465285555,0.920871495546843,0.47129198023377195,0.6830999624184676,1,0,0,1,media,Revisar en control de calidad temático/espectral,rareza_espectral_por_clase_anio,1,1,Auditoría espectral preliminar SINAC SRC10 2021,Alerta exploratoria; no constituye validación temática definitiva
18841,S2SR_llenado_SRC10_000001485,SRC10_0018841,3608,SRC10_CRI_2021__XY__9bfed776d4f7,SRC10_CRI_2021__XYY__c89ac5fcd3f8,SRC10_CRI_2021__XYC__720a6ecca042,-85.745017,10.365612,Costa Rica,CRI,"SINAC - Malla de Entrenamientos del Mapa de Bosques 2021, Costa Rica",10,2021,4,1,Bosque secundario deciduo,Forestal,1,12,2021.0,2021.0,12,0,44,3.6666666666666665,3.5,2.25,6.041666666666667,0.6038186961616174,0.6322791573747897,0.2294424991793413,0.8294020844761382,0.651040122264219,0.6730525303051949,0.3416609101377508,0.8420518029456576,0.4396947852248323,0.4422755055272783,0.2294100779451898,0.5814257684761283,1,1,1,4,Bosque secundario deciduo,1,Forestal,0,0,0,0,Costa Rica,CRI,"SINAC - Malla de Entrenamientos del Mapa de Bosques 2021, Costa Rica",10,2021,4,1,Bosque secundario deciduo,Forestal,vegetacion_forestal_estacional,0,0,0,0,none,Señal compatible con bosque secundario deciduo,0,0,False,True,True,0.7101254465285555,0.920871495546843,0.47129198023377195,0.6830999624184676,1,0,0,1,media,Revisar en control de calidad temático/espectral,rareza_espectral_por_clase_anio,1,1,Auditoría espectral preliminar SINAC SRC10 2021,Alerta exploratoria; no constituye validación temática definitiva
18856,S2SR_llenado_SRC10_000016714,SRC10_0018856,3819,SRC10_CRI_2021__XY__1570aebdcf58,SRC10_CRI_2021__XYY__dea154acef74,SRC10_CRI_2021__XYC__d092dd21a811,-85.267907,10.331749,Costa Rica,CRI,"SINAC - Malla de Entrenamientos del Mapa de Bosques 2021, Costa Rica",10,2021,4,1,Bosque secundario deciduo,Forestal,1,12,2021.0,2021.0,12,0,42,3.5,3.0,1.0,2.4583333333333335,0.6814971400470052,0.7018221047193793,0.3526838966202783,0.8967803030303031,0.7138384032811568,0.7291504486591283,0.4116431277988288,0.9039647577092512,0.48167654379306685,0.4618590418005887,0.2816091954022988,0.6492498706673565,1,1,1,4,Bosque secundario deciduo,1,Forestal,0,0,0,0,Costa Rica,CRI,"SINAC - Malla de Entrenamientos del Mapa de Bosques 2021, Costa Rica",10,2021,4,1,Bosque secundario deciduo,Forestal,vegetacion_forestal_estacional,0,0,0,0,none,Señal compatible con bosque secundario deciduo,0,0,False,True,True,0.7101254465285555,0.920871495546843,0.47129198023377195,0.6830999624184676,1,0,0,1,media,Revisar en control de calidad temático/espectral,rareza_espectral_por_clase_anio,1,1,Auditoría espectral preliminar SINAC SRC10 2021,Alerta exploratoria; no constituye validación temática definitiva
18867,S2SR_llenado_SRC10_000016515,SRC10_0018867,3095,SRC10_CRI_2021__XY__31981cfec8df,SRC10_CRI_2021__XYY__49edddc03ea2,SRC10_CRI_2021__XYC__df3b42cc1b27,-85.275467,10.456803,Costa Rica,CRI,"SINAC - Malla de Entrenamientos del Mapa de Bosques 2021, Costa Rica",10,2021,4,1,Bosque secundario deciduo,Forestal,1,12,2021.0,2021.0,12,0,37,3.0833333333333335,3.0,1.0,1.3333333333333333,0.6623772843630203,0.6705252562128038,0.3614008941877795,0.8655360387643852,0.6914151991660938,0.7016780209026194,0.4163319946452476,0.8764263846367938,0.45203380599823334,0.4439891336065389,0.2645116440736879,0.6094722054986956,1,1,1,4,Bosque secundario deciduo,1,Forestal,0,0,0,0,Costa Rica,CRI,"SINAC - Malla de Entrenamientos del Mapa de Bosques 2021, Costa Rica",10,2021,4,1,Bosque secundario deciduo,Forestal,vegetacion_forestal_estacional,0,0,0,0,none,Señal compatible con bosque secundario deciduo,0,0,False,True,True,0.7101254465285555,0.920871495546843,0.47129198023377195,0.6830999624184676,1,0,0,1,media,Revisar en control de calidad temático/espectral,rareza_espectral_por_clase_anio,1,1,Auditoría espectral preliminar SINAC SRC10 2021,Alerta exploratoria; no constituye validación temática definitiva
18877,S2SR_llenado_SRC10_000012660,SRC10_0018877,2506,SRC10_CRI_2021__XY__bdd5e75eb74e,SRC10_CRI_2021__XYY__2ad0888d9828,SRC10_CRI_2021__XYC__5661f80dcc92,-85.43777,10.530602,Costa Rica,CRI,"SINAC - Malla de Entrenamientos del Mapa de Bosques 2021, Costa Rica",10,2021,4,1,Bosque secundario deciduo,Forestal,1,12,2021.0,2021.0,12,0,42,3.5,3.0,1.5,4.833333333333333,0.6674553598416971,0.6660370592489995,0.3685481436764262,0.889734002910451,0.6929055445324024,0.6997230098715207,0.4078686668553637,0.8985894727841797,0.46527088877922673,0.47140624468452547,0.2481806775407778,0.6331748469960652,1,1,1,4,Bosque secundario deciduo,1,Forestal,0,0,0,0,Costa Rica,CRI,"SINAC - Malla de Entrenamientos del Mapa de Bosques 2021, Costa Rica",10,2021,4,1,Bosque secundario deciduo,Forestal,vegetacion_forestal_estacional,0,0,0,0,none,Señal compatible con bosque secundario deciduo,0,0,False,True,False,0.7101254465285555,0.920871495546843,0.47129198023377195,0.6830999624184676,1,0,0,1,media,Revisar en control de calidad temático/espectral,rareza_espectral_por_clase_anio,1,1,Auditoría espectral preliminar SINAC SRC10 2021,Alerta exploratoria; no constituye validación temática definitiva
18905,S2SR_llenado_SRC10_000016173,SRC10_0018905,2777,SRC10_CRI_2021__XY__be76c7edab9b,SRC10_CRI_2021__XYY__b02d43161233,SRC10_CRI_2021__XYC__21ede8f8c102,-85.290873,10.495393,Costa Rica,CRI,"SINAC - Malla de Entrenamientos del Mapa de Bosques 2021, Costa Rica",10,2021,4,1,Bosque secundario deciduo,Forestal,1,12,2021.0,2021.0,12,0,40,3.3333333333333335,3.0,1.0,2.6666666666666665,0.622124807835888,0.6690588132563067,0.2739002932551319,0.8783689904795936,0.6531099680760379,0.7000496073516044,0.3376010781671159,0.8891580777180088,0.44165418500603226,0.46409508636204155,0.2235103801563764,0.6244169134319195,1,1,1,4,Bosque secundario deciduo,1,Forestal,0,0,0,0,Costa Rica,CRI,"SINAC - Malla de Entrenamientos del Mapa de Bosques 2021, Costa Rica",10,2021,4,1,Bosque secundario deciduo,Forestal,vegetacion_forestal_estacional,0,0,0,0,none,Señal compatible con bosque secundario deciduo,0,0,False,True,True,0.7101254465285555,0.920871495546843,0.47129198023377195,0.6830999624184676,1,0,0,1,media,Revisar en control de calidad temático/espectral,rareza_espectral_por_clase_anio,1,1,Auditoría espectral preliminar SINAC SRC10 2021,Alerta exploratoria; no constituye validación temática definitiva
18932,S2SR_llenado_SRC10_000012746,SRC10_0018932,3343,SRC10_CRI_2021__XY__6de6b3d81727,SRC10_CRI_2021__XYY__26ef2feaca65,SRC10_CRI_2021__XYC__ed2f3c53fb2c,-85.434948,10.413651,Costa Rica,CRI,"SINAC - Malla de Entrenamientos del Mapa de Bosques 2021, Costa Rica",10,2021,4,1,Bosque secundario deciduo,Forestal,1,12,2021.0,2021.0,12,0,42,3.5,4.0,1.0,2.4166666666666665,0.6201470799178307,0.6745297847135799,0.2868369725512583,0.8830816167526435,0.6555598509734062,0.713448815797888,0.3369944219863933,0.8966051451311992,0.4474188459304458,0.4777400393047059,0.2188860622078812,0.6486111111111111,1,1,1,4,Bosque secundario deciduo,1,Forestal,0,0,0,0,Costa Rica,CRI,"SINAC - Malla de Entrenamientos del Mapa de Bosques 2021, Costa Rica",10,2021,4,1,Bosque secundario deciduo,Forestal,vegetacion_forestal_estacional,0,0,0,0,none,Señal compatible con bosque secundario deciduo,0,0,False,True,False,0.7101254465285555,0.920871495546843,0.47129198023377195,0.6830999624184676,1,0,0,1,media,Revisar en control de calidad temático/espectral,rareza_espectral_por_clase_anio,1,1,Auditoría espectral preliminar SINAC SRC10 2021,Alerta exploratoria; no constituye validación temática definitiva
18936,S2SR_llenado_SRC10_000001499,SRC10_0018936,3102,SRC10_CRI_2021__XY__02773506d10f,SRC10_CRI_2021__XYY__4d056de3cbcd,SRC10_CRI_2021__XYC__bc6b003f90b7,-85.74372,10.452841,Costa Rica,CRI,"SINAC - Malla de Entrenamientos del Mapa de Bosques 2021, Costa Rica",10,2021,4,1,Bosque secundario deciduo,Forestal,1,12,2021.0,2021.0,11,1,38,3.1666666666666665,3.0,1.0,1.6818181818181819,0.6742501979633252,0.7679037121795175,0.2622030237580993,0.8637816572412097,0.6980683336980538,0.786438907045402,0.2976973684210526,0.8712825278810409,0.42346346878872526,0.4528155609208947,0.1887005649717513,0.5506079267329859,1,1,1,4,Bosque secundario deciduo,1,Forestal,0,0,0,0,Costa Rica,CRI,"SINAC - Malla de Entrenamientos del Mapa de Bosques 2021, Costa Rica",10,2021,4,1,Bosque secundario deciduo,Forestal,vegetacion_forestal_estacional,0,0,0,0,none,Señal compatible con bosque secundario deciduo,0,0,False,False,True,0.7101254465285555,0.920871495546843,0.47129198023377195,0.6830999624184676,1,0,0,1,media,Revisar en control de calidad temático/espectral,rareza_espectral_por_clase_anio,1,1,Auditoría espectral preliminar SINAC SRC10 2021,Alerta exploratoria; no constituye validación temática definitiva
18946,S2SR_llenado_SRC10_000013823,SRC10_0018946,5597,SRC10_CRI_2021__XY__a6fcecdf992b,SRC10_CRI_2021__XYY__6f23d49f445f,SRC10_CRI_2021__XYC__4b0505901779,-85.395642,10.091035,Costa Rica,CRI,"SINAC - Malla de Entrenamientos del Mapa de Bosques 2021, Costa Rica",10,2021,4,1,Bosque secundario deciduo,Forestal,1,12,2021.0,2021.0,12,0,38,3.1666666666666665,3.0,2.0,5.083333333333333,0.7085219883193293,0.697994356258449,0.5576646534368708,0.8327249482159782,0.7338233430025589,0.7310299070488463,0.5727777777777777,0.8474576721453972,0.5134223798373898,0.5044001947239569,0.3722492471623813,0.6158788550513344,1,1,1,4,Bosque secundario deciduo,1,Forestal,0,0,0,0,Costa Rica,CRI,"SINAC - Malla de Entrenamientos del Mapa de Bosques 2021, Costa Rica",10,2021,4,1,Bosque secundario deciduo,Forestal,vegetacion_forestal_estacional,0,0,0,0,none,Señal compatible con bosque secundario deciduo,0,0,False,True,False,0.7101254465285555,0.920871495546843,0.47129198023377195,0.6830999624184676,1,0,0,1,media,Revisar en control de calidad temático/espectral,rareza_espectral_por_clase_anio,1,1,Auditoría espectral preliminar SINAC SRC10 2021,Alerta exploratoria; no constituye validación temática definitiva
18950,S2SR_llenado_SRC10_000001237,SRC10_0018950,3645,SRC10_CRI_2021__XY__f040c5d95131,SRC10_CRI_2021__XYY__19424c9941dc,SRC10_CRI_2021__XYC__d9d755808e24,-85.761461,10.359783,Costa Rica,CRI,"SINAC - Malla de Entrenamientos del Mapa de Bosques 2021, Costa Rica",10,2021,4,1,Bosque secundario deciduo,Forestal,1,12,2021.0,2021.0,12,0,42,3.5,3.5,1.75,3.5,0.6597106131596197,0.7092905958942965,0.2628620719104962,0.88696594004169,0.6843251752588012,0.7392031961528513,0.3220511972821971,0.894050248719179,0.46896013411835247,0.48935482762387017,0.2274892360507195,0.6430207208117483,1,1,1,4,Bosque secundario deciduo,1,Forestal,0,0,0,0,Costa Rica,CRI,"SINAC - Malla de Entrenamientos del Mapa de Bosques 2021, Costa Rica",10,2021,4,1,Bosque secundario deciduo,Forestal,vegetacion_forestal_estacional,0,0,0,0,none,Señal compatible con bosque secundario deciduo,0,0,False,True,False,0.7101254465285555,0.920871495546843,0.47129198023377195,0.6830999624184676,1,0,0,1,media,Revisar en control de calidad temático/espectral,rareza_espectral_por_clase_anio,1,1,Auditoría espectral preliminar SINAC SRC10 2021,Alerta exploratoria; no constituye validación temática definitiva
18961,S2SR_llenado_SRC10_000002109,SRC10_0018961,2444,SRC10_CRI_2021__XY__692c004b21a2,SRC10_CRI_2021__XYY__3375375cf796,SRC10_CRI_2021__XYC__8fec461ee3ae,-85.711343,10.534077,Costa Rica,CRI,"SINAC - Malla de Entrenamientos del Mapa de Bosques 2021, Costa Rica",10,2021,4,1,Bosque secundario deciduo,Forestal,1,12,2021.0,2021.0,12,0,47,3.9166666666666665,4.0,1.0,1.5416666666666667,0.6997410269757823,0.7382734481233963,0.3448504983388704,0.8481758440969861,0.7209898737634872,0.7491506340207446,0.3870065278209512,0.8624512420447548,0.45384013088555397,0.4513668245223428,0.2470653996646171,0.5677376818692799,1,1,1,4,Bosque secundario deciduo,1,Forestal,0,0,0,0,Costa Rica,CRI,"SINAC - Malla de Entrenamientos del Mapa de Bosques 2021, Costa Rica",10,2021,4,1,Bosque secundario deciduo,Forestal,vegetacion_forestal_estacional,0,0,0,0,none,Señal compatible con bosque secundario deciduo,0,0,False,False,True,0.7101254465285555,0.920871495546843,0.47129198023377195,0.6830999624184676,1,0,0,1,media,Revisar en control de calidad temático/espectral,rareza_espectral_por_clase_anio,1,1,Auditoría espectral preliminar SINAC SRC10 2021,Alerta exploratoria; no constituye validación temática definitiva
18966,S2SR_llenado_SRC10_000005223,SRC10_0018966,3575,SRC10_CRI_2021__XY__77d2d83ec085,SRC10_CRI_2021__XYY__50b6b5d13ca1,SRC10_CRI_2021__XYC__8b86db60bc82,-85.58941,10.373514,Costa Rica,CRI,"SINAC - Malla de Entrenamientos del Mapa de Bosques 2021, Costa Rica",10,2021,4,1,Bosque secundario deciduo,Forestal,1,12,2021.0,2021.0,12,0,34,2.8333333333333335,2.5,1.0,7.416666666666667,0.6966096901636206,0.7000023862815048,0.3942823108993449,0.8943308908600077,0.7239892313234452,0.721603628249717,0.4325452016689846,0.8969384662018792,0.5176687215775891,0.5226504402039945,0.300833543824198,0.6681541582150102,1,1,1,4,Bosque secundario deciduo,1,Forestal,0,0,0,0,Costa Rica,CRI,"SINAC - Malla de Entrenamientos del Mapa de Bosques 2021, Costa Rica",10,2021,4,1,Bosque secundario deciduo,Forestal,vegetacion_forestal_estacional,0,0,0,0,none,Señal compatible con bosque secundario deciduo,0,0,False,True,False,0.7101254465285555,0.920871495546843,0.47129198023377195,0.6830999624184676,1,0,0,1,media,Revisar en control de calidad temático/espectral,rareza_espectral_por_clase_anio,1,1,Auditoría espectral preliminar SINAC SRC10 2021,Alerta exploratoria; no constituye validación temática definitiva
18970,S2SR_llenado_SRC10_000000733,SRC10_0018970,3884,SRC10_CRI_2021__XY__e49d9b7db88c,SRC10_CRI_2021__XYY__be996cea4ae6,SRC10_CRI_2021__XYC__c56821efbd8e,-85.787506,10.308804,Costa Rica,CRI,"SINAC - Malla de Entrenamientos del Mapa de Bosques 2021, Costa Rica",10,2021,4,1,Bosque secundario deciduo,Forestal,1,12,2021.0,2021.0,12,0,40,3.3333333333333335,3.0,1.5,3.3333333333333335,0.6885354173613768,0.7042452728731855,0.3744927536231883,0.8854439865118022,0.7193997180705073,0.7434664027633233,0.4173140954495005,0.8970116958684766,0.5134501735731157,0.5305287150202771,0.2901951099036799,0.654392573824041,1,1,1,4,Bosque secundario deciduo,1,Forestal,0,0,0,0,Costa Rica,CRI,"SINAC - Malla de Entrenamientos del Mapa de Bosques 2021, Costa Rica",10,2021,4,1,Bosque secundario deciduo,Forestal,vegetacion_forestal_estacional,0,0,0,0,none,Señal compatible con bosque secundario deciduo,0,0,False,True,False,0.7101254465285555,0.920871495546843,0.47129198023377195,0.6830999624184676,1,0,0,1,media,Revisar en control de calidad temático/espectral,rareza_espectral_por_clase_anio,1,1,Auditoría espectral preliminar SINAC SRC10 2021,Alerta exploratoria; no constituye validación temática definitiva
19005,S2SR_llenado_SRC10_000002909,SRC10_0019005,2770,SRC10_CRI_2021__XY__e9448056fedb,SRC10_CRI_2021__XYY__200d88d3dea4,SRC10_CRI_2021__XYC__14596e1cb99e,-85.679085,10.530749,Costa Rica,CRI,"SINAC - Malla de Entrenamientos del Mapa de Bosques 2021, Costa Rica",10,2021,4,1,Bosque secundario deciduo,Forestal,1,12,2021.0,2021.0,12,0,42,3.5,3.0,2.5,5.583333333333333,0.6040158209450347,0.6132212385711027,0.3174176193678548,0.7948137500118424,0.6476471090252082,0.6522744289142934,0.3846620187935738,0.8170369664156887,0.4338677272476532,0.46825078180167456,0.2283245051575133,0.5625219231383134,1,1,1,4,Bosque secundario deciduo,1,Forestal,0,0,0,0,Costa Rica,CRI,"SINAC - Malla de Entrenamientos del Mapa de Bosques 2021, Costa Rica",10,2021,4,1,Bosque secundario deciduo,Forestal,vegetacion_forestal_estacional,0,0,0,0,none,Señal compatible con bosque secundario deciduo,0,0,False,True,True,0.7101254465285555,0.920871495546843,0.47129198023377195,0.6830999624184676,1,0,0,1,media,Revisar en control de calidad temático/espectral,rareza_espectral_por_clase_anio,1,1,Auditoría espectral preliminar SINAC SRC10 2021,Alerta exploratoria; no constituye validación temática definitiva
19019,S2SR_llenado_SRC10_000004798,SRC10_0019019,5213,SRC10_CRI_2021__XY__33743eec5966,SRC10_CRI_2021__XYY__3b011eef90a6,SRC10_CRI_2021__XYC__e054ba439306,-85.598732,10.131058,Costa Rica,CRI,"SINAC - Malla de Entrenamientos del Mapa de Bosques 2021, Costa Rica",10,2021,4,1,Bosque secundario deciduo,Forestal,1,12,2021.0,2021.0,11,1,30,2.5,2.0,3.0,12.409090909090908,0.7128348678666708,0.700990099009901,0.5000679255535934,0.9103942652329748,0.7478218574739224,0.7366803278688525,0.5307917888563051,0.9286733238231096,0.534499764037948,0.48566573998489,0.4031373297696321,0.6713904463049081,1,1,1,4,Bosque secundario deciduo,1,Forestal,0,0,0,0,Costa Rica,CRI,"SINAC - Malla de Entrenamientos del Mapa de Bosques 2021, Costa Rica",10,2021,4,1,Bosque secundario deciduo,Forestal,vegetacion_forestal_estacional,0,0,0,0,none,Señal compatible con bosque secundario deciduo,0,0,False,True,False,0.7101254465285555,0.920871495546843,0.47129198023377195,0.6830999624184676,1,0,0,1,media,Revisar en control de calidad temático/espectral,rareza_espectral_por_clase_anio,1,1,Auditoría espectral preliminar SINAC SRC10 2021,Alerta exploratoria; no constituye validación temática definitiva
19022,S2SR_llenado_SRC10_000004839,SRC10_0019022,4142,SRC10_CRI_2021__XY__2fc542604d1e,SRC10_CRI_2021__XYY__3729c34d527a,SRC10_CRI_2021__XYC__0861bb971f5e,-85.597588,10.25609,Costa Rica,CRI,"SINAC - Malla de Entrenamientos del Mapa de Bosques 2021, Costa Rica",10,2021,4,1,Bosque secundario deciduo,Forestal,1,12,2021.0,2021.0,11,1,42,3.5,4.0,5.5,5.909090909090909,0.6632606704195197,0.6869772998805257,0.4581093898197913,0.7694543886768175,0.6853056665053944,0.719326449686837,0.4856259659969088,0.7914159884504196,0.48976491810620265,0.5111485242468631,0.3435752266744278,0.5905910832091934,1,1,1,4,Bosque secundario deciduo,1,Forestal,0,0,0,0,Costa Rica,CRI,"SINAC - Malla de Entrenamientos del Mapa de Bosques 2021, Costa Rica",10,2021,4,1,Bosque secundario deciduo,Forestal,vegetacion_forestal_estacional,0,0,0,0,none,Señal compatible con bosque secundario deciduo,0,0,False,True,False,0.7101254465285555,0.920871495546843,0.47129198023377195,0.6830999624184676,1,0,0,1,media,Revisar en control de calidad temático/espectral,rareza_espectral_por_clase_anio,1,1,Auditoría espectral preliminar SINAC SRC10 2021,Alerta exploratoria; no constituye validación temática definitiva
19034,S2SR_llenado_SRC10_000018787,SRC10_0019034,2332,SRC10_CRI_2021__XY__3b6bb996afd8,SRC10_CRI_2021__XYY__dd94a21ad7a3,SRC10_CRI_2021__XYC__29540da85ec2,-85.210999,10.553321,Costa Rica,CRI,"SINAC - Malla de Entrenamientos del Mapa de Bosques 2021, Costa Rica",10,2021,4,1,Bosque secundario deciduo,Forestal,1,12,2021.0,2021.0,12,0,43,3.5833333333333335,4.0,1.0,2.2083333333333335,0.7018105674588151,0.7283832585101883,0.383916990920882,0.8672967119511714,0.7257458044065747,0.7499009558056631,0.4261552401087284,0.882250174703005,0.4663512171635469,0.47052359584512143,0.2669707539576066,0.5973313565604151,1,1,1,4,Bosque secundario deciduo,1,Forestal,0,0,0,0,Costa Rica,CRI,"SINAC - Malla de Entrenamientos del Mapa de Bosques 2021, Costa Rica",10,2021,4,1,Bosque secundario deciduo,Forestal,vegetacion_forestal_estacional,0,0,0,0,none,Señal compatible con bosque secundario deciduo,0,0,False,False,True,0.7101254465285555,0.920871495546843,0.47129198023377195,0.6830999624184676,1,0,0,1,media,Revisar en control de calidad temático/espectral,rareza_espectral_por_clase_anio,1,1,Auditoría espectral preliminar SINAC SRC10 2021,Alerta exploratoria; no constituye validación temática definitiva
19065,S2SR_llenado_SRC10_000014896,SRC10_0019065,3786,SRC10_CRI_2021__XY__cdd260401d05,SRC10_CRI_2021__XYY__e1e60944d477,SRC10_CRI_2021__XYC__dc52803921b2,-85.355897,10.380168,Costa Rica,CRI,"SINAC - Malla de Entrenamientos del Mapa de Bosques 2021, Costa Rica",10,2021,4,1,Bosque secundario deciduo,Forestal,1,12,2021.0,2021.0,12,0,41,3.4166666666666665,3.0,1.25,1.7916666666666667,0.5952407715701801,0.6835128384469693,0.2414591777649102,0.8303548955449283,0.6265727126496249,0.7176353430479734,0.2805836139169472,0.8461896993707759,0.41963906264306305,0.4568933860338412,0.192193675889328,0.5912661011624254,1,1,1,4,Bosque secundario deciduo,1,Forestal,0,0,0,0,Costa Rica,CRI,"SINAC - Malla de Entrenamientos del Mapa de Bosques 2021, Costa Rica",10,2021,4,1,Bosque secundario deciduo,Forestal,vegetacion_forestal_estacional,0,0,0,0,none,Señal compatible con bosque secundario deciduo,0,0,False,True,True,0.7101254465285555,0.920871495546843,0.47129198023377195,0.6830999624184676,1,0,0,1,media,Revisar en control de calidad temático/espectral,rareza_espectral_por_clase_anio,1,1,Auditoría espectral preliminar SINAC SRC10 2021,Alerta exploratoria; no constituye validación temática definitiva
19067,S2SR_llenado_SRC10_000018011,SRC10_0019067,2557,SRC10_CRI_2021__XY__e172f6fa154b,SRC10_CRI_2021__XYY__6bfb04a5f9db,SRC10_CRI_2021__XYC__6f2b72775ec0,-85.23572,10.521625,Costa Rica,CRI,"SINAC - Malla de Entrenamientos del Mapa de Bosques 2021, Costa Rica",10,2021,4,1,Bosque secundario deciduo,Forestal,1,12,2021.0,2021.0,12,0,38,3.1666666666666665,3.0,1.0,2.4583333333333335,0.6948288134913958,0.7322674257294508,0.349582371469061,0.8713928620783029,0.7181487541891481,0.755498609967367,0.396591456714792,0.8830535331589656,0.4467280405582126,0.47104284002185937,0.2466247099926098,0.5655866509578743,1,1,1,4,Bosque secundario deciduo,1,Forestal,0,0,0,0,Costa Rica,CRI,"SINAC - Malla de Entrenamientos del Mapa de Bosques 2021, Costa Rica",10,2021,4,1,Bosque secundario deciduo,Forestal,vegetacion_forestal_estacional,0,0,0,0,none,Señal compatible con bosque secundario deciduo,0,0,False,False,True,0.7101254465285555,0.920871495546843,0.47129198023377195,0.6830999624184676,1,0,0,1,media,Revisar en control de calidad temático/espectral,rareza_espectral_por_clase_anio,1,1,Auditoría espectral preliminar SINAC SRC10 2021,Alerta exploratoria; no constituye validación temática definitiva
19127,S2SR_llenado_SRC10_000001453,SRC10_0019127,3855,SRC10_CRI_2021__XY__35759ee46b9d,SRC10_CRI_2021__XYY__a07abf42560d,SRC10_CRI_2021__XYC__f87b629da93a,-85.747575,10.345263,Costa Rica,CRI,"SINAC - Malla de Entrenamientos del Mapa de Bosques 2021, Costa Rica",10,2021,4,1,Bosque secundario deciduo,Forestal,1,12,2021.0,2021.0,12,0,39,3.25,3.0,1.0,5.583333333333333,0.6557319382041324,0.6940451277380595,0.3339196716505423,0.8747001845119744,0.6725888984957918,0.7184219269204404,0.3720287451630735,0.8853497827001262,0.45915881231219036,0.4759276715596571,0.2522567703109327,0.6313663646451187,1,1,1,4,Bosque secundario deciduo,1,Forestal,0,0,0,0,Costa Rica,CRI,"SINAC - Malla de Entrenamientos del Mapa de Bosques 2021, Costa Rica",10,2021,4,1,Bosque secundario deciduo,Forestal,vegetacion_forestal_estacional,0,0,0,0,none,Señal compatible con bosque secundario deciduo,0,0,False,True,False,0.7101254465285555,0.920871495546843,0.47129198023377195,0.6830999624184676,1,0,0,1,media,Revisar en control de calidad temático/espectral,rareza_espectral_por_clase_anio,1,1,Auditoría espectral preliminar SINAC SRC10 2021,Alerta exploratoria; no constituye validación temática definitiva
19152,S2SR_llenado_SRC10_000006239,SRC10_0019152,5100,SRC10_CRI_2021__XY__6eea47720b8c,SRC10_CRI_2021__XYY__7148a1c29fb3,SRC10_CRI_2021__XYC__528b859f7324,-85.568348,10.146562,Costa Rica,CRI,"SINAC - Malla de Entrenamientos del Mapa de Bosques 2021, Costa Rica",10,2021,4,1,Bosque secundario deciduo,Forestal,1,12,2021.0,2021.0,11,1,30,2.5,2.5,2.0,8.909090909090908,0.5785927884588034,0.5763519193051275,0.3691983122362869,0.8026666666666666,0.6311738308867423,0.6306329773378483,0.4256902761104442,0.8226027397260275,0.44948968457763433,0.4564609761341646,0.2838918918918919,0.5863829076456746,1,1,1,4,Bosque secundario deciduo,1,Forestal,0,0,0,0,Costa Rica,CRI,"SINAC - Malla de Entrenamientos del Mapa de Bosques 2021, Costa Rica",10,2021,4,1,Bosque secundario deciduo,Forestal,vegetacion_forestal_estacional,0,0,0,0,none,Señal compatible con bosque secundario deciduo,0,0,False,True,True,0.7101254465285555,0.920871495546843,0.47129198023377195,0.6830999624184676,1,0,0,1,media,Revisar en control de calidad temático/espectral,rareza_espectral_por_clase_anio,1,1,Auditoría espectral preliminar SINAC SRC10 2021,Alerta exploratoria; no constituye validación temática definitiva
19242,S2SR_llenado_SRC10_000016606,SRC10_0019242,3657,SRC10_CRI_2021__XY__8fc03edaf46c,SRC10_CRI_2021__XYY__a53df726e9a6,SRC10_CRI_2021__XYC__bbc7b156d733,-85.271815,10.358608,Costa Rica,CRI,"SINAC - Malla de Entrenamientos del Mapa de Bosques 2021, Costa Rica",10,2021,4,1,Bosque secundario deciduo,Forestal,1,12,2021.0,2021.0,12,0,42,3.5,4.0,1.0,1.0416666666666667,0.7155887939005515,0.6924881908691551,0.5036547163243996,0.8952155913676736,0.7408311583978985,0.7201617531204045,0.5422138836772983,0.9066634019893854,0.4959851035723683,0.45632811264268824,0.3350634371395617,0.6486303686168414,1,1,1,4,Bosque secundario deciduo,1,Forestal,0,0,0,0,Costa Rica,CRI,"SINAC - Malla de Entrenamientos del Mapa de Bosques 2021, Costa Rica",10,2021,4,1,Bosque secundario deciduo,Forestal,vegetacion_forestal_estacional,0,0,0,0,none,Señal compatible con bosque secundario deciduo,0,0,False,True,True,0.7101254465285555,0.920871495546843,0.47129198023377195,0.6830999624184676,1,0,0,1,media,Revisar en control de calidad temático/espectral,rareza_espectral_por_clase_anio,1,1,Auditoría espectral preliminar SINAC SRC10 2021,Alerta exploratoria; no constituye validación temática definitiva
19279,S2SR_llenado_SRC10_000018442,SRC10_0019279,3463,SRC10_CRI_2021__XY__48a5c12be5c3,SRC10_CRI_2021__XYY__c21847baef94,SRC10_CRI_2021__XYC__043a988b79e4,-85.222285,10.390669,Costa Rica,CRI,"SINAC - Malla de Entrenamientos del Mapa de Bosques 2021, Costa Rica",10,2021,4,1,Bosque secundario deciduo,Forestal,1,12,2021.0,2021.0,12,0,45,3.75,4.0,1.0,2.5416666666666665,0.647066206218304,0.682876950954369,0.3221844787039456,0.8744672607516467,0.6756743048836024,0.7139482920747923,0.3607688516510596,0.8837251031760274,0.4653818004362023,0.47146033198547976,0.2494341330918968,0.6350655819359123,1,1,1,4,Bosque secundario deciduo,1,Forestal,0,0,0,0,Costa Rica,CRI,"SINAC - Malla de Entrenamientos del Mapa de Bosques 2021, Costa Rica",10,2021,4,1,Bosque secundario deciduo,Forestal,vegetacion_forestal_estacional,0,0,0,0,none,Señal compatible con bosque secundario deciduo,0,0,False,True,False,0.7101254465285555,0.920871495546843,0.47129198023377195,0.6830999624184676,1,0,0,1,media,Revisar en control de calidad temático/espectral,rareza_espectral_por_clase_anio,1,1,Auditoría espectral preliminar SINAC SRC10 2021,Alerta exploratoria; no constituye validación temática definitiva
19291,S2SR_llenado_SRC10_000006976,SRC10_0019291,5576,SRC10_CRI_2021__XY__6ac8b89a5b75,SRC10_CRI_2021__XYY__d946a8399408,SRC10_CRI_2021__XYC__a2bf65d446a6,-85.553783,10.110852,Costa Rica,CRI,"SINAC - Malla de Entrenamientos del Mapa de Bosques 2021, Costa Rica",10,2021,4,1,Bosque secundario deciduo,Forestal,1,12,2021.0,2021.0,12,0,38,3.1666666666666665,3.0,1.0,3.0833333333333335,0.6122341448752743,0.6593076957551329,0.2967992240543162,0.8269577514092586,0.6535719932986473,0.6892626154627464,0.3621346886912325,0.8541164102634432,0.4532646853711901,0.5132626854351356,0.1919940696812453,0.6405394805948694,1,1,1,4,Bosque secundario deciduo,1,Forestal,0,0,0,0,Costa Rica,CRI,"SINAC - Malla de Entrenamientos del Mapa de Bosques 2021, Costa Rica",10,2021,4,1,Bosque secundario deciduo,Forestal,vegetacion_forestal_estacional,0,0,0,0,none,Señal compatible con bosque secundario deciduo,0,0,False,True,False,0.7101254465285555,0.920871495546843,0.47129198023377195,0.6830999624184676,1,0,0,1,media,Revisar en control de calidad temático/espectral,rareza_espectral_por_clase_anio,1,1,Auditoría espectral preliminar SINAC SRC10 2021,Alerta exploratoria; no constituye validación temática definitiva
19302,S2SR_llenado_SRC10_000015777,SRC10_0019302,3425,SRC10_CRI_2021__XY__75aed0a45248,SRC10_CRI_2021__XYY__1679561ec9be,SRC10_CRI_2021__XYC__d30ac2e3d262,-85.310911,10.396827,Costa Rica,CRI,"SINAC - Malla de Entrenamientos del Mapa de Bosques 2021, Costa Rica",10,2021,4,1,Bosque secundario deciduo,Forestal,1,12,2021.0,2021.0,12,0,41,3.4166666666666665,3.5,1.75,2.2083333333333335,0.6381770039237045,0.6438410955753047,0.2719558761137038,0.8774657274008476,0.6727755851184382,0.6861539329028379,0.3348837209302326,0.8899284918063719,0.447469788238584,0.4316245827078933,0.2118226600985222,0.6251737145126067,1,1,1,4,Bosque secundario deciduo,1,Forestal,0,0,0,0,Costa Rica,CRI,"SINAC - Malla de Entrenamientos del Mapa de Bosques 2021, Costa Rica",10,2021,4,1,Bosque secundario deciduo,Forestal,vegetacion_forestal_estacional,0,0,0,0,none,Señal compatible con bosque secundario deciduo,0,0,False,True,True,0.7101254465285555,0.920871495546843,0.47129198023377195,0.6830999624184676,1,0,0,1,media,Revisar en control de calidad temático/espectral,rareza_espectral_por_clase_anio,1,1,Auditoría espectral preliminar SINAC SRC10 2021,Alerta exploratoria; no constituye validación temática definitiva
19334,S2SR_llenado_SRC10_000016495,SRC10_0019334,2539,SRC10_CRI_2021__XY__1fd36d08d176,SRC10_CRI_2021__XYY__f9b460f555a5,SRC10_CRI_2021__XYC__138c47120d36,-85.277125,10.527405,Costa Rica,CRI,"SINAC - Malla de Entrenamientos del Mapa de Bosques 2021, Costa Rica",10,2021,4,1,Bosque secundario deciduo,Forestal,1,12,2021.0,2021.0,12,0,39,3.25,3.0,1.0,1.125,0.6834171868181976,0.7087840599828009,0.3547376664056382,0.8898851460027638,0.7114584342344005,0.7387890024847805,0.4158099964551577,0.9002150820492199,0.46287976807103565,0.441404739699902,0.2547910775997486,0.6337977202822508,1,1,1,4,Bosque secundario deciduo,1,Forestal,0,0,0,0,Costa Rica,CRI,"SINAC - Malla de Entrenamientos del Mapa de Bosques 2021, Costa Rica",10,2021,4,1,Bosque secundario deciduo,Forestal,vegetacion_forestal_estacional,0,0,0,0,none,Señal compatible con bosque secundario deciduo,0,0,False,True,True,0.7101254465285555,0.920871495546843,0.47129198023377195,0.6830999624184676,1,0,0,1,media,Revisar en control de calidad temático/espectral,rareza_espectral_por_clase_anio,1,1,Auditoría espectral preliminar SINAC SRC10 2021,Alerta exploratoria; no constituye validación temática definitiva
19336,S2SR_llenado_SRC10_000014566,SRC10_0019336,4529,SRC10_CRI_2021__XY__9580d79e8f7e,SRC10_CRI_2021__XYY__34a9aa598995,SRC10_CRI_2021__XYC__2e2ec118f0b2,-85.371915,10.206296,Costa Rica,CRI,"SINAC - Malla de Entrenamientos del Mapa de Bosques 2021, Costa Rica",10,2021,4,1,Bosque secundario deciduo,Forestal,1,12,2021.0,2021.0,11,1,37,3.0833333333333335,3.0,2.0,3.409090909090909,0.7059881128035876,0.6836421294400651,0.4666718365730825,0.8841760126624875,0.7350919253635623,0.7044075895065142,0.5172020932100767,0.8963835134686059,0.49123569347838225,0.4648096564531105,0.318498363675127,0.6361848679584152,1,1,1,4,Bosque secundario deciduo,1,Forestal,0,0,0,0,Costa Rica,CRI,"SINAC - Malla de Entrenamientos del Mapa de Bosques 2021, Costa Rica",10,2021,4,1,Bosque secundario deciduo,Forestal,vegetacion_forestal_estacional,0,0,0,0,none,Señal compatible con bosque secundario deciduo,0,0,False,True,True,0.7101254465285555,0.920871495546843,0.47129198023377195,0.6830999624184676,1,0,0,1,media,Revisar en control de calidad temático/espectral,rareza_espectral_por_clase_anio,1,1,Auditoría espectral preliminar SINAC SRC10 2021,Alerta exploratoria; no constituye validación temática definitiva
19344,S2SR_llenado_SRC10_000001751,SRC10_0019344,3359,SRC10_CRI_2021__XY__1e96382cf1fc,SRC10_CRI_2021__XYY__97bc30553b79,SRC10_CRI_2021__XYC__2c834697f7c2,-85.726268,10.408959,Costa Rica,CRI,"SINAC - Malla de Entrenamientos del Mapa de Bosques 2021, Costa Rica",10,2021,4,1,Bosque secundario deciduo,Forestal,1,12,2021.0,2021.0,12,0,44,3.6666666666666665,4.0,1.0,1.75,0.6555136250927854,0.6662503010253875,0.318588423460936,0.8822585195393513,0.6852255671242155,0.6966484426923532,0.3645930067180349,0.8963961701144345,0.46277323552473343,0.48279268527388525,0.2454829276194436,0.6322300468824176,1,1,1,4,Bosque secundario deciduo,1,Forestal,0,0,0,0,Costa Rica,CRI,"SINAC - Malla de Entrenamientos del Mapa de Bosques 2021, Costa Rica",10,2021,4,1,Bosque secundario deciduo,Forestal,vegetacion_forestal_estacional,0,0,0,0,none,Señal compatible con bosque secundario deciduo,0,0,False,True,False,0.7101254465285555,0.920871495546843,0.47129198023377195,0.6830999624184676,1,0,0,1,media,Revisar en control de calidad temático/espectral,rareza_espectral_por_clase_anio,1,1,Auditoría espectral preliminar SINAC SRC10 2021,Alerta exploratoria; no constituye validación temática definitiva
19347,S2SR_llenado_SRC10_000016617,SRC10_0019347,2720,SRC10_CRI_2021__XY__d8286d606356,SRC10_CRI_2021__XYY__40472f570239,SRC10_CRI_2021__XYC__8b58a00acac0,-85.271288,10.501936,Costa Rica,CRI,"SINAC - Malla de Entrenamientos del Mapa de Bosques 2021, Costa Rica",10,2021,4,1,Bosque secundario deciduo,Forestal,1,12,2021.0,2021.0,12,0,38,3.1666666666666665,3.0,1.5,5.083333333333333,0.6630493091443905,0.7202721323718184,0.3534349259900914,0.8893726410231606,0.6870725217616768,0.7410104848695153,0.3964149280047018,0.8985322801829478,0.4622009866396823,0.44914733071195556,0.253244071134291,0.6311423245319734,1,1,1,4,Bosque secundario deciduo,1,Forestal,0,0,0,0,Costa Rica,CRI,"SINAC - Malla de Entrenamientos del Mapa de Bosques 2021, Costa Rica",10,2021,4,1,Bosque secundario deciduo,Forestal,vegetacion_forestal_estacional,0,0,0,0,none,Señal compatible con bosque secundario deciduo,0,0,False,False,True,0.7101254465285555,0.920871495546843,0.47129198023377195,0.6830999624184676,1,0,0,1,media,Revisar en control de calidad temático/espectral,rareza_espectral_por_clase_anio,1,1,Auditoría espectral preliminar SINAC SRC10 2021,Alerta exploratoria; no constituye validación temática definitiva
19460,S2SR_llenado_SRC10_000000657,SRC10_0019460,2521,SRC10_CRI_2021__XY__57bd994afe9e,SRC10_CRI_2021__XYY__ce07569a0fc9,SRC10_CRI_2021__XYC__be4dc434d1a9,-85.790401,10.524262,Costa Rica,CRI,"SINAC - Malla de Entrenamientos del Mapa de Bosques 2021, Costa Rica",10,2021,4,1,Bosque secundario deciduo,Forestal,1,12,2021.0,2021.0,12,0,44,3.6666666666666665,4.0,7.25,7.0,0.5377715917905506,0.5600786187598554,0.2259631414132829,0.7973414606687361,0.5882629429044278,0.6241230872854133,0.27924423148513,0.8044325092662564,0.3472277102617343,0.34914725652141587,0.1612541434626599,0.4973396968376445,1,1,1,4,Bosque secundario deciduo,1,Forestal,0,0,0,0,Costa Rica,CRI,"SINAC - Malla de Entrenamientos del Mapa de Bosques 2021, Costa Rica",10,2021,4,1,Bosque secundario deciduo,Forestal,vegetacion_forestal_estacional,0,0,0,0,none,Señal compatible con bosque secundario deciduo,0,0,False,True,True,0.7101254465285555,0.920871495546843,0.47129198023377195,0.6830999624184676,1,0,0,1,media,Revisar en control de calidad temático/espectral,rareza_espectral_por_clase_anio,1,1,Auditoría espectral preliminar SINAC SRC10 2021,Alerta exploratoria; no constituye validación temática definitiva
19471,S2SR_llenado_SRC10_000006319,SRC10_0019471,5037,SRC10_CRI_2021__XY__2f2a005e2b42,SRC10_CRI_2021__XYY__6608493b39ab,SRC10_CRI_2021__XYC__15d0cb04217b,-85.56684,10.154712,Costa Rica,CRI,"SINAC - Malla de Entrenamientos del Mapa de Bosques 2021, Costa Rica",10,2021,4,1,Bosque secundario deciduo,Forestal,1,12,2021.0,2021.0,12,0,29,2.4166666666666665,2.0,1.5,6.291666666666667,0.6651218766695665,0.6881155711268345,0.4118852459016393,0.815362248606736,0.6932570576240323,0.7182211267408757,0.4705773842464489,0.834198217582552,0.4714895085367485,0.48842150476698076,0.3434445567913717,0.5979767511945291,1,1,1,4,Bosque secundario deciduo,1,Forestal,0,0,0,0,Costa Rica,CRI,"SINAC - Malla de Entrenamientos del Mapa de Bosques 2021, Costa Rica",10,2021,4,1,Bosque secundario deciduo,Forestal,vegetacion_forestal_estacional,0,0,0,0,none,Señal compatible con bosque secundario deciduo,0,0,False,True,False,0.7101254465285555,0.920871495546843,0.47129198023377195,0.6830999624184676,1,0,0,1,media,Revisar en control de calidad temático/espectral,rareza_espectral_por_clase_anio,1,1,Auditoría espectral preliminar SINAC SRC10 2021,Alerta exploratoria; no constituye validación temática definitiva
19473,S2SR_llenado_SRC10_000001466,SRC10_0019473,3403,SRC10_CRI_2021__XY__7e1f02d34260,SRC10_CRI_2021__XYY__40386be72cf5,SRC10_CRI_2021__XYC__3b7ecb07a78d,-85.74653,10.399721,Costa Rica,CRI,"SINAC - Malla de Entrenamientos del Mapa de Bosques 2021, Costa Rica",10,2021,4,1,Bosque secundario deciduo,Forestal,1,12,2021.0,2021.0,12,0,40,3.3333333333333335,3.0,1.0,2.0416666666666665,0.6345689948193145,0.639876686117846,0.3102131721285395,0.8584641858464186,0.666207820259959,0.6733679892066186,0.3846153846153846,0.8781070745697895,0.4276075944583093,0.40213886293256484,0.2299546142208774,0.5921408170194797,1,1,1,4,Bosque secundario deciduo,1,Forestal,0,0,0,0,Costa Rica,CRI,"SINAC - Malla de Entrenamientos del Mapa de Bosques 2021, Costa Rica",10,2021,4,1,Bosque secundario deciduo,Forestal,vegetacion_forestal_estacional,0,0,0,0,none,Señal compatible con bosque secundario deciduo,0,0,False,True,True,0.7101254465285555,0.920871495546843,0.47129198023377195,0.6830999624184676,1,0,0,1,media,Revisar en control de calidad temático/espectral,rareza_espectral_por_clase_anio,1,1,Auditoría espectral preliminar SINAC SRC10 2021,Alerta exploratoria; no constituye validación temática definitiva
