xy_group_id,lon,lat,pais_grupo,estado_xy_subset,tipo_grupo_original,n_registros_original,n_registros_subset,n_registros,n_anios,anio_min,anio_max,distancia_minima_2020,incluye_2020,score_temporal,pais_dominante,id_fuente_dominante,fuente_dominante,tipo_fuente_dominante,detalle_tipo_fuente_dominante,nivel_0_dominante,nivel_1_dominante,nivel_2_dominante,valores_nivel_0,valores_nivel_1,valores_nivel_2,n_nivel0,n_nivel1,n_nivel2,conf_integrada_promedio_observada,n_conf_integrada_observada,n_fuentes,ids_fuente_presentes,fuentes_presentes,tipos_fuente_presentes,score_directitud_fuente_promedio,score_trazabilidad_fuente_promedio,score_temporal_metadata_fuente_promedio,score_fuente_promedio,score_fuente_minimo,score_fuente_maximo,n_fuentes_anio_inconsistente,n_fuentes_pais_inconsistente,pct_conf_integrada_observada,flag_confianza_imputada,score_confiabilidad_base,origen_score_confiabilidad,conf_integrada_promedio,incluye_2018_2022,n_extract_units_spectral,n_spectral_rows,spectral_severity_order_max,spectral_alert_count_sum,pct_extract_units_sin_alerta,pct_extract_units_alerta_baja,pct_extract_units_alerta_media,pct_extract_units_alerta_alta,pct_extract_units_baja_disponibilidad,pct_extract_units_sin_datos,pct_extract_units_revision_espectral,s2yr_months_obs_median,s2yr_obs_total_median,s2yr_obs_mean_median,s2yr_cloudprob_median,s2yr_ndvi_mean,s2yr_ndvi_median,s2yr_ndvi8a_mean,s2yr_ndvi8a_median,s2yr_ndre_mean,s2yr_ndre_median,spectral_alert_level_max,score_espectral,n_registros_pais_clase,estado_pais_clase,tipo_conflicto,severidad_conflicto,score_prioridad_revision,score_espacial,flag_conflicto_activo,score_consistencia_clase,score_viabilidad_clase,flag_clase_residual,score_claridad_semantica,score_nivel_leyenda,score_tematico,score_confiabilidad,score_representatividad,score_fuente,score_aptitud_raw,score_cap,cap_reason,score_aptitud_total,categoria_aptitud_preliminar,categoria_uso_actividad_1_8,definicion_categoria_aptitud,accion_recomendada,razon_categoria_aptitud,id_nivel_0,nivel_0,id_nivel_1,nivel_1,id_nivel_2,nivel_2,Clase,GranClase,nombre_clase,nombre_gran_clase,geometry
SRC10_CRI_2021_A1__XY__005386f57860,-85.568348,10.146562,Costa Rica,xy_unico_en_subset,sin_conflicto,1,1,1,1,2021,2021,0,1,100.0,Costa Rica,10,"SINAC - Malla de Entrenamientos del Mapa de Bosques 2021, Costa Rica",nueva_fuente,SINAC SRC10 2021,Tierras Forestales,Bosque latifoliado y mixto,Bosque seco o deciduo,Tierras Forestales,Bosque latifoliado y mixto,Bosque seco o deciduo,1,1,1,0.0,0,1,10,"SINAC - Malla de Entrenamientos del Mapa de Bosques 2021, Costa Rica",nueva_fuente,85.0,85.0,100.0,85.0,85.0,85.0,0,0,0.0,1,94.75,derivado_a3_sin_conf_integrada,94.75,1,1,1,2,3,0.0,0.0,100.0,0.0,0.0,0.0,100.0,11.0,30.0,2.5,2.0,0.5785927884588034,0.5763519193051275,0.6311738308867423,0.6306329773378483,0.4494896845776343,0.4564609761341646,media,45.0,2519,suficiente,,,0.0,100.0,0,100.0,100.0,0,100.0,100.0,100.0,94.75,100.0,85.0,90.475,100.0,,90.475,entrenamiento_alta,entrenamiento,Alta aptitud para entrenamiento.,Usar como entrenamiento prioritario.,score_aptitud_total >= 85,40,Tierras Forestales,41,Bosque latifoliado y mixto,414,Bosque seco o deciduo,4,1,Bosque secundario deciduo,Forestal,POINT (-85.56834759388562 10.146562473757056)
SRC10_CRI_2021_A1__XY__006386528810,-85.227341,10.241772,Costa Rica,xy_unico_en_subset,sin_conflicto,1,1,1,1,2021,2021,0,1,100.0,Costa Rica,10,"SINAC - Malla de Entrenamientos del Mapa de Bosques 2021, Costa Rica",nueva_fuente,SINAC SRC10 2021,Tierras húmedas y agua,Humedales,Humedales,Tierras húmedas y agua,Humedales,Humedales,1,1,1,0.0,0,1,10,"SINAC - Malla de Entrenamientos del Mapa de Bosques 2021, Costa Rica",nueva_fuente,85.0,85.0,100.0,85.0,85.0,85.0,0,0,0.0,1,94.75,derivado_a3_sin_conf_integrada,94.75,1,1,1,2,3,0.0,0.0,100.0,0.0,0.0,0.0,100.0,12.0,32.0,2.6666666666666665,3.75,-0.0200973114560825,-0.059357367859605,-0.0411359601677623,-0.0717076646188306,-0.2195162620781039,-0.2347696495347935,media,45.0,409,moderado,,,0.0,100.0,0,100.0,80.0,0,100.0,100.0,94.0,94.75,85.0,85.0,87.775,100.0,,87.775,entrenamiento_alta,entrenamiento,Alta aptitud para entrenamiento.,Usar como entrenamiento prioritario.,score_aptitud_total >= 85,20,Tierras húmedas y agua,22,Humedales,220,Humedales,11,11,Humedal Palustre,Humedal Palustre,POINT (-85.22734141372081 10.241772438183984)
SRC10_CRI_2021_A1__XY__00d7bdd2ec0c,-85.250228,10.158422,Costa Rica,xy_unico_en_subset,sin_conflicto,1,1,1,1,2021,2021,0,1,100.0,Costa Rica,10,"SINAC - Malla de Entrenamientos del Mapa de Bosques 2021, Costa Rica",nueva_fuente,SINAC SRC10 2021,Tierras Forestales,Manglares,Manglares,Tierras Forestales,Manglares,Manglares,1,1,1,0.0,0,1,10,"SINAC - Malla de Entrenamientos del Mapa de Bosques 2021, Costa Rica",nueva_fuente,85.0,85.0,100.0,85.0,85.0,85.0,0,0,0.0,1,94.75,derivado_a3_sin_conf_integrada,94.75,1,1,1,2,3,0.0,0.0,100.0,0.0,0.0,0.0,100.0,12.0,36.0,3.0,1.0,-0.146627925333685,-0.1435239675455946,-0.1824396084556685,-0.20313530338396,-0.3417982751266575,-0.4193405510175941,media,45.0,800,suficiente,,,0.0,100.0,0,100.0,100.0,0,100.0,100.0,100.0,94.75,100.0,85.0,90.475,100.0,,90.475,entrenamiento_alta,entrenamiento,Alta aptitud para entrenamiento.,Usar como entrenamiento prioritario.,score_aptitud_total >= 85,40,Tierras Forestales,43,Manglares,430,Manglares,6,1,Manglar,Forestal,POINT (-85.25022781017749 10.158422411032861)
SRC10_CRI_2021_A1__XY__00e85cfa9346,-85.201802,10.183945,Costa Rica,xy_unico_en_subset,sin_conflicto,1,1,1,1,2021,2021,0,1,100.0,Costa Rica,10,"SINAC - Malla de Entrenamientos del Mapa de Bosques 2021, Costa Rica",nueva_fuente,SINAC SRC10 2021,Tierras Forestales,Manglares,Manglares,Tierras Forestales,Manglares,Manglares,1,1,1,0.0,0,1,10,"SINAC - Malla de Entrenamientos del Mapa de Bosques 2021, Costa Rica",nueva_fuente,85.0,85.0,100.0,85.0,85.0,85.0,0,0,0.0,1,94.75,derivado_a3_sin_conf_integrada,94.75,1,1,1,2,3,0.0,0.0,100.0,0.0,0.0,0.0,100.0,12.0,42.0,3.5,6.75,0.2314926565553252,0.2535086328829927,0.3107887815932589,0.3501424872083521,0.1496330581762072,0.1326927426180492,media,45.0,800,suficiente,,,0.0,100.0,0,100.0,100.0,0,100.0,100.0,100.0,94.75,100.0,85.0,90.475,100.0,,90.475,entrenamiento_alta,entrenamiento,Alta aptitud para entrenamiento.,Usar como entrenamiento prioritario.,score_aptitud_total >= 85,40,Tierras Forestales,43,Manglares,430,Manglares,6,1,Manglar,Forestal,POINT (-85.20180214957865 10.183944889888663)
SRC10_CRI_2021_A1__XY__02c3be325739,-85.235198,10.089696,Costa Rica,xy_unico_en_subset,sin_conflicto,1,1,1,1,2021,2021,0,1,100.0,Costa Rica,10,"SINAC - Malla de Entrenamientos del Mapa de Bosques 2021, Costa Rica",nueva_fuente,SINAC SRC10 2021,Tierras Forestales,Manglares,Manglares,Tierras Forestales,Manglares,Manglares,1,1,1,0.0,0,1,10,"SINAC - Malla de Entrenamientos del Mapa de Bosques 2021, Costa Rica",nueva_fuente,85.0,85.0,100.0,85.0,85.0,85.0,0,0,0.0,1,94.75,derivado_a3_sin_conf_integrada,94.75,1,1,1,2,3,0.0,0.0,100.0,0.0,0.0,0.0,100.0,12.0,43.0,3.583333333333333,2.25,-0.1277163394707834,-0.1241151950526323,-0.004410597522004,-0.0242587401815544,-0.1722625694800972,-0.1657310087024222,media,45.0,800,suficiente,,,0.0,100.0,0,100.0,100.0,0,100.0,100.0,100.0,94.75,100.0,85.0,90.475,100.0,,90.475,entrenamiento_alta,entrenamiento,Alta aptitud para entrenamiento.,Usar como entrenamiento prioritario.,score_aptitud_total >= 85,40,Tierras Forestales,43,Manglares,430,Manglares,6,1,Manglar,Forestal,POINT (-85.23519763514372 10.089696368837561)
SRC10_CRI_2021_A1__XY__02eba43170e0,-85.255138,10.525717,Costa Rica,xy_unico_en_subset,sin_conflicto,1,1,1,1,2021,2021,0,1,100.0,Costa Rica,10,"SINAC - Malla de Entrenamientos del Mapa de Bosques 2021, Costa Rica",nueva_fuente,SINAC SRC10 2021,Artificializado y otra tierras,Urbano,Urbano,Artificializado y otra tierras,Urbano,Urbano,1,1,1,0.0,0,1,10,"SINAC - Malla de Entrenamientos del Mapa de Bosques 2021, Costa Rica",nueva_fuente,85.0,85.0,100.0,85.0,85.0,85.0,0,0,0.0,1,94.75,derivado_a3_sin_conf_integrada,94.75,1,1,1,2,2,0.0,0.0,100.0,0.0,0.0,0.0,100.0,12.0,41.0,3.4166666666666665,14.0,0.031178944243181,0.0392066103548092,0.0380678174882813,0.0418438397668656,-0.0154932246465925,-0.0154789912573196,media,45.0,5928,suficiente,,,0.0,100.0,0,100.0,100.0,0,100.0,100.0,100.0,94.75,100.0,85.0,90.475,100.0,,90.475,entrenamiento_alta,entrenamiento,Alta aptitud para entrenamiento.,Usar como entrenamiento prioritario.,score_aptitud_total >= 85,10,Artificializado y otra tierras,11,Urbano,110,Urbano,16,16,Edificaciones,Edificaciones,POINT (-85.25513844356931 10.525716705515558)
SRC10_CRI_2021_A1__XY__030c095c2ccc,-85.262787,10.44606,Costa Rica,xy_unico_en_subset,sin_conflicto,1,1,1,1,2021,2021,0,1,100.0,Costa Rica,10,"SINAC - Malla de Entrenamientos del Mapa de Bosques 2021, Costa Rica",nueva_fuente,SINAC SRC10 2021,Tierras Forestales,Bosque latifoliado y mixto,Bosque seco o deciduo,Tierras Forestales,Bosque latifoliado y mixto,Bosque seco o deciduo,1,1,1,0.0,0,1,10,"SINAC - Malla de Entrenamientos del Mapa de Bosques 2021, Costa Rica",nueva_fuente,85.0,85.0,100.0,85.0,85.0,85.0,0,0,0.0,1,94.75,derivado_a3_sin_conf_integrada,94.75,1,1,1,2,2,0.0,0.0,100.0,0.0,0.0,0.0,100.0,12.0,36.0,3.0,1.0,0.6719113593253732,0.7120025483339678,0.6944132533550967,0.7361743275487255,0.4636113510173503,0.4657752548480219,media,45.0,2519,suficiente,,,0.0,100.0,0,100.0,100.0,0,100.0,100.0,100.0,94.75,100.0,85.0,90.475,100.0,,90.475,entrenamiento_alta,entrenamiento,Alta aptitud para entrenamiento.,Usar como entrenamiento prioritario.,score_aptitud_total >= 85,40,Tierras Forestales,41,Bosque latifoliado y mixto,414,Bosque seco o deciduo,4,1,Bosque secundario deciduo,Forestal,POINT (-85.26278654799309 10.446059997303196)
SRC10_CRI_2021_A1__XY__033d769a84f6,-85.273656,10.334171,Costa Rica,xy_unico_en_subset,sin_conflicto,1,1,1,1,2021,2021,0,1,100.0,Costa Rica,10,"SINAC - Malla de Entrenamientos del Mapa de Bosques 2021, Costa Rica",nueva_fuente,SINAC SRC10 2021,Tierras Forestales,Bosque latifoliado y mixto,Bosque seco o deciduo,Tierras Forestales,Bosque latifoliado y mixto,Bosque seco o deciduo,1,1,1,0.0,0,1,10,"SINAC - Malla de Entrenamientos del Mapa de Bosques 2021, Costa Rica",nueva_fuente,85.0,85.0,100.0,85.0,85.0,85.0,0,0,0.0,1,94.75,derivado_a3_sin_conf_integrada,94.75,1,1,1,2,2,0.0,0.0,100.0,0.0,0.0,0.0,100.0,12.0,43.0,3.583333333333333,1.0,0.6852403714755684,0.703465212082649,0.7165926883212529,0.7263256341119071,0.4830689709656757,0.4919296037657777,media,45.0,2519,suficiente,,,0.0,100.0,0,100.0,100.0,0,100.0,100.0,100.0,94.75,100.0,85.0,90.475,100.0,,90.475,entrenamiento_alta,entrenamiento,Alta aptitud para entrenamiento.,Usar como entrenamiento prioritario.,score_aptitud_total >= 85,40,Tierras Forestales,41,Bosque latifoliado y mixto,414,Bosque seco o deciduo,4,1,Bosque secundario deciduo,Forestal,POINT (-85.27365632351378 10.33417145603443)
SRC10_CRI_2021_A1__XY__038d60850700,-85.502618,10.445735,Costa Rica,xy_unico_en_subset,sin_conflicto,1,1,1,1,2021,2021,0,1,100.0,Costa Rica,10,"SINAC - Malla de Entrenamientos del Mapa de Bosques 2021, Costa Rica",nueva_fuente,SINAC SRC10 2021,Tierras de Cultivo y Pastos,Cultivos intensivos No-Arbóreos,Otros cultivos intensivos no arbóreos,Tierras de Cultivo y Pastos,Cultivos intensivos No-Arbóreos,Otros cultivos intensivos no arbóreos,1,1,1,0.0,0,1,10,"SINAC - Malla de Entrenamientos del Mapa de Bosques 2021, Costa Rica",nueva_fuente,85.0,85.0,100.0,85.0,85.0,85.0,0,0,0.0,1,94.75,derivado_a3_sin_conf_integrada,94.75,1,1,1,2,2,0.0,0.0,100.0,0.0,0.0,0.0,100.0,12.0,42.0,3.5,7.25,0.1284787489602829,0.1153730873518153,0.1617395209248591,0.1526720766451716,0.0879339618765539,0.0707209259345328,media,45.0,8489,suficiente,,,0.0,100.0,0,100.0,100.0,0,100.0,100.0,100.0,94.75,100.0,85.0,90.475,100.0,,90.475,entrenamiento_alta,entrenamiento,Alta aptitud para entrenamiento.,Usar como entrenamiento prioritario.,score_aptitud_total >= 85,30,Tierras de Cultivo y Pastos,31,Cultivos intensivos No-Arbóreos,315,Otros cultivos intensivos no arbóreos,9,9,Cultivos,Cultivos,POINT (-85.50261827003199 10.44573529895834)
SRC10_CRI_2021_A1__XY__0393ee09cc8e,-85.665795,10.538185,Costa Rica,xy_unico_en_subset,sin_conflicto,1,1,1,1,2021,2021,0,1,100.0,Costa Rica,10,"SINAC - Malla de Entrenamientos del Mapa de Bosques 2021, Costa Rica",nueva_fuente,SINAC SRC10 2021,Artificializado y otra tierras,Urbano,Urbano,Artificializado y otra tierras,Urbano,Urbano,1,1,1,0.0,0,1,10,"SINAC - Malla de Entrenamientos del Mapa de Bosques 2021, Costa Rica",nueva_fuente,85.0,85.0,100.0,85.0,85.0,85.0,0,0,0.0,1,94.75,derivado_a3_sin_conf_integrada,94.75,1,1,1,2,2,0.0,0.0,100.0,0.0,0.0,0.0,100.0,10.0,12.0,1.0,15.5,-0.0111645846226347,-0.0138468429160667,0.0056651302971648,0.0030131256084329,0.0050622658078127,-0.0006869139960578,media,45.0,5928,suficiente,,,0.0,100.0,0,100.0,100.0,0,100.0,100.0,100.0,94.75,100.0,85.0,90.475,100.0,,90.475,entrenamiento_alta,entrenamiento,Alta aptitud para entrenamiento.,Usar como entrenamiento prioritario.,score_aptitud_total >= 85,10,Artificializado y otra tierras,11,Urbano,110,Urbano,16,16,Edificaciones,Edificaciones,POINT (-85.66579495727402 10.538185186914474)
SRC10_CRI_2021_A1__XY__04da938c978f,-85.723633,10.325179,Costa Rica,xy_unico_en_subset,sin_conflicto,1,1,1,1,2021,2021,0,1,100.0,Costa Rica,10,"SINAC - Malla de Entrenamientos del Mapa de Bosques 2021, Costa Rica",nueva_fuente,SINAC SRC10 2021,Tierras Forestales,Bosque latifoliado y mixto,Latifoliado secundario húmedo,Tierras Forestales,Bosque latifoliado y mixto,Latifoliado secundario húmedo,1,1,1,0.0,0,1,10,"SINAC - Malla de Entrenamientos del Mapa de Bosques 2021, Costa Rica",nueva_fuente,85.0,85.0,100.0,85.0,85.0,85.0,0,0,0.0,1,94.75,derivado_a3_sin_conf_integrada,94.75,1,1,1,2,3,0.0,0.0,100.0,0.0,0.0,0.0,100.0,12.0,43.0,3.583333333333333,2.0,0.6809451235648162,0.7115017222979325,0.7134432574607038,0.7495668259740842,0.4983294693497422,0.508170163051415,media,45.0,2519,suficiente,,,0.0,100.0,0,100.0,100.0,0,100.0,100.0,100.0,94.75,100.0,85.0,90.475,100.0,,90.475,entrenamiento_alta,entrenamiento,Alta aptitud para entrenamiento.,Usar como entrenamiento prioritario.,score_aptitud_total >= 85,40,Tierras Forestales,41,Bosque latifoliado y mixto,412,Latifoliado secundario húmedo,2,1,Bosque secundario,Forestal,POINT (-85.72363270702014 10.325179491829795)
SRC10_CRI_2021_A1__XY__05500ff37a7b,-85.277125,10.527405,Costa Rica,xy_unico_en_subset,sin_conflicto,1,1,1,1,2021,2021,0,1,100.0,Costa Rica,10,"SINAC - Malla de Entrenamientos del Mapa de Bosques 2021, Costa Rica",nueva_fuente,SINAC SRC10 2021,Tierras Forestales,Bosque latifoliado y mixto,Bosque seco o deciduo,Tierras Forestales,Bosque latifoliado y mixto,Bosque seco o deciduo,1,1,1,0.0,0,1,10,"SINAC - Malla de Entrenamientos del Mapa de Bosques 2021, Costa Rica",nueva_fuente,85.0,85.0,100.0,85.0,85.0,85.0,0,0,0.0,1,94.75,derivado_a3_sin_conf_integrada,94.75,1,1,1,2,3,0.0,0.0,100.0,0.0,0.0,0.0,100.0,12.0,39.0,3.25,1.0,0.6834171868181976,0.7087840599828009,0.7114584342344005,0.7387890024847805,0.4628797680710356,0.441404739699902,media,45.0,2519,suficiente,,,0.0,100.0,0,100.0,100.0,0,100.0,100.0,100.0,94.75,100.0,85.0,90.475,100.0,,90.475,entrenamiento_alta,entrenamiento,Alta aptitud para entrenamiento.,Usar como entrenamiento prioritario.,score_aptitud_total >= 85,40,Tierras Forestales,41,Bosque latifoliado y mixto,414,Bosque seco o deciduo,4,1,Bosque secundario deciduo,Forestal,POINT (-85.27712546048996 10.527404979440938)
SRC10_CRI_2021_A1__XY__064bbe98c0ba,-85.704621,10.321661,Costa Rica,xy_unico_en_subset,sin_conflicto,1,1,1,1,2021,2021,0,1,100.0,Costa Rica,10,"SINAC - Malla de Entrenamientos del Mapa de Bosques 2021, Costa Rica",nueva_fuente,SINAC SRC10 2021,Tierras Forestales,Bosque latifoliado y mixto,Latifoliado secundario húmedo,Tierras Forestales,Bosque latifoliado y mixto,Latifoliado secundario húmedo,1,1,1,0.0,0,1,10,"SINAC - Malla de Entrenamientos del Mapa de Bosques 2021, Costa Rica",nueva_fuente,85.0,85.0,100.0,85.0,85.0,85.0,0,0,0.0,1,94.75,derivado_a3_sin_conf_integrada,94.75,1,1,1,2,3,0.0,0.0,100.0,0.0,0.0,0.0,100.0,12.0,45.0,3.75,2.5,0.6654019665074603,0.711164056486168,0.6949136360855345,0.7365681984848361,0.4781483981760244,0.5088662609291617,media,45.0,2519,suficiente,,,0.0,100.0,0,100.0,100.0,0,100.0,100.0,100.0,94.75,100.0,85.0,90.475,100.0,,90.475,entrenamiento_alta,entrenamiento,Alta aptitud para entrenamiento.,Usar como entrenamiento prioritario.,score_aptitud_total >= 85,40,Tierras Forestales,41,Bosque latifoliado y mixto,412,Latifoliado secundario húmedo,2,1,Bosque secundario,Forestal,POINT (-85.70462121222354 10.321661084704491)
SRC10_CRI_2021_A1__XY__0677f99ee083,-85.254306,10.122206,Costa Rica,xy_unico_en_subset,sin_conflicto,1,1,1,1,2021,2021,0,1,100.0,Costa Rica,10,"SINAC - Malla de Entrenamientos del Mapa de Bosques 2021, Costa Rica",nueva_fuente,SINAC SRC10 2021,Tierras Forestales,Manglares,Manglares,Tierras Forestales,Manglares,Manglares,1,1,1,0.0,0,1,10,"SINAC - Malla de Entrenamientos del Mapa de Bosques 2021, Costa Rica",nueva_fuente,85.0,85.0,100.0,85.0,85.0,85.0,0,0,0.0,1,94.75,derivado_a3_sin_conf_integrada,94.75,1,1,1,2,3,0.0,0.0,100.0,0.0,0.0,0.0,100.0,12.0,40.0,3.333333333333333,5.5,-0.0005020356934864,0.0054644644427925,0.1626304721643337,0.1281715362051889,0.0970796479277986,0.0854157330605185,media,45.0,800,suficiente,,,0.0,100.0,0,100.0,100.0,0,100.0,100.0,100.0,94.75,100.0,85.0,90.475,100.0,,90.475,entrenamiento_alta,entrenamiento,Alta aptitud para entrenamiento.,Usar como entrenamiento prioritario.,score_aptitud_total >= 85,40,Tierras Forestales,43,Manglares,430,Manglares,6,1,Manglar,Forestal,POINT (-85.2543060531915 10.12220551787113)
SRC10_CRI_2021_A1__XY__068304ccb434,-85.67234,10.202387,Costa Rica,conflicto_tematico_subset,conflicto_tematico,2,2,2,1,2021,2021,0,1,100.0,Costa Rica,10,"SINAC - Malla de Entrenamientos del Mapa de Bosques 2021, Costa Rica",nueva_fuente,SINAC SRC10 2021,Tierras Forestales,Bosque latifoliado y mixto,Latifoliado secundario húmedo,Tierras Forestales | Tierras de Cultivo y Pastos,Bosque latifoliado y mixto | Cultivos intensivos No-Arbóreos,Latifoliado secundario húmedo | Otros cultivos intensivos no arbóreos,2,2,2,0.0,0,1,10,"SINAC - Malla de Entrenamientos del Mapa de Bosques 2021, Costa Rica",nueva_fuente,85.0,85.0,100.0,85.0,85.0,85.0,0,0,0.0,1,54.75,derivado_a3_sin_conf_integrada,54.75,1,1,1,0,0,100.0,0.0,0.0,0.0,0.0,0.0,0.0,12.0,36.0,3.0,1.0,0.8266395741327455,0.867250955997759,0.8435778029375512,0.8779354312376806,0.6083126411260406,0.6298950290324198,sin_alerta,100.0,2519,suficiente,conflicto_tematico_xy,alta,100.0,0.0,1,0.0,100.0,0,100.0,40.0,54.0,54.75,100.0,85.0,65.525,100.0,,65.525,referencia_contextual,referencia_contextual,Aptitud contextual.,Usar como apoyo o referencia.,55 <= score_aptitud_total < 70,40,Tierras Forestales,41,Bosque latifoliado y mixto,412,Latifoliado secundario húmedo,2,1,Bosque secundario,Forestal,POINT (-85.67234034109009 10.202387454106777)
SRC10_CRI_2021_A1__XY__06d8a6e27e4f,-85.333919,10.38229,Costa Rica,xy_unico_en_subset,sin_conflicto,1,1,1,1,2021,2021,0,1,100.0,Costa Rica,10,"SINAC - Malla de Entrenamientos del Mapa de Bosques 2021, Costa Rica",nueva_fuente,SINAC SRC10 2021,Tierras Forestales,Bosque latifoliado y mixto,Bosque seco o deciduo,Tierras Forestales,Bosque latifoliado y mixto,Bosque seco o deciduo,1,1,1,0.0,0,1,10,"SINAC - Malla de Entrenamientos del Mapa de Bosques 2021, Costa Rica",nueva_fuente,85.0,85.0,100.0,85.0,85.0,85.0,0,0,0.0,1,94.75,derivado_a3_sin_conf_integrada,94.75,1,1,1,2,3,0.0,0.0,100.0,0.0,0.0,0.0,100.0,12.0,43.0,3.583333333333333,1.0,0.6875545199653876,0.6891134686671172,0.715720811784413,0.7194002023578094,0.47674334230639,0.4593955272877768,media,45.0,2519,suficiente,,,0.0,100.0,0,100.0,100.0,0,100.0,100.0,100.0,94.75,100.0,85.0,90.475,100.0,,90.475,entrenamiento_alta,entrenamiento,Alta aptitud para entrenamiento.,Usar como entrenamiento prioritario.,score_aptitud_total >= 85,40,Tierras Forestales,41,Bosque latifoliado y mixto,414,Bosque seco o deciduo,4,1,Bosque secundario deciduo,Forestal,POINT (-85.33391916689784 10.382290299879578)
SRC10_CRI_2021_A1__XY__074f58a10057,-85.241539,10.093293,Costa Rica,xy_unico_en_subset,sin_conflicto,1,1,1,1,2021,2021,0,1,100.0,Costa Rica,10,"SINAC - Malla de Entrenamientos del Mapa de Bosques 2021, Costa Rica",nueva_fuente,SINAC SRC10 2021,Tierras Forestales,Manglares,Manglares,Tierras Forestales,Manglares,Manglares,1,1,1,0.0,0,1,10,"SINAC - Malla de Entrenamientos del Mapa de Bosques 2021, Costa Rica",nueva_fuente,85.0,85.0,100.0,85.0,85.0,85.0,0,0,0.0,1,94.75,derivado_a3_sin_conf_integrada,94.75,1,1,1,2,3,0.0,0.0,100.0,0.0,0.0,0.0,100.0,12.0,43.0,3.583333333333333,3.75,-0.0732815113749341,-0.0610706004841292,0.0068759404605161,0.0224090720237689,-0.105379056774257,-0.1122671543398819,media,45.0,800,suficiente,,,0.0,100.0,0,100.0,100.0,0,100.0,100.0,100.0,94.75,100.0,85.0,90.475,100.0,,90.475,entrenamiento_alta,entrenamiento,Alta aptitud para entrenamiento.,Usar como entrenamiento prioritario.,score_aptitud_total >= 85,40,Tierras Forestales,43,Manglares,430,Manglares,6,1,Manglar,Forestal,POINT (-85.24153888522098 10.093292723831519)
SRC10_CRI_2021_A1__XY__07e6fbd06c07,-85.762797,10.534886,Costa Rica,xy_unico_en_subset,sin_conflicto,1,1,1,1,2021,2021,0,1,100.0,Costa Rica,10,"SINAC - Malla de Entrenamientos del Mapa de Bosques 2021, Costa Rica",nueva_fuente,SINAC SRC10 2021,Tierras húmedas y agua,Cuerpos de Agua,Cuerpos de Agua,Tierras húmedas y agua,Cuerpos de Agua,Cuerpos de Agua,1,1,1,0.0,0,1,10,"SINAC - Malla de Entrenamientos del Mapa de Bosques 2021, Costa Rica",nueva_fuente,85.0,85.0,100.0,85.0,85.0,85.0,0,0,0.0,1,94.75,derivado_a3_sin_conf_integrada,94.75,1,1,1,2,2,0.0,0.0,100.0,0.0,0.0,0.0,100.0,12.0,44.0,3.6666666666666665,0.5,-0.3981775085666051,-0.3189658337526984,-0.3240487121099828,-0.2635877635877635,-0.2639758268120895,-0.1968479117415287,media,45.0,150,moderado,,,0.0,100.0,0,100.0,80.0,0,100.0,100.0,94.0,94.75,85.0,85.0,87.775,100.0,,87.775,entrenamiento_alta,entrenamiento,Alta aptitud para entrenamiento.,Usar como entrenamiento prioritario.,score_aptitud_total >= 85,20,Tierras húmedas y agua,21,Cuerpos de Agua,210,Cuerpos de Agua,10,10,Agua,Agua,POINT (-85.76279737306568 10.534885794564023)
SRC10_CRI_2021_A1__XY__07fcf01f2368,-85.679085,10.530749,Costa Rica,xy_unico_en_subset,sin_conflicto,1,1,1,1,2021,2021,0,1,100.0,Costa Rica,10,"SINAC - Malla de Entrenamientos del Mapa de Bosques 2021, Costa Rica",nueva_fuente,SINAC SRC10 2021,Tierras Forestales,Bosque latifoliado y mixto,Bosque seco o deciduo,Tierras Forestales,Bosque latifoliado y mixto,Bosque seco o deciduo,1,1,1,0.0,0,1,10,"SINAC - Malla de Entrenamientos del Mapa de Bosques 2021, Costa Rica",nueva_fuente,85.0,85.0,100.0,85.0,85.0,85.0,0,0,0.0,1,94.75,derivado_a3_sin_conf_integrada,94.75,1,1,1,2,3,0.0,0.0,100.0,0.0,0.0,0.0,100.0,12.0,42.0,3.5,2.5,0.6040158209450347,0.6132212385711027,0.6476471090252082,0.6522744289142934,0.4338677272476532,0.4682507818016745,media,45.0,2519,suficiente,,,0.0,100.0,0,100.0,100.0,0,100.0,100.0,100.0,94.75,100.0,85.0,90.475,100.0,,90.475,entrenamiento_alta,entrenamiento,Alta aptitud para entrenamiento.,Usar como entrenamiento prioritario.,score_aptitud_total >= 85,40,Tierras Forestales,41,Bosque latifoliado y mixto,414,Bosque seco o deciduo,4,1,Bosque secundario deciduo,Forestal,POINT (-85.67908460901243 10.530748685694778)
SRC10_CRI_2021_A1__XY__09b5d2df917f,-85.19789,10.266017,Costa Rica,xy_unico_en_subset,sin_conflicto,1,1,1,1,2021,2021,0,1,100.0,Costa Rica,10,"SINAC - Malla de Entrenamientos del Mapa de Bosques 2021, Costa Rica",nueva_fuente,SINAC SRC10 2021,Tierras de Cultivo y Pastos,"Cultivos extensivos, Pastizales y matorrales",Pastizales naturales y cultivados,Tierras de Cultivo y Pastos,"Cultivos extensivos, Pastizales y matorrales",Pastizales naturales y cultivados,1,1,1,0.0,0,1,10,"SINAC - Malla de Entrenamientos del Mapa de Bosques 2021, Costa Rica",nueva_fuente,85.0,85.0,100.0,85.0,85.0,85.0,0,0,0.0,1,94.75,derivado_a3_sin_conf_integrada,94.75,1,1,1,2,3,0.0,0.0,100.0,0.0,0.0,0.0,100.0,12.0,42.0,3.5,1.5,0.8515101733305895,0.8741537440170338,0.8626489787794153,0.8862876875255333,0.6274616289576622,0.6440452144614481,media,45.0,1179,suficiente,,,0.0,100.0,0,100.0,100.0,0,100.0,100.0,100.0,94.75,100.0,85.0,90.475,100.0,,90.475,entrenamiento_alta,entrenamiento,Alta aptitud para entrenamiento.,Usar como entrenamiento prioritario.,score_aptitud_total >= 85,30,Tierras de Cultivo y Pastos,33,"Cultivos extensivos, Pastizales y matorrales",332,Pastizales naturales y cultivados,8,8,Pastos,Pastos,POINT (-85.19789012439344 10.26601677943994)
SRC10_CRI_2021_A1__XY__0a5804741b09,-85.237376,10.107789,Costa Rica,xy_unico_en_subset,sin_conflicto,1,1,1,1,2021,2021,0,1,100.0,Costa Rica,10,"SINAC - Malla de Entrenamientos del Mapa de Bosques 2021, Costa Rica",nueva_fuente,SINAC SRC10 2021,Tierras Forestales,Manglares,Manglares,Tierras Forestales,Manglares,Manglares,1,1,1,0.0,0,1,10,"SINAC - Malla de Entrenamientos del Mapa de Bosques 2021, Costa Rica",nueva_fuente,85.0,85.0,100.0,85.0,85.0,85.0,0,0,0.0,1,94.75,derivado_a3_sin_conf_integrada,94.75,1,1,1,2,3,0.0,0.0,100.0,0.0,0.0,0.0,100.0,12.0,38.0,3.1666666666666665,1.0,-0.2847513964731422,-0.2871219044953885,-0.2812584098334188,-0.2990139425193224,-0.3004966303865165,-0.3006749076330773,media,45.0,800,suficiente,,,0.0,100.0,0,100.0,100.0,0,100.0,100.0,100.0,94.75,100.0,85.0,90.475,100.0,,90.475,entrenamiento_alta,entrenamiento,Alta aptitud para entrenamiento.,Usar como entrenamiento prioritario.,score_aptitud_total >= 85,40,Tierras Forestales,43,Manglares,430,Manglares,6,1,Manglar,Forestal,POINT (-85.23737595574956 10.107789015188082)
SRC10_CRI_2021_A1__XY__0c45a75e1a25,-85.470466,10.232712,Costa Rica,xy_unico_en_subset,sin_conflicto,1,1,1,1,2021,2021,0,1,100.0,Costa Rica,10,"SINAC - Malla de Entrenamientos del Mapa de Bosques 2021, Costa Rica",nueva_fuente,SINAC SRC10 2021,Tierras Forestales,Bosque latifoliado y mixto,Bosque seco o deciduo,Tierras Forestales,Bosque latifoliado y mixto,Bosque seco o deciduo,1,1,1,0.0,0,1,10,"SINAC - Malla de Entrenamientos del Mapa de Bosques 2021, Costa Rica",nueva_fuente,85.0,85.0,100.0,85.0,85.0,85.0,0,0,0.0,1,94.75,derivado_a3_sin_conf_integrada,94.75,1,1,1,2,2,0.0,0.0,100.0,0.0,0.0,0.0,100.0,12.0,38.0,3.1666666666666665,2.0,0.6702124775605568,0.6803395062137034,0.7047656253668477,0.7177011073906037,0.4892614658951017,0.5009893230702381,media,45.0,2519,suficiente,,,0.0,100.0,0,100.0,100.0,0,100.0,100.0,100.0,94.75,100.0,85.0,90.475,100.0,,90.475,entrenamiento_alta,entrenamiento,Alta aptitud para entrenamiento.,Usar como entrenamiento prioritario.,score_aptitud_total >= 85,40,Tierras Forestales,41,Bosque latifoliado y mixto,414,Bosque seco o deciduo,4,1,Bosque secundario deciduo,Forestal,POINT (-85.47046613335853 10.23271222711703)
SRC10_CRI_2021_A1__XY__0c600feefc8e,-85.616176,10.358312,Costa Rica,conflicto_tematico_subset,conflicto_tematico,2,2,2,1,2021,2021,0,1,100.0,Costa Rica,10,"SINAC - Malla de Entrenamientos del Mapa de Bosques 2021, Costa Rica",nueva_fuente,SINAC SRC10 2021,Tierras Forestales,Bosque latifoliado y mixto,Latifoliado secundario húmedo,Tierras Forestales | Tierras de Cultivo y Pastos,Bosque latifoliado y mixto | Cultivos intensivos No-Arbóreos,Latifoliado secundario húmedo | Otros cultivos intensivos no arbóreos,2,2,2,0.0,0,1,10,"SINAC - Malla de Entrenamientos del Mapa de Bosques 2021, Costa Rica",nueva_fuente,85.0,85.0,100.0,85.0,85.0,85.0,0,0,0.0,1,54.75,derivado_a3_sin_conf_integrada,54.75,1,1,1,0,0,100.0,0.0,0.0,0.0,0.0,0.0,0.0,12.0,49.0,4.083333333333333,2.0,0.7688404009641867,0.8331790098317013,0.7887151422396307,0.851473441588737,0.5536111863488488,0.618489639147203,sin_alerta,100.0,2519,suficiente,conflicto_tematico_xy,alta,100.0,0.0,1,0.0,100.0,0,100.0,40.0,54.0,54.75,100.0,85.0,65.525,100.0,,65.525,referencia_contextual,referencia_contextual,Aptitud contextual.,Usar como apoyo o referencia.,55 <= score_aptitud_total < 70,40,Tierras Forestales,41,Bosque latifoliado y mixto,412,Latifoliado secundario húmedo,2,1,Bosque secundario,Forestal,POINT (-85.6161755018749 10.35831154810331)
SRC10_CRI_2021_A1__XY__0c7721c0e064,-85.292341,10.138952,Costa Rica,xy_unico_en_subset,sin_conflicto,1,1,1,1,2021,2021,0,1,100.0,Costa Rica,10,"SINAC - Malla de Entrenamientos del Mapa de Bosques 2021, Costa Rica",nueva_fuente,SINAC SRC10 2021,Tierras de Cultivo y Pastos,"Cultivos extensivos, Pastizales y matorrales",Pastizales naturales y cultivados,Tierras de Cultivo y Pastos,"Cultivos extensivos, Pastizales y matorrales",Pastizales naturales y cultivados,1,1,1,0.0,0,1,10,"SINAC - Malla de Entrenamientos del Mapa de Bosques 2021, Costa Rica",nueva_fuente,85.0,85.0,100.0,85.0,85.0,85.0,0,0,0.0,1,94.75,derivado_a3_sin_conf_integrada,94.75,1,1,1,2,3,0.0,0.0,100.0,0.0,0.0,0.0,100.0,12.0,40.0,3.333333333333333,4.75,0.3229954427185963,0.3283366627549695,0.3987235388534875,0.4198842689805866,0.1711485873369406,0.1834598750455557,media,45.0,1179,suficiente,,,0.0,100.0,0,100.0,100.0,0,100.0,100.0,100.0,94.75,100.0,85.0,90.475,100.0,,90.475,entrenamiento_alta,entrenamiento,Alta aptitud para entrenamiento.,Usar como entrenamiento prioritario.,score_aptitud_total >= 85,30,Tierras de Cultivo y Pastos,33,"Cultivos extensivos, Pastizales y matorrales",332,Pastizales naturales y cultivados,8,8,Pastos,Pastos,POINT (-85.29234126231542 10.13895198318198)
SRC10_CRI_2021_A1__XY__0ecf206df395,-85.252305,10.149968,Costa Rica,xy_unico_en_subset,sin_conflicto,1,1,1,1,2021,2021,0,1,100.0,Costa Rica,10,"SINAC - Malla de Entrenamientos del Mapa de Bosques 2021, Costa Rica",nueva_fuente,SINAC SRC10 2021,Tierras Forestales,Manglares,Manglares,Tierras Forestales,Manglares,Manglares,1,1,1,0.0,0,1,10,"SINAC - Malla de Entrenamientos del Mapa de Bosques 2021, Costa Rica",nueva_fuente,85.0,85.0,100.0,85.0,85.0,85.0,0,0,0.0,1,94.75,derivado_a3_sin_conf_integrada,94.75,1,1,1,2,3,0.0,0.0,100.0,0.0,0.0,0.0,100.0,12.0,41.0,3.4166666666666665,12.0,0.1621924690709353,0.1537211077160339,0.185542802157649,0.1808686840254368,0.1054402680705222,0.0953810893782759,media,45.0,800,suficiente,,,0.0,100.0,0,100.0,100.0,0,100.0,100.0,100.0,94.75,100.0,85.0,90.475,100.0,,90.475,entrenamiento_alta,entrenamiento,Alta aptitud para entrenamiento.,Usar como entrenamiento prioritario.,score_aptitud_total >= 85,40,Tierras Forestales,43,Manglares,430,Manglares,6,1,Manglar,Forestal,POINT (-85.25230450906717 10.149967511109006)
SRC10_CRI_2021_A1__XY__0f60cc7f2819,-85.237293,10.086068,Costa Rica,xy_unico_en_subset,sin_conflicto,1,1,1,1,2021,2021,0,1,100.0,Costa Rica,10,"SINAC - Malla de Entrenamientos del Mapa de Bosques 2021, Costa Rica",nueva_fuente,SINAC SRC10 2021,Tierras Forestales,Manglares,Manglares,Tierras Forestales,Manglares,Manglares,1,1,1,0.0,0,1,10,"SINAC - Malla de Entrenamientos del Mapa de Bosques 2021, Costa Rica",nueva_fuente,85.0,85.0,100.0,85.0,85.0,85.0,0,0,0.0,1,94.75,derivado_a3_sin_conf_integrada,94.75,1,1,1,2,3,0.0,0.0,100.0,0.0,0.0,0.0,100.0,12.0,42.0,3.5,6.75,0.3517039732148361,0.3570717032883846,0.3573932826778013,0.3732653563059388,0.2140314126788381,0.230880022697438,media,45.0,800,suficiente,,,0.0,100.0,0,100.0,100.0,0,100.0,100.0,100.0,94.75,100.0,85.0,90.475,100.0,,90.475,entrenamiento_alta,entrenamiento,Alta aptitud para entrenamiento.,Usar como entrenamiento prioritario.,score_aptitud_total >= 85,40,Tierras Forestales,43,Manglares,430,Manglares,6,1,Manglar,Forestal,POINT (-85.2372929386063 10.086068352983073)
SRC10_CRI_2021_A1__XY__0fb06347f154,-85.23572,10.521625,Costa Rica,xy_unico_en_subset,sin_conflicto,1,1,1,1,2021,2021,0,1,100.0,Costa Rica,10,"SINAC - Malla de Entrenamientos del Mapa de Bosques 2021, Costa Rica",nueva_fuente,SINAC SRC10 2021,Tierras Forestales,Bosque latifoliado y mixto,Bosque seco o deciduo,Tierras Forestales,Bosque latifoliado y mixto,Bosque seco o deciduo,1,1,1,0.0,0,1,10,"SINAC - Malla de Entrenamientos del Mapa de Bosques 2021, Costa Rica",nueva_fuente,85.0,85.0,100.0,85.0,85.0,85.0,0,0,0.0,1,94.75,derivado_a3_sin_conf_integrada,94.75,1,1,1,2,2,0.0,0.0,100.0,0.0,0.0,0.0,100.0,12.0,38.0,3.1666666666666665,1.0,0.6948288134913958,0.7322674257294508,0.7181487541891481,0.755498609967367,0.4467280405582126,0.4710428400218593,media,45.0,2519,suficiente,,,0.0,100.0,0,100.0,100.0,0,100.0,100.0,100.0,94.75,100.0,85.0,90.475,100.0,,90.475,entrenamiento_alta,entrenamiento,Alta aptitud para entrenamiento.,Usar como entrenamiento prioritario.,score_aptitud_total >= 85,40,Tierras Forestales,41,Bosque latifoliado y mixto,414,Bosque seco o deciduo,4,1,Bosque secundario deciduo,Forestal,POINT (-85.2357197843867 10.521625003953039)
SRC10_CRI_2021_A1__XY__110adcec8943,-85.515181,10.423958,Costa Rica,xy_unico_en_subset,sin_conflicto,1,1,1,1,2021,2021,0,1,100.0,Costa Rica,10,"SINAC - Malla de Entrenamientos del Mapa de Bosques 2021, Costa Rica",nueva_fuente,SINAC SRC10 2021,Tierras Forestales,Bosque latifoliado y mixto,Latifoliado secundario húmedo,Tierras Forestales,Bosque latifoliado y mixto,Latifoliado secundario húmedo,1,1,1,0.0,0,1,10,"SINAC - Malla de Entrenamientos del Mapa de Bosques 2021, Costa Rica",nueva_fuente,85.0,85.0,100.0,85.0,85.0,85.0,0,0,0.0,1,94.75,derivado_a3_sin_conf_integrada,94.75,1,1,1,2,2,0.0,0.0,100.0,0.0,0.0,0.0,100.0,12.0,43.0,3.583333333333333,12.5,0.6957068640718704,0.749373560212557,0.6960555993713818,0.757556272607558,0.5152594112573391,0.5454767792421781,media,45.0,2519,suficiente,,,0.0,100.0,0,100.0,100.0,0,100.0,100.0,100.0,94.75,100.0,85.0,90.475,100.0,,90.475,entrenamiento_alta,entrenamiento,Alta aptitud para entrenamiento.,Usar como entrenamiento prioritario.,score_aptitud_total >= 85,40,Tierras Forestales,41,Bosque latifoliado y mixto,412,Latifoliado secundario húmedo,2,1,Bosque secundario,Forestal,POINT (-85.51518060543862 10.423957739821926)
SRC10_CRI_2021_A1__XY__13eaa9a347d5,-85.806198,10.371778,Costa Rica,xy_unico_en_subset,sin_conflicto,1,1,1,1,2021,2021,0,1,100.0,Costa Rica,10,"SINAC - Malla de Entrenamientos del Mapa de Bosques 2021, Costa Rica",nueva_fuente,SINAC SRC10 2021,Tierras Forestales,Bosque latifoliado y mixto,Latifoliado secundario húmedo,Tierras Forestales,Bosque latifoliado y mixto,Latifoliado secundario húmedo,1,1,1,0.0,0,1,10,"SINAC - Malla de Entrenamientos del Mapa de Bosques 2021, Costa Rica",nueva_fuente,85.0,85.0,100.0,85.0,85.0,85.0,0,0,0.0,1,94.75,derivado_a3_sin_conf_integrada,94.75,1,1,1,2,2,0.0,0.0,100.0,0.0,0.0,0.0,100.0,10.0,34.0,2.833333333333333,1.0,0.7359743922714793,0.7654416197623022,0.7532830042267952,0.7827276875434724,0.5423603636029057,0.5697237827968664,media,45.0,2519,suficiente,,,0.0,100.0,0,100.0,100.0,0,100.0,100.0,100.0,94.75,100.0,85.0,90.475,100.0,,90.475,entrenamiento_alta,entrenamiento,Alta aptitud para entrenamiento.,Usar como entrenamiento prioritario.,score_aptitud_total >= 85,40,Tierras Forestales,41,Bosque latifoliado y mixto,412,Latifoliado secundario húmedo,2,1,Bosque secundario,Forestal,POINT (-85.80619824766954 10.37177762632666)
SRC10_CRI_2021_A1__XY__13f8846cd719,-85.75756,10.445753,Costa Rica,xy_unico_en_subset,sin_conflicto,1,1,1,1,2021,2021,0,1,100.0,Costa Rica,10,"SINAC - Malla de Entrenamientos del Mapa de Bosques 2021, Costa Rica",nueva_fuente,SINAC SRC10 2021,Tierras Forestales,Bosque latifoliado y mixto,Bosque seco o deciduo,Tierras Forestales,Bosque latifoliado y mixto,Bosque seco o deciduo,1,1,1,0.0,0,1,10,"SINAC - Malla de Entrenamientos del Mapa de Bosques 2021, Costa Rica",nueva_fuente,85.0,85.0,100.0,85.0,85.0,85.0,0,0,0.0,1,94.75,derivado_a3_sin_conf_integrada,94.75,1,1,1,2,2,0.0,0.0,100.0,0.0,0.0,0.0,100.0,12.0,40.0,3.333333333333333,1.0,0.6499434949205488,0.7016723138172765,0.6751780413197407,0.7108241078358692,0.4530652801454593,0.4875466057795777,media,45.0,2519,suficiente,,,0.0,100.0,0,100.0,100.0,0,100.0,100.0,100.0,94.75,100.0,85.0,90.475,100.0,,90.475,entrenamiento_alta,entrenamiento,Alta aptitud para entrenamiento.,Usar como entrenamiento prioritario.,score_aptitud_total >= 85,40,Tierras Forestales,41,Bosque latifoliado y mixto,414,Bosque seco o deciduo,4,1,Bosque secundario deciduo,Forestal,POINT (-85.75756030495984 10.445752715508506)
SRC10_CRI_2021_A1__XY__14ed4173a51b,-85.428696,10.440042,Costa Rica,xy_unico_en_subset,sin_conflicto,1,1,1,1,2021,2021,0,1,100.0,Costa Rica,10,"SINAC - Malla de Entrenamientos del Mapa de Bosques 2021, Costa Rica",nueva_fuente,SINAC SRC10 2021,Tierras de Cultivo y Pastos,Cultivos intensivos No-Arbóreos,Otros cultivos intensivos no arbóreos,Tierras de Cultivo y Pastos,Cultivos intensivos No-Arbóreos,Otros cultivos intensivos no arbóreos,1,1,1,0.0,0,1,10,"SINAC - Malla de Entrenamientos del Mapa de Bosques 2021, Costa Rica",nueva_fuente,85.0,85.0,100.0,85.0,85.0,85.0,0,0,0.0,1,94.75,derivado_a3_sin_conf_integrada,94.75,1,1,1,2,2,0.0,0.0,100.0,0.0,0.0,0.0,100.0,12.0,47.0,3.9166666666666665,6.75,0.2160619303979809,0.1502006032926498,0.2554922696115502,0.1883208191657045,0.1376998982426069,0.1003451077062964,media,45.0,8489,suficiente,,,0.0,100.0,0,100.0,100.0,0,100.0,100.0,100.0,94.75,100.0,85.0,90.475,100.0,,90.475,entrenamiento_alta,entrenamiento,Alta aptitud para entrenamiento.,Usar como entrenamiento prioritario.,score_aptitud_total >= 85,30,Tierras de Cultivo y Pastos,31,Cultivos intensivos No-Arbóreos,315,Otros cultivos intensivos no arbóreos,9,9,Cultivos,Cultivos,POINT (-85.42869566231788 10.440041757654875)
SRC10_CRI_2021_A1__XY__16b21d654230,-85.236385,10.396196,Costa Rica,xy_unico_en_subset,sin_conflicto,1,1,1,1,2021,2021,0,1,100.0,Costa Rica,10,"SINAC - Malla de Entrenamientos del Mapa de Bosques 2021, Costa Rica",nueva_fuente,SINAC SRC10 2021,Tierras Forestales,Bosque latifoliado y mixto,Latifoliado secundario húmedo,Tierras Forestales,Bosque latifoliado y mixto,Latifoliado secundario húmedo,1,1,1,0.0,0,1,10,"SINAC - Malla de Entrenamientos del Mapa de Bosques 2021, Costa Rica",nueva_fuente,85.0,85.0,100.0,85.0,85.0,85.0,0,0,0.0,1,94.75,derivado_a3_sin_conf_integrada,94.75,1,1,1,2,3,0.0,0.0,100.0,0.0,0.0,0.0,100.0,12.0,44.0,3.6666666666666665,1.0,0.7068227478555934,0.7306733857613988,0.7329031244564899,0.7602238608504837,0.5118063710458564,0.5000724413261741,media,45.0,2519,suficiente,,,0.0,100.0,0,100.0,100.0,0,100.0,100.0,100.0,94.75,100.0,85.0,90.475,100.0,,90.475,entrenamiento_alta,entrenamiento,Alta aptitud para entrenamiento.,Usar como entrenamiento prioritario.,score_aptitud_total >= 85,40,Tierras Forestales,41,Bosque latifoliado y mixto,412,Latifoliado secundario húmedo,2,1,Bosque secundario,Forestal,POINT (-85.2363849179645 10.396196493281975)
SRC10_CRI_2021_A1__XY__16cb5a2fe79f,-85.521578,10.4372,Costa Rica,xy_unico_en_subset,sin_conflicto,1,1,1,1,2021,2021,0,1,100.0,Costa Rica,10,"SINAC - Malla de Entrenamientos del Mapa de Bosques 2021, Costa Rica",nueva_fuente,SINAC SRC10 2021,Tierras de Cultivo y Pastos,Cultivos intensivos No-Arbóreos,Otros cultivos intensivos no arbóreos,Tierras de Cultivo y Pastos,Cultivos intensivos No-Arbóreos,Otros cultivos intensivos no arbóreos,1,1,1,0.0,0,1,10,"SINAC - Malla de Entrenamientos del Mapa de Bosques 2021, Costa Rica",nueva_fuente,85.0,85.0,100.0,85.0,85.0,85.0,0,0,0.0,1,94.75,derivado_a3_sin_conf_integrada,94.75,1,1,1,2,2,0.0,0.0,100.0,0.0,0.0,0.0,100.0,12.0,38.0,3.1666666666666665,3.0,0.3729073444702808,0.1492947415828452,0.4145352017522019,0.2008308362691277,0.294421046936178,0.1067482515244549,media,45.0,8489,suficiente,,,0.0,100.0,0,100.0,100.0,0,100.0,100.0,100.0,94.75,100.0,85.0,90.475,100.0,,90.475,entrenamiento_alta,entrenamiento,Alta aptitud para entrenamiento.,Usar como entrenamiento prioritario.,score_aptitud_total >= 85,30,Tierras de Cultivo y Pastos,31,Cultivos intensivos No-Arbóreos,315,Otros cultivos intensivos no arbóreos,9,9,Cultivos,Cultivos,POINT (-85.52157835725328 10.437199538477554)
SRC10_CRI_2021_A1__XY__1702b8968deb,-85.210323,10.205635,Costa Rica,xy_unico_en_subset,sin_conflicto,1,1,1,1,2021,2021,0,1,100.0,Costa Rica,10,"SINAC - Malla de Entrenamientos del Mapa de Bosques 2021, Costa Rica",nueva_fuente,SINAC SRC10 2021,Tierras Forestales,Manglares,Manglares,Tierras Forestales,Manglares,Manglares,1,1,1,0.0,0,1,10,"SINAC - Malla de Entrenamientos del Mapa de Bosques 2021, Costa Rica",nueva_fuente,85.0,85.0,100.0,85.0,85.0,85.0,0,0,0.0,1,94.75,derivado_a3_sin_conf_integrada,94.75,1,1,1,2,3,0.0,0.0,100.0,0.0,0.0,0.0,100.0,12.0,41.0,3.4166666666666665,5.25,0.1064302731400995,0.119404467830856,0.12609477801199,0.1443558303213784,-0.0739388599785868,-0.0371498372019978,media,45.0,800,suficiente,,,0.0,100.0,0,100.0,100.0,0,100.0,100.0,100.0,94.75,100.0,85.0,90.475,100.0,,90.475,entrenamiento_alta,entrenamiento,Alta aptitud para entrenamiento.,Usar como entrenamiento prioritario.,score_aptitud_total >= 85,40,Tierras Forestales,43,Manglares,430,Manglares,6,1,Manglar,Forestal,POINT (-85.21032322279535 10.20563451756657)
SRC10_CRI_2021_A1__XY__175e9d0b6434,-85.400123,10.185569,Costa Rica,conflicto_tematico_subset,conflicto_tematico,2,2,2,1,2021,2021,0,1,100.0,Costa Rica,10,"SINAC - Malla de Entrenamientos del Mapa de Bosques 2021, Costa Rica",nueva_fuente,SINAC SRC10 2021,Tierras Forestales,Bosque latifoliado y mixto,Latifoliado secundario húmedo,Tierras Forestales | Tierras de Cultivo y Pastos,Bosque latifoliado y mixto | Cultivos intensivos No-Arbóreos,Latifoliado secundario húmedo | Otros cultivos intensivos no arbóreos,2,2,2,0.0,0,1,10,"SINAC - Malla de Entrenamientos del Mapa de Bosques 2021, Costa Rica",nueva_fuente,85.0,85.0,100.0,85.0,85.0,85.0,0,0,0.0,1,54.75,derivado_a3_sin_conf_integrada,54.75,1,1,1,0,0,100.0,0.0,0.0,0.0,0.0,0.0,0.0,12.0,37.0,3.083333333333333,1.25,0.8290621232170551,0.842968422638601,0.8436585118799927,0.8550036115476852,0.5911651917094426,0.5906088150792921,sin_alerta,100.0,2519,suficiente,conflicto_tematico_xy,alta,100.0,0.0,1,0.0,100.0,0,100.0,40.0,54.0,54.75,100.0,85.0,65.525,100.0,,65.525,referencia_contextual,referencia_contextual,Aptitud contextual.,Usar como apoyo o referencia.,55 <= score_aptitud_total < 70,40,Tierras Forestales,41,Bosque latifoliado y mixto,412,Latifoliado secundario húmedo,2,1,Bosque secundario,Forestal,POINT (-85.4001231927608 10.185569139761931)
SRC10_CRI_2021_A1__XY__18330630459d,-85.633891,10.51748,Costa Rica,xy_unico_en_subset,sin_conflicto,1,1,1,1,2021,2021,0,1,100.0,Costa Rica,10,"SINAC - Malla de Entrenamientos del Mapa de Bosques 2021, Costa Rica",nueva_fuente,SINAC SRC10 2021,Tierras de Cultivo y Pastos,Cultivos intensivos No-Arbóreos,Otros cultivos intensivos no arbóreos,Tierras de Cultivo y Pastos,Cultivos intensivos No-Arbóreos,Otros cultivos intensivos no arbóreos,1,1,1,0.0,0,1,10,"SINAC - Malla de Entrenamientos del Mapa de Bosques 2021, Costa Rica",nueva_fuente,85.0,85.0,100.0,85.0,85.0,85.0,0,0,0.0,1,94.75,derivado_a3_sin_conf_integrada,94.75,1,1,1,2,2,0.0,0.0,100.0,0.0,0.0,0.0,100.0,11.0,39.0,3.25,8.0,0.1995167819333304,0.151093439363817,0.2483112857659312,0.2150735294117647,0.1632085728371086,0.1391641533821629,media,45.0,8489,suficiente,,,0.0,100.0,0,100.0,100.0,0,100.0,100.0,100.0,94.75,100.0,85.0,90.475,100.0,,90.475,entrenamiento_alta,entrenamiento,Alta aptitud para entrenamiento.,Usar como entrenamiento prioritario.,score_aptitud_total >= 85,30,Tierras de Cultivo y Pastos,31,Cultivos intensivos No-Arbóreos,315,Otros cultivos intensivos no arbóreos,9,9,Cultivos,Cultivos,POINT (-85.63389115519057 10.517480030493406)
SRC10_CRI_2021_A1__XY__18c7c190c796,-85.475322,10.22103,Costa Rica,xy_unico_en_subset,sin_conflicto,1,1,1,1,2021,2021,0,1,100.0,Costa Rica,10,"SINAC - Malla de Entrenamientos del Mapa de Bosques 2021, Costa Rica",nueva_fuente,SINAC SRC10 2021,Tierras Forestales,Bosque latifoliado y mixto,Bosque seco o deciduo,Tierras Forestales,Bosque latifoliado y mixto,Bosque seco o deciduo,1,1,1,0.0,0,1,10,"SINAC - Malla de Entrenamientos del Mapa de Bosques 2021, Costa Rica",nueva_fuente,85.0,85.0,100.0,85.0,85.0,85.0,0,0,0.0,1,94.75,derivado_a3_sin_conf_integrada,94.75,1,1,1,2,3,0.0,0.0,100.0,0.0,0.0,0.0,100.0,11.0,31.0,2.583333333333333,1.0,0.6519439981958597,0.6251362756157084,0.6820151467608419,0.6554381523233146,0.4576035592488756,0.4401582591493571,media,45.0,2519,suficiente,,,0.0,100.0,0,100.0,100.0,0,100.0,100.0,100.0,94.75,100.0,85.0,90.475,100.0,,90.475,entrenamiento_alta,entrenamiento,Alta aptitud para entrenamiento.,Usar como entrenamiento prioritario.,score_aptitud_total >= 85,40,Tierras Forestales,41,Bosque latifoliado y mixto,414,Bosque seco o deciduo,4,1,Bosque secundario deciduo,Forestal,POINT (-85.47532177027591 10.221030065192496)
SRC10_CRI_2021_A1__XY__190ac476937f,-85.598439,10.1207,Costa Rica,xy_unico_en_subset,sin_conflicto,1,1,1,1,2021,2021,0,1,100.0,Costa Rica,10,"SINAC - Malla de Entrenamientos del Mapa de Bosques 2021, Costa Rica",nueva_fuente,SINAC SRC10 2021,Tierras Forestales,Bosque latifoliado y mixto,Bosque seco o deciduo,Tierras Forestales,Bosque latifoliado y mixto,Bosque seco o deciduo,1,1,1,0.0,0,1,10,"SINAC - Malla de Entrenamientos del Mapa de Bosques 2021, Costa Rica",nueva_fuente,85.0,85.0,100.0,85.0,85.0,85.0,0,0,0.0,1,94.75,derivado_a3_sin_conf_integrada,94.75,1,1,1,2,3,0.0,0.0,100.0,0.0,0.0,0.0,100.0,10.0,25.0,2.083333333333333,1.5,0.6157441289171628,0.6369743123645786,0.6375352642817158,0.6544641852274053,0.4212201818713146,0.4252243646147761,media,45.0,2519,suficiente,,,0.0,100.0,0,100.0,100.0,0,100.0,100.0,100.0,94.75,100.0,85.0,90.475,100.0,,90.475,entrenamiento_alta,entrenamiento,Alta aptitud para entrenamiento.,Usar como entrenamiento prioritario.,score_aptitud_total >= 85,40,Tierras Forestales,41,Bosque latifoliado y mixto,414,Bosque seco o deciduo,4,1,Bosque secundario deciduo,Forestal,POINT (-85.59843920512436 10.120699534128843)
SRC10_CRI_2021_A1__XY__193e4a6fa3dd,-85.223888,10.439686,Costa Rica,xy_unico_en_subset,sin_conflicto,1,1,1,1,2021,2021,0,1,100.0,Costa Rica,10,"SINAC - Malla de Entrenamientos del Mapa de Bosques 2021, Costa Rica",nueva_fuente,SINAC SRC10 2021,Tierras de Cultivo y Pastos,"Cultivos extensivos, Pastizales y matorrales",Pastizales naturales y cultivados,Tierras de Cultivo y Pastos,"Cultivos extensivos, Pastizales y matorrales",Pastizales naturales y cultivados,1,1,1,0.0,0,1,10,"SINAC - Malla de Entrenamientos del Mapa de Bosques 2021, Costa Rica",nueva_fuente,85.0,85.0,100.0,85.0,85.0,85.0,0,0,0.0,1,94.75,derivado_a3_sin_conf_integrada,94.75,1,1,1,2,2,0.0,0.0,100.0,0.0,0.0,0.0,100.0,12.0,41.0,3.4166666666666665,3.0,0.3797756317414107,0.3189426692881975,0.4297767984377748,0.3681097849257643,0.2763090735526806,0.2392087111078575,media,45.0,1179,suficiente,,,0.0,100.0,0,100.0,100.0,0,100.0,100.0,100.0,94.75,100.0,85.0,90.475,100.0,,90.475,entrenamiento_alta,entrenamiento,Alta aptitud para entrenamiento.,Usar como entrenamiento prioritario.,score_aptitud_total >= 85,30,Tierras de Cultivo y Pastos,33,"Cultivos extensivos, Pastizales y matorrales",332,Pastizales naturales y cultivados,8,8,Pastos,Pastos,POINT (-85.22388752152617 10.439685782616376)
SRC10_CRI_2021_A1__XY__1a2dd9363e71,-85.62773,10.14108,Costa Rica,xy_unico_en_subset,sin_conflicto,1,1,1,1,2021,2021,0,1,100.0,Costa Rica,10,"SINAC - Malla de Entrenamientos del Mapa de Bosques 2021, Costa Rica",nueva_fuente,SINAC SRC10 2021,Tierras Forestales,Bosque latifoliado y mixto,Latifoliado secundario húmedo,Tierras Forestales,Bosque latifoliado y mixto,Latifoliado secundario húmedo,1,1,1,0.0,0,1,10,"SINAC - Malla de Entrenamientos del Mapa de Bosques 2021, Costa Rica",nueva_fuente,85.0,85.0,100.0,85.0,85.0,85.0,0,0,0.0,1,94.75,derivado_a3_sin_conf_integrada,94.75,1,1,1,2,2,0.0,0.0,100.0,0.0,0.0,0.0,100.0,12.0,32.0,2.6666666666666665,1.0,0.753779513682684,0.7656033622180479,0.7758196634769584,0.7829355958557724,0.5346289989356089,0.5466481478040586,media,45.0,2519,suficiente,,,0.0,100.0,0,100.0,100.0,0,100.0,100.0,100.0,94.75,100.0,85.0,90.475,100.0,,90.475,entrenamiento_alta,entrenamiento,Alta aptitud para entrenamiento.,Usar como entrenamiento prioritario.,score_aptitud_total >= 85,40,Tierras Forestales,41,Bosque latifoliado y mixto,412,Latifoliado secundario húmedo,2,1,Bosque secundario,Forestal,POINT (-85.62772952228788 10.141080383720546)
SRC10_CRI_2021_A1__XY__1c05082b24a8,-85.685626,10.268074,Costa Rica,xy_unico_en_subset,sin_conflicto,1,1,1,1,2021,2021,0,1,100.0,Costa Rica,10,"SINAC - Malla de Entrenamientos del Mapa de Bosques 2021, Costa Rica",nueva_fuente,SINAC SRC10 2021,Tierras Forestales,Bosque latifoliado y mixto,Bosque seco o deciduo,Tierras Forestales,Bosque latifoliado y mixto,Bosque seco o deciduo,1,1,1,0.0,0,1,10,"SINAC - Malla de Entrenamientos del Mapa de Bosques 2021, Costa Rica",nueva_fuente,85.0,85.0,100.0,85.0,85.0,85.0,0,0,0.0,1,94.75,derivado_a3_sin_conf_integrada,94.75,1,1,1,2,2,0.0,0.0,100.0,0.0,0.0,0.0,100.0,11.0,39.0,3.25,1.0,0.6504609893845601,0.6906238070326749,0.6807574860308271,0.7238872444975706,0.4810545873183995,0.5055389716465083,media,45.0,2519,suficiente,,,0.0,100.0,0,100.0,100.0,0,100.0,100.0,100.0,94.75,100.0,85.0,90.475,100.0,,90.475,entrenamiento_alta,entrenamiento,Alta aptitud para entrenamiento.,Usar como entrenamiento prioritario.,score_aptitud_total >= 85,40,Tierras Forestales,41,Bosque latifoliado y mixto,414,Bosque seco o deciduo,4,1,Bosque secundario deciduo,Forestal,POINT (-85.68562635745897 10.268073780401298)
SRC10_CRI_2021_A1__XY__202cc114b0f3,-85.355897,10.380168,Costa Rica,xy_unico_en_subset,sin_conflicto,1,1,1,1,2021,2021,0,1,100.0,Costa Rica,10,"SINAC - Malla de Entrenamientos del Mapa de Bosques 2021, Costa Rica",nueva_fuente,SINAC SRC10 2021,Tierras Forestales,Bosque latifoliado y mixto,Bosque seco o deciduo,Tierras Forestales,Bosque latifoliado y mixto,Bosque seco o deciduo,1,1,1,0.0,0,1,10,"SINAC - Malla de Entrenamientos del Mapa de Bosques 2021, Costa Rica",nueva_fuente,85.0,85.0,100.0,85.0,85.0,85.0,0,0,0.0,1,94.75,derivado_a3_sin_conf_integrada,94.75,1,1,1,2,3,0.0,0.0,100.0,0.0,0.0,0.0,100.0,12.0,41.0,3.4166666666666665,1.25,0.5952407715701801,0.6835128384469693,0.6265727126496249,0.7176353430479734,0.419639062643063,0.4568933860338412,media,45.0,2519,suficiente,,,0.0,100.0,0,100.0,100.0,0,100.0,100.0,100.0,94.75,100.0,85.0,90.475,100.0,,90.475,entrenamiento_alta,entrenamiento,Alta aptitud para entrenamiento.,Usar como entrenamiento prioritario.,score_aptitud_total >= 85,40,Tierras Forestales,41,Bosque latifoliado y mixto,414,Bosque seco o deciduo,4,1,Bosque secundario deciduo,Forestal,POINT (-85.35589708780877 10.380167667196165)
SRC10_CRI_2021_A1__XY__203d7c86b4ab,-85.267028,10.139051,Costa Rica,xy_unico_en_subset,sin_conflicto,1,1,1,1,2021,2021,0,1,100.0,Costa Rica,10,"SINAC - Malla de Entrenamientos del Mapa de Bosques 2021, Costa Rica",nueva_fuente,SINAC SRC10 2021,Tierras Forestales,Manglares,Manglares,Tierras Forestales,Manglares,Manglares,1,1,1,0.0,0,1,10,"SINAC - Malla de Entrenamientos del Mapa de Bosques 2021, Costa Rica",nueva_fuente,85.0,85.0,100.0,85.0,85.0,85.0,0,0,0.0,1,94.75,derivado_a3_sin_conf_integrada,94.75,1,1,1,2,3,0.0,0.0,100.0,0.0,0.0,0.0,100.0,12.0,38.0,3.1666666666666665,1.0,-0.3596531922111598,-0.3522607654069594,-0.3629995951920987,-0.3661024979890471,-0.3274748355376259,-0.3264003204666795,media,45.0,800,suficiente,,,0.0,100.0,0,100.0,100.0,0,100.0,100.0,100.0,94.75,100.0,85.0,90.475,100.0,,90.475,entrenamiento_alta,entrenamiento,Alta aptitud para entrenamiento.,Usar como entrenamiento prioritario.,score_aptitud_total >= 85,40,Tierras Forestales,43,Manglares,430,Manglares,6,1,Manglar,Forestal,POINT (-85.26702830663349 10.139050629809578)
SRC10_CRI_2021_A1__XY__20dae58dd076,-85.629668,10.517502,Costa Rica,xy_unico_en_subset,sin_conflicto,1,1,1,1,2021,2021,0,1,100.0,Costa Rica,10,"SINAC - Malla de Entrenamientos del Mapa de Bosques 2021, Costa Rica",nueva_fuente,SINAC SRC10 2021,Tierras Forestales,Bosque latifoliado y mixto,Latifoliado secundario húmedo,Tierras Forestales,Bosque latifoliado y mixto,Latifoliado secundario húmedo,1,1,1,0.0,0,1,10,"SINAC - Malla de Entrenamientos del Mapa de Bosques 2021, Costa Rica",nueva_fuente,85.0,85.0,100.0,85.0,85.0,85.0,0,0,0.0,1,94.75,derivado_a3_sin_conf_integrada,94.75,1,1,1,2,3,0.0,0.0,100.0,0.0,0.0,0.0,100.0,12.0,46.0,3.8333333333333335,3.25,0.627272530823267,0.6658305760967882,0.6502826137968049,0.6953015455479414,0.4963229602356269,0.5301221838714563,media,45.0,2519,suficiente,,,0.0,100.0,0,100.0,100.0,0,100.0,100.0,100.0,94.75,100.0,85.0,90.475,100.0,,90.475,entrenamiento_alta,entrenamiento,Alta aptitud para entrenamiento.,Usar como entrenamiento prioritario.,score_aptitud_total >= 85,40,Tierras Forestales,41,Bosque latifoliado y mixto,412,Latifoliado secundario húmedo,2,1,Bosque secundario,Forestal,POINT (-85.6296679439316 10.517501766474872)
SRC10_CRI_2021_A1__XY__2105d590332b,-85.438585,10.293998,Costa Rica,xy_unico_en_subset,sin_conflicto,1,1,1,1,2021,2021,0,1,100.0,Costa Rica,10,"SINAC - Malla de Entrenamientos del Mapa de Bosques 2021, Costa Rica",nueva_fuente,SINAC SRC10 2021,Tierras Forestales,Bosque latifoliado y mixto,Latifoliado secundario húmedo,Tierras Forestales,Bosque latifoliado y mixto,Latifoliado secundario húmedo,1,1,1,0.0,0,1,10,"SINAC - Malla de Entrenamientos del Mapa de Bosques 2021, Costa Rica",nueva_fuente,85.0,85.0,100.0,85.0,85.0,85.0,0,0,0.0,1,94.75,derivado_a3_sin_conf_integrada,94.75,1,1,1,2,3,0.0,0.0,100.0,0.0,0.0,0.0,100.0,12.0,44.0,3.6666666666666665,2.0,0.572366248961708,0.6223452789734223,0.6117498011416997,0.6648363252748537,0.4310776528249196,0.4710816996653162,media,45.0,2519,suficiente,,,0.0,100.0,0,100.0,100.0,0,100.0,100.0,100.0,94.75,100.0,85.0,90.475,100.0,,90.475,entrenamiento_alta,entrenamiento,Alta aptitud para entrenamiento.,Usar como entrenamiento prioritario.,score_aptitud_total >= 85,40,Tierras Forestales,41,Bosque latifoliado y mixto,412,Latifoliado secundario húmedo,2,1,Bosque secundario,Forestal,POINT (-85.43858537750275 10.293997723371847)
SRC10_CRI_2021_A1__XY__21677ba1fda4,-85.592138,10.279844,Costa Rica,xy_unico_en_subset,sin_conflicto,1,1,1,1,2021,2021,0,1,100.0,Costa Rica,10,"SINAC - Malla de Entrenamientos del Mapa de Bosques 2021, Costa Rica",nueva_fuente,SINAC SRC10 2021,Artificializado y otra tierras,Urbano,Urbano,Artificializado y otra tierras,Urbano,Urbano,1,1,1,0.0,0,1,10,"SINAC - Malla de Entrenamientos del Mapa de Bosques 2021, Costa Rica",nueva_fuente,85.0,85.0,100.0,85.0,85.0,85.0,0,0,0.0,1,94.75,derivado_a3_sin_conf_integrada,94.75,1,1,1,2,2,0.0,0.0,100.0,0.0,0.0,0.0,100.0,11.0,17.0,1.4166666666666667,5.0,-0.0304722669272537,-0.0312133802066687,-0.0372523952074086,-0.0430002016135152,-0.0090515783535192,-0.0263602129593559,media,45.0,5928,suficiente,,,0.0,100.0,0,100.0,100.0,0,100.0,100.0,100.0,94.75,100.0,85.0,90.475,100.0,,90.475,entrenamiento_alta,entrenamiento,Alta aptitud para entrenamiento.,Usar como entrenamiento prioritario.,score_aptitud_total >= 85,10,Artificializado y otra tierras,11,Urbano,110,Urbano,16,16,Edificaciones,Edificaciones,POINT (-85.59213792318117 10.279844166733541)
SRC10_CRI_2021_A1__XY__21a64c791c67,-85.526563,10.282632,Costa Rica,xy_unico_en_subset,sin_conflicto,1,1,1,1,2021,2021,0,1,100.0,Costa Rica,10,"SINAC - Malla de Entrenamientos del Mapa de Bosques 2021, Costa Rica",nueva_fuente,SINAC SRC10 2021,Artificializado y otra tierras,Urbano,Urbano,Artificializado y otra tierras,Urbano,Urbano,1,1,1,0.0,0,1,10,"SINAC - Malla de Entrenamientos del Mapa de Bosques 2021, Costa Rica",nueva_fuente,85.0,85.0,100.0,85.0,85.0,85.0,0,0,0.0,1,94.75,derivado_a3_sin_conf_integrada,94.75,1,1,1,2,2,0.0,0.0,100.0,0.0,0.0,0.0,100.0,8.0,13.0,1.0833333333333333,7.0,-0.0355843075372973,-0.0374737566590987,0.0177104043341303,-0.0108909922204921,-0.0222220037424901,-0.0455685464703022,media,45.0,5928,suficiente,,,0.0,100.0,0,100.0,100.0,0,100.0,100.0,100.0,94.75,100.0,85.0,90.475,100.0,,90.475,entrenamiento_alta,entrenamiento,Alta aptitud para entrenamiento.,Usar como entrenamiento prioritario.,score_aptitud_total >= 85,10,Artificializado y otra tierras,11,Urbano,110,Urbano,16,16,Edificaciones,Edificaciones,POINT (-85.52656319577953 10.282632269276908)
SRC10_CRI_2021_A1__XY__2328f87aeb82,-85.523684,10.435983,Costa Rica,xy_unico_en_subset,sin_conflicto,1,1,1,1,2021,2021,0,1,100.0,Costa Rica,10,"SINAC - Malla de Entrenamientos del Mapa de Bosques 2021, Costa Rica",nueva_fuente,SINAC SRC10 2021,Tierras de Cultivo y Pastos,Cultivos intensivos No-Arbóreos,Otros cultivos intensivos no arbóreos,Tierras de Cultivo y Pastos,Cultivos intensivos No-Arbóreos,Otros cultivos intensivos no arbóreos,1,1,1,0.0,0,1,10,"SINAC - Malla de Entrenamientos del Mapa de Bosques 2021, Costa Rica",nueva_fuente,85.0,85.0,100.0,85.0,85.0,85.0,0,0,0.0,1,94.75,derivado_a3_sin_conf_integrada,94.75,1,1,1,2,2,0.0,0.0,100.0,0.0,0.0,0.0,100.0,12.0,42.0,3.5,4.0,0.3518701381763635,0.1459939834421788,0.3882388034844497,0.2065504054554935,0.2703769675801102,0.1110966749130281,media,45.0,8489,suficiente,,,0.0,100.0,0,100.0,100.0,0,100.0,100.0,100.0,94.75,100.0,85.0,90.475,100.0,,90.475,entrenamiento_alta,entrenamiento,Alta aptitud para entrenamiento.,Usar como entrenamiento prioritario.,score_aptitud_total >= 85,30,Tierras de Cultivo y Pastos,31,Cultivos intensivos No-Arbóreos,315,Otros cultivos intensivos no arbóreos,9,9,Cultivos,Cultivos,POINT (-85.52368365651292 10.43598294161189)
SRC10_CRI_2021_A1__XY__245b7547a1c4,-85.279685,10.139002,Costa Rica,xy_unico_en_subset,sin_conflicto,1,1,1,1,2021,2021,0,1,100.0,Costa Rica,10,"SINAC - Malla de Entrenamientos del Mapa de Bosques 2021, Costa Rica",nueva_fuente,SINAC SRC10 2021,Tierras Forestales,Manglares,Manglares,Tierras Forestales,Manglares,Manglares,1,1,1,0.0,0,1,10,"SINAC - Malla de Entrenamientos del Mapa de Bosques 2021, Costa Rica",nueva_fuente,85.0,85.0,100.0,85.0,85.0,85.0,0,0,0.0,1,94.75,derivado_a3_sin_conf_integrada,94.75,1,1,1,2,3,0.0,0.0,100.0,0.0,0.0,0.0,100.0,12.0,33.0,2.75,6.75,0.071245290530481,0.0683615454210517,0.13614009018749,0.1262663349111947,0.1031568417615866,0.1213588459192125,media,45.0,800,suficiente,,,0.0,100.0,0,100.0,100.0,0,100.0,100.0,100.0,94.75,100.0,85.0,90.475,100.0,,90.475,entrenamiento_alta,entrenamiento,Alta aptitud para entrenamiento.,Usar como entrenamiento prioritario.,score_aptitud_total >= 85,40,Tierras Forestales,43,Manglares,430,Manglares,6,1,Manglar,Forestal,POINT (-85.27968481686696 10.139001550197856)
SRC10_CRI_2021_A1__XY__24c4b515fb9d,-85.250078,10.119808,Costa Rica,xy_unico_en_subset,sin_conflicto,1,1,1,1,2021,2021,0,1,100.0,Costa Rica,10,"SINAC - Malla de Entrenamientos del Mapa de Bosques 2021, Costa Rica",nueva_fuente,SINAC SRC10 2021,Tierras Forestales,Manglares,Manglares,Tierras Forestales,Manglares,Manglares,1,1,1,0.0,0,1,10,"SINAC - Malla de Entrenamientos del Mapa de Bosques 2021, Costa Rica",nueva_fuente,85.0,85.0,100.0,85.0,85.0,85.0,0,0,0.0,1,94.75,derivado_a3_sin_conf_integrada,94.75,1,1,1,2,3,0.0,0.0,100.0,0.0,0.0,0.0,100.0,12.0,41.0,3.4166666666666665,2.0,-0.2630780241331648,-0.2504811659351729,-0.2538451681773311,-0.2201756460897636,-0.2472578489528226,-0.2335279945721899,media,45.0,800,suficiente,,,0.0,100.0,0,100.0,100.0,0,100.0,100.0,100.0,94.75,100.0,85.0,90.475,100.0,,90.475,entrenamiento_alta,entrenamiento,Alta aptitud para entrenamiento.,Usar como entrenamiento prioritario.,score_aptitud_total >= 85,40,Tierras Forestales,43,Manglares,430,Manglares,6,1,Manglar,Forestal,POINT (-85.25007805981664 10.119808187947054)
SRC10_CRI_2021_A1__XY__24cf6a6a1bb0,-85.400029,10.16385,Costa Rica,xy_unico_en_subset,sin_conflicto,1,1,1,1,2021,2021,0,1,100.0,Costa Rica,10,"SINAC - Malla de Entrenamientos del Mapa de Bosques 2021, Costa Rica",nueva_fuente,SINAC SRC10 2021,Tierras de Cultivo y Pastos,"Cultivos extensivos, Pastizales y matorrales",Pastizales naturales y cultivados,Tierras de Cultivo y Pastos,"Cultivos extensivos, Pastizales y matorrales",Pastizales naturales y cultivados,1,1,1,0.0,0,1,10,"SINAC - Malla de Entrenamientos del Mapa de Bosques 2021, Costa Rica",nueva_fuente,85.0,85.0,100.0,85.0,85.0,85.0,0,0,0.0,1,94.75,derivado_a3_sin_conf_integrada,94.75,1,1,1,2,2,0.0,0.0,100.0,0.0,0.0,0.0,100.0,12.0,35.0,2.9166666666666665,1.0,0.781055368415994,0.8339977724004324,0.8015088992007765,0.8515422749495636,0.5489672086865657,0.6118371993912233,media,45.0,1179,suficiente,,,0.0,100.0,0,100.0,100.0,0,100.0,100.0,100.0,94.75,100.0,85.0,90.475,100.0,,90.475,entrenamiento_alta,entrenamiento,Alta aptitud para entrenamiento.,Usar como entrenamiento prioritario.,score_aptitud_total >= 85,30,Tierras de Cultivo y Pastos,33,"Cultivos extensivos, Pastizales y matorrales",332,Pastizales naturales y cultivados,8,8,Pastos,Pastos,POINT (-85.40002852240634 10.163850009284255)
SRC10_CRI_2021_A1__XY__24dafdce4b7f,-85.646693,10.137366,Costa Rica,xy_unico_en_subset,sin_conflicto,1,1,1,1,2021,2021,0,1,100.0,Costa Rica,10,"SINAC - Malla de Entrenamientos del Mapa de Bosques 2021, Costa Rica",nueva_fuente,SINAC SRC10 2021,Tierras Forestales,Bosque latifoliado y mixto,Latifoliado secundario húmedo,Tierras Forestales,Bosque latifoliado y mixto,Latifoliado secundario húmedo,1,1,1,0.0,0,1,10,"SINAC - Malla de Entrenamientos del Mapa de Bosques 2021, Costa Rica",nueva_fuente,85.0,85.0,100.0,85.0,85.0,85.0,0,0,0.0,1,94.75,derivado_a3_sin_conf_integrada,94.75,1,1,1,2,2,0.0,0.0,100.0,0.0,0.0,0.0,100.0,12.0,34.0,2.833333333333333,1.0,0.8585398522357516,0.8839297172803929,0.8687355995573368,0.8925564695012244,0.672517489051895,0.7053332494805333,media,45.0,2519,suficiente,,,0.0,100.0,0,100.0,100.0,0,100.0,100.0,100.0,94.75,100.0,85.0,90.475,100.0,,90.475,entrenamiento_alta,entrenamiento,Alta aptitud para entrenamiento.,Usar como entrenamiento prioritario.,score_aptitud_total >= 85,40,Tierras Forestales,41,Bosque latifoliado y mixto,412,Latifoliado secundario húmedo,2,1,Bosque secundario,Forestal,POINT (-85.64669283319355 10.137366272385977)
SRC10_CRI_2021_A1__XY__252bd80d2b4e,-85.596652,10.253441,Costa Rica,conflicto_tematico_subset,conflicto_tematico,2,2,2,1,2021,2021,0,1,100.0,Costa Rica,10,"SINAC - Malla de Entrenamientos del Mapa de Bosques 2021, Costa Rica",nueva_fuente,SINAC SRC10 2021,Tierras Forestales,Bosque latifoliado y mixto,Latifoliado secundario húmedo,Tierras Forestales | Tierras de Cultivo y Pastos,Bosque latifoliado y mixto | Cultivos intensivos No-Arbóreos,Latifoliado secundario húmedo | Otros cultivos intensivos no arbóreos,2,2,2,0.0,0,1,10,"SINAC - Malla de Entrenamientos del Mapa de Bosques 2021, Costa Rica",nueva_fuente,85.0,85.0,100.0,85.0,85.0,85.0,0,0,0.0,1,54.75,derivado_a3_sin_conf_integrada,54.75,1,1,1,2,2,0.0,0.0,100.0,0.0,0.0,0.0,100.0,11.0,40.0,3.333333333333333,2.0,0.7113037238543946,0.7819237147595357,0.7345705517254639,0.8021068472535741,0.4414400135000563,0.4760319043903951,media,45.0,2519,suficiente,conflicto_tematico_xy,alta,100.0,0.0,1,0.0,100.0,0,100.0,40.0,54.0,54.75,100.0,85.0,57.275,100.0,,57.275,referencia_contextual,referencia_contextual,Aptitud contextual.,Usar como apoyo o referencia.,55 <= score_aptitud_total < 70,40,Tierras Forestales,41,Bosque latifoliado y mixto,412,Latifoliado secundario húmedo,2,1,Bosque secundario,Forestal,POINT (-85.59665172128652 10.253440957059698)
SRC10_CRI_2021_A1__XY__25f9c3a7005a,-85.249573,10.526468,Costa Rica,xy_unico_en_subset,sin_conflicto,1,1,1,1,2021,2021,0,1,100.0,Costa Rica,10,"SINAC - Malla de Entrenamientos del Mapa de Bosques 2021, Costa Rica",nueva_fuente,SINAC SRC10 2021,Tierras de Cultivo y Pastos,"Cultivos extensivos, Pastizales y matorrales",Pastizales naturales y cultivados,Tierras de Cultivo y Pastos,"Cultivos extensivos, Pastizales y matorrales",Pastizales naturales y cultivados,1,1,1,0.0,0,1,10,"SINAC - Malla de Entrenamientos del Mapa de Bosques 2021, Costa Rica",nueva_fuente,85.0,85.0,100.0,85.0,85.0,85.0,0,0,0.0,1,94.75,derivado_a3_sin_conf_integrada,94.75,1,1,1,2,3,0.0,0.0,100.0,0.0,0.0,0.0,100.0,12.0,23.0,1.9166666666666667,37.0,0.1996512460555861,0.1703716012930728,0.2784128828980373,0.2624575605178333,0.1100520407522674,0.0998563617605496,media,45.0,1179,suficiente,,,0.0,100.0,0,100.0,100.0,0,100.0,100.0,100.0,94.75,100.0,85.0,90.475,100.0,,90.475,entrenamiento_alta,entrenamiento,Alta aptitud para entrenamiento.,Usar como entrenamiento prioritario.,score_aptitud_total >= 85,30,Tierras de Cultivo y Pastos,33,"Cultivos extensivos, Pastizales y matorrales",332,Pastizales naturales y cultivados,8,8,Pastos,Pastos,POINT (-85.24957327258466 10.526467848961579)
SRC10_CRI_2021_A1__XY__261490461456,-85.412079,10.487754,Costa Rica,xy_unico_en_subset,sin_conflicto,1,1,1,1,2021,2021,0,1,100.0,Costa Rica,10,"SINAC - Malla de Entrenamientos del Mapa de Bosques 2021, Costa Rica",nueva_fuente,SINAC SRC10 2021,Artificializado y otra tierras,Urbano,Urbano,Artificializado y otra tierras,Urbano,Urbano,1,1,1,0.0,0,1,10,"SINAC - Malla de Entrenamientos del Mapa de Bosques 2021, Costa Rica",nueva_fuente,85.0,85.0,100.0,85.0,85.0,85.0,0,0,0.0,1,94.75,derivado_a3_sin_conf_integrada,94.75,1,1,1,2,2,0.0,0.0,100.0,0.0,0.0,0.0,100.0,11.0,34.0,2.833333333333333,15.0,-0.027674030104908,-0.0221318937096256,0.0553466717076213,0.0538949275362319,-0.0245829461739293,-0.0172224257969952,media,45.0,5928,suficiente,,,0.0,100.0,0,100.0,100.0,0,100.0,100.0,100.0,94.75,100.0,85.0,90.475,100.0,,90.475,entrenamiento_alta,entrenamiento,Alta aptitud para entrenamiento.,Usar como entrenamiento prioritario.,score_aptitud_total >= 85,10,Artificializado y otra tierras,11,Urbano,110,Urbano,16,16,Edificaciones,Edificaciones,POINT (-85.41207933322067 10.487754070108)
SRC10_CRI_2021_A1__XY__268129f1a02f,-85.2662,10.406266,Costa Rica,xy_unico_en_subset,sin_conflicto,1,1,1,1,2021,2021,0,1,100.0,Costa Rica,10,"SINAC - Malla de Entrenamientos del Mapa de Bosques 2021, Costa Rica",nueva_fuente,SINAC SRC10 2021,Tierras Forestales,Bosque latifoliado y mixto,Bosque seco o deciduo,Tierras Forestales,Bosque latifoliado y mixto,Bosque seco o deciduo,1,1,1,0.0,0,1,10,"SINAC - Malla de Entrenamientos del Mapa de Bosques 2021, Costa Rica",nueva_fuente,85.0,85.0,100.0,85.0,85.0,85.0,0,0,0.0,1,94.75,derivado_a3_sin_conf_integrada,94.75,1,1,1,2,3,0.0,0.0,100.0,0.0,0.0,0.0,100.0,12.0,39.0,3.25,1.25,0.6281067636671603,0.6128114026385255,0.6520860456334164,0.642101946863574,0.4401737282252056,0.4310568436935162,media,45.0,2519,suficiente,,,0.0,100.0,0,100.0,100.0,0,100.0,100.0,100.0,94.75,100.0,85.0,90.475,100.0,,90.475,entrenamiento_alta,entrenamiento,Alta aptitud para entrenamiento.,Usar como entrenamiento prioritario.,score_aptitud_total >= 85,40,Tierras Forestales,41,Bosque latifoliado y mixto,414,Bosque seco o deciduo,4,1,Bosque secundario deciduo,Forestal,POINT (-85.26620030672547 10.406265954850442)
SRC10_CRI_2021_A1__XY__27cb8652d679,-85.331801,10.493553,Costa Rica,xy_unico_en_subset,sin_conflicto,1,1,1,1,2021,2021,0,1,100.0,Costa Rica,10,"SINAC - Malla de Entrenamientos del Mapa de Bosques 2021, Costa Rica",nueva_fuente,SINAC SRC10 2021,Tierras de Cultivo y Pastos,"Cultivos extensivos, Pastizales y matorrales",Pastizales naturales y cultivados,Tierras de Cultivo y Pastos,"Cultivos extensivos, Pastizales y matorrales",Pastizales naturales y cultivados,1,1,1,0.0,0,1,10,"SINAC - Malla de Entrenamientos del Mapa de Bosques 2021, Costa Rica",nueva_fuente,85.0,85.0,100.0,85.0,85.0,85.0,0,0,0.0,1,94.75,derivado_a3_sin_conf_integrada,94.75,1,1,1,2,2,0.0,0.0,100.0,0.0,0.0,0.0,100.0,12.0,39.0,3.25,3.0,0.3199874778474942,0.2859380125701722,0.3754395970853255,0.3548693782535804,0.2418933937052508,0.2373635298922997,media,45.0,1179,suficiente,,,0.0,100.0,0,100.0,100.0,0,100.0,100.0,100.0,94.75,100.0,85.0,90.475,100.0,,90.475,entrenamiento_alta,entrenamiento,Alta aptitud para entrenamiento.,Usar como entrenamiento prioritario.,score_aptitud_total >= 85,30,Tierras de Cultivo y Pastos,33,"Cultivos extensivos, Pastizales y matorrales",332,Pastizales naturales y cultivados,8,8,Pastos,Pastos,POINT (-85.33180116816057 10.493553318659542)
SRC10_CRI_2021_A1__XY__29693962fa9d,-85.233084,10.088498,Costa Rica,xy_unico_en_subset,sin_conflicto,1,1,1,1,2021,2021,0,1,100.0,Costa Rica,10,"SINAC - Malla de Entrenamientos del Mapa de Bosques 2021, Costa Rica",nueva_fuente,SINAC SRC10 2021,Tierras Forestales,Manglares,Manglares,Tierras Forestales,Manglares,Manglares,1,1,1,0.0,0,1,10,"SINAC - Malla de Entrenamientos del Mapa de Bosques 2021, Costa Rica",nueva_fuente,85.0,85.0,100.0,85.0,85.0,85.0,0,0,0.0,1,94.75,derivado_a3_sin_conf_integrada,94.75,1,1,1,2,3,0.0,0.0,100.0,0.0,0.0,0.0,100.0,12.0,40.0,3.333333333333333,2.0,-0.2382958387134995,-0.2210760138250695,-0.2964164850482898,-0.3102181699772061,-0.3785237273516009,-0.384323653394126,media,45.0,800,suficiente,,,0.0,100.0,0,100.0,100.0,0,100.0,100.0,100.0,94.75,100.0,85.0,90.475,100.0,,90.475,entrenamiento_alta,entrenamiento,Alta aptitud para entrenamiento.,Usar como entrenamiento prioritario.,score_aptitud_total >= 85,40,Tierras Forestales,43,Manglares,430,Manglares,6,1,Manglar,Forestal,POINT (-85.23308391420028 10.08849755285421)
SRC10_CRI_2021_A1__XY__29d285dbd903,-85.579099,10.539475,Costa Rica,xy_unico_en_subset,sin_conflicto,1,1,1,1,2021,2021,0,1,100.0,Costa Rica,10,"SINAC - Malla de Entrenamientos del Mapa de Bosques 2021, Costa Rica",nueva_fuente,SINAC SRC10 2021,Tierras Forestales,Bosque latifoliado y mixto,Latifoliado secundario húmedo,Tierras Forestales,Bosque latifoliado y mixto,Latifoliado secundario húmedo,1,1,1,0.0,0,1,10,"SINAC - Malla de Entrenamientos del Mapa de Bosques 2021, Costa Rica",nueva_fuente,85.0,85.0,100.0,85.0,85.0,85.0,0,0,0.0,1,94.75,derivado_a3_sin_conf_integrada,94.75,1,1,1,2,3,0.0,0.0,100.0,0.0,0.0,0.0,100.0,11.0,30.0,2.5,8.0,-0.0150959297699962,-0.0273381294964028,0.0689764058425134,0.0407766990291262,0.0456681729559333,0.0310969777620676,media,45.0,2519,suficiente,,,0.0,100.0,0,100.0,100.0,0,100.0,100.0,100.0,94.75,100.0,85.0,90.475,100.0,,90.475,entrenamiento_alta,entrenamiento,Alta aptitud para entrenamiento.,Usar como entrenamiento prioritario.,score_aptitud_total >= 85,40,Tierras Forestales,41,Bosque latifoliado y mixto,412,Latifoliado secundario húmedo,2,1,Bosque secundario,Forestal,POINT (-85.5790992598886 10.53947509466388)
SRC10_CRI_2021_A1__XY__2a463846900d,-85.228688,10.541331,Costa Rica,xy_unico_en_subset,sin_conflicto,1,1,1,1,2021,2021,0,1,100.0,Costa Rica,10,"SINAC - Malla de Entrenamientos del Mapa de Bosques 2021, Costa Rica",nueva_fuente,SINAC SRC10 2021,Tierras Forestales,Bosque latifoliado y mixto,Bosque seco o deciduo,Tierras Forestales,Bosque latifoliado y mixto,Bosque seco o deciduo,1,1,1,0.0,0,1,10,"SINAC - Malla de Entrenamientos del Mapa de Bosques 2021, Costa Rica",nueva_fuente,85.0,85.0,100.0,85.0,85.0,85.0,0,0,0.0,1,94.75,derivado_a3_sin_conf_integrada,94.75,1,1,1,2,2,0.0,0.0,100.0,0.0,0.0,0.0,100.0,12.0,39.0,3.25,1.5,0.6952037237605726,0.6844787839778779,0.727640348367145,0.7365880384596394,0.4890174223532266,0.4841731841883461,media,45.0,2519,suficiente,,,0.0,100.0,0,100.0,100.0,0,100.0,100.0,100.0,94.75,100.0,85.0,90.475,100.0,,90.475,entrenamiento_alta,entrenamiento,Alta aptitud para entrenamiento.,Usar como entrenamiento prioritario.,score_aptitud_total >= 85,40,Tierras Forestales,41,Bosque latifoliado y mixto,414,Bosque seco o deciduo,4,1,Bosque secundario deciduo,Forestal,POINT (-85.22868832772333 10.541331131459689)
SRC10_CRI_2021_A1__XY__2a4816206613,-85.252314,10.152381,Costa Rica,xy_unico_en_subset,sin_conflicto,1,1,1,1,2021,2021,0,1,100.0,Costa Rica,10,"SINAC - Malla de Entrenamientos del Mapa de Bosques 2021, Costa Rica",nueva_fuente,SINAC SRC10 2021,Tierras Forestales,Manglares,Manglares,Tierras Forestales,Manglares,Manglares,1,1,1,0.0,0,1,10,"SINAC - Malla de Entrenamientos del Mapa de Bosques 2021, Costa Rica",nueva_fuente,85.0,85.0,100.0,85.0,85.0,85.0,0,0,0.0,1,94.75,derivado_a3_sin_conf_integrada,94.75,1,1,1,2,3,0.0,0.0,100.0,0.0,0.0,0.0,100.0,12.0,39.0,3.25,7.75,0.0587955897524313,0.067421953488141,0.1392303081466972,0.1399387929782809,0.0208952431931503,0.03818618638309,media,45.0,800,suficiente,,,0.0,100.0,0,100.0,100.0,0,100.0,100.0,100.0,94.75,100.0,85.0,90.475,100.0,,90.475,entrenamiento_alta,entrenamiento,Alta aptitud para entrenamiento.,Usar como entrenamiento prioritario.,score_aptitud_total >= 85,40,Tierras Forestales,43,Manglares,430,Manglares,6,1,Manglar,Forestal,POINT (-85.25231389598429 10.152380896287735)
SRC10_CRI_2021_A1__XY__2a851c957bf6,-85.250247,10.163249,Costa Rica,xy_unico_en_subset,sin_conflicto,1,1,1,1,2021,2021,0,1,100.0,Costa Rica,10,"SINAC - Malla de Entrenamientos del Mapa de Bosques 2021, Costa Rica",nueva_fuente,SINAC SRC10 2021,Tierras Forestales,Manglares,Manglares,Tierras Forestales,Manglares,Manglares,1,1,1,0.0,0,1,10,"SINAC - Malla de Entrenamientos del Mapa de Bosques 2021, Costa Rica",nueva_fuente,85.0,85.0,100.0,85.0,85.0,85.0,0,0,0.0,1,94.75,derivado_a3_sin_conf_integrada,94.75,1,1,1,2,3,0.0,0.0,100.0,0.0,0.0,0.0,100.0,12.0,42.0,3.5,7.0,0.1232294930081112,0.1141694567237495,0.1759262218996747,0.1646508161614657,0.0218542062135847,0.0543558484578808,media,45.0,800,suficiente,,,0.0,100.0,0,100.0,100.0,0,100.0,100.0,100.0,94.75,100.0,85.0,90.475,100.0,,90.475,entrenamiento_alta,entrenamiento,Alta aptitud para entrenamiento.,Usar como entrenamiento prioritario.,score_aptitud_total >= 85,40,Tierras Forestales,43,Manglares,430,Manglares,6,1,Manglar,Forestal,POINT (-85.25024657117172 10.163249182390185)
SRC10_CRI_2021_A1__XY__2b158ba171ad,-85.196154,10.505843,Costa Rica,xy_unico_en_subset,sin_conflicto,1,1,1,1,2021,2021,0,1,100.0,Costa Rica,10,"SINAC - Malla de Entrenamientos del Mapa de Bosques 2021, Costa Rica",nueva_fuente,SINAC SRC10 2021,Tierras Forestales,Bosque latifoliado y mixto,Bosque seco o deciduo,Tierras Forestales,Bosque latifoliado y mixto,Bosque seco o deciduo,1,1,1,0.0,0,1,10,"SINAC - Malla de Entrenamientos del Mapa de Bosques 2021, Costa Rica",nueva_fuente,85.0,85.0,100.0,85.0,85.0,85.0,0,0,0.0,1,94.75,derivado_a3_sin_conf_integrada,94.75,1,1,1,2,3,0.0,0.0,100.0,0.0,0.0,0.0,100.0,11.0,33.0,2.75,1.0,0.635547127889527,0.7055708478240865,0.6701531097821806,0.7125795709372897,0.4638997442362917,0.4498413434741992,media,45.0,2519,suficiente,,,0.0,100.0,0,100.0,100.0,0,100.0,100.0,100.0,94.75,100.0,85.0,90.475,100.0,,90.475,entrenamiento_alta,entrenamiento,Alta aptitud para entrenamiento.,Usar como entrenamiento prioritario.,score_aptitud_total >= 85,40,Tierras Forestales,41,Bosque latifoliado y mixto,414,Bosque seco o deciduo,4,1,Bosque secundario deciduo,Forestal,POINT (-85.19615418047196 10.505843362214724)
SRC10_CRI_2021_A1__XY__2beef7e3b45e,-85.597588,10.25609,Costa Rica,xy_unico_en_subset,sin_conflicto,1,1,1,1,2021,2021,0,1,100.0,Costa Rica,10,"SINAC - Malla de Entrenamientos del Mapa de Bosques 2021, Costa Rica",nueva_fuente,SINAC SRC10 2021,Tierras Forestales,Bosque latifoliado y mixto,Bosque seco o deciduo,Tierras Forestales,Bosque latifoliado y mixto,Bosque seco o deciduo,1,1,1,0.0,0,1,10,"SINAC - Malla de Entrenamientos del Mapa de Bosques 2021, Costa Rica",nueva_fuente,85.0,85.0,100.0,85.0,85.0,85.0,0,0,0.0,1,94.75,derivado_a3_sin_conf_integrada,94.75,1,1,1,2,2,0.0,0.0,100.0,0.0,0.0,0.0,100.0,11.0,42.0,3.5,5.5,0.6632606704195197,0.6869772998805257,0.6853056665053944,0.719326449686837,0.4897649181062026,0.5111485242468631,media,45.0,2519,suficiente,,,0.0,100.0,0,100.0,100.0,0,100.0,100.0,100.0,94.75,100.0,85.0,90.475,100.0,,90.475,entrenamiento_alta,entrenamiento,Alta aptitud para entrenamiento.,Usar como entrenamiento prioritario.,score_aptitud_total >= 85,40,Tierras Forestales,41,Bosque latifoliado y mixto,414,Bosque seco o deciduo,4,1,Bosque secundario deciduo,Forestal,POINT (-85.59758790112109 10.256089664296889)
SRC10_CRI_2021_A1__XY__2c4c7d2084de,-85.21879,10.212843,Costa Rica,xy_unico_en_subset,sin_conflicto,1,1,1,1,2021,2021,0,1,100.0,Costa Rica,10,"SINAC - Malla de Entrenamientos del Mapa de Bosques 2021, Costa Rica",nueva_fuente,SINAC SRC10 2021,Tierras Forestales,Manglares,Manglares,Tierras Forestales,Manglares,Manglares,1,1,1,0.0,0,1,10,"SINAC - Malla de Entrenamientos del Mapa de Bosques 2021, Costa Rica",nueva_fuente,85.0,85.0,100.0,85.0,85.0,85.0,0,0,0.0,1,94.75,derivado_a3_sin_conf_integrada,94.75,1,1,1,2,3,0.0,0.0,100.0,0.0,0.0,0.0,100.0,12.0,41.0,3.4166666666666665,1.75,-0.058872324069636,-0.060377300147951,-0.1846803044230086,-0.2285038321271866,-0.3467562799723325,-0.3612321639843093,media,45.0,800,suficiente,,,0.0,100.0,0,100.0,100.0,0,100.0,100.0,100.0,94.75,100.0,85.0,90.475,100.0,,90.475,entrenamiento_alta,entrenamiento,Alta aptitud para entrenamiento.,Usar como entrenamiento prioritario.,score_aptitud_total >= 85,40,Tierras Forestales,43,Manglares,430,Manglares,6,1,Manglar,Forestal,POINT (-85.21879040099776 10.212843327769901)
SRC10_CRI_2021_A1__XY__2cca897a86d1,-85.492299,10.495253,Costa Rica,xy_unico_en_subset,sin_conflicto,1,1,1,1,2021,2021,0,1,100.0,Costa Rica,10,"SINAC - Malla de Entrenamientos del Mapa de Bosques 2021, Costa Rica",nueva_fuente,SINAC SRC10 2021,Tierras de Cultivo y Pastos,Cultivos intensivos No-Arbóreos,Otros cultivos intensivos no arbóreos,Tierras de Cultivo y Pastos,Cultivos intensivos No-Arbóreos,Otros cultivos intensivos no arbóreos,1,1,1,0.0,0,1,10,"SINAC - Malla de Entrenamientos del Mapa de Bosques 2021, Costa Rica",nueva_fuente,85.0,85.0,100.0,85.0,85.0,85.0,0,0,0.0,1,94.75,derivado_a3_sin_conf_integrada,94.75,1,1,1,2,2,0.0,0.0,100.0,0.0,0.0,0.0,100.0,12.0,41.0,3.4166666666666665,4.5,0.3462824231859458,0.1496159907559492,0.3834752807044798,0.2096948035018846,0.2408108371917873,0.1287348721889877,media,45.0,8489,suficiente,,,0.0,100.0,0,100.0,100.0,0,100.0,100.0,100.0,94.75,100.0,85.0,90.475,100.0,,90.475,entrenamiento_alta,entrenamiento,Alta aptitud para entrenamiento.,Usar como entrenamiento prioritario.,score_aptitud_total >= 85,30,Tierras de Cultivo y Pastos,31,Cultivos intensivos No-Arbóreos,315,Otros cultivos intensivos no arbóreos,9,9,Cultivos,Cultivos,POINT (-85.49229863640637 10.49525325602997)
SRC10_CRI_2021_A1__XY__2e6ea8706ffe,-85.58941,10.373514,Costa Rica,xy_unico_en_subset,sin_conflicto,1,1,1,1,2021,2021,0,1,100.0,Costa Rica,10,"SINAC - Malla de Entrenamientos del Mapa de Bosques 2021, Costa Rica",nueva_fuente,SINAC SRC10 2021,Tierras Forestales,Bosque latifoliado y mixto,Bosque seco o deciduo,Tierras Forestales,Bosque latifoliado y mixto,Bosque seco o deciduo,1,1,1,0.0,0,1,10,"SINAC - Malla de Entrenamientos del Mapa de Bosques 2021, Costa Rica",nueva_fuente,85.0,85.0,100.0,85.0,85.0,85.0,0,0,0.0,1,94.75,derivado_a3_sin_conf_integrada,94.75,1,1,1,2,2,0.0,0.0,100.0,0.0,0.0,0.0,100.0,12.0,34.0,2.833333333333333,1.0,0.6966096901636206,0.7000023862815048,0.7239892313234452,0.721603628249717,0.5176687215775891,0.5226504402039945,media,45.0,2519,suficiente,,,0.0,100.0,0,100.0,100.0,0,100.0,100.0,100.0,94.75,100.0,85.0,90.475,100.0,,90.475,entrenamiento_alta,entrenamiento,Alta aptitud para entrenamiento.,Usar como entrenamiento prioritario.,score_aptitud_total >= 85,40,Tierras Forestales,41,Bosque latifoliado y mixto,414,Bosque seco o deciduo,4,1,Bosque secundario deciduo,Forestal,POINT (-85.58941014319826 10.373514060903622)
SRC10_CRI_2021_A1__XY__30e0a2e50bc8,-85.220896,10.211629,Costa Rica,xy_unico_en_subset,sin_conflicto,1,1,1,1,2021,2021,0,1,100.0,Costa Rica,10,"SINAC - Malla de Entrenamientos del Mapa de Bosques 2021, Costa Rica",nueva_fuente,SINAC SRC10 2021,Tierras Forestales,Manglares,Manglares,Tierras Forestales,Manglares,Manglares,1,1,1,0.0,0,1,10,"SINAC - Malla de Entrenamientos del Mapa de Bosques 2021, Costa Rica",nueva_fuente,85.0,85.0,100.0,85.0,85.0,85.0,0,0,0.0,1,94.75,derivado_a3_sin_conf_integrada,94.75,1,1,1,2,3,0.0,0.0,100.0,0.0,0.0,0.0,100.0,12.0,39.0,3.25,2.25,-0.1115304503181227,-0.1385467824518606,-0.1499777899825334,-0.1852205815626212,-0.2883574871637581,-0.3248432512816204,media,45.0,800,suficiente,,,0.0,100.0,0,100.0,100.0,0,100.0,100.0,100.0,94.75,100.0,85.0,90.475,100.0,,90.475,entrenamiento_alta,entrenamiento,Alta aptitud para entrenamiento.,Usar como entrenamiento prioritario.,score_aptitud_total >= 85,40,Tierras Forestales,43,Manglares,430,Manglares,6,1,Manglar,Forestal,POINT (-85.2208957433253 10.211628732596562)
SRC10_CRI_2021_A1__XY__31f53d431aaa,-85.78116,10.422587,Costa Rica,xy_unico_en_subset,sin_conflicto,1,1,1,1,2021,2021,0,1,100.0,Costa Rica,10,"SINAC - Malla de Entrenamientos del Mapa de Bosques 2021, Costa Rica",nueva_fuente,SINAC SRC10 2021,Tierras Forestales,Bosque latifoliado y mixto,Latifoliado secundario húmedo,Tierras Forestales,Bosque latifoliado y mixto,Latifoliado secundario húmedo,1,1,1,0.0,0,1,10,"SINAC - Malla de Entrenamientos del Mapa de Bosques 2021, Costa Rica",nueva_fuente,85.0,85.0,100.0,85.0,85.0,85.0,0,0,0.0,1,94.75,derivado_a3_sin_conf_integrada,94.75,1,1,1,2,3,0.0,0.0,100.0,0.0,0.0,0.0,100.0,11.0,39.0,3.25,1.0,0.7402723921741369,0.7401580978180355,0.7599190997249948,0.7681529136787164,0.4979988998408949,0.510038487481649,media,45.0,2519,suficiente,,,0.0,100.0,0,100.0,100.0,0,100.0,100.0,100.0,94.75,100.0,85.0,90.475,100.0,,90.475,entrenamiento_alta,entrenamiento,Alta aptitud para entrenamiento.,Usar como entrenamiento prioritario.,score_aptitud_total >= 85,40,Tierras Forestales,41,Bosque latifoliado y mixto,412,Latifoliado secundario húmedo,2,1,Bosque secundario,Forestal,POINT (-85.78116017673594 10.422586865268263)
SRC10_CRI_2021_A1__XY__3238d9170c1a,-85.412495,10.120358,Costa Rica,xy_unico_en_subset,sin_conflicto,1,1,1,1,2021,2021,0,1,100.0,Costa Rica,10,"SINAC - Malla de Entrenamientos del Mapa de Bosques 2021, Costa Rica",nueva_fuente,SINAC SRC10 2021,Tierras Forestales,Bosque latifoliado y mixto,Latifoliado secundario húmedo,Tierras Forestales,Bosque latifoliado y mixto,Latifoliado secundario húmedo,1,1,1,0.0,0,1,10,"SINAC - Malla de Entrenamientos del Mapa de Bosques 2021, Costa Rica",nueva_fuente,85.0,85.0,100.0,85.0,85.0,85.0,0,0,0.0,1,94.75,derivado_a3_sin_conf_integrada,94.75,1,1,1,2,2,0.0,0.0,100.0,0.0,0.0,0.0,100.0,12.0,40.0,3.333333333333333,1.25,0.6821245952679474,0.7544472283261745,0.711790981244361,0.7804329026745953,0.5046620630203721,0.5334973796528604,media,45.0,2519,suficiente,,,0.0,100.0,0,100.0,100.0,0,100.0,100.0,100.0,94.75,100.0,85.0,90.475,100.0,,90.475,entrenamiento_alta,entrenamiento,Alta aptitud para entrenamiento.,Usar como entrenamiento prioritario.,score_aptitud_total >= 85,40,Tierras Forestales,41,Bosque latifoliado y mixto,412,Latifoliado secundario húmedo,2,1,Bosque secundario,Forestal,POINT (-85.4124949085652 10.12035756155503)
SRC10_CRI_2021_A1__XY__32d1d4ef7c89,-85.304808,10.338909,Costa Rica,xy_unico_en_subset,sin_conflicto,1,1,1,1,2021,2021,0,1,100.0,Costa Rica,10,"SINAC - Malla de Entrenamientos del Mapa de Bosques 2021, Costa Rica",nueva_fuente,SINAC SRC10 2021,Tierras Forestales,Bosque latifoliado y mixto,Bosque seco o deciduo,Tierras Forestales,Bosque latifoliado y mixto,Bosque seco o deciduo,1,1,1,0.0,0,1,10,"SINAC - Malla de Entrenamientos del Mapa de Bosques 2021, Costa Rica",nueva_fuente,85.0,85.0,100.0,85.0,85.0,85.0,0,0,0.0,1,94.75,derivado_a3_sin_conf_integrada,94.75,1,1,1,2,2,0.0,0.0,100.0,0.0,0.0,0.0,100.0,12.0,39.0,3.25,1.0,0.6614164357232891,0.707306114163298,0.6883014868176893,0.7410836915491212,0.4772087983770952,0.4765860844099621,media,45.0,2519,suficiente,,,0.0,100.0,0,100.0,100.0,0,100.0,100.0,100.0,94.75,100.0,85.0,90.475,100.0,,90.475,entrenamiento_alta,entrenamiento,Alta aptitud para entrenamiento.,Usar como entrenamiento prioritario.,score_aptitud_total >= 85,40,Tierras Forestales,41,Bosque latifoliado y mixto,414,Bosque seco o deciduo,4,1,Bosque secundario deciduo,Forestal,POINT (-85.3048078107759 10.33890925192008)
SRC10_CRI_2021_A1__XY__33634e2095cb,-85.642261,10.502959,Costa Rica,xy_unico_en_subset,sin_conflicto,1,1,1,1,2021,2021,0,1,100.0,Costa Rica,10,"SINAC - Malla de Entrenamientos del Mapa de Bosques 2021, Costa Rica",nueva_fuente,SINAC SRC10 2021,Tierras Forestales,Bosque latifoliado y mixto,Latifoliado secundario húmedo,Tierras Forestales,Bosque latifoliado y mixto,Latifoliado secundario húmedo,1,1,1,0.0,0,1,10,"SINAC - Malla de Entrenamientos del Mapa de Bosques 2021, Costa Rica",nueva_fuente,85.0,85.0,100.0,85.0,85.0,85.0,0,0,0.0,1,94.75,derivado_a3_sin_conf_integrada,94.75,1,1,1,2,3,0.0,0.0,100.0,0.0,0.0,0.0,100.0,12.0,46.0,3.8333333333333335,2.0,0.5247608891673874,0.5261629426260427,0.5651955154715594,0.576207798805777,0.3969883418240871,0.4126399457273764,media,45.0,2519,suficiente,,,0.0,100.0,0,100.0,100.0,0,100.0,100.0,100.0,94.75,100.0,85.0,90.475,100.0,,90.475,entrenamiento_alta,entrenamiento,Alta aptitud para entrenamiento.,Usar como entrenamiento prioritario.,score_aptitud_total >= 85,40,Tierras Forestales,41,Bosque latifoliado y mixto,412,Latifoliado secundario húmedo,2,1,Bosque secundario,Forestal,POINT (-85.64226102738706 10.502958906030031)
SRC10_CRI_2021_A1__XY__33a8af2bc64f,-85.45664,10.087586,Costa Rica,xy_unico_en_subset,sin_conflicto,1,1,1,1,2021,2021,0,1,100.0,Costa Rica,10,"SINAC - Malla de Entrenamientos del Mapa de Bosques 2021, Costa Rica",nueva_fuente,SINAC SRC10 2021,Tierras Forestales,Bosque latifoliado y mixto,Latifoliado secundario húmedo,Tierras Forestales,Bosque latifoliado y mixto,Latifoliado secundario húmedo,1,1,1,0.0,0,1,10,"SINAC - Malla de Entrenamientos del Mapa de Bosques 2021, Costa Rica",nueva_fuente,85.0,85.0,100.0,85.0,85.0,85.0,0,0,0.0,1,94.75,derivado_a3_sin_conf_integrada,94.75,1,1,1,2,2,0.0,0.0,100.0,0.0,0.0,0.0,100.0,12.0,40.0,3.333333333333333,1.5,0.7647478366655717,0.7584305239887854,0.7814672192206639,0.7775979263017696,0.5277080071429526,0.5364714953988248,media,45.0,2519,suficiente,,,0.0,100.0,0,100.0,100.0,0,100.0,100.0,100.0,94.75,100.0,85.0,90.475,100.0,,90.475,entrenamiento_alta,entrenamiento,Alta aptitud para entrenamiento.,Usar como entrenamiento prioritario.,score_aptitud_total >= 85,40,Tierras Forestales,41,Bosque latifoliado y mixto,412,Latifoliado secundario húmedo,2,1,Bosque secundario,Forestal,POINT (-85.45664045456653 10.087586360460374)
SRC10_CRI_2021_A1__XY__33facf9ecac1,-85.753258,10.443833,Costa Rica,xy_unico_en_subset,sin_conflicto,1,1,1,1,2021,2021,0,1,100.0,Costa Rica,10,"SINAC - Malla de Entrenamientos del Mapa de Bosques 2021, Costa Rica",nueva_fuente,SINAC SRC10 2021,Tierras Forestales,Bosque latifoliado y mixto,Bosque seco o deciduo,Tierras Forestales,Bosque latifoliado y mixto,Bosque seco o deciduo,1,1,1,0.0,0,1,10,"SINAC - Malla de Entrenamientos del Mapa de Bosques 2021, Costa Rica",nueva_fuente,85.0,85.0,100.0,85.0,85.0,85.0,0,0,0.0,1,94.75,derivado_a3_sin_conf_integrada,94.75,1,1,1,2,2,0.0,0.0,100.0,0.0,0.0,0.0,100.0,12.0,40.0,3.333333333333333,1.0,0.6616778563328284,0.6957812702944594,0.6860024787951308,0.7150902095866907,0.4647697356293692,0.4824008250938728,media,45.0,2519,suficiente,,,0.0,100.0,0,100.0,100.0,0,100.0,100.0,100.0,94.75,100.0,85.0,90.475,100.0,,90.475,entrenamiento_alta,entrenamiento,Alta aptitud para entrenamiento.,Usar como entrenamiento prioritario.,score_aptitud_total >= 85,40,Tierras Forestales,41,Bosque latifoliado y mixto,414,Bosque seco o deciduo,4,1,Bosque secundario deciduo,Forestal,POINT (-85.75325824881139 10.443833285893804)
SRC10_CRI_2021_A1__XY__3589477b4c2d,-85.224086,10.490366,Costa Rica,xy_unico_en_subset,sin_conflicto,1,1,1,1,2021,2021,0,1,100.0,Costa Rica,10,"SINAC - Malla de Entrenamientos del Mapa de Bosques 2021, Costa Rica",nueva_fuente,SINAC SRC10 2021,Tierras de Cultivo y Pastos,"Cultivos extensivos, Pastizales y matorrales",Pastizales naturales y cultivados,Tierras de Cultivo y Pastos,"Cultivos extensivos, Pastizales y matorrales",Pastizales naturales y cultivados,1,1,1,0.0,0,1,10,"SINAC - Malla de Entrenamientos del Mapa de Bosques 2021, Costa Rica",nueva_fuente,85.0,85.0,100.0,85.0,85.0,85.0,0,0,0.0,1,94.75,derivado_a3_sin_conf_integrada,94.75,1,1,1,2,3,0.0,0.0,100.0,0.0,0.0,0.0,100.0,12.0,42.0,3.5,4.5,0.2531667113309875,0.1898969279066137,0.2985266642468445,0.2395321601683355,0.1925807916330386,0.1525730329159494,media,45.0,1179,suficiente,,,0.0,100.0,0,100.0,100.0,0,100.0,100.0,100.0,94.75,100.0,85.0,90.475,100.0,,90.475,entrenamiento_alta,entrenamiento,Alta aptitud para entrenamiento.,Usar como entrenamiento prioritario.,score_aptitud_total >= 85,30,Tierras de Cultivo y Pastos,33,"Cultivos extensivos, Pastizales y matorrales",332,Pastizales naturales y cultivados,8,8,Pastos,Pastos,POINT (-85.22408627709356 10.490366434723231)
SRC10_CRI_2021_A1__XY__38922d71b3f5,-85.250134,10.134289,Costa Rica,xy_unico_en_subset,sin_conflicto,1,1,1,1,2021,2021,0,1,100.0,Costa Rica,10,"SINAC - Malla de Entrenamientos del Mapa de Bosques 2021, Costa Rica",nueva_fuente,SINAC SRC10 2021,Tierras Forestales,Manglares,Manglares,Tierras Forestales,Manglares,Manglares,1,1,1,0.0,0,1,10,"SINAC - Malla de Entrenamientos del Mapa de Bosques 2021, Costa Rica",nueva_fuente,85.0,85.0,100.0,85.0,85.0,85.0,0,0,0.0,1,94.75,derivado_a3_sin_conf_integrada,94.75,1,1,1,2,3,0.0,0.0,100.0,0.0,0.0,0.0,100.0,12.0,36.0,3.0,2.75,-0.2945342006101623,-0.2459517518876271,-0.2837070107022785,-0.2215968393559303,-0.2713761352454841,-0.2482085012614272,media,45.0,800,suficiente,,,0.0,100.0,0,100.0,100.0,0,100.0,100.0,100.0,94.75,100.0,85.0,90.475,100.0,,90.475,entrenamiento_alta,entrenamiento,Alta aptitud para entrenamiento.,Usar como entrenamiento prioritario.,score_aptitud_total >= 85,40,Tierras Forestales,43,Manglares,430,Manglares,6,1,Manglar,Forestal,POINT (-85.25013414588035 10.13428853247497)
SRC10_CRI_2021_A1__XY__38ff5c8a7f69,-85.237311,10.090895,Costa Rica,xy_unico_en_subset,sin_conflicto,1,1,1,1,2021,2021,0,1,100.0,Costa Rica,10,"SINAC - Malla de Entrenamientos del Mapa de Bosques 2021, Costa Rica",nueva_fuente,SINAC SRC10 2021,Tierras Forestales,Manglares,Manglares,Tierras Forestales,Manglares,Manglares,1,1,1,0.0,0,1,10,"SINAC - Malla de Entrenamientos del Mapa de Bosques 2021, Costa Rica",nueva_fuente,85.0,85.0,100.0,85.0,85.0,85.0,0,0,0.0,1,94.75,derivado_a3_sin_conf_integrada,94.75,1,1,1,2,3,0.0,0.0,100.0,0.0,0.0,0.0,100.0,12.0,43.0,3.583333333333333,5.5,0.1635680146049058,0.1559756952940704,0.1521219245472135,0.1588863883822174,0.0059016842029061,0.0577302606916166,media,45.0,800,suficiente,,,0.0,100.0,0,100.0,100.0,0,100.0,100.0,100.0,94.75,100.0,85.0,90.475,100.0,,90.475,entrenamiento_alta,entrenamiento,Alta aptitud para entrenamiento.,Usar como entrenamiento prioritario.,score_aptitud_total >= 85,40,Tierras Forestales,43,Manglares,430,Manglares,6,1,Manglar,Forestal,POINT (-85.23731137062838 10.090895169331507)
SRC10_CRI_2021_A1__XY__39d8a7dab9da,-85.230961,10.084885,Costa Rica,xy_unico_en_subset,sin_conflicto,1,1,1,1,2021,2021,0,1,100.0,Costa Rica,10,"SINAC - Malla de Entrenamientos del Mapa de Bosques 2021, Costa Rica",nueva_fuente,SINAC SRC10 2021,Tierras Forestales,Manglares,Manglares,Tierras Forestales,Manglares,Manglares,1,1,1,0.0,0,1,10,"SINAC - Malla de Entrenamientos del Mapa de Bosques 2021, Costa Rica",nueva_fuente,85.0,85.0,100.0,85.0,85.0,85.0,0,0,0.0,1,94.75,derivado_a3_sin_conf_integrada,94.75,1,1,1,2,3,0.0,0.0,100.0,0.0,0.0,0.0,100.0,12.0,40.0,3.333333333333333,2.75,-0.180008898898749,-0.200959401959285,-0.3061144800505228,-0.3008849248396678,-0.4007027871034048,-0.4272531743975122,media,45.0,800,suficiente,,,0.0,100.0,0,100.0,100.0,0,100.0,100.0,100.0,94.75,100.0,85.0,90.475,100.0,,90.475,entrenamiento_alta,entrenamiento,Alta aptitud para entrenamiento.,Usar como entrenamiento prioritario.,score_aptitud_total >= 85,40,Tierras Forestales,43,Manglares,430,Manglares,6,1,Manglar,Forestal,POINT (-85.23096104118369 10.0848853070771)
SRC10_CRI_2021_A1__XY__3a1510094ddc,-85.30014,10.497304,Costa Rica,xy_unico_en_subset,sin_conflicto,1,1,1,1,2021,2021,0,1,100.0,Costa Rica,10,"SINAC - Malla de Entrenamientos del Mapa de Bosques 2021, Costa Rica",nueva_fuente,SINAC SRC10 2021,Tierras de Cultivo y Pastos,"Cultivos extensivos, Pastizales y matorrales",Pastizales naturales y cultivados,Tierras de Cultivo y Pastos,"Cultivos extensivos, Pastizales y matorrales",Pastizales naturales y cultivados,1,1,1,0.0,0,1,10,"SINAC - Malla de Entrenamientos del Mapa de Bosques 2021, Costa Rica",nueva_fuente,85.0,85.0,100.0,85.0,85.0,85.0,0,0,0.0,1,94.75,derivado_a3_sin_conf_integrada,94.75,1,1,1,2,3,0.0,0.0,100.0,0.0,0.0,0.0,100.0,12.0,41.0,3.4166666666666665,3.75,0.3066308534749344,0.2708743158314696,0.3512821360112352,0.3125605395128199,0.2275181726094527,0.1990598303019,media,45.0,1179,suficiente,,,0.0,100.0,0,100.0,100.0,0,100.0,100.0,100.0,94.75,100.0,85.0,90.475,100.0,,90.475,entrenamiento_alta,entrenamiento,Alta aptitud para entrenamiento.,Usar como entrenamiento prioritario.,score_aptitud_total >= 85,30,Tierras de Cultivo y Pastos,33,"Cultivos extensivos, Pastizales y matorrales",332,Pastizales naturales y cultivados,8,8,Pastos,Pastos,POINT (-85.30014011954238 10.497304436738792)
SRC10_CRI_2021_A1__XY__3b7e8459b0c6,-85.494416,10.49645,Costa Rica,xy_unico_en_subset,sin_conflicto,1,1,1,1,2021,2021,0,1,100.0,Costa Rica,10,"SINAC - Malla de Entrenamientos del Mapa de Bosques 2021, Costa Rica",nueva_fuente,SINAC SRC10 2021,Tierras de Cultivo y Pastos,Cultivos intensivos No-Arbóreos,Otros cultivos intensivos no arbóreos,Tierras de Cultivo y Pastos,Cultivos intensivos No-Arbóreos,Otros cultivos intensivos no arbóreos,1,1,1,0.0,0,1,10,"SINAC - Malla de Entrenamientos del Mapa de Bosques 2021, Costa Rica",nueva_fuente,85.0,85.0,100.0,85.0,85.0,85.0,0,0,0.0,1,94.75,derivado_a3_sin_conf_integrada,94.75,1,1,1,2,2,0.0,0.0,100.0,0.0,0.0,0.0,100.0,12.0,42.0,3.5,7.5,0.3434739022908006,0.149751092560161,0.3797257255308857,0.2093380873089942,0.2449105436622529,0.1374808303559848,media,45.0,8489,suficiente,,,0.0,100.0,0,100.0,100.0,0,100.0,100.0,100.0,94.75,100.0,85.0,90.475,100.0,,90.475,entrenamiento_alta,entrenamiento,Alta aptitud para entrenamiento.,Usar como entrenamiento prioritario.,score_aptitud_total >= 85,30,Tierras de Cultivo y Pastos,31,Cultivos intensivos No-Arbóreos,315,Otros cultivos intensivos no arbóreos,9,9,Cultivos,Cultivos,POINT (-85.49441602581777 10.49644987428493)
SRC10_CRI_2021_A1__XY__3c0f23e4d18e,-85.233075,10.086084,Costa Rica,xy_unico_en_subset,sin_conflicto,1,1,1,1,2021,2021,0,1,100.0,Costa Rica,10,"SINAC - Malla de Entrenamientos del Mapa de Bosques 2021, Costa Rica",nueva_fuente,SINAC SRC10 2021,Tierras Forestales,Manglares,Manglares,Tierras Forestales,Manglares,Manglares,1,1,1,0.0,0,1,10,"SINAC - Malla de Entrenamientos del Mapa de Bosques 2021, Costa Rica",nueva_fuente,85.0,85.0,100.0,85.0,85.0,85.0,0,0,0.0,1,94.75,derivado_a3_sin_conf_integrada,94.75,1,1,1,2,3,0.0,0.0,100.0,0.0,0.0,0.0,100.0,12.0,42.0,3.5,4.0,0.0263022156427549,0.053170793866542,0.0478925518938796,0.0659316251118003,-0.1004817584516224,-0.0781623483785877,media,45.0,800,suficiente,,,0.0,100.0,0,100.0,100.0,0,100.0,100.0,100.0,94.75,100.0,85.0,90.475,100.0,,90.475,entrenamiento_alta,entrenamiento,Alta aptitud para entrenamiento.,Usar como entrenamiento prioritario.,score_aptitud_total >= 85,40,Tierras Forestales,43,Manglares,430,Manglares,6,1,Manglar,Forestal,POINT (-85.23307473073778 10.086084140646717)
SRC10_CRI_2021_A1__XY__3ecae5ff8313,-85.776271,10.369422,Costa Rica,xy_unico_en_subset,sin_conflicto,1,1,1,1,2021,2021,0,1,100.0,Costa Rica,10,"SINAC - Malla de Entrenamientos del Mapa de Bosques 2021, Costa Rica",nueva_fuente,SINAC SRC10 2021,Artificializado y otra tierras,Urbano,Urbano,Artificializado y otra tierras,Urbano,Urbano,1,1,1,0.0,0,1,10,"SINAC - Malla de Entrenamientos del Mapa de Bosques 2021, Costa Rica",nueva_fuente,85.0,85.0,100.0,85.0,85.0,85.0,0,0,0.0,1,94.75,derivado_a3_sin_conf_integrada,94.75,1,1,1,2,2,0.0,0.0,100.0,0.0,0.0,0.0,100.0,6.0,10.0,0.8333333333333334,4.5,-0.0152674397773425,-0.0099729316812663,-0.0292887374158582,-0.0317169856252894,-0.0149848367108143,-0.0202333588752181,media,45.0,5928,suficiente,,,0.0,100.0,0,100.0,100.0,0,100.0,100.0,100.0,94.75,100.0,85.0,90.475,100.0,,90.475,entrenamiento_alta,entrenamiento,Alta aptitud para entrenamiento.,Usar como entrenamiento prioritario.,score_aptitud_total >= 85,10,Artificializado y otra tierras,11,Urbano,110,Urbano,16,16,Edificaciones,Edificaciones,POINT (-85.77627086809181 10.369422297171544)
SRC10_CRI_2021_A1__XY__3eeb4281e0f3,-85.254683,10.218741,Costa Rica,xy_unico_en_subset,sin_conflicto,1,1,1,1,2021,2021,0,1,100.0,Costa Rica,10,"SINAC - Malla de Entrenamientos del Mapa de Bosques 2021, Costa Rica",nueva_fuente,SINAC SRC10 2021,Tierras húmedas y agua,Humedales,Humedales,Tierras húmedas y agua,Humedales,Humedales,1,1,1,0.0,0,1,10,"SINAC - Malla de Entrenamientos del Mapa de Bosques 2021, Costa Rica",nueva_fuente,85.0,85.0,100.0,85.0,85.0,85.0,0,0,0.0,1,94.75,derivado_a3_sin_conf_integrada,94.75,1,1,1,2,3,0.0,0.0,100.0,0.0,0.0,0.0,100.0,12.0,44.0,3.6666666666666665,15.5,0.1103049404068495,0.1065290290027225,0.1666953399619249,0.1593628214971503,0.0882269589806631,0.0862444372999741,media,45.0,409,moderado,,,0.0,100.0,0,100.0,80.0,0,100.0,100.0,94.0,94.75,85.0,85.0,87.775,100.0,,87.775,entrenamiento_alta,entrenamiento,Alta aptitud para entrenamiento.,Usar como entrenamiento prioritario.,score_aptitud_total >= 85,20,Tierras húmedas y agua,22,Humedales,220,Humedales,11,11,Humedal Palustre,Humedal Palustre,POINT (-85.25468291494802 10.218740730363017)
SRC10_CRI_2021_A1__XY__3fbfb60f15c2,-85.395642,10.091035,Costa Rica,xy_unico_en_subset,sin_conflicto,1,1,1,1,2021,2021,0,1,100.0,Costa Rica,10,"SINAC - Malla de Entrenamientos del Mapa de Bosques 2021, Costa Rica",nueva_fuente,SINAC SRC10 2021,Tierras Forestales,Bosque latifoliado y mixto,Bosque seco o deciduo,Tierras Forestales,Bosque latifoliado y mixto,Bosque seco o deciduo,1,1,1,0.0,0,1,10,"SINAC - Malla de Entrenamientos del Mapa de Bosques 2021, Costa Rica",nueva_fuente,85.0,85.0,100.0,85.0,85.0,85.0,0,0,0.0,1,94.75,derivado_a3_sin_conf_integrada,94.75,1,1,1,2,2,0.0,0.0,100.0,0.0,0.0,0.0,100.0,12.0,38.0,3.1666666666666665,2.0,0.7085219883193293,0.697994356258449,0.7338233430025589,0.7310299070488463,0.5134223798373898,0.5044001947239569,media,45.0,2519,suficiente,,,0.0,100.0,0,100.0,100.0,0,100.0,100.0,100.0,94.75,100.0,85.0,90.475,100.0,,90.475,entrenamiento_alta,entrenamiento,Alta aptitud para entrenamiento.,Usar como entrenamiento prioritario.,score_aptitud_total >= 85,40,Tierras Forestales,41,Bosque latifoliado y mixto,414,Bosque seco o deciduo,4,1,Bosque secundario deciduo,Forestal,POINT (-85.39564201151283 10.091035149383192)
SRC10_CRI_2021_A1__XY__40fea40c204a,-85.726268,10.408959,Costa Rica,xy_unico_en_subset,sin_conflicto,1,1,1,1,2021,2021,0,1,100.0,Costa Rica,10,"SINAC - Malla de Entrenamientos del Mapa de Bosques 2021, Costa Rica",nueva_fuente,SINAC SRC10 2021,Tierras Forestales,Bosque latifoliado y mixto,Bosque seco o deciduo,Tierras Forestales,Bosque latifoliado y mixto,Bosque seco o deciduo,1,1,1,0.0,0,1,10,"SINAC - Malla de Entrenamientos del Mapa de Bosques 2021, Costa Rica",nueva_fuente,85.0,85.0,100.0,85.0,85.0,85.0,0,0,0.0,1,94.75,derivado_a3_sin_conf_integrada,94.75,1,1,1,2,2,0.0,0.0,100.0,0.0,0.0,0.0,100.0,12.0,44.0,3.6666666666666665,1.0,0.6555136250927854,0.6662503010253875,0.6852255671242155,0.6966484426923532,0.4627732355247334,0.4827926852738852,media,45.0,2519,suficiente,,,0.0,100.0,0,100.0,100.0,0,100.0,100.0,100.0,94.75,100.0,85.0,90.475,100.0,,90.475,entrenamiento_alta,entrenamiento,Alta aptitud para entrenamiento.,Usar como entrenamiento prioritario.,score_aptitud_total >= 85,40,Tierras Forestales,41,Bosque latifoliado y mixto,414,Bosque seco o deciduo,4,1,Bosque secundario deciduo,Forestal,POINT (-85.72626827135255 10.408959046598477)
SRC10_CRI_2021_A1__XY__420fb062224a,-85.210269,10.191154,Costa Rica,xy_unico_en_subset,sin_conflicto,1,1,1,1,2021,2021,0,1,100.0,Costa Rica,10,"SINAC - Malla de Entrenamientos del Mapa de Bosques 2021, Costa Rica",nueva_fuente,SINAC SRC10 2021,Tierras Forestales,Manglares,Manglares,Tierras Forestales,Manglares,Manglares,1,1,1,0.0,0,1,10,"SINAC - Malla de Entrenamientos del Mapa de Bosques 2021, Costa Rica",nueva_fuente,85.0,85.0,100.0,85.0,85.0,85.0,0,0,0.0,1,94.75,derivado_a3_sin_conf_integrada,94.75,1,1,1,2,3,0.0,0.0,100.0,0.0,0.0,0.0,100.0,12.0,46.0,3.8333333333333335,13.5,0.276319588709317,0.2801069518716577,0.3201657716344742,0.3309212250074244,0.2064800689006223,0.2148342731672562,media,45.0,800,suficiente,,,0.0,100.0,0,100.0,100.0,0,100.0,100.0,100.0,94.75,100.0,85.0,90.475,100.0,,90.475,entrenamiento_alta,entrenamiento,Alta aptitud para entrenamiento.,Usar como entrenamiento prioritario.,score_aptitud_total >= 85,40,Tierras Forestales,43,Manglares,430,Manglares,6,1,Manglar,Forestal,POINT (-85.21026853160974 10.191154018498386)
SRC10_CRI_2021_A1__XY__4289d59551b4,-85.239407,10.087267,Costa Rica,xy_unico_en_subset,sin_conflicto,1,1,1,1,2021,2021,0,1,100.0,Costa Rica,10,"SINAC - Malla de Entrenamientos del Mapa de Bosques 2021, Costa Rica",nueva_fuente,SINAC SRC10 2021,Tierras Forestales,Manglares,Manglares,Tierras Forestales,Manglares,Manglares,1,1,1,0.0,0,1,10,"SINAC - Malla de Entrenamientos del Mapa de Bosques 2021, Costa Rica",nueva_fuente,85.0,85.0,100.0,85.0,85.0,85.0,0,0,0.0,1,94.75,derivado_a3_sin_conf_integrada,94.75,1,1,1,2,3,0.0,0.0,100.0,0.0,0.0,0.0,100.0,12.0,41.0,3.4166666666666665,2.0,-0.1923725385294429,-0.1599084688527502,-0.2266472982345808,-0.205336285928087,-0.3242945831534469,-0.276852129761031,media,45.0,800,suficiente,,,0.0,100.0,0,100.0,100.0,0,100.0,100.0,100.0,94.75,100.0,85.0,90.475,100.0,,90.475,entrenamiento_alta,entrenamiento,Alta aptitud para entrenamiento.,Usar como entrenamiento prioritario.,score_aptitud_total >= 85,40,Tierras Forestales,43,Manglares,430,Manglares,6,1,Manglar,Forestal,POINT (-85.23940665491648 10.08726714220617)
SRC10_CRI_2021_A1__XY__42fb5742fbab,-85.269086,10.125769,Costa Rica,xy_unico_en_subset,sin_conflicto,1,1,1,1,2021,2021,0,1,100.0,Costa Rica,10,"SINAC - Malla de Entrenamientos del Mapa de Bosques 2021, Costa Rica",nueva_fuente,SINAC SRC10 2021,Tierras Forestales,Manglares,Manglares,Tierras Forestales,Manglares,Manglares,1,1,1,0.0,0,1,10,"SINAC - Malla de Entrenamientos del Mapa de Bosques 2021, Costa Rica",nueva_fuente,85.0,85.0,100.0,85.0,85.0,85.0,0,0,0.0,1,94.75,derivado_a3_sin_conf_integrada,94.75,1,1,1,2,3,0.0,0.0,100.0,0.0,0.0,0.0,100.0,12.0,35.0,2.9166666666666665,4.5,-0.1246909857479313,-0.149311037707321,-0.0470616230393521,-0.0348776832260052,-0.0501486077955054,-0.0665229722198196,media,45.0,800,suficiente,,,0.0,100.0,0,100.0,100.0,0,100.0,100.0,100.0,94.75,100.0,85.0,90.475,100.0,,90.475,entrenamiento_alta,entrenamiento,Alta aptitud para entrenamiento.,Usar como entrenamiento prioritario.,score_aptitud_total >= 85,40,Tierras Forestales,43,Manglares,430,Manglares,6,1,Manglar,Forestal,POINT (-85.2690855077341 10.125768936312431)
SRC10_CRI_2021_A1__XY__440e20837193,-85.206094,10.203237,Costa Rica,xy_unico_en_subset,sin_conflicto,1,1,1,1,2021,2021,0,1,100.0,Costa Rica,10,"SINAC - Malla de Entrenamientos del Mapa de Bosques 2021, Costa Rica",nueva_fuente,SINAC SRC10 2021,Tierras Forestales,Manglares,Manglares,Tierras Forestales,Manglares,Manglares,1,1,1,0.0,0,1,10,"SINAC - Malla de Entrenamientos del Mapa de Bosques 2021, Costa Rica",nueva_fuente,85.0,85.0,100.0,85.0,85.0,85.0,0,0,0.0,1,94.75,derivado_a3_sin_conf_integrada,94.75,1,1,1,2,3,0.0,0.0,100.0,0.0,0.0,0.0,100.0,12.0,34.0,2.833333333333333,6.5,0.1082076060968901,0.1158963911208839,0.0579854346070062,0.0565404373190302,-0.0393063234280911,-0.0455789038909241,media,45.0,800,suficiente,,,0.0,100.0,0,100.0,100.0,0,100.0,100.0,100.0,94.75,100.0,85.0,90.475,100.0,,90.475,entrenamiento_alta,entrenamiento,Alta aptitud para entrenamiento.,Usar como entrenamiento prioritario.,score_aptitud_total >= 85,40,Tierras Forestales,43,Manglares,430,Manglares,6,1,Manglar,Forestal,POINT (-85.20609431785681 10.203236722245551)
SRC10_CRI_2021_A1__XY__44449afcf250,-85.665506,10.104696,Costa Rica,xy_unico_en_subset,sin_conflicto,1,1,1,1,2021,2021,0,1,100.0,Costa Rica,10,"SINAC - Malla de Entrenamientos del Mapa de Bosques 2021, Costa Rica",nueva_fuente,SINAC SRC10 2021,Tierras Forestales,Bosque latifoliado y mixto,Latifoliado secundario húmedo,Tierras Forestales,Bosque latifoliado y mixto,Latifoliado secundario húmedo,1,1,1,0.0,0,1,10,"SINAC - Malla de Entrenamientos del Mapa de Bosques 2021, Costa Rica",nueva_fuente,85.0,85.0,100.0,85.0,85.0,85.0,0,0,0.0,1,94.75,derivado_a3_sin_conf_integrada,94.75,1,1,1,2,2,0.0,0.0,100.0,0.0,0.0,0.0,100.0,11.0,30.0,2.5,1.0,0.7131541352749498,0.758945930260676,0.735930423682872,0.7721097343925954,0.5173355128341179,0.574779427587691,media,45.0,2519,suficiente,,,0.0,100.0,0,100.0,100.0,0,100.0,100.0,100.0,94.75,100.0,85.0,90.475,100.0,,90.475,entrenamiento_alta,entrenamiento,Alta aptitud para entrenamiento.,Usar como entrenamiento prioritario.,score_aptitud_total >= 85,40,Tierras Forestales,41,Bosque latifoliado y mixto,412,Latifoliado secundario húmedo,2,1,Bosque secundario,Forestal,POINT (-85.66550622074635 10.104695808890309)
SRC10_CRI_2021_A1__XY__473948243e9f,-85.59016,10.220896,Costa Rica,xy_unico_en_subset,sin_conflicto,1,1,1,1,2021,2021,0,1,100.0,Costa Rica,10,"SINAC - Malla de Entrenamientos del Mapa de Bosques 2021, Costa Rica",nueva_fuente,SINAC SRC10 2021,Tierras Forestales,Bosque latifoliado y mixto,Latifoliado secundario húmedo,Tierras Forestales,Bosque latifoliado y mixto,Latifoliado secundario húmedo,1,1,1,0.0,0,1,10,"SINAC - Malla de Entrenamientos del Mapa de Bosques 2021, Costa Rica",nueva_fuente,85.0,85.0,100.0,85.0,85.0,85.0,0,0,0.0,1,94.75,derivado_a3_sin_conf_integrada,94.75,1,1,1,2,2,0.0,0.0,100.0,0.0,0.0,0.0,100.0,12.0,44.0,3.6666666666666665,1.0,0.7231819799862577,0.7921177655293563,0.7491186706947067,0.8151177296955991,0.4716386239259736,0.5181886935697251,media,45.0,2519,suficiente,,,0.0,100.0,0,100.0,100.0,0,100.0,100.0,100.0,94.75,100.0,85.0,90.475,100.0,,90.475,entrenamiento_alta,entrenamiento,Alta aptitud para entrenamiento.,Usar como entrenamiento prioritario.,score_aptitud_total >= 85,40,Tierras Forestales,41,Bosque latifoliado y mixto,412,Latifoliado secundario húmedo,2,1,Bosque secundario,Forestal,POINT (-85.59015980145004 10.22089627496153)
SRC10_CRI_2021_A1__XY__4742df669d12,-85.519907,10.087301,Costa Rica,conflicto_tematico_subset,conflicto_tematico,2,2,2,1,2021,2021,0,1,100.0,Costa Rica,10,"SINAC - Malla de Entrenamientos del Mapa de Bosques 2021, Costa Rica",nueva_fuente,SINAC SRC10 2021,Tierras Forestales,Bosque latifoliado y mixto,Latifoliado secundario húmedo,Tierras Forestales | Tierras de Cultivo y Pastos,Bosque latifoliado y mixto | Cultivos intensivos No-Arbóreos,Latifoliado secundario húmedo | Otros cultivos intensivos no arbóreos,2,2,2,0.0,0,1,10,"SINAC - Malla de Entrenamientos del Mapa de Bosques 2021, Costa Rica",nueva_fuente,85.0,85.0,100.0,85.0,85.0,85.0,0,0,0.0,1,54.75,derivado_a3_sin_conf_integrada,54.75,1,1,1,0,0,100.0,0.0,0.0,0.0,0.0,0.0,0.0,12.0,36.0,3.0,1.0,0.796977074171554,0.831533913905006,0.8135075733324042,0.8435869180844427,0.5739944038637336,0.6039732401847253,sin_alerta,100.0,2519,suficiente,conflicto_tematico_xy,alta,100.0,0.0,1,0.0,100.0,0,100.0,40.0,54.0,54.75,100.0,85.0,65.525,100.0,,65.525,referencia_contextual,referencia_contextual,Aptitud contextual.,Usar como apoyo o referencia.,55 <= score_aptitud_total < 70,40,Tierras Forestales,41,Bosque latifoliado y mixto,412,Latifoliado secundario húmedo,2,1,Bosque secundario,Forestal,POINT (-85.51990715075382 10.087301004044592)
SRC10_CRI_2021_A1__XY__4748badfadea,-85.609899,10.369202,Costa Rica,conflicto_tematico_subset,conflicto_tematico,2,2,2,1,2021,2021,0,1,100.0,Costa Rica,10,"SINAC - Malla de Entrenamientos del Mapa de Bosques 2021, Costa Rica",nueva_fuente,SINAC SRC10 2021,Tierras Forestales,Bosque latifoliado y mixto,Latifoliado secundario húmedo,Tierras Forestales | Tierras de Cultivo y Pastos,Bosque latifoliado y mixto | Cultivos intensivos No-Arbóreos,Latifoliado secundario húmedo | Otros cultivos intensivos no arbóreos,2,2,2,0.0,0,1,10,"SINAC - Malla de Entrenamientos del Mapa de Bosques 2021, Costa Rica",nueva_fuente,85.0,85.0,100.0,85.0,85.0,85.0,0,0,0.0,1,54.75,derivado_a3_sin_conf_integrada,54.75,1,1,1,0,0,100.0,0.0,0.0,0.0,0.0,0.0,0.0,12.0,43.0,3.583333333333333,1.5,0.7657416139759956,0.8360439080292943,0.7810315705767445,0.8516430693951951,0.5570990281945533,0.6023603640413095,sin_alerta,100.0,2519,suficiente,conflicto_tematico_xy,alta,100.0,0.0,1,0.0,100.0,0,100.0,40.0,54.0,54.75,100.0,85.0,65.525,100.0,,65.525,referencia_contextual,referencia_contextual,Aptitud contextual.,Usar como apoyo o referencia.,55 <= score_aptitud_total < 70,40,Tierras Forestales,41,Bosque latifoliado y mixto,412,Latifoliado secundario húmedo,2,1,Bosque secundario,Forestal,POINT (-85.60989930412418 10.369201683002114)
SRC10_CRI_2021_A1__XY__47d03433d72a,-85.197349,10.121211,Costa Rica,xy_unico_en_subset,sin_conflicto,1,1,1,1,2021,2021,0,1,100.0,Costa Rica,10,"SINAC - Malla de Entrenamientos del Mapa de Bosques 2021, Costa Rica",nueva_fuente,SINAC SRC10 2021,Tierras húmedas y agua,Cuerpos de Agua,Cuerpos de Agua,Tierras húmedas y agua,Cuerpos de Agua,Cuerpos de Agua,1,1,1,0.0,0,1,10,"SINAC - Malla de Entrenamientos del Mapa de Bosques 2021, Costa Rica",nueva_fuente,85.0,85.0,100.0,85.0,85.0,85.0,0,0,0.0,1,94.75,derivado_a3_sin_conf_integrada,94.75,1,1,1,2,3,0.0,0.0,100.0,0.0,0.0,0.0,100.0,11.0,36.0,3.0,0.0,-0.4219766074648314,-0.3773156393021964,-0.4516878504294844,-0.4942196531791907,-0.4545984707715915,-0.5317683547005864,media,45.0,150,moderado,,,0.0,100.0,0,100.0,80.0,0,100.0,100.0,94.0,94.75,85.0,85.0,87.775,100.0,,87.775,entrenamiento_alta,entrenamiento,Alta aptitud para entrenamiento.,Usar como entrenamiento prioritario.,score_aptitud_total >= 85,20,Tierras húmedas y agua,21,Cuerpos de Agua,210,Cuerpos de Agua,10,10,Agua,Agua,POINT (-85.1973491973319 10.121211069614375)
SRC10_CRI_2021_A1__XY__482790311af2,-85.310911,10.396827,Costa Rica,xy_unico_en_subset,sin_conflicto,1,1,1,1,2021,2021,0,1,100.0,Costa Rica,10,"SINAC - Malla de Entrenamientos del Mapa de Bosques 2021, Costa Rica",nueva_fuente,SINAC SRC10 2021,Tierras Forestales,Bosque latifoliado y mixto,Bosque seco o deciduo,Tierras Forestales,Bosque latifoliado y mixto,Bosque seco o deciduo,1,1,1,0.0,0,1,10,"SINAC - Malla de Entrenamientos del Mapa de Bosques 2021, Costa Rica",nueva_fuente,85.0,85.0,100.0,85.0,85.0,85.0,0,0,0.0,1,94.75,derivado_a3_sin_conf_integrada,94.75,1,1,1,2,3,0.0,0.0,100.0,0.0,0.0,0.0,100.0,12.0,41.0,3.4166666666666665,1.75,0.6381770039237045,0.6438410955753047,0.6727755851184382,0.6861539329028379,0.447469788238584,0.4316245827078933,media,45.0,2519,suficiente,,,0.0,100.0,0,100.0,100.0,0,100.0,100.0,100.0,94.75,100.0,85.0,90.475,100.0,,90.475,entrenamiento_alta,entrenamiento,Alta aptitud para entrenamiento.,Usar como entrenamiento prioritario.,score_aptitud_total >= 85,40,Tierras Forestales,41,Bosque latifoliado y mixto,414,Bosque seco o deciduo,4,1,Bosque secundario deciduo,Forestal,POINT (-85.3109111711407 10.396827234219241)
SRC10_CRI_2021_A1__XY__48fe330ede55,-85.239481,10.106574,Costa Rica,xy_unico_en_subset,sin_conflicto,1,1,1,1,2021,2021,0,1,100.0,Costa Rica,10,"SINAC - Malla de Entrenamientos del Mapa de Bosques 2021, Costa Rica",nueva_fuente,SINAC SRC10 2021,Tierras Forestales,Manglares,Manglares,Tierras Forestales,Manglares,Manglares,1,1,1,0.0,0,1,10,"SINAC - Malla de Entrenamientos del Mapa de Bosques 2021, Costa Rica",nueva_fuente,85.0,85.0,100.0,85.0,85.0,85.0,0,0,0.0,1,94.75,derivado_a3_sin_conf_integrada,94.75,1,1,1,2,3,0.0,0.0,100.0,0.0,0.0,0.0,100.0,12.0,40.0,3.333333333333333,6.25,-2.2997981063344285e-05,0.0591733386257018,0.0184287955480277,0.0923239887005699,-0.027289677914679,0.0374102240656522,media,45.0,800,suficiente,,,0.0,100.0,0,100.0,100.0,0,100.0,100.0,100.0,94.75,100.0,85.0,90.475,100.0,,90.475,entrenamiento_alta,entrenamiento,Alta aptitud para entrenamiento.,Usar como entrenamiento prioritario.,score_aptitud_total >= 85,40,Tierras Forestales,43,Manglares,430,Manglares,6,1,Manglar,Forestal,POINT (-85.23948057361481 10.106574382047528)
SRC10_CRI_2021_A1__XY__4a4ab78dc208,-85.235216,10.094523,Costa Rica,xy_unico_en_subset,sin_conflicto,1,1,1,1,2021,2021,0,1,100.0,Costa Rica,10,"SINAC - Malla de Entrenamientos del Mapa de Bosques 2021, Costa Rica",nueva_fuente,SINAC SRC10 2021,Tierras Forestales,Manglares,Manglares,Tierras Forestales,Manglares,Manglares,1,1,1,0.0,0,1,10,"SINAC - Malla de Entrenamientos del Mapa de Bosques 2021, Costa Rica",nueva_fuente,85.0,85.0,100.0,85.0,85.0,85.0,0,0,0.0,1,94.75,derivado_a3_sin_conf_integrada,94.75,1,1,1,2,3,0.0,0.0,100.0,0.0,0.0,0.0,100.0,12.0,41.0,3.4166666666666665,5.25,0.188400975955381,0.1850555425552462,0.1498025581616932,0.1296925955090005,0.0260815145324288,0.0095458447213669,media,45.0,800,suficiente,,,0.0,100.0,0,100.0,100.0,0,100.0,100.0,100.0,94.75,100.0,85.0,90.475,100.0,,90.475,entrenamiento_alta,entrenamiento,Alta aptitud para entrenamiento.,Usar como entrenamiento prioritario.,score_aptitud_total >= 85,40,Tierras Forestales,43,Manglares,430,Manglares,6,1,Manglar,Forestal,POINT (-85.23521604271691 10.094523187960716)
SRC10_CRI_2021_A1__XY__4aaf0aba98fc,-85.208136,10.185128,Costa Rica,xy_unico_en_subset,sin_conflicto,1,1,1,1,2021,2021,0,1,100.0,Costa Rica,10,"SINAC - Malla de Entrenamientos del Mapa de Bosques 2021, Costa Rica",nueva_fuente,SINAC SRC10 2021,Tierras Forestales,Manglares,Manglares,Tierras Forestales,Manglares,Manglares,1,1,1,0.0,0,1,10,"SINAC - Malla de Entrenamientos del Mapa de Bosques 2021, Costa Rica",nueva_fuente,85.0,85.0,100.0,85.0,85.0,85.0,0,0,0.0,1,94.75,derivado_a3_sin_conf_integrada,94.75,1,1,1,2,3,0.0,0.0,100.0,0.0,0.0,0.0,100.0,12.0,43.0,3.583333333333333,4.5,0.3065574393069097,0.2929958963563517,0.3825567972480199,0.3564978302582752,0.2510408097106679,0.237944381449429,media,45.0,800,suficiente,,,0.0,100.0,0,100.0,100.0,0,100.0,100.0,100.0,94.75,100.0,85.0,90.475,100.0,,90.475,entrenamiento_alta,entrenamiento,Alta aptitud para entrenamiento.,Usar como entrenamiento prioritario.,score_aptitud_total >= 85,40,Tierras Forestales,43,Manglares,430,Manglares,6,1,Manglar,Forestal,POINT (-85.2081359955898 10.185128276159555)
SRC10_CRI_2021_A1__XY__4ba7fddbcd62,-85.256326,10.09927,Costa Rica,xy_unico_en_subset,sin_conflicto,1,1,1,1,2021,2021,0,1,100.0,Costa Rica,10,"SINAC - Malla de Entrenamientos del Mapa de Bosques 2021, Costa Rica",nueva_fuente,SINAC SRC10 2021,Tierras Forestales,Manglares,Manglares,Tierras Forestales,Manglares,Manglares,1,1,1,0.0,0,1,10,"SINAC - Malla de Entrenamientos del Mapa de Bosques 2021, Costa Rica",nueva_fuente,85.0,85.0,100.0,85.0,85.0,85.0,0,0,0.0,1,94.75,derivado_a3_sin_conf_integrada,94.75,1,1,1,2,3,0.0,0.0,100.0,0.0,0.0,0.0,100.0,12.0,36.0,3.0,2.0,-0.1928126023512403,-0.1608327072130659,-0.1981371664075139,-0.1553213953886252,-0.2985139599227296,-0.3053042521428312,media,45.0,800,suficiente,,,0.0,100.0,0,100.0,100.0,0,100.0,100.0,100.0,94.75,100.0,85.0,90.475,100.0,,90.475,entrenamiento_alta,entrenamiento,Alta aptitud para entrenamiento.,Usar como entrenamiento prioritario.,score_aptitud_total >= 85,40,Tierras Forestales,43,Manglares,430,Manglares,6,1,Manglar,Forestal,POINT (-85.25632627528147 10.099270287075564)
SRC10_CRI_2021_A1__XY__4bf8f20570ab,-85.23581,10.248981,Costa Rica,xy_unico_en_subset,sin_conflicto,1,1,1,1,2021,2021,0,1,100.0,Costa Rica,10,"SINAC - Malla de Entrenamientos del Mapa de Bosques 2021, Costa Rica",nueva_fuente,SINAC SRC10 2021,Tierras Forestales,Manglares,Manglares,Tierras Forestales,Manglares,Manglares,1,1,1,0.0,0,1,10,"SINAC - Malla de Entrenamientos del Mapa de Bosques 2021, Costa Rica",nueva_fuente,85.0,85.0,100.0,85.0,85.0,85.0,0,0,0.0,1,94.75,derivado_a3_sin_conf_integrada,94.75,1,1,1,2,3,0.0,0.0,100.0,0.0,0.0,0.0,100.0,12.0,37.0,3.083333333333333,5.25,0.2985776789293526,0.2925183872873971,0.3434708224472974,0.3311673303449561,0.2174749636259924,0.2055592794215161,media,45.0,800,suficiente,,,0.0,100.0,0,100.0,100.0,0,100.0,100.0,100.0,94.75,100.0,85.0,90.475,100.0,,90.475,entrenamiento_alta,entrenamiento,Alta aptitud para entrenamiento.,Usar como entrenamiento prioritario.,score_aptitud_total >= 85,40,Tierras Forestales,43,Manglares,430,Manglares,6,1,Manglar,Forestal,POINT (-85.2358099777771 10.248980634518338)
SRC10_CRI_2021_A1__XY__4c8a52fdd308,-85.399808,10.113172,Costa Rica,xy_unico_en_subset,sin_conflicto,1,1,1,1,2021,2021,0,1,100.0,Costa Rica,10,"SINAC - Malla de Entrenamientos del Mapa de Bosques 2021, Costa Rica",nueva_fuente,SINAC SRC10 2021,Tierras Forestales,Bosque latifoliado y mixto,Latifoliado secundario húmedo,Tierras Forestales,Bosque latifoliado y mixto,Latifoliado secundario húmedo,1,1,1,0.0,0,1,10,"SINAC - Malla de Entrenamientos del Mapa de Bosques 2021, Costa Rica",nueva_fuente,85.0,85.0,100.0,85.0,85.0,85.0,0,0,0.0,1,94.75,derivado_a3_sin_conf_integrada,94.75,1,1,1,2,3,0.0,0.0,100.0,0.0,0.0,0.0,100.0,12.0,35.0,2.9166666666666665,1.75,0.677079453832527,0.7390119300147298,0.6946365107474123,0.7494820660687871,0.4870703090844294,0.5249737889700772,media,45.0,2519,suficiente,,,0.0,100.0,0,100.0,100.0,0,100.0,100.0,100.0,94.75,100.0,85.0,90.475,100.0,,90.475,entrenamiento_alta,entrenamiento,Alta aptitud para entrenamiento.,Usar como entrenamiento prioritario.,score_aptitud_total >= 85,40,Tierras Forestales,41,Bosque latifoliado y mixto,412,Latifoliado secundario húmedo,2,1,Bosque secundario,Forestal,POINT (-85.39980845188735 10.113171923175438)
SRC10_CRI_2021_A1__XY__4d0860648943,-85.585828,10.266764,Costa Rica,xy_unico_en_subset,sin_conflicto,1,1,1,1,2021,2021,0,1,100.0,Costa Rica,10,"SINAC - Malla de Entrenamientos del Mapa de Bosques 2021, Costa Rica",nueva_fuente,SINAC SRC10 2021,Artificializado y otra tierras,Urbano,Urbano,Artificializado y otra tierras,Urbano,Urbano,1,1,1,0.0,0,1,10,"SINAC - Malla de Entrenamientos del Mapa de Bosques 2021, Costa Rica",nueva_fuente,85.0,85.0,100.0,85.0,85.0,85.0,0,0,0.0,1,94.75,derivado_a3_sin_conf_integrada,94.75,1,1,1,2,2,0.0,0.0,100.0,0.0,0.0,0.0,100.0,12.0,32.0,2.6666666666666665,22.5,0.0060388060935416,0.0008340602583325,-0.0055980881720845,-0.0083116493385297,-0.013449735058632,-0.010707027827962,media,45.0,5928,suficiente,,,0.0,100.0,0,100.0,100.0,0,100.0,100.0,100.0,94.75,100.0,85.0,90.475,100.0,,90.475,entrenamiento_alta,entrenamiento,Alta aptitud para entrenamiento.,Usar como entrenamiento prioritario.,score_aptitud_total >= 85,10,Artificializado y otra tierras,11,Urbano,110,Urbano,16,16,Edificaciones,Edificaciones,POINT (-85.58582822302111 10.266764293581879)
SRC10_CRI_2021_A1__XY__4da86c9deff6,-85.223001,10.210414,Costa Rica,xy_unico_en_subset,sin_conflicto,1,1,1,1,2021,2021,0,1,100.0,Costa Rica,10,"SINAC - Malla de Entrenamientos del Mapa de Bosques 2021, Costa Rica",nueva_fuente,SINAC SRC10 2021,Tierras Forestales,Manglares,Manglares,Tierras Forestales,Manglares,Manglares,1,1,1,0.0,0,1,10,"SINAC - Malla de Entrenamientos del Mapa de Bosques 2021, Costa Rica",nueva_fuente,85.0,85.0,100.0,85.0,85.0,85.0,0,0,0.0,1,94.75,derivado_a3_sin_conf_integrada,94.75,1,1,1,2,3,0.0,0.0,100.0,0.0,0.0,0.0,100.0,12.0,41.0,3.4166666666666665,2.5,-0.1028851114582546,-0.0776290074857153,-0.1443330450483831,-0.0853862401956712,-0.2505981035666089,-0.2091829274725558,media,45.0,800,suficiente,,,0.0,100.0,0,100.0,100.0,0,100.0,100.0,100.0,94.75,100.0,85.0,90.475,100.0,,90.475,entrenamiento_alta,entrenamiento,Alta aptitud para entrenamiento.,Usar como entrenamiento prioritario.,score_aptitud_total >= 85,40,Tierras Forestales,43,Manglares,430,Manglares,6,1,Manglar,Forestal,POINT (-85.22300106860855 10.210414125597817)
SRC10_CRI_2021_A1__XY__4ebeeedaba08,-85.279675,10.136588,Costa Rica,xy_unico_en_subset,sin_conflicto,1,1,1,1,2021,2021,0,1,100.0,Costa Rica,10,"SINAC - Malla de Entrenamientos del Mapa de Bosques 2021, Costa Rica",nueva_fuente,SINAC SRC10 2021,Tierras Forestales,Manglares,Manglares,Tierras Forestales,Manglares,Manglares,1,1,1,0.0,0,1,10,"SINAC - Malla de Entrenamientos del Mapa de Bosques 2021, Costa Rica",nueva_fuente,85.0,85.0,100.0,85.0,85.0,85.0,0,0,0.0,1,94.75,derivado_a3_sin_conf_integrada,94.75,1,1,1,2,3,0.0,0.0,100.0,0.0,0.0,0.0,100.0,12.0,37.0,3.083333333333333,2.75,-0.162141622326213,-0.143479163542832,-0.1282019932190251,-0.0829597447944824,-0.1216991272261754,-0.0760274086370621,media,45.0,800,suficiente,,,0.0,100.0,0,100.0,100.0,0,100.0,100.0,100.0,94.75,100.0,85.0,90.475,100.0,,90.475,entrenamiento_alta,entrenamiento,Alta aptitud para entrenamiento.,Usar como entrenamiento prioritario.,score_aptitud_total >= 85,40,Tierras Forestales,43,Manglares,430,Manglares,6,1,Manglar,Forestal,POINT (-85.27967523776864 10.136588188696756)
SRC10_CRI_2021_A1__XY__4f0d17aac3ec,-85.690812,10.104567,Costa Rica,xy_unico_en_subset,sin_conflicto,1,1,1,1,2021,2021,0,1,100.0,Costa Rica,10,"SINAC - Malla de Entrenamientos del Mapa de Bosques 2021, Costa Rica",nueva_fuente,SINAC SRC10 2021,Tierras Forestales,Bosque latifoliado y mixto,Latifoliado secundario húmedo,Tierras Forestales,Bosque latifoliado y mixto,Latifoliado secundario húmedo,1,1,1,0.0,0,1,10,"SINAC - Malla de Entrenamientos del Mapa de Bosques 2021, Costa Rica",nueva_fuente,85.0,85.0,100.0,85.0,85.0,85.0,0,0,0.0,1,94.75,derivado_a3_sin_conf_integrada,94.75,1,1,1,2,2,0.0,0.0,100.0,0.0,0.0,0.0,100.0,12.0,35.0,2.9166666666666665,0.5,0.8715077937488109,0.893147599155781,0.8833613418443825,0.905627983297561,0.6921409447372024,0.7057050297897931,media,45.0,2519,suficiente,,,0.0,100.0,0,100.0,100.0,0,100.0,100.0,100.0,94.75,100.0,85.0,90.475,100.0,,90.475,entrenamiento_alta,entrenamiento,Alta aptitud para entrenamiento.,Usar como entrenamiento prioritario.,score_aptitud_total >= 85,40,Tierras Forestales,41,Bosque latifoliado y mixto,412,Latifoliado secundario húmedo,2,1,Bosque secundario,Forestal,POINT (-85.69081191041562 10.104566892794839)
SRC10_CRI_2021_A1__XY__4f40bc77c836,-85.411236,10.486575,Costa Rica,xy_unico_en_subset,sin_conflicto,1,1,1,1,2021,2021,0,1,100.0,Costa Rica,10,"SINAC - Malla de Entrenamientos del Mapa de Bosques 2021, Costa Rica",nueva_fuente,SINAC SRC10 2021,Artificializado y otra tierras,Urbano,Urbano,Artificializado y otra tierras,Urbano,Urbano,1,1,1,0.0,0,1,10,"SINAC - Malla de Entrenamientos del Mapa de Bosques 2021, Costa Rica",nueva_fuente,85.0,85.0,100.0,85.0,85.0,85.0,0,0,0.0,1,94.75,derivado_a3_sin_conf_integrada,94.75,1,1,1,2,2,0.0,0.0,100.0,0.0,0.0,0.0,100.0,10.0,26.0,2.1666666666666665,7.0,-0.0093555523332038,-0.012329463465827,0.0086337951045147,0.0208245291527419,-0.0027069653870281,-0.0046698842466197,media,45.0,5928,suficiente,,,0.0,100.0,0,100.0,100.0,0,100.0,100.0,100.0,94.75,100.0,85.0,90.475,100.0,,90.475,entrenamiento_alta,entrenamiento,Alta aptitud para entrenamiento.,Usar como entrenamiento prioritario.,score_aptitud_total >= 85,10,Artificializado y otra tierras,11,Urbano,110,Urbano,16,16,Edificaciones,Edificaciones,POINT (-85.4112364281208 10.486575488033056)
SRC10_CRI_2021_A1__XY__4f7e702b81a2,-85.570801,10.144977,Costa Rica,xy_unico_en_subset,sin_conflicto,1,1,1,1,2021,2021,0,1,100.0,Costa Rica,10,"SINAC - Malla de Entrenamientos del Mapa de Bosques 2021, Costa Rica",nueva_fuente,SINAC SRC10 2021,Tierras Forestales,Bosque latifoliado y mixto,Latifoliado secundario húmedo,Tierras Forestales,Bosque latifoliado y mixto,Latifoliado secundario húmedo,1,1,1,0.0,0,1,10,"SINAC - Malla de Entrenamientos del Mapa de Bosques 2021, Costa Rica",nueva_fuente,85.0,85.0,100.0,85.0,85.0,85.0,0,0,0.0,1,94.75,derivado_a3_sin_conf_integrada,94.75,1,1,1,2,3,0.0,0.0,100.0,0.0,0.0,0.0,100.0,10.0,27.0,2.25,1.0,0.7131901354721917,0.7109070517454285,0.733994999374631,0.7289356398793083,0.5220688620104875,0.5276278330283704,media,45.0,2519,suficiente,,,0.0,100.0,0,100.0,100.0,0,100.0,100.0,100.0,94.75,100.0,85.0,90.475,100.0,,90.475,entrenamiento_alta,entrenamiento,Alta aptitud para entrenamiento.,Usar como entrenamiento prioritario.,score_aptitud_total >= 85,40,Tierras Forestales,41,Bosque latifoliado y mixto,412,Latifoliado secundario húmedo,2,1,Bosque secundario,Forestal,POINT (-85.57080066019343 10.144977382999965)
SRC10_CRI_2021_A1__XY__4fc29f34ee36,-85.666371,10.271188,Costa Rica,conflicto_tematico_subset,conflicto_tematico,2,2,2,1,2021,2021,0,1,100.0,Costa Rica,10,"SINAC - Malla de Entrenamientos del Mapa de Bosques 2021, Costa Rica",nueva_fuente,SINAC SRC10 2021,Tierras Forestales,Bosque latifoliado y mixto,Latifoliado secundario húmedo,Tierras Forestales | Tierras de Cultivo y Pastos,Bosque latifoliado y mixto | Cultivos intensivos No-Arbóreos,Latifoliado secundario húmedo | Otros cultivos intensivos no arbóreos,2,2,2,0.0,0,1,10,"SINAC - Malla de Entrenamientos del Mapa de Bosques 2021, Costa Rica",nueva_fuente,85.0,85.0,100.0,85.0,85.0,85.0,0,0,0.0,1,54.75,derivado_a3_sin_conf_integrada,54.75,1,1,1,0,0,100.0,0.0,0.0,0.0,0.0,0.0,0.0,12.0,42.0,3.5,2.0,0.8668382057214504,0.8699083206040945,0.8762135846432976,0.8829428294021795,0.6161435773930831,0.6166221922184173,sin_alerta,100.0,2519,suficiente,conflicto_tematico_xy,alta,100.0,0.0,1,0.0,100.0,0,100.0,40.0,54.0,54.75,100.0,85.0,65.525,100.0,,65.525,referencia_contextual,referencia_contextual,Aptitud contextual.,Usar como apoyo o referencia.,55 <= score_aptitud_total < 70,40,Tierras Forestales,41,Bosque latifoliado y mixto,412,Latifoliado secundario húmedo,2,1,Bosque secundario,Forestal,POINT (-85.6663709373403 10.27118819948379)
SRC10_CRI_2021_A1__XY__506489f0af4a,-85.4325,10.348322,Costa Rica,xy_unico_en_subset,sin_conflicto,1,1,1,1,2021,2021,0,1,100.0,Costa Rica,10,"SINAC - Malla de Entrenamientos del Mapa de Bosques 2021, Costa Rica",nueva_fuente,SINAC SRC10 2021,Tierras de Cultivo y Pastos,"Cultivos extensivos, Pastizales y matorrales",Pastizales naturales y cultivados,Tierras de Cultivo y Pastos,"Cultivos extensivos, Pastizales y matorrales",Pastizales naturales y cultivados,1,1,1,0.0,0,1,10,"SINAC - Malla de Entrenamientos del Mapa de Bosques 2021, Costa Rica",nueva_fuente,85.0,85.0,100.0,85.0,85.0,85.0,0,0,0.0,1,94.75,derivado_a3_sin_conf_integrada,94.75,1,1,1,2,2,0.0,0.0,100.0,0.0,0.0,0.0,100.0,12.0,40.0,3.333333333333333,1.0,0.8337709803539949,0.8545746885249099,0.8497379792408238,0.8732124828894325,0.6339132533142139,0.6524660943462994,media,45.0,1179,suficiente,,,0.0,100.0,0,100.0,100.0,0,100.0,100.0,100.0,94.75,100.0,85.0,90.475,100.0,,90.475,entrenamiento_alta,entrenamiento,Alta aptitud para entrenamiento.,Usar como entrenamiento prioritario.,score_aptitud_total >= 85,30,Tierras de Cultivo y Pastos,33,"Cultivos extensivos, Pastizales y matorrales",332,Pastizales naturales y cultivados,8,8,Pastos,Pastos,POINT (-85.43250017689842 10.348322379782669)
SRC10_CRI_2021_A1__XY__5070535b3ac0,-85.206085,10.200823,Costa Rica,xy_unico_en_subset,sin_conflicto,1,1,1,1,2021,2021,0,1,100.0,Costa Rica,10,"SINAC - Malla de Entrenamientos del Mapa de Bosques 2021, Costa Rica",nueva_fuente,SINAC SRC10 2021,Tierras Forestales,Manglares,Manglares,Tierras Forestales,Manglares,Manglares,1,1,1,0.0,0,1,10,"SINAC - Malla de Entrenamientos del Mapa de Bosques 2021, Costa Rica",nueva_fuente,85.0,85.0,100.0,85.0,85.0,85.0,0,0,0.0,1,94.75,derivado_a3_sin_conf_integrada,94.75,1,1,1,2,3,0.0,0.0,100.0,0.0,0.0,0.0,100.0,12.0,40.0,3.333333333333333,2.0,-0.0801019251513695,-0.0838575026930667,-0.1002551406521485,-0.126508441959215,-0.2044815468399296,-0.2585926460654845,media,45.0,800,suficiente,,,0.0,100.0,0,100.0,100.0,0,100.0,100.0,100.0,94.75,100.0,85.0,90.475,100.0,,90.475,entrenamiento_alta,entrenamiento,Alta aptitud para entrenamiento.,Usar como entrenamiento prioritario.,score_aptitud_total >= 85,40,Tierras Forestales,43,Manglares,430,Manglares,6,1,Manglar,Forestal,POINT (-85.20608523101907 10.20082330250991)
SRC10_CRI_2021_A1__XY__50b2bf4d68c4,-85.24969,10.555428,Costa Rica,xy_unico_en_subset,sin_conflicto,1,1,1,1,2021,2021,0,1,100.0,Costa Rica,10,"SINAC - Malla de Entrenamientos del Mapa de Bosques 2021, Costa Rica",nueva_fuente,SINAC SRC10 2021,Tierras Forestales,Bosque latifoliado y mixto,Latifoliado secundario húmedo,Tierras Forestales,Bosque latifoliado y mixto,Latifoliado secundario húmedo,1,1,1,0.0,0,1,10,"SINAC - Malla de Entrenamientos del Mapa de Bosques 2021, Costa Rica",nueva_fuente,85.0,85.0,100.0,85.0,85.0,85.0,0,0,0.0,1,94.75,derivado_a3_sin_conf_integrada,94.75,1,1,1,2,3,0.0,0.0,100.0,0.0,0.0,0.0,100.0,12.0,39.0,3.25,2.0,0.4720033676068928,0.5060322118434,0.5153078711606057,0.5472078737097903,0.3407587715304178,0.3539095477663114,media,45.0,2519,suficiente,,,0.0,100.0,0,100.0,100.0,0,100.0,100.0,100.0,94.75,100.0,85.0,90.475,100.0,,90.475,entrenamiento_alta,entrenamiento,Alta aptitud para entrenamiento.,Usar como entrenamiento prioritario.,score_aptitud_total >= 85,40,Tierras Forestales,41,Bosque latifoliado y mixto,412,Latifoliado secundario húmedo,2,1,Bosque secundario,Forestal,POINT (-85.24969008599393 10.555427801865962)
SRC10_CRI_2021_A1__XY__50ba87f57c19,-85.245869,10.122238,Costa Rica,xy_unico_en_subset,sin_conflicto,1,1,1,1,2021,2021,0,1,100.0,Costa Rica,10,"SINAC - Malla de Entrenamientos del Mapa de Bosques 2021, Costa Rica",nueva_fuente,SINAC SRC10 2021,Tierras Forestales,Manglares,Manglares,Tierras Forestales,Manglares,Manglares,1,1,1,0.0,0,1,10,"SINAC - Malla de Entrenamientos del Mapa de Bosques 2021, Costa Rica",nueva_fuente,85.0,85.0,100.0,85.0,85.0,85.0,0,0,0.0,1,94.75,derivado_a3_sin_conf_integrada,94.75,1,1,1,2,3,0.0,0.0,100.0,0.0,0.0,0.0,100.0,12.0,39.0,3.25,1.75,-0.310446599778654,-0.2558186728904127,-0.3153042165720619,-0.3228297018540068,-0.291687594529904,-0.2836224780790285,media,45.0,800,suficiente,,,0.0,100.0,0,100.0,100.0,0,100.0,100.0,100.0,94.75,100.0,85.0,90.475,100.0,,90.475,entrenamiento_alta,entrenamiento,Alta aptitud para entrenamiento.,Usar como entrenamiento prioritario.,score_aptitud_total >= 85,40,Tierras Forestales,43,Manglares,430,Manglares,6,1,Manglar,Forestal,POINT (-85.24586874304768 10.122237587275006)
SRC10_CRI_2021_A1__XY__511c18126c9c,-85.249023,10.388907,Costa Rica,xy_unico_en_subset,sin_conflicto,1,1,1,1,2021,2021,0,1,100.0,Costa Rica,10,"SINAC - Malla de Entrenamientos del Mapa de Bosques 2021, Costa Rica",nueva_fuente,SINAC SRC10 2021,Tierras Forestales,Bosque latifoliado y mixto,Latifoliado secundario húmedo,Tierras Forestales,Bosque latifoliado y mixto,Latifoliado secundario húmedo,1,1,1,0.0,0,1,10,"SINAC - Malla de Entrenamientos del Mapa de Bosques 2021, Costa Rica",nueva_fuente,85.0,85.0,100.0,85.0,85.0,85.0,0,0,0.0,1,94.75,derivado_a3_sin_conf_integrada,94.75,1,1,1,2,3,0.0,0.0,100.0,0.0,0.0,0.0,100.0,12.0,41.0,3.4166666666666665,1.0,0.7040522493462862,0.7157675784331736,0.7242190459911235,0.7372974772221138,0.4960288061538938,0.4978185072872741,media,45.0,2519,suficiente,,,0.0,100.0,0,100.0,100.0,0,100.0,100.0,100.0,94.75,100.0,85.0,90.475,100.0,,90.475,entrenamiento_alta,entrenamiento,Alta aptitud para entrenamiento.,Usar como entrenamiento prioritario.,score_aptitud_total >= 85,40,Tierras Forestales,41,Bosque latifoliado y mixto,412,Latifoliado secundario húmedo,2,1,Bosque secundario,Forestal,POINT (-85.24902303562664 10.388907336394015)
SRC10_CRI_2021_A1__XY__529494fd433f,-85.431493,10.123895,Costa Rica,conflicto_tematico_subset,conflicto_tematico,2,2,2,1,2021,2021,0,1,100.0,Costa Rica,10,"SINAC - Malla de Entrenamientos del Mapa de Bosques 2021, Costa Rica",nueva_fuente,SINAC SRC10 2021,Tierras Forestales,Bosque latifoliado y mixto,Latifoliado secundario húmedo,Tierras Forestales | Tierras de Cultivo y Pastos,Bosque latifoliado y mixto | Cultivos intensivos No-Arbóreos,Latifoliado secundario húmedo | Otros cultivos intensivos no arbóreos,2,2,2,0.0,0,1,10,"SINAC - Malla de Entrenamientos del Mapa de Bosques 2021, Costa Rica",nueva_fuente,85.0,85.0,100.0,85.0,85.0,85.0,0,0,0.0,1,54.75,derivado_a3_sin_conf_integrada,54.75,1,1,1,0,0,100.0,0.0,0.0,0.0,0.0,0.0,0.0,12.0,34.0,2.833333333333333,1.5,0.842595363970578,0.8624696251937563,0.8554844085592341,0.8732956128241016,0.5884645313824701,0.5993178752982674,sin_alerta,100.0,2519,suficiente,conflicto_tematico_xy,alta,100.0,0.0,1,0.0,100.0,0,100.0,40.0,54.0,54.75,100.0,85.0,65.525,100.0,,65.525,referencia_contextual,referencia_contextual,Aptitud contextual.,Usar como apoyo o referencia.,55 <= score_aptitud_total < 70,40,Tierras Forestales,41,Bosque latifoliado y mixto,412,Latifoliado secundario húmedo,2,1,Bosque secundario,Forestal,POINT (-85.43149345472358 10.12389531982454)
SRC10_CRI_2021_A1__XY__5336e490b3bc,-85.210999,10.553321,Costa Rica,xy_unico_en_subset,sin_conflicto,1,1,1,1,2021,2021,0,1,100.0,Costa Rica,10,"SINAC - Malla de Entrenamientos del Mapa de Bosques 2021, Costa Rica",nueva_fuente,SINAC SRC10 2021,Tierras Forestales,Bosque latifoliado y mixto,Bosque seco o deciduo,Tierras Forestales,Bosque latifoliado y mixto,Bosque seco o deciduo,1,1,1,0.0,0,1,10,"SINAC - Malla de Entrenamientos del Mapa de Bosques 2021, Costa Rica",nueva_fuente,85.0,85.0,100.0,85.0,85.0,85.0,0,0,0.0,1,94.75,derivado_a3_sin_conf_integrada,94.75,1,1,1,2,2,0.0,0.0,100.0,0.0,0.0,0.0,100.0,12.0,43.0,3.583333333333333,1.0,0.7018105674588151,0.7283832585101883,0.7257458044065747,0.7499009558056631,0.4663512171635469,0.4705235958451214,media,45.0,2519,suficiente,,,0.0,100.0,0,100.0,100.0,0,100.0,100.0,100.0,94.75,100.0,85.0,90.475,100.0,,90.475,entrenamiento_alta,entrenamiento,Alta aptitud para entrenamiento.,Usar como entrenamiento prioritario.,score_aptitud_total >= 85,40,Tierras Forestales,41,Bosque latifoliado y mixto,414,Bosque seco o deciduo,4,1,Bosque secundario deciduo,Forestal,POINT (-85.2109988323955 10.55332070842821)
SRC10_CRI_2021_A1__XY__53bcf7cfd7a6,-85.622809,10.089657,Costa Rica,xy_unico_en_subset,sin_conflicto,1,1,1,1,2021,2021,0,1,100.0,Costa Rica,10,"SINAC - Malla de Entrenamientos del Mapa de Bosques 2021, Costa Rica",nueva_fuente,SINAC SRC10 2021,Tierras Forestales,Bosque latifoliado y mixto,Bosque seco o deciduo,Tierras Forestales,Bosque latifoliado y mixto,Bosque seco o deciduo,1,1,1,0.0,0,1,10,"SINAC - Malla de Entrenamientos del Mapa de Bosques 2021, Costa Rica",nueva_fuente,85.0,85.0,100.0,85.0,85.0,85.0,0,0,0.0,1,94.75,derivado_a3_sin_conf_integrada,94.75,1,1,1,2,2,0.0,0.0,100.0,0.0,0.0,0.0,100.0,11.0,33.0,2.75,1.0,0.6662240940617496,0.7075673364685763,0.6970367044353601,0.7301775147928995,0.4852571576439952,0.5193855157278713,media,45.0,2519,suficiente,,,0.0,100.0,0,100.0,100.0,0,100.0,100.0,100.0,94.75,100.0,85.0,90.475,100.0,,90.475,entrenamiento_alta,entrenamiento,Alta aptitud para entrenamiento.,Usar como entrenamiento prioritario.,score_aptitud_total >= 85,40,Tierras Forestales,41,Bosque latifoliado y mixto,414,Bosque seco o deciduo,4,1,Bosque secundario deciduo,Forestal,POINT (-85.62280901661026 10.08965655970775)
SRC10_CRI_2021_A1__XY__53df7ed2744a,-85.261893,10.439538,Costa Rica,xy_unico_en_subset,sin_conflicto,1,1,1,1,2021,2021,0,1,100.0,Costa Rica,10,"SINAC - Malla de Entrenamientos del Mapa de Bosques 2021, Costa Rica",nueva_fuente,SINAC SRC10 2021,Tierras de Cultivo y Pastos,"Cultivos extensivos, Pastizales y matorrales",Pastizales naturales y cultivados,Tierras de Cultivo y Pastos,"Cultivos extensivos, Pastizales y matorrales",Pastizales naturales y cultivados,1,1,1,0.0,0,1,10,"SINAC - Malla de Entrenamientos del Mapa de Bosques 2021, Costa Rica",nueva_fuente,85.0,85.0,100.0,85.0,85.0,85.0,0,0,0.0,1,94.75,derivado_a3_sin_conf_integrada,94.75,1,1,1,2,2,0.0,0.0,100.0,0.0,0.0,0.0,100.0,12.0,40.0,3.333333333333333,2.0,0.4246472034426892,0.334814423154372,0.4657899322182794,0.3885787557801045,0.3070803397688229,0.2506824211790223,media,45.0,1179,suficiente,,,0.0,100.0,0,100.0,100.0,0,100.0,100.0,100.0,94.75,100.0,85.0,90.475,100.0,,90.475,entrenamiento_alta,entrenamiento,Alta aptitud para entrenamiento.,Usar como entrenamiento prioritario.,score_aptitud_total >= 85,30,Tierras de Cultivo y Pastos,33,"Cultivos extensivos, Pastizales y matorrales",332,Pastizales naturales y cultivados,8,8,Pastos,Pastos,POINT (-85.26189344288115 10.439537854800644)
SRC10_CRI_2021_A1__XY__54a18de27b87,-85.596507,10.224485,Costa Rica,xy_unico_en_subset,sin_conflicto,1,1,1,1,2021,2021,0,1,100.0,Costa Rica,10,"SINAC - Malla de Entrenamientos del Mapa de Bosques 2021, Costa Rica",nueva_fuente,SINAC SRC10 2021,Tierras de Cultivo y Pastos,"Cultivos extensivos, Pastizales y matorrales",Pastizales naturales y cultivados,Tierras de Cultivo y Pastos,"Cultivos extensivos, Pastizales y matorrales",Pastizales naturales y cultivados,1,1,1,0.0,0,1,10,"SINAC - Malla de Entrenamientos del Mapa de Bosques 2021, Costa Rica",nueva_fuente,85.0,85.0,100.0,85.0,85.0,85.0,0,0,0.0,1,94.75,derivado_a3_sin_conf_integrada,94.75,1,1,1,2,2,0.0,0.0,100.0,0.0,0.0,0.0,100.0,12.0,45.0,3.75,9.75,0.295127732305306,0.3127855707325779,0.3389682013901518,0.3716082221114176,0.219852419430573,0.2732902889881441,media,45.0,1179,suficiente,,,0.0,100.0,0,100.0,100.0,0,100.0,100.0,100.0,94.75,100.0,85.0,90.475,100.0,,90.475,entrenamiento_alta,entrenamiento,Alta aptitud para entrenamiento.,Usar como entrenamiento prioritario.,score_aptitud_total >= 85,30,Tierras de Cultivo y Pastos,33,"Cultivos extensivos, Pastizales y matorrales",332,Pastizales naturales y cultivados,8,8,Pastos,Pastos,POINT (-85.59650685730799 10.224484844308293)
SRC10_CRI_2021_A1__XY__55c86617a6f0,-85.489836,10.421664,Costa Rica,xy_unico_en_subset,sin_conflicto,1,1,1,1,2021,2021,0,1,100.0,Costa Rica,10,"SINAC - Malla de Entrenamientos del Mapa de Bosques 2021, Costa Rica",nueva_fuente,SINAC SRC10 2021,Tierras de Cultivo y Pastos,Cultivos intensivos No-Arbóreos,Otros cultivos intensivos no arbóreos,Tierras de Cultivo y Pastos,Cultivos intensivos No-Arbóreos,Otros cultivos intensivos no arbóreos,1,1,1,0.0,0,1,10,"SINAC - Malla de Entrenamientos del Mapa de Bosques 2021, Costa Rica",nueva_fuente,85.0,85.0,100.0,85.0,85.0,85.0,0,0,0.0,1,94.75,derivado_a3_sin_conf_integrada,94.75,1,1,1,2,2,0.0,0.0,100.0,0.0,0.0,0.0,100.0,12.0,33.0,2.75,9.25,0.102074591690177,0.089495529696411,0.1549743280831465,0.1420834845701672,0.0910206096509846,0.0793259734011886,media,45.0,8489,suficiente,,,0.0,100.0,0,100.0,100.0,0,100.0,100.0,100.0,94.75,100.0,85.0,90.475,100.0,,90.475,entrenamiento_alta,entrenamiento,Alta aptitud para entrenamiento.,Usar como entrenamiento prioritario.,score_aptitud_total >= 85,30,Tierras de Cultivo y Pastos,31,Cultivos intensivos No-Arbóreos,315,Otros cultivos intensivos no arbóreos,9,9,Cultivos,Cultivos,POINT (-85.48983588195065 10.421663670158122)
SRC10_CRI_2021_A1__XY__5611f7e98194,-85.458411,10.473692,Costa Rica,xy_unico_en_subset,sin_conflicto,1,1,1,1,2021,2021,0,1,100.0,Costa Rica,10,"SINAC - Malla de Entrenamientos del Mapa de Bosques 2021, Costa Rica",nueva_fuente,SINAC SRC10 2021,Tierras de Cultivo y Pastos,Cultivos intensivos No-Arbóreos,Otros cultivos intensivos no arbóreos,Tierras de Cultivo y Pastos,Cultivos intensivos No-Arbóreos,Otros cultivos intensivos no arbóreos,1,1,1,0.0,0,1,10,"SINAC - Malla de Entrenamientos del Mapa de Bosques 2021, Costa Rica",nueva_fuente,85.0,85.0,100.0,85.0,85.0,85.0,0,0,0.0,1,94.75,derivado_a3_sin_conf_integrada,94.75,1,1,1,2,2,0.0,0.0,100.0,0.0,0.0,0.0,100.0,12.0,38.0,3.1666666666666665,7.75,0.3159762098615281,0.1515521354999742,0.3552272647067589,0.2080879204939729,0.2260811662749545,0.1319050577667274,media,45.0,8489,suficiente,,,0.0,100.0,0,100.0,100.0,0,100.0,100.0,100.0,94.75,100.0,85.0,90.475,100.0,,90.475,entrenamiento_alta,entrenamiento,Alta aptitud para entrenamiento.,Usar como entrenamiento prioritario.,score_aptitud_total >= 85,30,Tierras de Cultivo y Pastos,31,Cultivos intensivos No-Arbóreos,315,Otros cultivos intensivos no arbóreos,9,9,Cultivos,Cultivos,POINT (-85.45841115199548 10.473692000577364)
SRC10_CRI_2021_A1__XY__574085ef0161,-85.434948,10.413651,Costa Rica,xy_unico_en_subset,sin_conflicto,1,1,1,1,2021,2021,0,1,100.0,Costa Rica,10,"SINAC - Malla de Entrenamientos del Mapa de Bosques 2021, Costa Rica",nueva_fuente,SINAC SRC10 2021,Tierras Forestales,Bosque latifoliado y mixto,Bosque seco o deciduo,Tierras Forestales,Bosque latifoliado y mixto,Bosque seco o deciduo,1,1,1,0.0,0,1,10,"SINAC - Malla de Entrenamientos del Mapa de Bosques 2021, Costa Rica",nueva_fuente,85.0,85.0,100.0,85.0,85.0,85.0,0,0,0.0,1,94.75,derivado_a3_sin_conf_integrada,94.75,1,1,1,2,2,0.0,0.0,100.0,0.0,0.0,0.0,100.0,12.0,42.0,3.5,1.0,0.6201470799178307,0.6745297847135799,0.6555598509734062,0.713448815797888,0.4474188459304458,0.4777400393047059,media,45.0,2519,suficiente,,,0.0,100.0,0,100.0,100.0,0,100.0,100.0,100.0,94.75,100.0,85.0,90.475,100.0,,90.475,entrenamiento_alta,entrenamiento,Alta aptitud para entrenamiento.,Usar como entrenamiento prioritario.,score_aptitud_total >= 85,40,Tierras Forestales,41,Bosque latifoliado y mixto,414,Bosque seco o deciduo,4,1,Bosque secundario deciduo,Forestal,POINT (-85.43494836226125 10.413650953302382)
SRC10_CRI_2021_A1__XY__577eb663bfc3,-85.20604,10.188756,Costa Rica,xy_unico_en_subset,sin_conflicto,1,1,1,1,2021,2021,0,1,100.0,Costa Rica,10,"SINAC - Malla de Entrenamientos del Mapa de Bosques 2021, Costa Rica",nueva_fuente,SINAC SRC10 2021,Tierras Forestales,Manglares,Manglares,Tierras Forestales,Manglares,Manglares,1,1,1,0.0,0,1,10,"SINAC - Malla de Entrenamientos del Mapa de Bosques 2021, Costa Rica",nueva_fuente,85.0,85.0,100.0,85.0,85.0,85.0,0,0,0.0,1,94.75,derivado_a3_sin_conf_integrada,94.75,1,1,1,2,3,0.0,0.0,100.0,0.0,0.0,0.0,100.0,12.0,43.0,3.583333333333333,12.0,0.1188793355367152,0.1191052933302133,0.1635946930339143,0.167412785568929,0.0987126202021371,0.1055276957080589,media,45.0,800,suficiente,,,0.0,100.0,0,100.0,100.0,0,100.0,100.0,100.0,94.75,100.0,85.0,90.475,100.0,,90.475,entrenamiento_alta,entrenamiento,Alta aptitud para entrenamiento.,Usar como entrenamiento prioritario.,score_aptitud_total >= 85,40,Tierras Forestales,43,Manglares,430,Manglares,6,1,Manglar,Forestal,POINT (-85.20603983077686 10.188756198374191)
SRC10_CRI_2021_A1__XY__58ef8527708f,-85.235317,10.121071,Costa Rica,xy_unico_en_subset,sin_conflicto,1,1,1,1,2021,2021,0,1,100.0,Costa Rica,10,"SINAC - Malla de Entrenamientos del Mapa de Bosques 2021, Costa Rica",nueva_fuente,SINAC SRC10 2021,Tierras húmedas y agua,Cuerpos de Agua,Cuerpos de Agua,Tierras húmedas y agua,Cuerpos de Agua,Cuerpos de Agua,1,1,1,0.0,0,1,10,"SINAC - Malla de Entrenamientos del Mapa de Bosques 2021, Costa Rica",nueva_fuente,85.0,85.0,100.0,85.0,85.0,85.0,0,0,0.0,1,94.75,derivado_a3_sin_conf_integrada,94.75,1,1,1,2,3,0.0,0.0,100.0,0.0,0.0,0.0,100.0,12.0,38.0,3.1666666666666665,1.0,-0.3615068801863002,-0.378906596048608,-0.3863956332916651,-0.3987796681772793,-0.3794470261340805,-0.3913332600662083,media,45.0,150,moderado,,,0.0,100.0,0,100.0,80.0,0,100.0,100.0,94.0,94.75,85.0,85.0,87.775,100.0,,87.775,entrenamiento_alta,entrenamiento,Alta aptitud para entrenamiento.,Usar como entrenamiento prioritario.,score_aptitud_total >= 85,20,Tierras húmedas y agua,21,Cuerpos de Agua,210,Cuerpos de Agua,10,10,Agua,Agua,POINT (-85.23531744990206 10.121070667331194)
SRC10_CRI_2021_A1__XY__5a17be5310c9,-85.503583,10.08889,Costa Rica,xy_unico_en_subset,sin_conflicto,1,1,1,1,2021,2021,0,1,100.0,Costa Rica,10,"SINAC - Malla de Entrenamientos del Mapa de Bosques 2021, Costa Rica",nueva_fuente,SINAC SRC10 2021,Tierras Forestales,Bosque latifoliado y mixto,Bosque seco o deciduo,Tierras Forestales,Bosque latifoliado y mixto,Bosque seco o deciduo,1,1,1,0.0,0,1,10,"SINAC - Malla de Entrenamientos del Mapa de Bosques 2021, Costa Rica",nueva_fuente,85.0,85.0,100.0,85.0,85.0,85.0,0,0,0.0,1,94.75,derivado_a3_sin_conf_integrada,94.75,1,1,1,2,2,0.0,0.0,100.0,0.0,0.0,0.0,100.0,12.0,37.0,3.083333333333333,1.0,0.6558467077910511,0.700020098719482,0.6823472649030303,0.7266599712553312,0.4718538929675908,0.5054521142560768,media,45.0,2519,suficiente,,,0.0,100.0,0,100.0,100.0,0,100.0,100.0,100.0,94.75,100.0,85.0,90.475,100.0,,90.475,entrenamiento_alta,entrenamiento,Alta aptitud para entrenamiento.,Usar como entrenamiento prioritario.,score_aptitud_total >= 85,40,Tierras Forestales,41,Bosque latifoliado y mixto,414,Bosque seco o deciduo,4,1,Bosque secundario deciduo,Forestal,POINT (-85.50358269108312 10.088889933642276)
SRC10_CRI_2021_A1__XY__5b0b3f45a438,-85.268331,10.464853,Costa Rica,xy_unico_en_subset,sin_conflicto,1,1,1,1,2021,2021,0,1,100.0,Costa Rica,10,"SINAC - Malla de Entrenamientos del Mapa de Bosques 2021, Costa Rica",nueva_fuente,SINAC SRC10 2021,Tierras de Cultivo y Pastos,"Cultivos extensivos, Pastizales y matorrales",Pastizales naturales y cultivados,Tierras de Cultivo y Pastos,"Cultivos extensivos, Pastizales y matorrales",Pastizales naturales y cultivados,1,1,1,0.0,0,1,10,"SINAC - Malla de Entrenamientos del Mapa de Bosques 2021, Costa Rica",nueva_fuente,85.0,85.0,100.0,85.0,85.0,85.0,0,0,0.0,1,94.75,derivado_a3_sin_conf_integrada,94.75,1,1,1,2,2,0.0,0.0,100.0,0.0,0.0,0.0,100.0,12.0,38.0,3.1666666666666665,1.5,0.4792623066519397,0.3439700272769035,0.520314181529654,0.4140435624427209,0.3319559025990324,0.279664424430141,media,45.0,1179,suficiente,,,0.0,100.0,0,100.0,100.0,0,100.0,100.0,100.0,94.75,100.0,85.0,90.475,100.0,,90.475,entrenamiento_alta,entrenamiento,Alta aptitud para entrenamiento.,Usar como entrenamiento prioritario.,score_aptitud_total >= 85,30,Tierras de Cultivo y Pastos,33,"Cultivos extensivos, Pastizales y matorrales",332,Pastizales naturales y cultivados,8,8,Pastos,Pastos,POINT (-85.26833055092139 10.464852678379032)
SRC10_CRI_2021_A1__XY__5b3a12095c34,-85.745017,10.365612,Costa Rica,xy_unico_en_subset,sin_conflicto,1,1,1,1,2021,2021,0,1,100.0,Costa Rica,10,"SINAC - Malla de Entrenamientos del Mapa de Bosques 2021, Costa Rica",nueva_fuente,SINAC SRC10 2021,Tierras Forestales,Bosque latifoliado y mixto,Bosque seco o deciduo,Tierras Forestales,Bosque latifoliado y mixto,Bosque seco o deciduo,1,1,1,0.0,0,1,10,"SINAC - Malla de Entrenamientos del Mapa de Bosques 2021, Costa Rica",nueva_fuente,85.0,85.0,100.0,85.0,85.0,85.0,0,0,0.0,1,94.75,derivado_a3_sin_conf_integrada,94.75,1,1,1,2,3,0.0,0.0,100.0,0.0,0.0,0.0,100.0,12.0,44.0,3.6666666666666665,2.25,0.6038186961616174,0.6322791573747897,0.651040122264219,0.6730525303051949,0.4396947852248323,0.4422755055272783,media,45.0,2519,suficiente,,,0.0,100.0,0,100.0,100.0,0,100.0,100.0,100.0,94.75,100.0,85.0,90.475,100.0,,90.475,entrenamiento_alta,entrenamiento,Alta aptitud para entrenamiento.,Usar como entrenamiento prioritario.,score_aptitud_total >= 85,40,Tierras Forestales,41,Bosque latifoliado y mixto,414,Bosque seco o deciduo,4,1,Bosque secundario deciduo,Forestal,POINT (-85.74501696748976 10.365612038528155)
SRC10_CRI_2021_A1__XY__5b631613a980,-85.229428,10.235731,Costa Rica,xy_unico_en_subset,sin_conflicto,1,1,1,1,2021,2021,0,1,100.0,Costa Rica,10,"SINAC - Malla de Entrenamientos del Mapa de Bosques 2021, Costa Rica",nueva_fuente,SINAC SRC10 2021,Tierras húmedas y agua,Humedales,Humedales,Tierras húmedas y agua,Humedales,Humedales,1,1,1,0.0,0,1,10,"SINAC - Malla de Entrenamientos del Mapa de Bosques 2021, Costa Rica",nueva_fuente,85.0,85.0,100.0,85.0,85.0,85.0,0,0,0.0,1,94.75,derivado_a3_sin_conf_integrada,94.75,1,1,1,2,3,0.0,0.0,100.0,0.0,0.0,0.0,100.0,12.0,35.0,2.9166666666666665,2.0,-0.0961321052216799,-0.1260625726692579,-0.1965128645549601,-0.247789475564128,-0.3434299817041617,-0.3883811927057679,media,45.0,409,moderado,,,0.0,100.0,0,100.0,80.0,0,100.0,100.0,94.0,94.75,85.0,85.0,87.775,100.0,,87.775,entrenamiento_alta,entrenamiento,Alta aptitud para entrenamiento.,Usar como entrenamiento prioritario.,score_aptitud_total >= 85,20,Tierras húmedas y agua,22,Humedales,220,Humedales,11,11,Humedal Palustre,Humedal Palustre,POINT (-85.22942830227983 10.235730984735126)
SRC10_CRI_2021_A1__XY__5bbf7bc2b7e4,-85.206103,10.20565,Costa Rica,xy_unico_en_subset,sin_conflicto,1,1,1,1,2021,2021,0,1,100.0,Costa Rica,10,"SINAC - Malla de Entrenamientos del Mapa de Bosques 2021, Costa Rica",nueva_fuente,SINAC SRC10 2021,Tierras Forestales,Manglares,Manglares,Tierras Forestales,Manglares,Manglares,1,1,1,0.0,0,1,10,"SINAC - Malla de Entrenamientos del Mapa de Bosques 2021, Costa Rica",nueva_fuente,85.0,85.0,100.0,85.0,85.0,85.0,0,0,0.0,1,94.75,derivado_a3_sin_conf_integrada,94.75,1,1,1,2,3,0.0,0.0,100.0,0.0,0.0,0.0,100.0,12.0,40.0,3.333333333333333,4.5,0.0893442079045355,0.0857978003871012,0.0907198652320459,0.0744771631778623,-0.0208053411721006,-0.0085456102022958,media,45.0,800,suficiente,,,0.0,100.0,0,100.0,100.0,0,100.0,100.0,100.0,94.75,100.0,85.0,90.475,100.0,,90.475,entrenamiento_alta,entrenamiento,Alta aptitud para entrenamiento.,Usar como entrenamiento prioritario.,score_aptitud_total >= 85,40,Tierras Forestales,43,Manglares,430,Manglares,6,1,Manglar,Forestal,POINT (-85.20610340695782 10.205650141617173)
SRC10_CRI_2021_A1__XY__5e07530227f6,-85.27119,10.124554,Costa Rica,xy_unico_en_subset,sin_conflicto,1,1,1,1,2021,2021,0,1,100.0,Costa Rica,10,"SINAC - Malla de Entrenamientos del Mapa de Bosques 2021, Costa Rica",nueva_fuente,SINAC SRC10 2021,Tierras Forestales,Manglares,Manglares,Tierras Forestales,Manglares,Manglares,1,1,1,0.0,0,1,10,"SINAC - Malla de Entrenamientos del Mapa de Bosques 2021, Costa Rica",nueva_fuente,85.0,85.0,100.0,85.0,85.0,85.0,0,0,0.0,1,94.75,derivado_a3_sin_conf_integrada,94.75,1,1,1,2,3,0.0,0.0,100.0,0.0,0.0,0.0,100.0,12.0,35.0,2.9166666666666665,3.0,-0.1263674783455807,-0.1276995012637349,-0.0666567272833423,-0.0383066675359587,-0.0637883702824712,-0.0694008295837056,media,45.0,800,suficiente,,,0.0,100.0,0,100.0,100.0,0,100.0,100.0,100.0,94.75,100.0,85.0,90.475,100.0,,90.475,entrenamiento_alta,entrenamiento,Alta aptitud para entrenamiento.,Usar como entrenamiento prioritario.,score_aptitud_total >= 85,40,Tierras Forestales,43,Manglares,430,Manglares,6,1,Manglar,Forestal,POINT (-85.27119009033126 10.124554101901873)
SRC10_CRI_2021_A1__XY__5e85a093e9b9,-85.413069,10.250672,Costa Rica,xy_unico_en_subset,sin_conflicto,1,1,1,1,2021,2021,0,1,100.0,Costa Rica,10,"SINAC - Malla de Entrenamientos del Mapa de Bosques 2021, Costa Rica",nueva_fuente,SINAC SRC10 2021,Tierras de Cultivo y Pastos,"Cultivos extensivos, Pastizales y matorrales",Pastizales naturales y cultivados,Tierras de Cultivo y Pastos,"Cultivos extensivos, Pastizales y matorrales",Pastizales naturales y cultivados,1,1,1,0.0,0,1,10,"SINAC - Malla de Entrenamientos del Mapa de Bosques 2021, Costa Rica",nueva_fuente,85.0,85.0,100.0,85.0,85.0,85.0,0,0,0.0,1,94.75,derivado_a3_sin_conf_integrada,94.75,1,1,1,2,2,0.0,0.0,100.0,0.0,0.0,0.0,100.0,12.0,36.0,3.0,1.0,0.7581208544028399,0.8316615930200862,0.7773517983201436,0.8497313281767749,0.5532376812158752,0.6139089449730808,media,45.0,1179,suficiente,,,0.0,100.0,0,100.0,100.0,0,100.0,100.0,100.0,94.75,100.0,85.0,90.475,100.0,,90.475,entrenamiento_alta,entrenamiento,Alta aptitud para entrenamiento.,Usar como entrenamiento prioritario.,score_aptitud_total >= 85,30,Tierras de Cultivo y Pastos,33,"Cultivos extensivos, Pastizales y matorrales",332,Pastizales naturales y cultivados,8,8,Pastos,Pastos,POINT (-85.41306870529108 10.250671544091576)
SRC10_CRI_2021_A1__XY__5ed49c1bde8a,-85.250237,10.160836,Costa Rica,xy_unico_en_subset,sin_conflicto,1,1,1,1,2021,2021,0,1,100.0,Costa Rica,10,"SINAC - Malla de Entrenamientos del Mapa de Bosques 2021, Costa Rica",nueva_fuente,SINAC SRC10 2021,Tierras Forestales,Manglares,Manglares,Tierras Forestales,Manglares,Manglares,1,1,1,0.0,0,1,10,"SINAC - Malla de Entrenamientos del Mapa de Bosques 2021, Costa Rica",nueva_fuente,85.0,85.0,100.0,85.0,85.0,85.0,0,0,0.0,1,94.75,derivado_a3_sin_conf_integrada,94.75,1,1,1,2,3,0.0,0.0,100.0,0.0,0.0,0.0,100.0,12.0,40.0,3.333333333333333,4.5,-0.0416742120612918,-0.0263119567544263,0.0610665751599817,-0.0013021635431194,-0.104765832548069,-0.1160631597731811,media,45.0,800,suficiente,,,0.0,100.0,0,100.0,100.0,0,100.0,100.0,100.0,94.75,100.0,85.0,90.475,100.0,,90.475,entrenamiento_alta,entrenamiento,Alta aptitud para entrenamiento.,Usar como entrenamiento prioritario.,score_aptitud_total >= 85,40,Tierras Forestales,43,Manglares,430,Manglares,6,1,Manglar,Forestal,POINT (-85.25023718950217 10.160835796893103)
SRC10_CRI_2021_A1__XY__5f1597f445a7,-85.210259,10.188741,Costa Rica,xy_unico_en_subset,sin_conflicto,1,1,1,1,2021,2021,0,1,100.0,Costa Rica,10,"SINAC - Malla de Entrenamientos del Mapa de Bosques 2021, Costa Rica",nueva_fuente,SINAC SRC10 2021,Tierras Forestales,Manglares,Manglares,Tierras Forestales,Manglares,Manglares,1,1,1,0.0,0,1,10,"SINAC - Malla de Entrenamientos del Mapa de Bosques 2021, Costa Rica",nueva_fuente,85.0,85.0,100.0,85.0,85.0,85.0,0,0,0.0,1,94.75,derivado_a3_sin_conf_integrada,94.75,1,1,1,2,3,0.0,0.0,100.0,0.0,0.0,0.0,100.0,12.0,44.0,3.6666666666666665,15.0,0.2130038623475694,0.2162572577131289,0.2662839768925523,0.2700156339232916,0.1738090739361733,0.1752428764738029,media,45.0,800,suficiente,,,0.0,100.0,0,100.0,100.0,0,100.0,100.0,100.0,94.75,100.0,85.0,90.475,100.0,,90.475,entrenamiento_alta,entrenamiento,Alta aptitud para entrenamiento.,Usar como entrenamiento prioritario.,score_aptitud_total >= 85,40,Tierras Forestales,43,Manglares,430,Manglares,6,1,Manglar,Forestal,POINT (-85.21025942436037 10.188740600713704)
SRC10_CRI_2021_A1__XY__601433e737d9,-85.233695,10.247782,Costa Rica,xy_unico_en_subset,sin_conflicto,1,1,1,1,2021,2021,0,1,100.0,Costa Rica,10,"SINAC - Malla de Entrenamientos del Mapa de Bosques 2021, Costa Rica",nueva_fuente,SINAC SRC10 2021,Tierras Forestales,Manglares,Manglares,Tierras Forestales,Manglares,Manglares,1,1,1,0.0,0,1,10,"SINAC - Malla de Entrenamientos del Mapa de Bosques 2021, Costa Rica",nueva_fuente,85.0,85.0,100.0,85.0,85.0,85.0,0,0,0.0,1,94.75,derivado_a3_sin_conf_integrada,94.75,1,1,1,2,3,0.0,0.0,100.0,0.0,0.0,0.0,100.0,11.0,33.0,2.75,7.0,0.3342673063217176,0.3059589384076114,0.3852423712102109,0.3592858615557712,0.244788752371209,0.2340386453951672,media,45.0,800,suficiente,,,0.0,100.0,0,100.0,100.0,0,100.0,100.0,100.0,94.75,100.0,85.0,90.475,100.0,,90.475,entrenamiento_alta,entrenamiento,Alta aptitud para entrenamiento.,Usar como entrenamiento prioritario.,score_aptitud_total >= 85,40,Tierras Forestales,43,Manglares,430,Manglares,6,1,Manglar,Forestal,POINT (-85.2336951357705 10.247781957624266)
SRC10_CRI_2021_A1__XY__61500a4c6ad9,-85.203637,10.110328,Costa Rica,xy_unico_en_subset,sin_conflicto,1,1,1,1,2021,2021,0,1,100.0,Costa Rica,10,"SINAC - Malla de Entrenamientos del Mapa de Bosques 2021, Costa Rica",nueva_fuente,SINAC SRC10 2021,Tierras húmedas y agua,Cuerpos de Agua,Cuerpos de Agua,Tierras húmedas y agua,Cuerpos de Agua,Cuerpos de Agua,1,1,1,0.0,0,1,10,"SINAC - Malla de Entrenamientos del Mapa de Bosques 2021, Costa Rica",nueva_fuente,85.0,85.0,100.0,85.0,85.0,85.0,0,0,0.0,1,94.75,derivado_a3_sin_conf_integrada,94.75,1,1,1,2,3,0.0,0.0,100.0,0.0,0.0,0.0,100.0,12.0,40.0,3.333333333333333,0.5,-0.3473152015356275,-0.3818396642622372,-0.3969535004963764,-0.4136442878012906,-0.3985202516791395,-0.4321211054286306,media,45.0,150,moderado,,,0.0,100.0,0,100.0,80.0,0,100.0,100.0,94.0,94.75,85.0,85.0,87.775,100.0,,87.775,entrenamiento_alta,entrenamiento,Alta aptitud para entrenamiento.,Usar como entrenamiento prioritario.,score_aptitud_total >= 85,20,Tierras húmedas y agua,21,Cuerpos de Agua,210,Cuerpos de Agua,10,10,Agua,Agua,POINT (-85.20363682170417 10.110327517760446)
SRC10_CRI_2021_A1__XY__61a0971e08e9,-85.23733,10.095722,Costa Rica,xy_unico_en_subset,sin_conflicto,1,1,1,1,2021,2021,0,1,100.0,Costa Rica,10,"SINAC - Malla de Entrenamientos del Mapa de Bosques 2021, Costa Rica",nueva_fuente,SINAC SRC10 2021,Tierras Forestales,Manglares,Manglares,Tierras Forestales,Manglares,Manglares,1,1,1,0.0,0,1,10,"SINAC - Malla de Entrenamientos del Mapa de Bosques 2021, Costa Rica",nueva_fuente,85.0,85.0,100.0,85.0,85.0,85.0,0,0,0.0,1,94.75,derivado_a3_sin_conf_integrada,94.75,1,1,1,2,3,0.0,0.0,100.0,0.0,0.0,0.0,100.0,12.0,43.0,3.583333333333333,3.0,-0.1263536524820262,-0.1389944379257734,-0.1634665785610207,-0.1575918009473418,-0.2698292701253151,-0.2804151716732108,media,45.0,800,suficiente,,,0.0,100.0,0,100.0,100.0,0,100.0,100.0,100.0,94.75,100.0,85.0,90.475,100.0,,90.475,entrenamiento_alta,entrenamiento,Alta aptitud para entrenamiento.,Usar como entrenamiento prioritario.,score_aptitud_total >= 85,40,Tierras Forestales,43,Manglares,430,Manglares,6,1,Manglar,Forestal,POINT (-85.2373298119253 10.095721984237583)
SRC10_CRI_2021_A1__XY__621c503db7e7,-85.241697,10.134321,Costa Rica,xy_unico_en_subset,sin_conflicto,1,1,1,1,2021,2021,0,1,100.0,Costa Rica,10,"SINAC - Malla de Entrenamientos del Mapa de Bosques 2021, Costa Rica",nueva_fuente,SINAC SRC10 2021,Tierras Forestales,Manglares,Manglares,Tierras Forestales,Manglares,Manglares,1,1,1,0.0,0,1,10,"SINAC - Malla de Entrenamientos del Mapa de Bosques 2021, Costa Rica",nueva_fuente,85.0,85.0,100.0,85.0,85.0,85.0,0,0,0.0,1,94.75,derivado_a3_sin_conf_integrada,94.75,1,1,1,2,3,0.0,0.0,100.0,0.0,0.0,0.0,100.0,12.0,36.0,3.0,1.0,-0.3497659483836832,-0.3395021947272246,-0.344446616727079,-0.3594968297016642,-0.3479848717216416,-0.368241668268132,media,45.0,800,suficiente,,,0.0,100.0,0,100.0,100.0,0,100.0,100.0,100.0,94.75,100.0,85.0,90.475,100.0,,90.475,entrenamiento_alta,entrenamiento,Alta aptitud para entrenamiento.,Usar como entrenamiento prioritario.,score_aptitud_total >= 85,40,Tierras Forestales,43,Manglares,430,Manglares,6,1,Manglar,Forestal,POINT (-85.24169650646986 10.134320532612922)
SRC10_CRI_2021_A1__XY__624f384e819a,-85.235207,10.09211,Costa Rica,xy_unico_en_subset,sin_conflicto,1,1,1,1,2021,2021,0,1,100.0,Costa Rica,10,"SINAC - Malla de Entrenamientos del Mapa de Bosques 2021, Costa Rica",nueva_fuente,SINAC SRC10 2021,Tierras Forestales,Manglares,Manglares,Tierras Forestales,Manglares,Manglares,1,1,1,0.0,0,1,10,"SINAC - Malla de Entrenamientos del Mapa de Bosques 2021, Costa Rica",nueva_fuente,85.0,85.0,100.0,85.0,85.0,85.0,0,0,0.0,1,94.75,derivado_a3_sin_conf_integrada,94.75,1,1,1,2,3,0.0,0.0,100.0,0.0,0.0,0.0,100.0,12.0,40.0,3.333333333333333,1.5,-0.2533583949374658,-0.2452862423508215,-0.2778380520474979,-0.3247619745014816,-0.3928551203239581,-0.4238365123036109,media,45.0,800,suficiente,,,0.0,100.0,0,100.0,100.0,0,100.0,100.0,100.0,94.75,100.0,85.0,90.475,100.0,,90.475,entrenamiento_alta,entrenamiento,Alta aptitud para entrenamiento.,Usar como entrenamiento prioritario.,score_aptitud_total >= 85,40,Tierras Forestales,43,Manglares,430,Manglares,6,1,Manglar,Forestal,POINT (-85.23520683777294 10.092109778579445)
SRC10_CRI_2021_A1__XY__6257dc2b92ca,-85.207192,10.490431,Costa Rica,xy_unico_en_subset,sin_conflicto,1,1,1,1,2021,2021,0,1,100.0,Costa Rica,10,"SINAC - Malla de Entrenamientos del Mapa de Bosques 2021, Costa Rica",nueva_fuente,SINAC SRC10 2021,Tierras de Cultivo y Pastos,Cultivos intensivos No-Arbóreos,Otros cultivos intensivos no arbóreos,Tierras de Cultivo y Pastos,Cultivos intensivos No-Arbóreos,Otros cultivos intensivos no arbóreos,1,1,1,0.0,0,1,10,"SINAC - Malla de Entrenamientos del Mapa de Bosques 2021, Costa Rica",nueva_fuente,85.0,85.0,100.0,85.0,85.0,85.0,0,0,0.0,1,94.75,derivado_a3_sin_conf_integrada,94.75,1,1,1,2,2,0.0,0.0,100.0,0.0,0.0,0.0,100.0,12.0,34.0,2.833333333333333,6.5,0.2378412446157724,0.1463577574763337,0.2812471012816132,0.1992055067786008,0.1725111980604231,0.1153527187190298,media,45.0,8489,suficiente,,,0.0,100.0,0,100.0,100.0,0,100.0,100.0,100.0,94.75,100.0,85.0,90.475,100.0,,90.475,entrenamiento_alta,entrenamiento,Alta aptitud para entrenamiento.,Usar como entrenamiento prioritario.,score_aptitud_total >= 85,30,Tierras de Cultivo y Pastos,31,Cultivos intensivos No-Arbóreos,315,Otros cultivos intensivos no arbóreos,9,9,Cultivos,Cultivos,POINT (-85.20719183485879 10.49043104846885)
SRC10_CRI_2021_A1__XY__63a144704aab,-85.201875,10.203252,Costa Rica,xy_unico_en_subset,sin_conflicto,1,1,1,1,2021,2021,0,1,100.0,Costa Rica,10,"SINAC - Malla de Entrenamientos del Mapa de Bosques 2021, Costa Rica",nueva_fuente,SINAC SRC10 2021,Tierras Forestales,Manglares,Manglares,Tierras Forestales,Manglares,Manglares,1,1,1,0.0,0,1,10,"SINAC - Malla de Entrenamientos del Mapa de Bosques 2021, Costa Rica",nueva_fuente,85.0,85.0,100.0,85.0,85.0,85.0,0,0,0.0,1,94.75,derivado_a3_sin_conf_integrada,94.75,1,1,1,2,3,0.0,0.0,100.0,0.0,0.0,0.0,100.0,12.0,43.0,3.583333333333333,6.0,0.2808089017263979,0.2639968435434243,0.3173847180481826,0.302379251354909,0.173098037292675,0.1546952560449088,media,45.0,800,suficiente,,,0.0,100.0,0,100.0,100.0,0,100.0,100.0,100.0,94.75,100.0,85.0,90.475,100.0,,90.475,entrenamiento_alta,entrenamiento,Alta aptitud para entrenamiento.,Usar como entrenamiento prioritario.,score_aptitud_total >= 85,40,Tierras Forestales,43,Manglares,430,Manglares,6,1,Manglar,Forestal,POINT (-85.20187452700372 10.203252288013804)
SRC10_CRI_2021_A1__XY__64898dce586e,-85.197565,10.179134,Costa Rica,xy_unico_en_subset,sin_conflicto,1,1,1,1,2021,2021,0,1,100.0,Costa Rica,10,"SINAC - Malla de Entrenamientos del Mapa de Bosques 2021, Costa Rica",nueva_fuente,SINAC SRC10 2021,Tierras Forestales,Manglares,Manglares,Tierras Forestales,Manglares,Manglares,1,1,1,0.0,0,1,10,"SINAC - Malla de Entrenamientos del Mapa de Bosques 2021, Costa Rica",nueva_fuente,85.0,85.0,100.0,85.0,85.0,85.0,0,0,0.0,1,94.75,derivado_a3_sin_conf_integrada,94.75,1,1,1,2,3,0.0,0.0,100.0,0.0,0.0,0.0,100.0,12.0,46.0,3.8333333333333335,5.75,0.0803970717113932,0.0894683922843513,0.1023777274518348,0.1189564473183493,-0.0135795877784303,-0.0079706829594524,media,45.0,800,suficiente,,,0.0,100.0,0,100.0,100.0,0,100.0,100.0,100.0,94.75,100.0,85.0,90.475,100.0,,90.475,entrenamiento_alta,entrenamiento,Alta aptitud para entrenamiento.,Usar como entrenamiento prioritario.,score_aptitud_total >= 85,40,Tierras Forestales,43,Manglares,430,Manglares,6,1,Manglar,Forestal,POINT (-85.1975645974649 10.17913351054266)
SRC10_CRI_2021_A1__XY__650055c7cca1,-85.737224,10.116391,Costa Rica,xy_unico_en_subset,sin_conflicto,1,1,1,1,2021,2021,0,1,100.0,Costa Rica,10,"SINAC - Malla de Entrenamientos del Mapa de Bosques 2021, Costa Rica",nueva_fuente,SINAC SRC10 2021,Tierras Forestales,Bosque latifoliado y mixto,Bosque seco o deciduo,Tierras Forestales,Bosque latifoliado y mixto,Bosque seco o deciduo,1,1,1,0.0,0,1,10,"SINAC - Malla de Entrenamientos del Mapa de Bosques 2021, Costa Rica",nueva_fuente,85.0,85.0,100.0,85.0,85.0,85.0,0,0,0.0,1,94.75,derivado_a3_sin_conf_integrada,94.75,1,1,1,2,2,0.0,0.0,100.0,0.0,0.0,0.0,100.0,10.0,35.0,2.9166666666666665,1.0,0.6155209588300744,0.6487730881526357,0.6491407656824998,0.6884738622823778,0.4381857358900241,0.4871290765106584,media,45.0,2519,suficiente,,,0.0,100.0,0,100.0,100.0,0,100.0,100.0,100.0,94.75,100.0,85.0,90.475,100.0,,90.475,entrenamiento_alta,entrenamiento,Alta aptitud para entrenamiento.,Usar como entrenamiento prioritario.,score_aptitud_total >= 85,40,Tierras Forestales,41,Bosque latifoliado y mixto,414,Bosque seco o deciduo,4,1,Bosque secundario deciduo,Forestal,POINT (-85.73722433869527 10.116391460681214)
SRC10_CRI_2021_A1__XY__6527f3d50a52,-85.206013,10.181516,Costa Rica,xy_unico_en_subset,sin_conflicto,1,1,1,1,2021,2021,0,1,100.0,Costa Rica,10,"SINAC - Malla de Entrenamientos del Mapa de Bosques 2021, Costa Rica",nueva_fuente,SINAC SRC10 2021,Tierras Forestales,Manglares,Manglares,Tierras Forestales,Manglares,Manglares,1,1,1,0.0,0,1,10,"SINAC - Malla de Entrenamientos del Mapa de Bosques 2021, Costa Rica",nueva_fuente,85.0,85.0,100.0,85.0,85.0,85.0,0,0,0.0,1,94.75,derivado_a3_sin_conf_integrada,94.75,1,1,1,2,3,0.0,0.0,100.0,0.0,0.0,0.0,100.0,12.0,40.0,3.333333333333333,2.25,0.0497878064350542,-0.026804542552574,-0.0637168657848243,-0.1585007327057953,-0.2659694264737009,-0.321574222301843,media,45.0,800,suficiente,,,0.0,100.0,0,100.0,100.0,0,100.0,100.0,100.0,94.75,100.0,85.0,90.475,100.0,,90.475,entrenamiento_alta,entrenamiento,Alta aptitud para entrenamiento.,Usar como entrenamiento prioritario.,score_aptitud_total >= 85,40,Tierras Forestales,43,Manglares,430,Manglares,6,1,Manglar,Forestal,POINT (-85.20601261778572 10.181515931529741)
SRC10_CRI_2021_A1__XY__6552cd1626ee,-85.760302,10.086106,Costa Rica,xy_unico_en_subset,sin_conflicto,1,1,1,1,2021,2021,0,1,100.0,Costa Rica,10,"SINAC - Malla de Entrenamientos del Mapa de Bosques 2021, Costa Rica",nueva_fuente,SINAC SRC10 2021,Tierras Forestales,Bosque latifoliado y mixto,Latifoliado secundario húmedo,Tierras Forestales,Bosque latifoliado y mixto,Latifoliado secundario húmedo,1,1,1,0.0,0,1,10,"SINAC - Malla de Entrenamientos del Mapa de Bosques 2021, Costa Rica",nueva_fuente,85.0,85.0,100.0,85.0,85.0,85.0,0,0,0.0,1,94.75,derivado_a3_sin_conf_integrada,94.75,1,1,1,2,3,0.0,0.0,100.0,0.0,0.0,0.0,100.0,12.0,40.0,3.333333333333333,6.25,0.3985825606961137,0.373657737747105,0.4917287476850334,0.4735241745010454,0.3575376553558122,0.3476074481514575,media,45.0,2519,suficiente,,,0.0,100.0,0,100.0,100.0,0,100.0,100.0,100.0,94.75,100.0,85.0,90.475,100.0,,90.475,entrenamiento_alta,entrenamiento,Alta aptitud para entrenamiento.,Usar como entrenamiento prioritario.,score_aptitud_total >= 85,40,Tierras Forestales,41,Bosque latifoliado y mixto,412,Latifoliado secundario húmedo,2,1,Bosque secundario,Forestal,POINT (-85.7603023854865 10.086106159847219)
SRC10_CRI_2021_A1__XY__65d78e852f4c,-85.312144,10.337975,Costa Rica,xy_unico_en_subset,sin_conflicto,1,1,1,1,2021,2021,0,1,100.0,Costa Rica,10,"SINAC - Malla de Entrenamientos del Mapa de Bosques 2021, Costa Rica",nueva_fuente,SINAC SRC10 2021,Tierras Forestales,Bosque latifoliado y mixto,Latifoliado secundario húmedo,Tierras Forestales,Bosque latifoliado y mixto,Latifoliado secundario húmedo,1,1,1,0.0,0,1,10,"SINAC - Malla de Entrenamientos del Mapa de Bosques 2021, Costa Rica",nueva_fuente,85.0,85.0,100.0,85.0,85.0,85.0,0,0,0.0,1,94.75,derivado_a3_sin_conf_integrada,94.75,1,1,1,2,3,0.0,0.0,100.0,0.0,0.0,0.0,100.0,12.0,42.0,3.5,1.0,0.7599497580130441,0.761509977644307,0.7777534516546155,0.7812263702192361,0.5136736013727564,0.5074087890804244,media,45.0,2519,suficiente,,,0.0,100.0,0,100.0,100.0,0,100.0,100.0,100.0,94.75,100.0,85.0,90.475,100.0,,90.475,entrenamiento_alta,entrenamiento,Alta aptitud para entrenamiento.,Usar como entrenamiento prioritario.,score_aptitud_total >= 85,40,Tierras Forestales,41,Bosque latifoliado y mixto,412,Latifoliado secundario húmedo,2,1,Bosque secundario,Forestal,POINT (-85.31214408289563 10.337975282974936)
SRC10_CRI_2021_A1__XY__65f67a715c2f,-85.712502,10.528874,Costa Rica,xy_unico_en_subset,sin_conflicto,1,1,1,1,2021,2021,0,1,100.0,Costa Rica,10,"SINAC - Malla de Entrenamientos del Mapa de Bosques 2021, Costa Rica",nueva_fuente,SINAC SRC10 2021,Tierras Forestales,Bosque latifoliado y mixto,Bosque seco o deciduo,Tierras Forestales,Bosque latifoliado y mixto,Bosque seco o deciduo,1,1,1,0.0,0,1,10,"SINAC - Malla de Entrenamientos del Mapa de Bosques 2021, Costa Rica",nueva_fuente,85.0,85.0,100.0,85.0,85.0,85.0,0,0,0.0,1,94.75,derivado_a3_sin_conf_integrada,94.75,1,1,1,2,2,0.0,0.0,100.0,0.0,0.0,0.0,100.0,12.0,38.0,3.1666666666666665,2.0,0.6720765145332471,0.6997416815531781,0.6998689796645561,0.7163626136882899,0.4664047695313481,0.4791482652992195,media,45.0,2519,suficiente,,,0.0,100.0,0,100.0,100.0,0,100.0,100.0,100.0,94.75,100.0,85.0,90.475,100.0,,90.475,entrenamiento_alta,entrenamiento,Alta aptitud para entrenamiento.,Usar como entrenamiento prioritario.,score_aptitud_total >= 85,40,Tierras Forestales,41,Bosque latifoliado y mixto,414,Bosque seco o deciduo,4,1,Bosque secundario deciduo,Forestal,POINT (-85.7125017016378 10.528874237137538)
SRC10_CRI_2021_A1__XY__67f119aec5e6,-85.317575,10.119545,Costa Rica,xy_unico_en_subset,sin_conflicto,1,1,1,1,2021,2021,0,1,100.0,Costa Rica,10,"SINAC - Malla de Entrenamientos del Mapa de Bosques 2021, Costa Rica",nueva_fuente,SINAC SRC10 2021,Tierras de Cultivo y Pastos,Cultivos intensivos No-Arbóreos,Otros cultivos intensivos no arbóreos,Tierras de Cultivo y Pastos,Cultivos intensivos No-Arbóreos,Otros cultivos intensivos no arbóreos,1,1,1,0.0,0,1,10,"SINAC - Malla de Entrenamientos del Mapa de Bosques 2021, Costa Rica",nueva_fuente,85.0,85.0,100.0,85.0,85.0,85.0,0,0,0.0,1,94.75,derivado_a3_sin_conf_integrada,94.75,1,1,1,2,2,0.0,0.0,100.0,0.0,0.0,0.0,100.0,12.0,33.0,2.75,9.0,0.2582919955462373,0.1307817832475596,0.2937536882298012,0.1729691015375767,0.1808655461499493,0.0937946455252019,media,45.0,8489,suficiente,,,0.0,100.0,0,100.0,100.0,0,100.0,100.0,100.0,94.75,100.0,85.0,90.475,100.0,,90.475,entrenamiento_alta,entrenamiento,Alta aptitud para entrenamiento.,Usar como entrenamiento prioritario.,score_aptitud_total >= 85,30,Tierras de Cultivo y Pastos,31,Cultivos intensivos No-Arbóreos,315,Otros cultivos intensivos no arbóreos,9,9,Cultivos,Cultivos,POINT (-85.31757512098564 10.119544776517285)
SRC10_CRI_2021_A1__XY__695aa84e2d5e,-85.229456,10.242971,Costa Rica,xy_unico_en_subset,sin_conflicto,1,1,1,1,2021,2021,0,1,100.0,Costa Rica,10,"SINAC - Malla de Entrenamientos del Mapa de Bosques 2021, Costa Rica",nueva_fuente,SINAC SRC10 2021,Tierras húmedas y agua,Humedales,Humedales,Tierras húmedas y agua,Humedales,Humedales,1,1,1,0.0,0,1,10,"SINAC - Malla de Entrenamientos del Mapa de Bosques 2021, Costa Rica",nueva_fuente,85.0,85.0,100.0,85.0,85.0,85.0,0,0,0.0,1,94.75,derivado_a3_sin_conf_integrada,94.75,1,1,1,2,3,0.0,0.0,100.0,0.0,0.0,0.0,100.0,12.0,40.0,3.333333333333333,2.0,0.0750349031054321,0.0720344009489916,0.1827083158206991,0.1566357965622423,-0.0456261636960501,-0.032054641528816,media,45.0,409,moderado,,,0.0,100.0,0,100.0,80.0,0,100.0,100.0,94.0,94.75,85.0,85.0,87.775,100.0,,87.775,entrenamiento_alta,entrenamiento,Alta aptitud para entrenamiento.,Usar como entrenamiento prioritario.,score_aptitud_total >= 85,20,Tierras húmedas y agua,22,Humedales,220,Humedales,11,11,Humedal Palustre,Humedal Palustre,POINT (-85.22945619422465 10.24297116427727)
SRC10_CRI_2021_A1__XY__6a7537454efc,-85.248029,10.135503,Costa Rica,xy_unico_en_subset,sin_conflicto,1,1,1,1,2021,2021,0,1,100.0,Costa Rica,10,"SINAC - Malla de Entrenamientos del Mapa de Bosques 2021, Costa Rica",nueva_fuente,SINAC SRC10 2021,Tierras Forestales,Manglares,Manglares,Tierras Forestales,Manglares,Manglares,1,1,1,0.0,0,1,10,"SINAC - Malla de Entrenamientos del Mapa de Bosques 2021, Costa Rica",nueva_fuente,85.0,85.0,100.0,85.0,85.0,85.0,0,0,0.0,1,94.75,derivado_a3_sin_conf_integrada,94.75,1,1,1,2,3,0.0,0.0,100.0,0.0,0.0,0.0,100.0,12.0,33.0,2.75,2.0,-0.326118939102993,-0.3230628166118626,-0.345692586863872,-0.2779008255771857,-0.337724907240225,-0.2691152059290521,media,45.0,800,suficiente,,,0.0,100.0,0,100.0,100.0,0,100.0,100.0,100.0,94.75,100.0,85.0,90.475,100.0,,90.475,entrenamiento_alta,entrenamiento,Alta aptitud para entrenamiento.,Usar como entrenamiento prioritario.,score_aptitud_total >= 85,40,Tierras Forestales,43,Manglares,430,Manglares,6,1,Manglar,Forestal,POINT (-85.24802940841842 10.135503248572514)
SRC10_CRI_2021_A1__XY__6aa7b0d1a64a,-85.73042,10.408388,Costa Rica,conflicto_tematico_subset,conflicto_tematico,2,2,2,1,2021,2021,0,1,100.0,Costa Rica,10,"SINAC - Malla de Entrenamientos del Mapa de Bosques 2021, Costa Rica",nueva_fuente,SINAC SRC10 2021,Tierras Forestales,Bosque latifoliado y mixto,Latifoliado secundario húmedo,Tierras Forestales | Tierras de Cultivo y Pastos,Bosque latifoliado y mixto | Cultivos intensivos No-Arbóreos,Latifoliado secundario húmedo | Otros cultivos intensivos no arbóreos,2,2,2,0.0,0,1,10,"SINAC - Malla de Entrenamientos del Mapa de Bosques 2021, Costa Rica",nueva_fuente,85.0,85.0,100.0,85.0,85.0,85.0,0,0,0.0,1,54.75,derivado_a3_sin_conf_integrada,54.75,1,1,1,2,3,0.0,0.0,100.0,0.0,0.0,0.0,100.0,12.0,46.0,3.8333333333333335,3.0,0.7007383968049137,0.735505238313092,0.7207824201524872,0.7585298556976285,0.4700535049016154,0.4988465583129614,media,45.0,2519,suficiente,conflicto_tematico_xy,alta,100.0,0.0,1,0.0,100.0,0,100.0,40.0,54.0,54.75,100.0,85.0,57.275,100.0,,57.275,referencia_contextual,referencia_contextual,Aptitud contextual.,Usar como apoyo o referencia.,55 <= score_aptitud_total < 70,40,Tierras Forestales,41,Bosque latifoliado y mixto,412,Latifoliado secundario húmedo,2,1,Bosque secundario,Forestal,POINT (-85.7304204076245 10.408388108660738)
SRC10_CRI_2021_A1__XY__6bb982ca1f4a,-85.57144,10.275282,Costa Rica,xy_unico_en_subset,sin_conflicto,1,1,1,1,2021,2021,0,1,100.0,Costa Rica,10,"SINAC - Malla de Entrenamientos del Mapa de Bosques 2021, Costa Rica",nueva_fuente,SINAC SRC10 2021,Tierras de Cultivo y Pastos,"Cultivos extensivos, Pastizales y matorrales",Pastizales naturales y cultivados,Tierras de Cultivo y Pastos,"Cultivos extensivos, Pastizales y matorrales",Pastizales naturales y cultivados,1,1,1,0.0,0,1,10,"SINAC - Malla de Entrenamientos del Mapa de Bosques 2021, Costa Rica",nueva_fuente,85.0,85.0,100.0,85.0,85.0,85.0,0,0,0.0,1,94.75,derivado_a3_sin_conf_integrada,94.75,1,1,1,2,3,0.0,0.0,100.0,0.0,0.0,0.0,100.0,12.0,48.0,4.0,2.0,0.4142713890086116,0.2891324716905477,0.4582660580482287,0.3436755232283486,0.3177129411692951,0.2297115583809431,media,45.0,1179,suficiente,,,0.0,100.0,0,100.0,100.0,0,100.0,100.0,100.0,94.75,100.0,85.0,90.475,100.0,,90.475,entrenamiento_alta,entrenamiento,Alta aptitud para entrenamiento.,Usar como entrenamiento prioritario.,score_aptitud_total >= 85,30,Tierras de Cultivo y Pastos,33,"Cultivos extensivos, Pastizales y matorrales",332,Pastizales naturales y cultivados,8,8,Pastos,Pastos,POINT (-85.57144031307847 10.275281730980675)
SRC10_CRI_2021_A1__XY__6c1003809dc2,-85.369972,10.52959,Costa Rica,xy_unico_en_subset,sin_conflicto,1,1,1,1,2021,2021,0,1,100.0,Costa Rica,10,"SINAC - Malla de Entrenamientos del Mapa de Bosques 2021, Costa Rica",nueva_fuente,SINAC SRC10 2021,Tierras de Cultivo y Pastos,"Cultivos extensivos, Pastizales y matorrales",Pastizales naturales y cultivados,Tierras de Cultivo y Pastos,"Cultivos extensivos, Pastizales y matorrales",Pastizales naturales y cultivados,1,1,1,0.0,0,1,10,"SINAC - Malla de Entrenamientos del Mapa de Bosques 2021, Costa Rica",nueva_fuente,85.0,85.0,100.0,85.0,85.0,85.0,0,0,0.0,1,94.75,derivado_a3_sin_conf_integrada,94.75,1,1,1,2,3,0.0,0.0,100.0,0.0,0.0,0.0,100.0,12.0,37.0,3.083333333333333,4.25,0.3277833742855776,0.2133472808290872,0.3725895827520613,0.264907776970352,0.252779854616393,0.1712034285117457,media,45.0,1179,suficiente,,,0.0,100.0,0,100.0,100.0,0,100.0,100.0,100.0,94.75,100.0,85.0,90.475,100.0,,90.475,entrenamiento_alta,entrenamiento,Alta aptitud para entrenamiento.,Usar como entrenamiento prioritario.,score_aptitud_total >= 85,30,Tierras de Cultivo y Pastos,33,"Cultivos extensivos, Pastizales y matorrales",332,Pastizales naturales y cultivados,8,8,Pastos,Pastos,POINT (-85.36997162264578 10.529589992337957)
SRC10_CRI_2021_A1__XY__6ceaedd4f64d,-85.206067,10.195996,Costa Rica,xy_unico_en_subset,sin_conflicto,1,1,1,1,2021,2021,0,1,100.0,Costa Rica,10,"SINAC - Malla de Entrenamientos del Mapa de Bosques 2021, Costa Rica",nueva_fuente,SINAC SRC10 2021,Tierras Forestales,Manglares,Manglares,Tierras Forestales,Manglares,Manglares,1,1,1,0.0,0,1,10,"SINAC - Malla de Entrenamientos del Mapa de Bosques 2021, Costa Rica",nueva_fuente,85.0,85.0,100.0,85.0,85.0,85.0,0,0,0.0,1,94.75,derivado_a3_sin_conf_integrada,94.75,1,1,1,2,3,0.0,0.0,100.0,0.0,0.0,0.0,100.0,12.0,43.0,3.583333333333333,11.5,0.3427973782068889,0.3573008077771707,0.3832071478631011,0.388600240061712,0.2348342099168124,0.240631304132624,media,45.0,800,suficiente,,,0.0,100.0,0,100.0,100.0,0,100.0,100.0,100.0,94.75,100.0,85.0,90.475,100.0,,90.475,entrenamiento_alta,entrenamiento,Alta aptitud para entrenamiento.,Usar como entrenamiento prioritario.,score_aptitud_total >= 85,40,Tierras Forestales,43,Manglares,430,Manglares,6,1,Manglar,Forestal,POINT (-85.20606706413315 10.195996461946875)
SRC10_CRI_2021_A1__XY__6d08ca7c91ad,-85.324356,10.229325,Costa Rica,xy_unico_en_subset,sin_conflicto,1,1,1,1,2021,2021,0,1,100.0,Costa Rica,10,"SINAC - Malla de Entrenamientos del Mapa de Bosques 2021, Costa Rica",nueva_fuente,SINAC SRC10 2021,Tierras de Cultivo y Pastos,"Cultivos extensivos, Pastizales y matorrales",Pastizales naturales y cultivados,Tierras de Cultivo y Pastos,"Cultivos extensivos, Pastizales y matorrales",Pastizales naturales y cultivados,1,1,1,0.0,0,1,10,"SINAC - Malla de Entrenamientos del Mapa de Bosques 2021, Costa Rica",nueva_fuente,85.0,85.0,100.0,85.0,85.0,85.0,0,0,0.0,1,94.75,derivado_a3_sin_conf_integrada,94.75,1,1,1,2,3,0.0,0.0,100.0,0.0,0.0,0.0,100.0,12.0,40.0,3.333333333333333,2.0,0.2818063997724218,0.2695122508864123,0.3330031110462929,0.3341694781255587,0.2138217024578079,0.2085750824184444,media,45.0,1179,suficiente,,,0.0,100.0,0,100.0,100.0,0,100.0,100.0,100.0,94.75,100.0,85.0,90.475,100.0,,90.475,entrenamiento_alta,entrenamiento,Alta aptitud para entrenamiento.,Usar como entrenamiento prioritario.,score_aptitud_total >= 85,30,Tierras de Cultivo y Pastos,33,"Cultivos extensivos, Pastizales y matorrales",332,Pastizales naturales y cultivados,8,8,Pastos,Pastos,POINT (-85.32435552053397 10.229325127389199)
SRC10_CRI_2021_A1__XY__6ece3b2cde6e,-85.237302,10.088482,Costa Rica,xy_unico_en_subset,sin_conflicto,1,1,1,1,2021,2021,0,1,100.0,Costa Rica,10,"SINAC - Malla de Entrenamientos del Mapa de Bosques 2021, Costa Rica",nueva_fuente,SINAC SRC10 2021,Tierras Forestales,Manglares,Manglares,Tierras Forestales,Manglares,Manglares,1,1,1,0.0,0,1,10,"SINAC - Malla de Entrenamientos del Mapa de Bosques 2021, Costa Rica",nueva_fuente,85.0,85.0,100.0,85.0,85.0,85.0,0,0,0.0,1,94.75,derivado_a3_sin_conf_integrada,94.75,1,1,1,2,3,0.0,0.0,100.0,0.0,0.0,0.0,100.0,12.0,43.0,3.583333333333333,9.0,0.2522269056281676,0.2342809829259592,0.2722178651187441,0.2585330968255999,0.1374634087541084,0.1399322936459816,media,45.0,800,suficiente,,,0.0,100.0,0,100.0,100.0,0,100.0,100.0,100.0,94.75,100.0,85.0,90.475,100.0,,90.475,entrenamiento_alta,entrenamiento,Alta aptitud para entrenamiento.,Usar como entrenamiento prioritario.,score_aptitud_total >= 85,40,Tierras Forestales,43,Manglares,430,Manglares,6,1,Manglar,Forestal,POINT (-85.23730215345802 10.088481761337542)
SRC10_CRI_2021_A1__XY__727772900962,-85.256524,10.149951,Costa Rica,xy_unico_en_subset,sin_conflicto,1,1,1,1,2021,2021,0,1,100.0,Costa Rica,10,"SINAC - Malla de Entrenamientos del Mapa de Bosques 2021, Costa Rica",nueva_fuente,SINAC SRC10 2021,Tierras Forestales,Manglares,Manglares,Tierras Forestales,Manglares,Manglares,1,1,1,0.0,0,1,10,"SINAC - Malla de Entrenamientos del Mapa de Bosques 2021, Costa Rica",nueva_fuente,85.0,85.0,100.0,85.0,85.0,85.0,0,0,0.0,1,94.75,derivado_a3_sin_conf_integrada,94.75,1,1,1,2,3,0.0,0.0,100.0,0.0,0.0,0.0,100.0,12.0,41.0,3.4166666666666665,10.0,0.1683607723425684,0.1597415372197905,0.1811609893995323,0.1773748361649393,0.0876118598314156,0.088827829805634,media,45.0,800,suficiente,,,0.0,100.0,0,100.0,100.0,0,100.0,100.0,100.0,94.75,100.0,85.0,90.475,100.0,,90.475,entrenamiento_alta,entrenamiento,Alta aptitud para entrenamiento.,Usar como entrenamiento prioritario.,score_aptitud_total >= 85,40,Tierras Forestales,43,Manglares,430,Manglares,6,1,Manglar,Forestal,POINT (-85.25652351990287 10.149951377336848)
SRC10_CRI_2021_A1__XY__727e1a39f17a,-85.65289,10.111998,Costa Rica,xy_unico_en_subset,sin_conflicto,1,1,1,1,2021,2021,0,1,100.0,Costa Rica,10,"SINAC - Malla de Entrenamientos del Mapa de Bosques 2021, Costa Rica",nueva_fuente,SINAC SRC10 2021,Tierras Forestales,Bosque latifoliado y mixto,Latifoliado secundario húmedo,Tierras Forestales,Bosque latifoliado y mixto,Latifoliado secundario húmedo,1,1,1,0.0,0,1,10,"SINAC - Malla de Entrenamientos del Mapa de Bosques 2021, Costa Rica",nueva_fuente,85.0,85.0,100.0,85.0,85.0,85.0,0,0,0.0,1,94.75,derivado_a3_sin_conf_integrada,94.75,1,1,1,2,3,0.0,0.0,100.0,0.0,0.0,0.0,100.0,12.0,32.0,2.6666666666666665,0.0,0.766716078355515,0.7610328934198768,0.7832370669556806,0.776306788617436,0.5176303969883186,0.5013957971202003,media,45.0,2519,suficiente,,,0.0,100.0,0,100.0,100.0,0,100.0,100.0,100.0,94.75,100.0,85.0,90.475,100.0,,90.475,entrenamiento_alta,entrenamiento,Alta aptitud para entrenamiento.,Usar como entrenamiento prioritario.,score_aptitud_total >= 85,40,Tierras Forestales,41,Bosque latifoliado y mixto,412,Latifoliado secundario húmedo,2,1,Bosque secundario,Forestal,POINT (-85.6528902534238 10.111998421626499)
SRC10_CRI_2021_A1__XY__7342425d1cbe,-85.203998,10.206865,Costa Rica,xy_unico_en_subset,sin_conflicto,1,1,1,1,2021,2021,0,1,100.0,Costa Rica,10,"SINAC - Malla de Entrenamientos del Mapa de Bosques 2021, Costa Rica",nueva_fuente,SINAC SRC10 2021,Tierras Forestales,Manglares,Manglares,Tierras Forestales,Manglares,Manglares,1,1,1,0.0,0,1,10,"SINAC - Malla de Entrenamientos del Mapa de Bosques 2021, Costa Rica",nueva_fuente,85.0,85.0,100.0,85.0,85.0,85.0,0,0,0.0,1,94.75,derivado_a3_sin_conf_integrada,94.75,1,1,1,2,3,0.0,0.0,100.0,0.0,0.0,0.0,100.0,12.0,40.0,3.333333333333333,2.5,-0.1859860344537894,-0.2228599123396182,-0.2075469597665411,-0.2878030253231534,-0.2893752212711082,-0.3829629227796758,media,45.0,800,suficiente,,,0.0,100.0,0,100.0,100.0,0,100.0,100.0,100.0,94.75,100.0,85.0,90.475,100.0,,90.475,entrenamiento_alta,entrenamiento,Alta aptitud para entrenamiento.,Usar como entrenamiento prioritario.,score_aptitud_total >= 85,40,Tierras Forestales,43,Manglares,430,Manglares,6,1,Manglar,Forestal,POINT (-85.20399803394544 10.20686464368486)
SRC10_CRI_2021_A1__XY__7384903cab37,-85.24165,10.122254,Costa Rica,xy_unico_en_subset,sin_conflicto,1,1,1,1,2021,2021,0,1,100.0,Costa Rica,10,"SINAC - Malla de Entrenamientos del Mapa de Bosques 2021, Costa Rica",nueva_fuente,SINAC SRC10 2021,Tierras Forestales,Manglares,Manglares,Tierras Forestales,Manglares,Manglares,1,1,1,0.0,0,1,10,"SINAC - Malla de Entrenamientos del Mapa de Bosques 2021, Costa Rica",nueva_fuente,85.0,85.0,100.0,85.0,85.0,85.0,0,0,0.0,1,94.75,derivado_a3_sin_conf_integrada,94.75,1,1,1,2,3,0.0,0.0,100.0,0.0,0.0,0.0,100.0,12.0,37.0,3.083333333333333,5.75,-0.0304944625841239,-0.0295946755970201,0.0902217445650545,0.1222765538303548,0.0462163414510318,0.0773214147837744,media,45.0,800,suficiente,,,0.0,100.0,0,100.0,100.0,0,100.0,100.0,100.0,94.75,100.0,85.0,90.475,100.0,,90.475,entrenamiento_alta,entrenamiento,Alta aptitud para entrenamiento.,Usar como entrenamiento prioritario.,score_aptitud_total >= 85,40,Tierras Forestales,43,Manglares,430,Manglares,6,1,Manglar,Forestal,POINT (-85.24165007745366 10.122253540876017)
SRC10_CRI_2021_A1__XY__75331c932152,-85.230608,10.537402,Costa Rica,xy_unico_en_subset,sin_conflicto,1,1,1,1,2021,2021,0,1,100.0,Costa Rica,10,"SINAC - Malla de Entrenamientos del Mapa de Bosques 2021, Costa Rica",nueva_fuente,SINAC SRC10 2021,Tierras de Cultivo y Pastos,"Cultivos extensivos, Pastizales y matorrales",Pastizales naturales y cultivados,Tierras de Cultivo y Pastos,"Cultivos extensivos, Pastizales y matorrales",Pastizales naturales y cultivados,1,1,1,0.0,0,1,10,"SINAC - Malla de Entrenamientos del Mapa de Bosques 2021, Costa Rica",nueva_fuente,85.0,85.0,100.0,85.0,85.0,85.0,0,0,0.0,1,94.75,derivado_a3_sin_conf_integrada,94.75,1,1,1,2,2,0.0,0.0,100.0,0.0,0.0,0.0,100.0,12.0,39.0,3.25,3.0,0.3855451836322641,0.3594985908205906,0.4194839103547415,0.3912109706388594,0.2601594687570171,0.2334760694377146,media,45.0,1179,suficiente,,,0.0,100.0,0,100.0,100.0,0,100.0,100.0,100.0,94.75,100.0,85.0,90.475,100.0,,90.475,entrenamiento_alta,entrenamiento,Alta aptitud para entrenamiento.,Usar como entrenamiento prioritario.,score_aptitud_total >= 85,30,Tierras de Cultivo y Pastos,33,"Cultivos extensivos, Pastizales y matorrales",332,Pastizales naturales y cultivados,8,8,Pastos,Pastos,POINT (-85.23060809255675 10.537402318957739)
SRC10_CRI_2021_A1__XY__75d0ef9e9cde,-85.596003,10.123138,Costa Rica,xy_unico_en_subset,sin_conflicto,1,1,1,1,2021,2021,0,1,100.0,Costa Rica,10,"SINAC - Malla de Entrenamientos del Mapa de Bosques 2021, Costa Rica",nueva_fuente,SINAC SRC10 2021,Tierras Forestales,Bosque latifoliado y mixto,Latifoliado secundario húmedo,Tierras Forestales,Bosque latifoliado y mixto,Latifoliado secundario húmedo,1,1,1,0.0,0,1,10,"SINAC - Malla de Entrenamientos del Mapa de Bosques 2021, Costa Rica",nueva_fuente,85.0,85.0,100.0,85.0,85.0,85.0,0,0,0.0,1,94.75,derivado_a3_sin_conf_integrada,94.75,1,1,1,2,3,0.0,0.0,100.0,0.0,0.0,0.0,100.0,10.0,22.0,1.8333333333333333,1.0,0.6121188968484814,0.5989016835888895,0.6439868453873776,0.6603019914574976,0.4637572547763259,0.4754791841135148,media,45.0,2519,suficiente,,,0.0,100.0,0,100.0,100.0,0,100.0,100.0,100.0,94.75,100.0,85.0,90.475,100.0,,90.475,entrenamiento_alta,entrenamiento,Alta aptitud para entrenamiento.,Usar como entrenamiento prioritario.,score_aptitud_total >= 85,40,Tierras Forestales,41,Bosque latifoliado y mixto,412,Latifoliado secundario húmedo,2,1,Bosque secundario,Forestal,POINT (-85.59600322961327 10.123138030297298)
SRC10_CRI_2021_A1__XY__7666f489ca44,-85.598732,10.131058,Costa Rica,xy_unico_en_subset,sin_conflicto,1,1,1,1,2021,2021,0,1,100.0,Costa Rica,10,"SINAC - Malla de Entrenamientos del Mapa de Bosques 2021, Costa Rica",nueva_fuente,SINAC SRC10 2021,Tierras Forestales,Bosque latifoliado y mixto,Bosque seco o deciduo,Tierras Forestales,Bosque latifoliado y mixto,Bosque seco o deciduo,1,1,1,0.0,0,1,10,"SINAC - Malla de Entrenamientos del Mapa de Bosques 2021, Costa Rica",nueva_fuente,85.0,85.0,100.0,85.0,85.0,85.0,0,0,0.0,1,94.75,derivado_a3_sin_conf_integrada,94.75,1,1,1,2,2,0.0,0.0,100.0,0.0,0.0,0.0,100.0,11.0,30.0,2.5,3.0,0.7128348678666708,0.700990099009901,0.7478218574739224,0.7366803278688525,0.534499764037948,0.48566573998489,media,45.0,2519,suficiente,,,0.0,100.0,0,100.0,100.0,0,100.0,100.0,100.0,94.75,100.0,85.0,90.475,100.0,,90.475,entrenamiento_alta,entrenamiento,Alta aptitud para entrenamiento.,Usar como entrenamiento prioritario.,score_aptitud_total >= 85,40,Tierras Forestales,41,Bosque latifoliado y mixto,414,Bosque seco o deciduo,4,1,Bosque secundario deciduo,Forestal,POINT (-85.59873228457064 10.131057832904226)
SRC10_CRI_2021_A1__XY__77f91f8eab1b,-85.229438,10.238144,Costa Rica,xy_unico_en_subset,sin_conflicto,1,1,1,1,2021,2021,0,1,100.0,Costa Rica,10,"SINAC - Malla de Entrenamientos del Mapa de Bosques 2021, Costa Rica",nueva_fuente,SINAC SRC10 2021,Tierras húmedas y agua,Humedales,Humedales,Tierras húmedas y agua,Humedales,Humedales,1,1,1,0.0,0,1,10,"SINAC - Malla de Entrenamientos del Mapa de Bosques 2021, Costa Rica",nueva_fuente,85.0,85.0,100.0,85.0,85.0,85.0,0,0,0.0,1,94.75,derivado_a3_sin_conf_integrada,94.75,1,1,1,2,3,0.0,0.0,100.0,0.0,0.0,0.0,100.0,12.0,37.0,3.083333333333333,2.75,-0.0701202778291721,-0.0944572520605664,-0.1194733665436913,-0.132660714074233,-0.2684410094299061,-0.3081132825242278,media,45.0,409,moderado,,,0.0,100.0,0,100.0,80.0,0,100.0,100.0,94.0,94.75,85.0,85.0,87.775,100.0,,87.775,entrenamiento_alta,entrenamiento,Alta aptitud para entrenamiento.,Usar como entrenamiento prioritario.,score_aptitud_total >= 85,20,Tierras húmedas y agua,22,Humedales,220,Humedales,11,11,Humedal Palustre,Humedal Palustre,POINT (-85.2294375972867 10.238144378281392)
SRC10_CRI_2021_A1__XY__78ff4ca0f085,-85.482047,10.109192,Costa Rica,xy_unico_en_subset,sin_conflicto,1,1,1,1,2021,2021,0,1,100.0,Costa Rica,10,"SINAC - Malla de Entrenamientos del Mapa de Bosques 2021, Costa Rica",nueva_fuente,SINAC SRC10 2021,Tierras Forestales,Bosque latifoliado y mixto,Latifoliado secundario húmedo,Tierras Forestales,Bosque latifoliado y mixto,Latifoliado secundario húmedo,1,1,1,0.0,0,1,10,"SINAC - Malla de Entrenamientos del Mapa de Bosques 2021, Costa Rica",nueva_fuente,85.0,85.0,100.0,85.0,85.0,85.0,0,0,0.0,1,94.75,derivado_a3_sin_conf_integrada,94.75,1,1,1,2,2,0.0,0.0,100.0,0.0,0.0,0.0,100.0,12.0,37.0,3.083333333333333,0.5,0.7663928616164221,0.7689853119989809,0.7921611103792531,0.7815027135614423,0.571280433537654,0.5847189646307798,media,45.0,2519,suficiente,,,0.0,100.0,0,100.0,100.0,0,100.0,100.0,100.0,94.75,100.0,85.0,90.475,100.0,,90.475,entrenamiento_alta,entrenamiento,Alta aptitud para entrenamiento.,Usar como entrenamiento prioritario.,score_aptitud_total >= 85,40,Tierras Forestales,41,Bosque latifoliado y mixto,412,Latifoliado secundario húmedo,2,1,Bosque secundario,Forestal,POINT (-85.4820467982745 10.109192117080278)
SRC10_CRI_2021_A1__XY__79868dd4b4d4,-85.280498,10.341723,Costa Rica,xy_unico_en_subset,sin_conflicto,1,1,1,1,2021,2021,0,1,100.0,Costa Rica,10,"SINAC - Malla de Entrenamientos del Mapa de Bosques 2021, Costa Rica",nueva_fuente,SINAC SRC10 2021,Tierras Forestales,Bosque latifoliado y mixto,Latifoliado secundario húmedo,Tierras Forestales,Bosque latifoliado y mixto,Latifoliado secundario húmedo,1,1,1,0.0,0,1,10,"SINAC - Malla de Entrenamientos del Mapa de Bosques 2021, Costa Rica",nueva_fuente,85.0,85.0,100.0,85.0,85.0,85.0,0,0,0.0,1,94.75,derivado_a3_sin_conf_integrada,94.75,1,1,1,2,2,0.0,0.0,100.0,0.0,0.0,0.0,100.0,12.0,40.0,3.333333333333333,1.0,0.7410014706658732,0.7674392841290392,0.7678186015136563,0.7963089965889881,0.5281910804632558,0.5648226918117721,media,45.0,2519,suficiente,,,0.0,100.0,0,100.0,100.0,0,100.0,100.0,100.0,94.75,100.0,85.0,90.475,100.0,,90.475,entrenamiento_alta,entrenamiento,Alta aptitud para entrenamiento.,Usar como entrenamiento prioritario.,score_aptitud_total >= 85,40,Tierras Forestales,41,Bosque latifoliado y mixto,412,Latifoliado secundario húmedo,2,1,Bosque secundario,Forestal,POINT (-85.28049803580348 10.34172261287525)
SRC10_CRI_2021_A1__XY__79aa66a6caae,-85.476773,10.337263,Costa Rica,conflicto_tematico_subset,conflicto_tematico,2,2,2,1,2021,2021,0,1,100.0,Costa Rica,10,"SINAC - Malla de Entrenamientos del Mapa de Bosques 2021, Costa Rica",nueva_fuente,SINAC SRC10 2021,Tierras Forestales,Bosque latifoliado y mixto,Latifoliado secundario húmedo,Tierras Forestales | Tierras de Cultivo y Pastos,Bosque latifoliado y mixto | Cultivos intensivos No-Arbóreos,Latifoliado secundario húmedo | Otros cultivos intensivos no arbóreos,2,2,2,0.0,0,1,10,"SINAC - Malla de Entrenamientos del Mapa de Bosques 2021, Costa Rica",nueva_fuente,85.0,85.0,100.0,85.0,85.0,85.0,0,0,0.0,1,54.75,derivado_a3_sin_conf_integrada,54.75,1,1,1,2,3,0.0,0.0,100.0,0.0,0.0,0.0,100.0,12.0,42.0,3.5,3.0,0.4770652569731702,0.4961471319723695,0.5299064856332611,0.5621888856300055,0.3647713701412964,0.3825558267300994,media,45.0,2519,suficiente,conflicto_tematico_xy,alta,100.0,0.0,1,0.0,100.0,0,100.0,40.0,54.0,54.75,100.0,85.0,57.275,100.0,,57.275,referencia_contextual,referencia_contextual,Aptitud contextual.,Usar como apoyo o referencia.,55 <= score_aptitud_total < 70,40,Tierras Forestales,41,Bosque latifoliado y mixto,412,Latifoliado secundario húmedo,2,1,Bosque secundario,Forestal,POINT (-85.47677287950613 10.337263065111244)
SRC10_CRI_2021_A1__XY__79f73c054063,-85.209336,10.49887,Costa Rica,xy_unico_en_subset,sin_conflicto,1,1,1,1,2021,2021,0,1,100.0,Costa Rica,10,"SINAC - Malla de Entrenamientos del Mapa de Bosques 2021, Costa Rica",nueva_fuente,SINAC SRC10 2021,Tierras de Cultivo y Pastos,Cultivos intensivos No-Arbóreos,Otros cultivos intensivos no arbóreos,Tierras de Cultivo y Pastos,Cultivos intensivos No-Arbóreos,Otros cultivos intensivos no arbóreos,1,1,1,0.0,0,1,10,"SINAC - Malla de Entrenamientos del Mapa de Bosques 2021, Costa Rica",nueva_fuente,85.0,85.0,100.0,85.0,85.0,85.0,0,0,0.0,1,94.75,derivado_a3_sin_conf_integrada,94.75,1,1,1,2,2,0.0,0.0,100.0,0.0,0.0,0.0,100.0,12.0,34.0,2.833333333333333,6.0,0.15157564844196,0.1039522909877922,0.1962102974055749,0.1555975642504045,0.1041443534072301,0.078636713068873,media,45.0,8489,suficiente,,,0.0,100.0,0,100.0,100.0,0,100.0,100.0,100.0,94.75,100.0,85.0,90.475,100.0,,90.475,entrenamiento_alta,entrenamiento,Alta aptitud para entrenamiento.,Usar como entrenamiento prioritario.,score_aptitud_total >= 85,30,Tierras de Cultivo y Pastos,31,Cultivos intensivos No-Arbóreos,315,Otros cultivos intensivos no arbóreos,9,9,Cultivos,Cultivos,POINT (-85.20933646996092 10.498869826702261)
SRC10_CRI_2021_A1__XY__7bd149f37471,-85.797772,10.403949,Costa Rica,xy_unico_en_subset,sin_conflicto,1,1,1,1,2021,2021,0,1,100.0,Costa Rica,10,"SINAC - Malla de Entrenamientos del Mapa de Bosques 2021, Costa Rica",nueva_fuente,SINAC SRC10 2021,Artificializado y otra tierras,Urbano,Urbano,Artificializado y otra tierras,Urbano,Urbano,1,1,1,0.0,0,1,10,"SINAC - Malla de Entrenamientos del Mapa de Bosques 2021, Costa Rica",nueva_fuente,85.0,85.0,100.0,85.0,85.0,85.0,0,0,0.0,1,94.75,derivado_a3_sin_conf_integrada,94.75,1,1,1,2,2,0.0,0.0,100.0,0.0,0.0,0.0,100.0,10.0,15.0,1.25,4.0,-0.0035071090574951,-0.0181992149813811,-0.0275738242130315,-0.0488380961259037,-0.0156387371978783,-0.0258135618988329,media,45.0,5928,suficiente,,,0.0,100.0,0,100.0,100.0,0,100.0,100.0,100.0,94.75,100.0,85.0,90.475,100.0,,90.475,entrenamiento_alta,entrenamiento,Alta aptitud para entrenamiento.,Usar como entrenamiento prioritario.,score_aptitud_total >= 85,10,Artificializado y otra tierras,11,Urbano,110,Urbano,16,16,Edificaciones,Edificaciones,POINT (-85.79777171157758 10.403949305739863)
SRC10_CRI_2021_A1__XY__7c03ccd5019c,-85.24152,10.088466,Costa Rica,xy_unico_en_subset,sin_conflicto,1,1,1,1,2021,2021,0,1,100.0,Costa Rica,10,"SINAC - Malla de Entrenamientos del Mapa de Bosques 2021, Costa Rica",nueva_fuente,SINAC SRC10 2021,Tierras Forestales,Manglares,Manglares,Tierras Forestales,Manglares,Manglares,1,1,1,0.0,0,1,10,"SINAC - Malla de Entrenamientos del Mapa de Bosques 2021, Costa Rica",nueva_fuente,85.0,85.0,100.0,85.0,85.0,85.0,0,0,0.0,1,94.75,derivado_a3_sin_conf_integrada,94.75,1,1,1,2,3,0.0,0.0,100.0,0.0,0.0,0.0,100.0,12.0,42.0,3.5,2.0,-0.24773157459749,-0.2491274103703181,-0.2252427638326616,-0.2000874438751427,-0.3757402546868655,-0.3667839589247433,media,45.0,800,suficiente,,,0.0,100.0,0,100.0,100.0,0,100.0,100.0,100.0,94.75,100.0,85.0,90.475,100.0,,90.475,entrenamiento_alta,entrenamiento,Alta aptitud para entrenamiento.,Usar como entrenamiento prioritario.,score_aptitud_total >= 85,40,Tierras Forestales,43,Manglares,430,Manglares,6,1,Manglar,Forestal,POINT (-85.24152038575988 10.088465915936704)
SRC10_CRI_2021_A1__XY__7c4028b8eaf0,-85.425503,10.199939,Costa Rica,xy_unico_en_subset,sin_conflicto,1,1,1,1,2021,2021,0,1,100.0,Costa Rica,10,"SINAC - Malla de Entrenamientos del Mapa de Bosques 2021, Costa Rica",nueva_fuente,SINAC SRC10 2021,Tierras de Cultivo y Pastos,"Cultivos extensivos, Pastizales y matorrales",Pastizales naturales y cultivados,Tierras de Cultivo y Pastos,"Cultivos extensivos, Pastizales y matorrales",Pastizales naturales y cultivados,1,1,1,0.0,0,1,10,"SINAC - Malla de Entrenamientos del Mapa de Bosques 2021, Costa Rica",nueva_fuente,85.0,85.0,100.0,85.0,85.0,85.0,0,0,0.0,1,94.75,derivado_a3_sin_conf_integrada,94.75,1,1,1,2,3,0.0,0.0,100.0,0.0,0.0,0.0,100.0,11.0,40.0,3.333333333333333,1.5,0.801466397560691,0.8631609085235673,0.825362541956326,0.8813662054678909,0.5947226085077347,0.6455863594153759,media,45.0,1179,suficiente,,,0.0,100.0,0,100.0,100.0,0,100.0,100.0,100.0,94.75,100.0,85.0,90.475,100.0,,90.475,entrenamiento_alta,entrenamiento,Alta aptitud para entrenamiento.,Usar como entrenamiento prioritario.,score_aptitud_total >= 85,30,Tierras de Cultivo y Pastos,33,"Cultivos extensivos, Pastizales y matorrales",332,Pastizales naturales y cultivados,8,8,Pastos,Pastos,POINT (-85.42550279136307 10.199938988518834)
SRC10_CRI_2021_A1__XY__7c84d8ca729e,-85.225125,10.214026,Costa Rica,xy_unico_en_subset,sin_conflicto,1,1,1,1,2021,2021,0,1,100.0,Costa Rica,10,"SINAC - Malla de Entrenamientos del Mapa de Bosques 2021, Costa Rica",nueva_fuente,SINAC SRC10 2021,Tierras Forestales,Manglares,Manglares,Tierras Forestales,Manglares,Manglares,1,1,1,0.0,0,1,10,"SINAC - Malla de Entrenamientos del Mapa de Bosques 2021, Costa Rica",nueva_fuente,85.0,85.0,100.0,85.0,85.0,85.0,0,0,0.0,1,94.75,derivado_a3_sin_conf_integrada,94.75,1,1,1,2,3,0.0,0.0,100.0,0.0,0.0,0.0,100.0,12.0,42.0,3.5,5.0,0.2718167773954525,0.2486257088523993,0.3925636613021379,0.3858195340638027,0.1599403586656713,0.1870761402547544,media,45.0,800,suficiente,,,0.0,100.0,0,100.0,100.0,0,100.0,100.0,100.0,94.75,100.0,85.0,90.475,100.0,,90.475,entrenamiento_alta,entrenamiento,Alta aptitud para entrenamiento.,Usar como entrenamiento prioritario.,score_aptitud_total >= 85,40,Tierras Forestales,43,Manglares,430,Manglares,6,1,Manglar,Forestal,POINT (-85.22512485480895 10.214026309196358)
SRC10_CRI_2021_A1__XY__7c8635fcf13a,-85.233704,10.250195,Costa Rica,xy_unico_en_subset,sin_conflicto,1,1,1,1,2021,2021,0,1,100.0,Costa Rica,10,"SINAC - Malla de Entrenamientos del Mapa de Bosques 2021, Costa Rica",nueva_fuente,SINAC SRC10 2021,Tierras Forestales,Manglares,Manglares,Tierras Forestales,Manglares,Manglares,1,1,1,0.0,0,1,10,"SINAC - Malla de Entrenamientos del Mapa de Bosques 2021, Costa Rica",nueva_fuente,85.0,85.0,100.0,85.0,85.0,85.0,0,0,0.0,1,94.75,derivado_a3_sin_conf_integrada,94.75,1,1,1,2,2,0.0,0.0,100.0,0.0,0.0,0.0,100.0,12.0,37.0,3.083333333333333,6.0,0.3423749911059627,0.3202100694871251,0.3873578454476474,0.3810513987639682,0.242510024520439,0.2485538551715403,media,45.0,800,suficiente,,,0.0,100.0,0,100.0,100.0,0,100.0,100.0,100.0,94.75,100.0,85.0,90.475,100.0,,90.475,entrenamiento_alta,entrenamiento,Alta aptitud para entrenamiento.,Usar como entrenamiento prioritario.,score_aptitud_total >= 85,40,Tierras Forestales,43,Manglares,430,Manglares,6,1,Manglar,Forestal,POINT (-85.2337044742378 10.250195345498495)
SRC10_CRI_2021_A1__XY__7ca11d16060b,-85.218781,10.21043,Costa Rica,xy_unico_en_subset,sin_conflicto,1,1,1,1,2021,2021,0,1,100.0,Costa Rica,10,"SINAC - Malla de Entrenamientos del Mapa de Bosques 2021, Costa Rica",nueva_fuente,SINAC SRC10 2021,Tierras Forestales,Manglares,Manglares,Tierras Forestales,Manglares,Manglares,1,1,1,0.0,0,1,10,"SINAC - Malla de Entrenamientos del Mapa de Bosques 2021, Costa Rica",nueva_fuente,85.0,85.0,100.0,85.0,85.0,85.0,0,0,0.0,1,94.75,derivado_a3_sin_conf_integrada,94.75,1,1,1,2,3,0.0,0.0,100.0,0.0,0.0,0.0,100.0,12.0,37.0,3.083333333333333,2.75,-0.0764325609419588,-0.0781582629384037,-0.1276614913410108,-0.1349846218617406,-0.2719548312774509,-0.3274439481029615,media,45.0,800,suficiente,,,0.0,100.0,0,100.0,100.0,0,100.0,100.0,100.0,94.75,100.0,85.0,90.475,100.0,,90.475,entrenamiento_alta,entrenamiento,Alta aptitud para entrenamiento.,Usar como entrenamiento prioritario.,score_aptitud_total >= 85,40,Tierras Forestales,43,Manglares,430,Manglares,6,1,Manglar,Forestal,POINT (-85.21878120971294 10.210429920841365)
SRC10_CRI_2021_A1__XY__7d55cb5972b2,-85.476035,10.177996,Costa Rica,conflicto_tematico_subset,conflicto_tematico,2,2,2,1,2021,2021,0,1,100.0,Costa Rica,10,"SINAC - Malla de Entrenamientos del Mapa de Bosques 2021, Costa Rica",nueva_fuente,SINAC SRC10 2021,Tierras Forestales,Bosque latifoliado y mixto,Latifoliado secundario húmedo,Tierras Forestales | Tierras de Cultivo y Pastos,Bosque latifoliado y mixto | Cultivos intensivos No-Arbóreos,Latifoliado secundario húmedo | Otros cultivos intensivos no arbóreos,2,2,2,0.0,0,1,10,"SINAC - Malla de Entrenamientos del Mapa de Bosques 2021, Costa Rica",nueva_fuente,85.0,85.0,100.0,85.0,85.0,85.0,0,0,0.0,1,54.75,derivado_a3_sin_conf_integrada,54.75,1,1,1,0,0,100.0,0.0,0.0,0.0,0.0,0.0,0.0,12.0,36.0,3.0,1.0,0.848707002670165,0.8886362084116128,0.8602517649130593,0.8976627435041029,0.6224549141724233,0.6535307275277704,sin_alerta,100.0,2519,suficiente,conflicto_tematico_xy,alta,100.0,0.0,1,0.0,100.0,0,100.0,40.0,54.0,54.75,100.0,85.0,65.525,100.0,,65.525,referencia_contextual,referencia_contextual,Aptitud contextual.,Usar como apoyo o referencia.,55 <= score_aptitud_total < 70,40,Tierras Forestales,41,Bosque latifoliado y mixto,412,Latifoliado secundario húmedo,2,1,Bosque secundario,Forestal,POINT (-85.47603470382718 10.177995611268699)
SRC10_CRI_2021_A1__XY__7e595baf3d5b,-85.230551,10.522922,Costa Rica,xy_unico_en_subset,sin_conflicto,1,1,1,1,2021,2021,0,1,100.0,Costa Rica,10,"SINAC - Malla de Entrenamientos del Mapa de Bosques 2021, Costa Rica",nueva_fuente,SINAC SRC10 2021,Tierras de Cultivo y Pastos,"Cultivos extensivos, Pastizales y matorrales",Pastizales naturales y cultivados,Tierras de Cultivo y Pastos,"Cultivos extensivos, Pastizales y matorrales",Pastizales naturales y cultivados,1,1,1,0.0,0,1,10,"SINAC - Malla de Entrenamientos del Mapa de Bosques 2021, Costa Rica",nueva_fuente,85.0,85.0,100.0,85.0,85.0,85.0,0,0,0.0,1,94.75,derivado_a3_sin_conf_integrada,94.75,1,1,1,2,3,0.0,0.0,100.0,0.0,0.0,0.0,100.0,12.0,36.0,3.0,1.5,0.4487308567121521,0.3003680638134313,0.49302851253213,0.3513667499871508,0.3209868873012894,0.2311480297384751,media,45.0,1179,suficiente,,,0.0,100.0,0,100.0,100.0,0,100.0,100.0,100.0,94.75,100.0,85.0,90.475,100.0,,90.475,entrenamiento_alta,entrenamiento,Alta aptitud para entrenamiento.,Usar como entrenamiento prioritario.,score_aptitud_total >= 85,30,Tierras de Cultivo y Pastos,33,"Cultivos extensivos, Pastizales y matorrales",332,Pastizales naturales y cultivados,8,8,Pastos,Pastos,POINT (-85.23055063619637 10.522922227774682)
SRC10_CRI_2021_A1__XY__7e9524aadfa4,-85.209308,10.49163,Costa Rica,xy_unico_en_subset,sin_conflicto,1,1,1,1,2021,2021,0,1,100.0,Costa Rica,10,"SINAC - Malla de Entrenamientos del Mapa de Bosques 2021, Costa Rica",nueva_fuente,SINAC SRC10 2021,Tierras de Cultivo y Pastos,Cultivos intensivos No-Arbóreos,Otros cultivos intensivos no arbóreos,Tierras de Cultivo y Pastos,Cultivos intensivos No-Arbóreos,Otros cultivos intensivos no arbóreos,1,1,1,0.0,0,1,10,"SINAC - Malla de Entrenamientos del Mapa de Bosques 2021, Costa Rica",nueva_fuente,85.0,85.0,100.0,85.0,85.0,85.0,0,0,0.0,1,94.75,derivado_a3_sin_conf_integrada,94.75,1,1,1,2,2,0.0,0.0,100.0,0.0,0.0,0.0,100.0,12.0,34.0,2.833333333333333,5.25,0.2341088832315306,0.1454769315755615,0.2751392286220632,0.1837581201627789,0.1667684212300887,0.0992775550774462,media,45.0,8489,suficiente,,,0.0,100.0,0,100.0,100.0,0,100.0,100.0,100.0,94.75,100.0,85.0,90.475,100.0,,90.475,entrenamiento_alta,entrenamiento,Alta aptitud para entrenamiento.,Usar como entrenamiento prioritario.,score_aptitud_total >= 85,30,Tierras de Cultivo y Pastos,31,Cultivos intensivos No-Arbóreos,315,Otros cultivos intensivos no arbóreos,9,9,Cultivos,Cultivos,POINT (-85.20930833354653 10.491629707654804)
SRC10_CRI_2021_A1__XY__7ebde0eeed2a,-85.77478,10.368684,Costa Rica,xy_unico_en_subset,sin_conflicto,1,1,1,1,2021,2021,0,1,100.0,Costa Rica,10,"SINAC - Malla de Entrenamientos del Mapa de Bosques 2021, Costa Rica",nueva_fuente,SINAC SRC10 2021,Artificializado y otra tierras,Urbano,Urbano,Artificializado y otra tierras,Urbano,Urbano,1,1,1,0.0,0,1,10,"SINAC - Malla de Entrenamientos del Mapa de Bosques 2021, Costa Rica",nueva_fuente,85.0,85.0,100.0,85.0,85.0,85.0,0,0,0.0,1,94.75,derivado_a3_sin_conf_integrada,94.75,1,1,1,2,2,0.0,0.0,100.0,0.0,0.0,0.0,100.0,12.0,41.0,3.4166666666666665,8.25,0.0466015844012618,0.0465292547051108,0.0455735285202826,0.0488197814146263,-0.0055685631807108,0.001989348794954,media,45.0,5928,suficiente,,,0.0,100.0,0,100.0,100.0,0,100.0,100.0,100.0,94.75,100.0,85.0,90.475,100.0,,90.475,entrenamiento_alta,entrenamiento,Alta aptitud para entrenamiento.,Usar como entrenamiento prioritario.,score_aptitud_total >= 85,10,Artificializado y otra tierras,11,Urbano,110,Urbano,16,16,Edificaciones,Edificaciones,POINT (-85.77478031172637 10.368683856250408)
SRC10_CRI_2021_A1__XY__7ecb13d1e1e8,-85.306521,10.508138,Costa Rica,xy_unico_en_subset,sin_conflicto,1,1,1,1,2021,2021,0,1,100.0,Costa Rica,10,"SINAC - Malla de Entrenamientos del Mapa de Bosques 2021, Costa Rica",nueva_fuente,SINAC SRC10 2021,Tierras de Cultivo y Pastos,"Cultivos extensivos, Pastizales y matorrales",Pastizales naturales y cultivados,Tierras de Cultivo y Pastos,"Cultivos extensivos, Pastizales y matorrales",Pastizales naturales y cultivados,1,1,1,0.0,0,1,10,"SINAC - Malla de Entrenamientos del Mapa de Bosques 2021, Costa Rica",nueva_fuente,85.0,85.0,100.0,85.0,85.0,85.0,0,0,0.0,1,94.75,derivado_a3_sin_conf_integrada,94.75,1,1,1,2,2,0.0,0.0,100.0,0.0,0.0,0.0,100.0,12.0,40.0,3.333333333333333,1.25,0.4250764743501324,0.3334636188101177,0.4680762154273818,0.3900965759311676,0.2946050367077474,0.2467844269084312,media,45.0,1179,suficiente,,,0.0,100.0,0,100.0,100.0,0,100.0,100.0,100.0,94.75,100.0,85.0,90.475,100.0,,90.475,entrenamiento_alta,entrenamiento,Alta aptitud para entrenamiento.,Usar como entrenamiento prioritario.,score_aptitud_total >= 85,30,Tierras de Cultivo y Pastos,33,"Cultivos extensivos, Pastizales y matorrales",332,Pastizales naturales y cultivados,8,8,Pastos,Pastos,POINT (-85.30652108903635 10.508138209448934)
SRC10_CRI_2021_A1__XY__7eeab9f18a87,-85.363208,10.431882,Costa Rica,conflicto_tematico_subset,conflicto_tematico,2,2,2,1,2021,2021,0,1,100.0,Costa Rica,10,"SINAC - Malla de Entrenamientos del Mapa de Bosques 2021, Costa Rica",nueva_fuente,SINAC SRC10 2021,Tierras húmedas y agua,Humedales,Humedales,Tierras de Cultivo y Pastos | Tierras húmedas y agua,Cultivos intensivos No-Arbóreos | Humedales,Humedales | Otros cultivos intensivos no arbóreos,2,2,2,0.0,0,1,10,"SINAC - Malla de Entrenamientos del Mapa de Bosques 2021, Costa Rica",nueva_fuente,85.0,85.0,100.0,85.0,85.0,85.0,0,0,0.0,1,54.75,derivado_a3_sin_conf_integrada,54.75,1,1,1,1,1,0.0,100.0,0.0,0.0,0.0,0.0,100.0,12.0,40.0,3.333333333333333,1.5,0.6588814191796384,0.6492554763130136,0.6859928785666961,0.6892712254642726,0.4672812872124037,0.4678882423763969,baja,80.0,409,moderado,conflicto_tematico_xy,alta,100.0,0.0,1,0.0,80.0,0,100.0,40.0,48.0,54.75,85.0,85.0,59.825,100.0,,59.825,referencia_contextual,referencia_contextual,Aptitud contextual.,Usar como apoyo o referencia.,55 <= score_aptitud_total < 70,20,Tierras húmedas y agua,22,Humedales,220,Humedales,11,11,Humedal Palustre,Humedal Palustre,POINT (-85.36320816693753 10.431881579187207)
SRC10_CRI_2021_A1__XY__7f215da22ee7,-85.526251,10.090891,Costa Rica,conflicto_tematico_subset,conflicto_tematico,2,2,2,1,2021,2021,0,1,100.0,Costa Rica,10,"SINAC - Malla de Entrenamientos del Mapa de Bosques 2021, Costa Rica",nueva_fuente,SINAC SRC10 2021,Tierras Forestales,Bosque latifoliado y mixto,Latifoliado secundario húmedo,Tierras Forestales | Tierras de Cultivo y Pastos,Bosque latifoliado y mixto | Cultivos intensivos No-Arbóreos,Latifoliado secundario húmedo | Otros cultivos intensivos no arbóreos,2,2,2,0.0,0,1,10,"SINAC - Malla de Entrenamientos del Mapa de Bosques 2021, Costa Rica",nueva_fuente,85.0,85.0,100.0,85.0,85.0,85.0,0,0,0.0,1,54.75,derivado_a3_sin_conf_integrada,54.75,1,1,1,0,0,100.0,0.0,0.0,0.0,0.0,0.0,0.0,11.0,38.0,3.1666666666666665,0.0,0.8149836547653638,0.8351795972802648,0.8394873986077944,0.8638342009396902,0.5719592705895667,0.5997101683668878,sin_alerta,100.0,2519,suficiente,conflicto_tematico_xy,alta,100.0,0.0,1,0.0,100.0,0,100.0,40.0,54.0,54.75,100.0,85.0,65.525,100.0,,65.525,referencia_contextual,referencia_contextual,Aptitud contextual.,Usar como apoyo o referencia.,55 <= score_aptitud_total < 70,40,Tierras Forestales,41,Bosque latifoliado y mixto,412,Latifoliado secundario húmedo,2,1,Bosque secundario,Forestal,POINT (-85.52625076788618 10.090891470955109)
SRC10_CRI_2021_A1__XY__7f53623355c5,-85.271726,10.259702,Costa Rica,xy_unico_en_subset,sin_conflicto,1,1,1,1,2021,2021,0,1,100.0,Costa Rica,10,"SINAC - Malla de Entrenamientos del Mapa de Bosques 2021, Costa Rica",nueva_fuente,SINAC SRC10 2021,Tierras Forestales,Manglares,Manglares,Tierras Forestales,Manglares,Manglares,1,1,1,0.0,0,1,10,"SINAC - Malla de Entrenamientos del Mapa de Bosques 2021, Costa Rica",nueva_fuente,85.0,85.0,100.0,85.0,85.0,85.0,0,0,0.0,1,94.75,derivado_a3_sin_conf_integrada,94.75,1,1,1,2,3,0.0,0.0,100.0,0.0,0.0,0.0,100.0,12.0,38.0,3.1666666666666665,4.75,0.2536330060203708,0.238312766641777,0.2982286352827787,0.2914381723638224,0.1929476049117276,0.1911802886330317,media,45.0,800,suficiente,,,0.0,100.0,0,100.0,100.0,0,100.0,100.0,100.0,94.75,100.0,85.0,90.475,100.0,,90.475,entrenamiento_alta,entrenamiento,Alta aptitud para entrenamiento.,Usar como entrenamiento prioritario.,score_aptitud_total >= 85,40,Tierras Forestales,43,Manglares,430,Manglares,6,1,Manglar,Forestal,POINT (-85.27172599112352 10.259702332903155)
SRC10_CRI_2021_A1__XY__813b9d4186ab,-85.787506,10.308804,Costa Rica,xy_unico_en_subset,sin_conflicto,1,1,1,1,2021,2021,0,1,100.0,Costa Rica,10,"SINAC - Malla de Entrenamientos del Mapa de Bosques 2021, Costa Rica",nueva_fuente,SINAC SRC10 2021,Tierras Forestales,Bosque latifoliado y mixto,Bosque seco o deciduo,Tierras Forestales,Bosque latifoliado y mixto,Bosque seco o deciduo,1,1,1,0.0,0,1,10,"SINAC - Malla de Entrenamientos del Mapa de Bosques 2021, Costa Rica",nueva_fuente,85.0,85.0,100.0,85.0,85.0,85.0,0,0,0.0,1,94.75,derivado_a3_sin_conf_integrada,94.75,1,1,1,2,2,0.0,0.0,100.0,0.0,0.0,0.0,100.0,12.0,40.0,3.333333333333333,1.5,0.6885354173613768,0.7042452728731855,0.7193997180705073,0.7434664027633233,0.5134501735731157,0.5305287150202771,media,45.0,2519,suficiente,,,0.0,100.0,0,100.0,100.0,0,100.0,100.0,100.0,94.75,100.0,85.0,90.475,100.0,,90.475,entrenamiento_alta,entrenamiento,Alta aptitud para entrenamiento.,Usar como entrenamiento prioritario.,score_aptitud_total >= 85,40,Tierras Forestales,41,Bosque latifoliado y mixto,414,Bosque seco o deciduo,4,1,Bosque secundario deciduo,Forestal,POINT (-85.78750612645348 10.308804486646249)
SRC10_CRI_2021_A1__XY__817877f04c44,-85.559748,10.470799,Costa Rica,xy_unico_en_subset,sin_conflicto,1,1,1,1,2021,2021,0,1,100.0,Costa Rica,10,"SINAC - Malla de Entrenamientos del Mapa de Bosques 2021, Costa Rica",nueva_fuente,SINAC SRC10 2021,Tierras Forestales,Bosque latifoliado y mixto,Latifoliado secundario húmedo,Tierras Forestales,Bosque latifoliado y mixto,Latifoliado secundario húmedo,1,1,1,0.0,0,1,10,"SINAC - Malla de Entrenamientos del Mapa de Bosques 2021, Costa Rica",nueva_fuente,85.0,85.0,100.0,85.0,85.0,85.0,0,0,0.0,1,94.75,derivado_a3_sin_conf_integrada,94.75,1,1,1,2,3,0.0,0.0,100.0,0.0,0.0,0.0,100.0,12.0,42.0,3.5,10.5,0.3910902442581034,0.4610942994920028,0.4800196983398879,0.5369564747442808,0.389043327996319,0.44083228789509,media,45.0,2519,suficiente,,,0.0,100.0,0,100.0,100.0,0,100.0,100.0,100.0,94.75,100.0,85.0,90.475,100.0,,90.475,entrenamiento_alta,entrenamiento,Alta aptitud para entrenamiento.,Usar como entrenamiento prioritario.,score_aptitud_total >= 85,40,Tierras Forestales,41,Bosque latifoliado y mixto,412,Latifoliado secundario húmedo,2,1,Bosque secundario,Forestal,POINT (-85.55974779095507 10.470798523885183)
SRC10_CRI_2021_A1__XY__81ab908fdda3,-85.413488,10.344787,Costa Rica,xy_unico_en_subset,sin_conflicto,1,1,1,1,2021,2021,0,1,100.0,Costa Rica,10,"SINAC - Malla de Entrenamientos del Mapa de Bosques 2021, Costa Rica",nueva_fuente,SINAC SRC10 2021,Tierras Forestales,Bosque latifoliado y mixto,Latifoliado secundario húmedo,Tierras Forestales,Bosque latifoliado y mixto,Latifoliado secundario húmedo,1,1,1,0.0,0,1,10,"SINAC - Malla de Entrenamientos del Mapa de Bosques 2021, Costa Rica",nueva_fuente,85.0,85.0,100.0,85.0,85.0,85.0,0,0,0.0,1,94.75,derivado_a3_sin_conf_integrada,94.75,1,1,1,2,3,0.0,0.0,100.0,0.0,0.0,0.0,100.0,12.0,46.0,3.8333333333333335,1.5,0.7338991623007175,0.7699954075368975,0.7517902265557829,0.7910745533811071,0.5126702237220743,0.5119509904692715,media,45.0,2519,suficiente,,,0.0,100.0,0,100.0,100.0,0,100.0,100.0,100.0,94.75,100.0,85.0,90.475,100.0,,90.475,entrenamiento_alta,entrenamiento,Alta aptitud para entrenamiento.,Usar como entrenamiento prioritario.,score_aptitud_total >= 85,40,Tierras Forestales,41,Bosque latifoliado y mixto,412,Latifoliado secundario húmedo,2,1,Bosque secundario,Forestal,POINT (-85.41348792420685 10.344786530474646)
SRC10_CRI_2021_A1__XY__8217d1ece27d,-85.786046,10.165592,Costa Rica,xy_unico_en_subset,sin_conflicto,1,1,1,1,2021,2021,0,1,100.0,Costa Rica,10,"SINAC - Malla de Entrenamientos del Mapa de Bosques 2021, Costa Rica",nueva_fuente,SINAC SRC10 2021,Tierras Forestales,Bosque latifoliado y mixto,Latifoliado secundario húmedo,Tierras Forestales,Bosque latifoliado y mixto,Latifoliado secundario húmedo,1,1,1,0.0,0,1,10,"SINAC - Malla de Entrenamientos del Mapa de Bosques 2021, Costa Rica",nueva_fuente,85.0,85.0,100.0,85.0,85.0,85.0,0,0,0.0,1,94.75,derivado_a3_sin_conf_integrada,94.75,1,1,1,2,2,0.0,0.0,100.0,0.0,0.0,0.0,100.0,12.0,38.0,3.1666666666666665,2.0,0.6669667840666849,0.7226466774794015,0.7005701151878699,0.7536982254177834,0.5068480844118994,0.5541394724613087,media,45.0,2519,suficiente,,,0.0,100.0,0,100.0,100.0,0,100.0,100.0,100.0,94.75,100.0,85.0,90.475,100.0,,90.475,entrenamiento_alta,entrenamiento,Alta aptitud para entrenamiento.,Usar como entrenamiento prioritario.,score_aptitud_total >= 85,40,Tierras Forestales,41,Bosque latifoliado y mixto,412,Latifoliado secundario húmedo,2,1,Bosque secundario,Forestal,POINT (-85.78604589949477 10.165592257770488)
SRC10_CRI_2021_A1__XY__8224e5bc1020,-85.230979,10.089712,Costa Rica,xy_unico_en_subset,sin_conflicto,1,1,1,1,2021,2021,0,1,100.0,Costa Rica,10,"SINAC - Malla de Entrenamientos del Mapa de Bosques 2021, Costa Rica",nueva_fuente,SINAC SRC10 2021,Tierras Forestales,Manglares,Manglares,Tierras Forestales,Manglares,Manglares,1,1,1,0.0,0,1,10,"SINAC - Malla de Entrenamientos del Mapa de Bosques 2021, Costa Rica",nueva_fuente,85.0,85.0,100.0,85.0,85.0,85.0,0,0,0.0,1,94.75,derivado_a3_sin_conf_integrada,94.75,1,1,1,2,3,0.0,0.0,100.0,0.0,0.0,0.0,100.0,12.0,42.0,3.5,9.0,0.255356307115296,0.2780841025166793,0.2713073660131349,0.2963526298177835,0.1465981475483947,0.1490427432425226,media,45.0,800,suficiente,,,0.0,100.0,0,100.0,100.0,0,100.0,100.0,100.0,94.75,100.0,85.0,90.475,100.0,,90.475,entrenamiento_alta,entrenamiento,Alta aptitud para entrenamiento.,Usar como entrenamiento prioritario.,score_aptitud_total >= 85,40,Tierras Forestales,43,Manglares,430,Manglares,6,1,Manglar,Forestal,POINT (-85.23097937671928 10.089712135335247)
SRC10_CRI_2021_A1__XY__82d293148e15,-85.222285,10.390669,Costa Rica,xy_unico_en_subset,sin_conflicto,1,1,1,1,2021,2021,0,1,100.0,Costa Rica,10,"SINAC - Malla de Entrenamientos del Mapa de Bosques 2021, Costa Rica",nueva_fuente,SINAC SRC10 2021,Tierras Forestales,Bosque latifoliado y mixto,Bosque seco o deciduo,Tierras Forestales,Bosque latifoliado y mixto,Bosque seco o deciduo,1,1,1,0.0,0,1,10,"SINAC - Malla de Entrenamientos del Mapa de Bosques 2021, Costa Rica",nueva_fuente,85.0,85.0,100.0,85.0,85.0,85.0,0,0,0.0,1,94.75,derivado_a3_sin_conf_integrada,94.75,1,1,1,2,2,0.0,0.0,100.0,0.0,0.0,0.0,100.0,12.0,45.0,3.75,1.0,0.647066206218304,0.682876950954369,0.6756743048836024,0.7139482920747923,0.4653818004362023,0.4714603319854797,media,45.0,2519,suficiente,,,0.0,100.0,0,100.0,100.0,0,100.0,100.0,100.0,94.75,100.0,85.0,90.475,100.0,,90.475,entrenamiento_alta,entrenamiento,Alta aptitud para entrenamiento.,Usar como entrenamiento prioritario.,score_aptitud_total >= 85,40,Tierras Forestales,41,Bosque latifoliado y mixto,414,Bosque seco o deciduo,4,1,Bosque secundario deciduo,Forestal,POINT (-85.22228467549543 10.390668738640228)
SRC10_CRI_2021_A1__XY__83c11f3b7c0d,-85.647475,10.289382,Costa Rica,xy_unico_en_subset,sin_conflicto,1,1,1,1,2021,2021,0,1,100.0,Costa Rica,10,"SINAC - Malla de Entrenamientos del Mapa de Bosques 2021, Costa Rica",nueva_fuente,SINAC SRC10 2021,Tierras Forestales,Bosque latifoliado y mixto,Latifoliado secundario húmedo,Tierras Forestales,Bosque latifoliado y mixto,Latifoliado secundario húmedo,1,1,1,0.0,0,1,10,"SINAC - Malla de Entrenamientos del Mapa de Bosques 2021, Costa Rica",nueva_fuente,85.0,85.0,100.0,85.0,85.0,85.0,0,0,0.0,1,94.75,derivado_a3_sin_conf_integrada,94.75,1,1,1,2,2,0.0,0.0,100.0,0.0,0.0,0.0,100.0,12.0,46.0,3.8333333333333335,3.0,0.6950694156139908,0.7576436054783174,0.7170212674308614,0.7743970721204196,0.510419982011998,0.5441130903221563,media,45.0,2519,suficiente,,,0.0,100.0,0,100.0,100.0,0,100.0,100.0,100.0,94.75,100.0,85.0,90.475,100.0,,90.475,entrenamiento_alta,entrenamiento,Alta aptitud para entrenamiento.,Usar como entrenamiento prioritario.,score_aptitud_total >= 85,40,Tierras Forestales,41,Bosque latifoliado y mixto,412,Latifoliado secundario húmedo,2,1,Bosque secundario,Forestal,POINT (-85.64747541500583 10.289382283666326)
SRC10_CRI_2021_A1__XY__84a2d912eb1d,-85.419822,10.500854,Costa Rica,xy_unico_en_subset,sin_conflicto,1,1,1,1,2021,2021,0,1,100.0,Costa Rica,10,"SINAC - Malla de Entrenamientos del Mapa de Bosques 2021, Costa Rica",nueva_fuente,SINAC SRC10 2021,Tierras Forestales,Bosque latifoliado y mixto,Bosque seco o deciduo,Tierras Forestales,Bosque latifoliado y mixto,Bosque seco o deciduo,1,1,1,0.0,0,1,10,"SINAC - Malla de Entrenamientos del Mapa de Bosques 2021, Costa Rica",nueva_fuente,85.0,85.0,100.0,85.0,85.0,85.0,0,0,0.0,1,94.75,derivado_a3_sin_conf_integrada,94.75,1,1,1,2,2,0.0,0.0,100.0,0.0,0.0,0.0,100.0,12.0,41.0,3.4166666666666665,2.0,0.6153334941716994,0.7031473812977691,0.6504389034275914,0.7286934777073318,0.4554756423542077,0.5192764424371794,media,45.0,2519,suficiente,,,0.0,100.0,0,100.0,100.0,0,100.0,100.0,100.0,94.75,100.0,85.0,90.475,100.0,,90.475,entrenamiento_alta,entrenamiento,Alta aptitud para entrenamiento.,Usar como entrenamiento prioritario.,score_aptitud_total >= 85,40,Tierras Forestales,41,Bosque latifoliado y mixto,414,Bosque seco o deciduo,4,1,Bosque secundario deciduo,Forestal,POINT (-85.41982221000745 10.500854325936881)
SRC10_CRI_2021_A1__XY__84e9a76b981f,-85.553783,10.110852,Costa Rica,xy_unico_en_subset,sin_conflicto,1,1,1,1,2021,2021,0,1,100.0,Costa Rica,10,"SINAC - Malla de Entrenamientos del Mapa de Bosques 2021, Costa Rica",nueva_fuente,SINAC SRC10 2021,Tierras Forestales,Bosque latifoliado y mixto,Bosque seco o deciduo,Tierras Forestales,Bosque latifoliado y mixto,Bosque seco o deciduo,1,1,1,0.0,0,1,10,"SINAC - Malla de Entrenamientos del Mapa de Bosques 2021, Costa Rica",nueva_fuente,85.0,85.0,100.0,85.0,85.0,85.0,0,0,0.0,1,94.75,derivado_a3_sin_conf_integrada,94.75,1,1,1,2,2,0.0,0.0,100.0,0.0,0.0,0.0,100.0,12.0,38.0,3.1666666666666665,1.0,0.6122341448752743,0.6593076957551329,0.6535719932986473,0.6892626154627464,0.4532646853711901,0.5132626854351356,media,45.0,2519,suficiente,,,0.0,100.0,0,100.0,100.0,0,100.0,100.0,100.0,94.75,100.0,85.0,90.475,100.0,,90.475,entrenamiento_alta,entrenamiento,Alta aptitud para entrenamiento.,Usar como entrenamiento prioritario.,score_aptitud_total >= 85,40,Tierras Forestales,41,Bosque latifoliado y mixto,414,Bosque seco o deciduo,4,1,Bosque secundario deciduo,Forestal,POINT (-85.55378255147366 10.110851937019326)
SRC10_CRI_2021_A1__XY__84f429aad7d9,-85.609347,10.260617,Costa Rica,xy_unico_en_subset,sin_conflicto,1,1,1,1,2021,2021,0,1,100.0,Costa Rica,10,"SINAC - Malla de Entrenamientos del Mapa de Bosques 2021, Costa Rica",nueva_fuente,SINAC SRC10 2021,Tierras Forestales,Bosque latifoliado y mixto,Latifoliado secundario húmedo,Tierras Forestales,Bosque latifoliado y mixto,Latifoliado secundario húmedo,1,1,1,0.0,0,1,10,"SINAC - Malla de Entrenamientos del Mapa de Bosques 2021, Costa Rica",nueva_fuente,85.0,85.0,100.0,85.0,85.0,85.0,0,0,0.0,1,94.75,derivado_a3_sin_conf_integrada,94.75,1,1,1,2,2,0.0,0.0,100.0,0.0,0.0,0.0,100.0,12.0,42.0,3.5,2.25,0.758608071315665,0.7535493307448734,0.7753232835888922,0.7770058002062702,0.5481469205450701,0.559532542465583,media,45.0,2519,suficiente,,,0.0,100.0,0,100.0,100.0,0,100.0,100.0,100.0,94.75,100.0,85.0,90.475,100.0,,90.475,entrenamiento_alta,entrenamiento,Alta aptitud para entrenamiento.,Usar como entrenamiento prioritario.,score_aptitud_total >= 85,40,Tierras Forestales,41,Bosque latifoliado y mixto,412,Latifoliado secundario húmedo,2,1,Bosque secundario,Forestal,POINT (-85.60934747802149 10.260617463960498)
SRC10_CRI_2021_A1__XY__856efd7d3d98,-85.227258,10.220052,Costa Rica,xy_unico_en_subset,sin_conflicto,1,1,1,1,2021,2021,0,1,100.0,Costa Rica,10,"SINAC - Malla de Entrenamientos del Mapa de Bosques 2021, Costa Rica",nueva_fuente,SINAC SRC10 2021,Tierras Forestales,Manglares,Manglares,Tierras Forestales,Manglares,Manglares,1,1,1,0.0,0,1,10,"SINAC - Malla de Entrenamientos del Mapa de Bosques 2021, Costa Rica",nueva_fuente,85.0,85.0,100.0,85.0,85.0,85.0,0,0,0.0,1,94.75,derivado_a3_sin_conf_integrada,94.75,1,1,1,2,2,0.0,0.0,100.0,0.0,0.0,0.0,100.0,12.0,37.0,3.083333333333333,3.25,0.4075868973158465,0.381486127181658,0.4433747921592821,0.4163312546900293,0.2708962033544453,0.25351614953341,media,45.0,800,suficiente,,,0.0,100.0,0,100.0,100.0,0,100.0,100.0,100.0,94.75,100.0,85.0,90.475,100.0,,90.475,entrenamiento_alta,entrenamiento,Alta aptitud para entrenamiento.,Usar como entrenamiento prioritario.,score_aptitud_total >= 85,40,Tierras Forestales,43,Manglares,430,Manglares,6,1,Manglar,Forestal,POINT (-85.22725795395472 10.220051870799105)
SRC10_CRI_2021_A1__XY__85eeb4449fd5,-85.219375,10.211536,Costa Rica,xy_unico_en_subset,sin_conflicto,1,1,1,1,2021,2021,0,1,100.0,Costa Rica,10,"SINAC - Malla de Entrenamientos del Mapa de Bosques 2021, Costa Rica",nueva_fuente,SINAC SRC10 2021,Artificializado y otra tierras,Urbano,Urbano,Artificializado y otra tierras,Urbano,Urbano,1,1,1,0.0,0,1,10,"SINAC - Malla de Entrenamientos del Mapa de Bosques 2021, Costa Rica",nueva_fuente,85.0,85.0,100.0,85.0,85.0,85.0,0,0,0.0,1,94.75,derivado_a3_sin_conf_integrada,94.75,1,1,1,2,2,0.0,0.0,100.0,0.0,0.0,0.0,100.0,12.0,40.0,3.333333333333333,4.25,0.101540022109185,0.114846527182233,0.165771723791016,0.1612660288020245,-0.0194734454284166,-0.0561983207606567,media,45.0,5928,suficiente,,,0.0,100.0,0,100.0,100.0,0,100.0,100.0,100.0,94.75,100.0,85.0,90.475,100.0,,90.475,entrenamiento_alta,entrenamiento,Alta aptitud para entrenamiento.,Usar como entrenamiento prioritario.,score_aptitud_total >= 85,10,Artificializado y otra tierras,11,Urbano,110,Urbano,16,16,Edificaciones,Edificaciones,POINT (-85.21937499234998 10.211535864744155)
SRC10_CRI_2021_A1__XY__85f5762907e3,-85.542631,10.425033,Costa Rica,xy_unico_en_subset,sin_conflicto,1,1,1,1,2021,2021,0,1,100.0,Costa Rica,10,"SINAC - Malla de Entrenamientos del Mapa de Bosques 2021, Costa Rica",nueva_fuente,SINAC SRC10 2021,Tierras de Cultivo y Pastos,Cultivos intensivos No-Arbóreos,Otros cultivos intensivos no arbóreos,Tierras de Cultivo y Pastos,Cultivos intensivos No-Arbóreos,Otros cultivos intensivos no arbóreos,1,1,1,0.0,0,1,10,"SINAC - Malla de Entrenamientos del Mapa de Bosques 2021, Costa Rica",nueva_fuente,85.0,85.0,100.0,85.0,85.0,85.0,0,0,0.0,1,94.75,derivado_a3_sin_conf_integrada,94.75,1,1,1,2,2,0.0,0.0,100.0,0.0,0.0,0.0,100.0,11.0,35.0,2.9166666666666665,11.0,0.269781894749024,0.1457828078684991,0.3046673229524277,0.1846083371507099,0.1830202878717622,0.1045465035771982,media,45.0,8489,suficiente,,,0.0,100.0,0,100.0,100.0,0,100.0,100.0,100.0,94.75,100.0,85.0,90.475,100.0,,90.475,entrenamiento_alta,entrenamiento,Alta aptitud para entrenamiento.,Usar como entrenamiento prioritario.,score_aptitud_total >= 85,30,Tierras de Cultivo y Pastos,31,Cultivos intensivos No-Arbóreos,315,Otros cultivos intensivos no arbóreos,9,9,Cultivos,Cultivos,POINT (-85.54263055370681 10.425033045988888)
SRC10_CRI_2021_A1__XY__863fc045cc56,-85.35054,10.431935,Costa Rica,xy_unico_en_subset,sin_conflicto,1,1,1,1,2021,2021,0,1,100.0,Costa Rica,10,"SINAC - Malla de Entrenamientos del Mapa de Bosques 2021, Costa Rica",nueva_fuente,SINAC SRC10 2021,Tierras Forestales,Bosque latifoliado y mixto,Latifoliado secundario húmedo,Tierras Forestales,Bosque latifoliado y mixto,Latifoliado secundario húmedo,1,1,1,0.0,0,1,10,"SINAC - Malla de Entrenamientos del Mapa de Bosques 2021, Costa Rica",nueva_fuente,85.0,85.0,100.0,85.0,85.0,85.0,0,0,0.0,1,94.75,derivado_a3_sin_conf_integrada,94.75,1,1,1,2,3,0.0,0.0,100.0,0.0,0.0,0.0,100.0,12.0,40.0,3.333333333333333,2.0,0.7435262675609932,0.7452396024952368,0.7616229773016728,0.7627916561154042,0.5217208597750786,0.5205887150333695,media,45.0,2519,suficiente,,,0.0,100.0,0,100.0,100.0,0,100.0,100.0,100.0,94.75,100.0,85.0,90.475,100.0,,90.475,entrenamiento_alta,entrenamiento,Alta aptitud para entrenamiento.,Usar como entrenamiento prioritario.,score_aptitud_total >= 85,40,Tierras Forestales,41,Bosque latifoliado y mixto,412,Latifoliado secundario húmedo,2,1,Bosque secundario,Forestal,POINT (-85.35054041343416 10.431935369558719)
SRC10_CRI_2021_A1__XY__865739576b13,-85.694206,10.545247,Costa Rica,xy_unico_en_subset,sin_conflicto,1,1,1,1,2021,2021,0,1,100.0,Costa Rica,10,"SINAC - Malla de Entrenamientos del Mapa de Bosques 2021, Costa Rica",nueva_fuente,SINAC SRC10 2021,Artificializado y otra tierras,Urbano,Urbano,Artificializado y otra tierras,Urbano,Urbano,1,1,1,0.0,0,1,10,"SINAC - Malla de Entrenamientos del Mapa de Bosques 2021, Costa Rica",nueva_fuente,85.0,85.0,100.0,85.0,85.0,85.0,0,0,0.0,1,94.75,derivado_a3_sin_conf_integrada,94.75,1,1,1,2,3,0.0,0.0,100.0,0.0,0.0,0.0,100.0,11.0,25.0,2.083333333333333,22.5,-0.0774783905101877,-0.0723914235651324,-0.0305563018839389,-0.032552553490348,-0.0655894292127771,-0.0772493967163172,media,45.0,5928,suficiente,,,0.0,100.0,0,100.0,100.0,0,100.0,100.0,100.0,94.75,100.0,85.0,90.475,100.0,,90.475,entrenamiento_alta,entrenamiento,Alta aptitud para entrenamiento.,Usar como entrenamiento prioritario.,score_aptitud_total >= 85,10,Artificializado y otra tierras,11,Urbano,110,Urbano,16,16,Edificaciones,Edificaciones,POINT (-85.69420558350443 10.545247316604911)
SRC10_CRI_2021_A1__XY__869bd590399e,-85.214506,10.195965,Costa Rica,xy_unico_en_subset,sin_conflicto,1,1,1,1,2021,2021,0,1,100.0,Costa Rica,10,"SINAC - Malla de Entrenamientos del Mapa de Bosques 2021, Costa Rica",nueva_fuente,SINAC SRC10 2021,Tierras Forestales,Manglares,Manglares,Tierras Forestales,Manglares,Manglares,1,1,1,0.0,0,1,10,"SINAC - Malla de Entrenamientos del Mapa de Bosques 2021, Costa Rica",nueva_fuente,85.0,85.0,100.0,85.0,85.0,85.0,0,0,0.0,1,94.75,derivado_a3_sin_conf_integrada,94.75,1,1,1,2,2,0.0,0.0,100.0,0.0,0.0,0.0,100.0,12.0,41.0,3.4166666666666665,8.0,0.3823510507772759,0.4010557513172743,0.4749434182502065,0.5030133634763404,0.3576363716218281,0.3494212118357863,media,45.0,800,suficiente,,,0.0,100.0,0,100.0,100.0,0,100.0,100.0,100.0,94.75,100.0,85.0,90.475,100.0,,90.475,entrenamiento_alta,entrenamiento,Alta aptitud para entrenamiento.,Usar como entrenamiento prioritario.,score_aptitud_total >= 85,40,Tierras Forestales,43,Manglares,430,Manglares,6,1,Manglar,Forestal,POINT (-85.2145064348958 10.195965189534178)
SRC10_CRI_2021_A1__XY__871e2e8ed5a8,-85.250209,10.153596,Costa Rica,xy_unico_en_subset,sin_conflicto,1,1,1,1,2021,2021,0,1,100.0,Costa Rica,10,"SINAC - Malla de Entrenamientos del Mapa de Bosques 2021, Costa Rica",nueva_fuente,SINAC SRC10 2021,Tierras Forestales,Manglares,Manglares,Tierras Forestales,Manglares,Manglares,1,1,1,0.0,0,1,10,"SINAC - Malla de Entrenamientos del Mapa de Bosques 2021, Costa Rica",nueva_fuente,85.0,85.0,100.0,85.0,85.0,85.0,0,0,0.0,1,94.75,derivado_a3_sin_conf_integrada,94.75,1,1,1,2,3,0.0,0.0,100.0,0.0,0.0,0.0,100.0,12.0,37.0,3.083333333333333,2.0,-0.1818156764847101,-0.1816561478448259,-0.2438486937569499,-0.2442762753897582,-0.3786481264866129,-0.4063482693478221,media,45.0,800,suficiente,,,0.0,100.0,0,100.0,100.0,0,100.0,100.0,100.0,94.75,100.0,85.0,90.475,100.0,,90.475,entrenamiento_alta,entrenamiento,Alta aptitud para entrenamiento.,Usar como entrenamiento prioritario.,score_aptitud_total >= 85,40,Tierras Forestales,43,Manglares,430,Manglares,6,1,Manglar,Forestal,POINT (-85.25020905856246 10.153595638223239)
SRC10_CRI_2021_A1__XY__87242f2b483b,-85.481947,10.087474,Costa Rica,xy_unico_en_subset,sin_conflicto,1,1,1,1,2021,2021,0,1,100.0,Costa Rica,10,"SINAC - Malla de Entrenamientos del Mapa de Bosques 2021, Costa Rica",nueva_fuente,SINAC SRC10 2021,Tierras de Cultivo y Pastos,"Cultivos extensivos, Pastizales y matorrales",Pastizales naturales y cultivados,Tierras de Cultivo y Pastos,"Cultivos extensivos, Pastizales y matorrales",Pastizales naturales y cultivados,1,1,1,0.0,0,1,10,"SINAC - Malla de Entrenamientos del Mapa de Bosques 2021, Costa Rica",nueva_fuente,85.0,85.0,100.0,85.0,85.0,85.0,0,0,0.0,1,94.75,derivado_a3_sin_conf_integrada,94.75,1,1,1,2,2,0.0,0.0,100.0,0.0,0.0,0.0,100.0,12.0,36.0,3.0,13.5,0.3522874344647598,0.3494284757337778,0.3891905119553331,0.3887449036788328,0.2977482419397303,0.3302797495626191,media,45.0,1179,suficiente,,,0.0,100.0,0,100.0,100.0,0,100.0,100.0,100.0,94.75,100.0,85.0,90.475,100.0,,90.475,entrenamiento_alta,entrenamiento,Alta aptitud para entrenamiento.,Usar como entrenamiento prioritario.,score_aptitud_total >= 85,30,Tierras de Cultivo y Pastos,33,"Cultivos extensivos, Pastizales y matorrales",332,Pastizales naturales y cultivados,8,8,Pastos,Pastos,POINT (-85.48194735859076 10.087473672023537)
SRC10_CRI_2021_A1__XY__8750fa6bd923,-85.401114,10.409998,Costa Rica,xy_unico_en_subset,sin_conflicto,1,1,1,1,2021,2021,0,1,100.0,Costa Rica,10,"SINAC - Malla de Entrenamientos del Mapa de Bosques 2021, Costa Rica",nueva_fuente,SINAC SRC10 2021,Tierras Forestales,Bosque latifoliado y mixto,Latifoliado secundario húmedo,Tierras Forestales,Bosque latifoliado y mixto,Latifoliado secundario húmedo,1,1,1,0.0,0,1,10,"SINAC - Malla de Entrenamientos del Mapa de Bosques 2021, Costa Rica",nueva_fuente,85.0,85.0,100.0,85.0,85.0,85.0,0,0,0.0,1,94.75,derivado_a3_sin_conf_integrada,94.75,1,1,1,2,3,0.0,0.0,100.0,0.0,0.0,0.0,100.0,12.0,40.0,3.333333333333333,9.0,0.4885797733662289,0.5012539558427559,0.51612831814901,0.5272893122686206,0.3973342639252585,0.396384355250871,media,45.0,2519,suficiente,,,0.0,100.0,0,100.0,100.0,0,100.0,100.0,100.0,94.75,100.0,85.0,90.475,100.0,,90.475,entrenamiento_alta,entrenamiento,Alta aptitud para entrenamiento.,Usar como entrenamiento prioritario.,score_aptitud_total >= 85,40,Tierras Forestales,41,Bosque latifoliado y mixto,412,Latifoliado secundario húmedo,2,1,Bosque secundario,Forestal,POINT (-85.40111392367632 10.409998407018401)
SRC10_CRI_2021_A1__XY__87515b887aa7,-85.576863,10.090653,Costa Rica,xy_unico_en_subset,sin_conflicto,1,1,1,1,2021,2021,0,1,100.0,Costa Rica,10,"SINAC - Malla de Entrenamientos del Mapa de Bosques 2021, Costa Rica",nueva_fuente,SINAC SRC10 2021,Tierras Forestales,Bosque latifoliado y mixto,Latifoliado secundario húmedo,Tierras Forestales,Bosque latifoliado y mixto,Latifoliado secundario húmedo,1,1,1,0.0,0,1,10,"SINAC - Malla de Entrenamientos del Mapa de Bosques 2021, Costa Rica",nueva_fuente,85.0,85.0,100.0,85.0,85.0,85.0,0,0,0.0,1,94.75,derivado_a3_sin_conf_integrada,94.75,1,1,1,2,2,0.0,0.0,100.0,0.0,0.0,0.0,100.0,12.0,36.0,3.0,1.0,0.7022370006616656,0.7592548482160015,0.726052329870436,0.7867777369730754,0.5145341072132728,0.5430706512035892,media,45.0,2519,suficiente,,,0.0,100.0,0,100.0,100.0,0,100.0,100.0,100.0,94.75,100.0,85.0,90.475,100.0,,90.475,entrenamiento_alta,entrenamiento,Alta aptitud para entrenamiento.,Usar como entrenamiento prioritario.,score_aptitud_total >= 85,40,Tierras Forestales,41,Bosque latifoliado y mixto,412,Latifoliado secundario húmedo,2,1,Bosque secundario,Forestal,POINT (-85.57686315283065 10.090653405246481)
SRC10_CRI_2021_A1__XY__8948e9f26985,-85.453796,10.389251,Costa Rica,xy_unico_en_subset,sin_conflicto,1,1,1,1,2021,2021,0,1,100.0,Costa Rica,10,"SINAC - Malla de Entrenamientos del Mapa de Bosques 2021, Costa Rica",nueva_fuente,SINAC SRC10 2021,Tierras de Cultivo y Pastos,Cultivos intensivos No-Arbóreos,Otros cultivos intensivos no arbóreos,Tierras de Cultivo y Pastos,Cultivos intensivos No-Arbóreos,Otros cultivos intensivos no arbóreos,1,1,1,0.0,0,1,10,"SINAC - Malla de Entrenamientos del Mapa de Bosques 2021, Costa Rica",nueva_fuente,85.0,85.0,100.0,85.0,85.0,85.0,0,0,0.0,1,94.75,derivado_a3_sin_conf_integrada,94.75,1,1,1,2,3,0.0,0.0,100.0,0.0,0.0,0.0,100.0,12.0,39.0,3.25,2.25,-0.2323171143556617,-0.2323174118646458,-0.327545777569948,-0.3174344690108108,-0.363473463816904,-0.3739795613357105,media,45.0,8489,suficiente,,,0.0,100.0,0,100.0,100.0,0,100.0,100.0,100.0,94.75,100.0,85.0,90.475,100.0,,90.475,entrenamiento_alta,entrenamiento,Alta aptitud para entrenamiento.,Usar como entrenamiento prioritario.,score_aptitud_total >= 85,30,Tierras de Cultivo y Pastos,31,Cultivos intensivos No-Arbóreos,315,Otros cultivos intensivos no arbóreos,9,9,Cultivos,Cultivos,POINT (-85.45379599051734 10.389251365086222)
SRC10_CRI_2021_A1__XY__896e1fa292a2,-85.495751,10.333556,Costa Rica,xy_unico_en_subset,sin_conflicto,1,1,1,1,2021,2021,0,1,100.0,Costa Rica,10,"SINAC - Malla de Entrenamientos del Mapa de Bosques 2021, Costa Rica",nueva_fuente,SINAC SRC10 2021,Tierras Forestales,Bosque latifoliado y mixto,Latifoliado secundario húmedo,Tierras Forestales,Bosque latifoliado y mixto,Latifoliado secundario húmedo,1,1,1,0.0,0,1,10,"SINAC - Malla de Entrenamientos del Mapa de Bosques 2021, Costa Rica",nueva_fuente,85.0,85.0,100.0,85.0,85.0,85.0,0,0,0.0,1,94.75,derivado_a3_sin_conf_integrada,94.75,1,1,1,2,3,0.0,0.0,100.0,0.0,0.0,0.0,100.0,12.0,41.0,3.4166666666666665,2.5,0.657039696542853,0.6525841134012844,0.699371950313835,0.698851263537398,0.5028997344379801,0.508276672108114,media,45.0,2519,suficiente,,,0.0,100.0,0,100.0,100.0,0,100.0,100.0,100.0,94.75,100.0,85.0,90.475,100.0,,90.475,entrenamiento_alta,entrenamiento,Alta aptitud para entrenamiento.,Usar como entrenamiento prioritario.,score_aptitud_total >= 85,40,Tierras Forestales,41,Bosque latifoliado y mixto,412,Latifoliado secundario húmedo,2,1,Bosque secundario,Forestal,POINT (-85.49575059360214 10.333555815359558)
SRC10_CRI_2021_A1__XY__89942212705c,-85.633867,10.158815,Costa Rica,xy_unico_en_subset,sin_conflicto,1,1,1,1,2021,2021,0,1,100.0,Costa Rica,10,"SINAC - Malla de Entrenamientos del Mapa de Bosques 2021, Costa Rica",nueva_fuente,SINAC SRC10 2021,Tierras Forestales,Bosque latifoliado y mixto,Bosque seco o deciduo,Tierras Forestales,Bosque latifoliado y mixto,Bosque seco o deciduo,1,1,1,0.0,0,1,10,"SINAC - Malla de Entrenamientos del Mapa de Bosques 2021, Costa Rica",nueva_fuente,85.0,85.0,100.0,85.0,85.0,85.0,0,0,0.0,1,94.75,derivado_a3_sin_conf_integrada,94.75,1,1,1,2,2,0.0,0.0,100.0,0.0,0.0,0.0,100.0,12.0,29.0,2.4166666666666665,6.0,0.6545891512066494,0.6738214487435399,0.681475407396464,0.6921215481777734,0.4874056533193174,0.505407478319877,media,45.0,2519,suficiente,,,0.0,100.0,0,100.0,100.0,0,100.0,100.0,100.0,94.75,100.0,85.0,90.475,100.0,,90.475,entrenamiento_alta,entrenamiento,Alta aptitud para entrenamiento.,Usar como entrenamiento prioritario.,score_aptitud_total >= 85,40,Tierras Forestales,41,Bosque latifoliado y mixto,414,Bosque seco o deciduo,4,1,Bosque secundario deciduo,Forestal,POINT (-85.63386736924184 10.158814785741962)
SRC10_CRI_2021_A1__XY__899e5a0f34c0,-85.267,10.131811,Costa Rica,xy_unico_en_subset,sin_conflicto,1,1,1,1,2021,2021,0,1,100.0,Costa Rica,10,"SINAC - Malla de Entrenamientos del Mapa de Bosques 2021, Costa Rica",nueva_fuente,SINAC SRC10 2021,Tierras Forestales,Manglares,Manglares,Tierras Forestales,Manglares,Manglares,1,1,1,0.0,0,1,10,"SINAC - Malla de Entrenamientos del Mapa de Bosques 2021, Costa Rica",nueva_fuente,85.0,85.0,100.0,85.0,85.0,85.0,0,0,0.0,1,94.75,derivado_a3_sin_conf_integrada,94.75,1,1,1,2,3,0.0,0.0,100.0,0.0,0.0,0.0,100.0,12.0,37.0,3.083333333333333,2.25,-0.1460723555370582,-0.1037553953966199,-0.1222993383195427,-0.0320918967763627,-0.1507521077666341,-0.0794250548916014,media,45.0,800,suficiente,,,0.0,100.0,0,100.0,100.0,0,100.0,100.0,100.0,94.75,100.0,85.0,90.475,100.0,,90.475,entrenamiento_alta,entrenamiento,Alta aptitud para entrenamiento.,Usar como entrenamiento prioritario.,score_aptitud_total >= 85,40,Tierras Forestales,43,Manglares,430,Manglares,6,1,Manglar,Forestal,POINT (-85.26699986044122 10.131810508465568)
SRC10_CRI_2021_A1__XY__8a498a75b3ea,-85.214552,10.208032,Costa Rica,xy_unico_en_subset,sin_conflicto,1,1,1,1,2021,2021,0,1,100.0,Costa Rica,10,"SINAC - Malla de Entrenamientos del Mapa de Bosques 2021, Costa Rica",nueva_fuente,SINAC SRC10 2021,Tierras Forestales,Manglares,Manglares,Tierras Forestales,Manglares,Manglares,1,1,1,0.0,0,1,10,"SINAC - Malla de Entrenamientos del Mapa de Bosques 2021, Costa Rica",nueva_fuente,85.0,85.0,100.0,85.0,85.0,85.0,0,0,0.0,1,94.75,derivado_a3_sin_conf_integrada,94.75,1,1,1,2,3,0.0,0.0,100.0,0.0,0.0,0.0,100.0,12.0,39.0,3.25,12.0,0.2026478551925558,0.2107048935798934,0.2496734643154823,0.2526147816078223,0.1538526826338489,0.1577248341564096,media,45.0,800,suficiente,,,0.0,100.0,0,100.0,100.0,0,100.0,100.0,100.0,94.75,100.0,85.0,90.475,100.0,,90.475,entrenamiento_alta,entrenamiento,Alta aptitud para entrenamiento.,Usar como entrenamiento prioritario.,score_aptitud_total >= 85,40,Tierras Forestales,43,Manglares,430,Manglares,6,1,Manglar,Forestal,POINT (-85.21455218674762 10.208032250444944)
SRC10_CRI_2021_A1__XY__8b586da77fa3,-85.456294,10.472495,Costa Rica,xy_unico_en_subset,sin_conflicto,1,1,1,1,2021,2021,0,1,100.0,Costa Rica,10,"SINAC - Malla de Entrenamientos del Mapa de Bosques 2021, Costa Rica",nueva_fuente,SINAC SRC10 2021,Tierras de Cultivo y Pastos,Cultivos intensivos No-Arbóreos,Otros cultivos intensivos no arbóreos,Tierras de Cultivo y Pastos,Cultivos intensivos No-Arbóreos,Otros cultivos intensivos no arbóreos,1,1,1,0.0,0,1,10,"SINAC - Malla de Entrenamientos del Mapa de Bosques 2021, Costa Rica",nueva_fuente,85.0,85.0,100.0,85.0,85.0,85.0,0,0,0.0,1,94.75,derivado_a3_sin_conf_integrada,94.75,1,1,1,2,2,0.0,0.0,100.0,0.0,0.0,0.0,100.0,12.0,39.0,3.25,9.75,0.3237117398523173,0.1487487853466958,0.359356296010172,0.2122481034054711,0.229761041931281,0.1244381660112464,media,45.0,8489,suficiente,,,0.0,100.0,0,100.0,100.0,0,100.0,100.0,100.0,94.75,100.0,85.0,90.475,100.0,,90.475,entrenamiento_alta,entrenamiento,Alta aptitud para entrenamiento.,Usar como entrenamiento prioritario.,score_aptitud_total >= 85,30,Tierras de Cultivo y Pastos,31,Cultivos intensivos No-Arbóreos,315,Otros cultivos intensivos no arbóreos,9,9,Cultivos,Cultivos,POINT (-85.45629403448535 10.47249510096987)
SRC10_CRI_2021_A1__XY__8c6fc099cafd,-85.248151,10.166877,Costa Rica,xy_unico_en_subset,sin_conflicto,1,1,1,1,2021,2021,0,1,100.0,Costa Rica,10,"SINAC - Malla de Entrenamientos del Mapa de Bosques 2021, Costa Rica",nueva_fuente,SINAC SRC10 2021,Tierras Forestales,Manglares,Manglares,Tierras Forestales,Manglares,Manglares,1,1,1,0.0,0,1,10,"SINAC - Malla de Entrenamientos del Mapa de Bosques 2021, Costa Rica",nueva_fuente,85.0,85.0,100.0,85.0,85.0,85.0,0,0,0.0,1,94.75,derivado_a3_sin_conf_integrada,94.75,1,1,1,2,3,0.0,0.0,100.0,0.0,0.0,0.0,100.0,12.0,43.0,3.583333333333333,3.75,0.0205821286327001,0.0617908428233446,0.0854881081184125,0.1178179316030143,-0.1289741872006296,-0.1439833891361647,media,45.0,800,suficiente,,,0.0,100.0,0,100.0,100.0,0,100.0,100.0,100.0,94.75,100.0,85.0,90.475,100.0,,90.475,entrenamiento_alta,entrenamiento,Alta aptitud para entrenamiento.,Usar como entrenamiento prioritario.,score_aptitud_total >= 85,40,Tierras Forestales,43,Manglares,430,Manglares,6,1,Manglar,Forestal,POINT (-85.24815102757772 10.166877306595422)
SRC10_CRI_2021_A1__XY__8c83f2b6ac1a,-85.231599,10.25141,Costa Rica,xy_unico_en_subset,sin_conflicto,1,1,1,1,2021,2021,0,1,100.0,Costa Rica,10,"SINAC - Malla de Entrenamientos del Mapa de Bosques 2021, Costa Rica",nueva_fuente,SINAC SRC10 2021,Tierras Forestales,Manglares,Manglares,Tierras Forestales,Manglares,Manglares,1,1,1,0.0,0,1,10,"SINAC - Malla de Entrenamientos del Mapa de Bosques 2021, Costa Rica",nueva_fuente,85.0,85.0,100.0,85.0,85.0,85.0,0,0,0.0,1,94.75,derivado_a3_sin_conf_integrada,94.75,1,1,1,2,3,0.0,0.0,100.0,0.0,0.0,0.0,100.0,12.0,33.0,2.75,7.0,0.3148264853244772,0.3075165046549196,0.3526357181681854,0.343786962929796,0.2170396470400568,0.2153180822948599,media,45.0,800,suficiente,,,0.0,100.0,0,100.0,100.0,0,100.0,100.0,100.0,94.75,100.0,85.0,90.475,100.0,,90.475,entrenamiento_alta,entrenamiento,Alta aptitud para entrenamiento.,Usar como entrenamiento prioritario.,score_aptitud_total >= 85,40,Tierras Forestales,43,Manglares,430,Manglares,6,1,Manglar,Forestal,POINT (-85.23159895357868 10.251410044620734)
SRC10_CRI_2021_A1__XY__8d0321dba7bb,-85.394031,10.239894,Costa Rica,xy_unico_en_subset,sin_conflicto,1,1,1,1,2021,2021,0,1,100.0,Costa Rica,10,"SINAC - Malla de Entrenamientos del Mapa de Bosques 2021, Costa Rica",nueva_fuente,SINAC SRC10 2021,Tierras Forestales,Bosque latifoliado y mixto,Latifoliado secundario húmedo,Tierras Forestales,Bosque latifoliado y mixto,Latifoliado secundario húmedo,1,1,1,0.0,0,1,10,"SINAC - Malla de Entrenamientos del Mapa de Bosques 2021, Costa Rica",nueva_fuente,85.0,85.0,100.0,85.0,85.0,85.0,0,0,0.0,1,94.75,derivado_a3_sin_conf_integrada,94.75,1,1,1,2,2,0.0,0.0,100.0,0.0,0.0,0.0,100.0,12.0,42.0,3.5,2.75,0.6651744343609965,0.7215728741357756,0.6934480702223539,0.7501943481873161,0.4970763821298707,0.5320438974183206,media,45.0,2519,suficiente,,,0.0,100.0,0,100.0,100.0,0,100.0,100.0,100.0,94.75,100.0,85.0,90.475,100.0,,90.475,entrenamiento_alta,entrenamiento,Alta aptitud para entrenamiento.,Usar como entrenamiento prioritario.,score_aptitud_total >= 85,40,Tierras Forestales,41,Bosque latifoliado y mixto,412,Latifoliado secundario húmedo,2,1,Bosque secundario,Forestal,POINT (-85.39403087590472 10.23989402630195)
SRC10_CRI_2021_A1__XY__8d2c0078eb6b,-85.610114,10.505639,Costa Rica,xy_unico_en_subset,sin_conflicto,1,1,1,1,2021,2021,0,1,100.0,Costa Rica,10,"SINAC - Malla de Entrenamientos del Mapa de Bosques 2021, Costa Rica",nueva_fuente,SINAC SRC10 2021,Artificializado y otra tierras,Urbano,Urbano,Artificializado y otra tierras,Urbano,Urbano,1,1,1,0.0,0,1,10,"SINAC - Malla de Entrenamientos del Mapa de Bosques 2021, Costa Rica",nueva_fuente,85.0,85.0,100.0,85.0,85.0,85.0,0,0,0.0,1,94.75,derivado_a3_sin_conf_integrada,94.75,1,1,1,2,2,0.0,0.0,100.0,0.0,0.0,0.0,100.0,12.0,39.0,3.25,4.5,0.0341138467400418,0.0299090353221037,0.0373844143465243,0.0404139826550103,-0.0389030281775219,-0.0390006645089296,media,45.0,5928,suficiente,,,0.0,100.0,0,100.0,100.0,0,100.0,100.0,100.0,94.75,100.0,85.0,90.475,100.0,,90.475,entrenamiento_alta,entrenamiento,Alta aptitud para entrenamiento.,Usar como entrenamiento prioritario.,score_aptitud_total >= 85,10,Artificializado y otra tierras,11,Urbano,110,Urbano,16,16,Edificaciones,Edificaciones,POINT (-85.61011387789539 10.505639399697507)
SRC10_CRI_2021_A1__XY__8d528e8563c6,-85.295013,10.464834,Costa Rica,xy_unico_en_subset,sin_conflicto,1,1,1,1,2021,2021,0,1,100.0,Costa Rica,10,"SINAC - Malla de Entrenamientos del Mapa de Bosques 2021, Costa Rica",nueva_fuente,SINAC SRC10 2021,Tierras Forestales,Bosque latifoliado y mixto,Bosque seco o deciduo,Tierras Forestales,Bosque latifoliado y mixto,Bosque seco o deciduo,1,1,1,0.0,0,1,10,"SINAC - Malla de Entrenamientos del Mapa de Bosques 2021, Costa Rica",nueva_fuente,85.0,85.0,100.0,85.0,85.0,85.0,0,0,0.0,1,94.75,derivado_a3_sin_conf_integrada,94.75,1,1,1,2,3,0.0,0.0,100.0,0.0,0.0,0.0,100.0,12.0,36.0,3.0,1.0,0.6684115552370935,0.662840784329565,0.7021533978465055,0.707394682222803,0.4756163121767856,0.4599786798728958,media,45.0,2519,suficiente,,,0.0,100.0,0,100.0,100.0,0,100.0,100.0,100.0,94.75,100.0,85.0,90.475,100.0,,90.475,entrenamiento_alta,entrenamiento,Alta aptitud para entrenamiento.,Usar como entrenamiento prioritario.,score_aptitud_total >= 85,40,Tierras Forestales,41,Bosque latifoliado y mixto,414,Bosque seco o deciduo,4,1,Bosque secundario deciduo,Forestal,POINT (-85.29501272510274 10.464834072377299)
SRC10_CRI_2021_A1__XY__8e47bb8f851c,-85.201793,10.181531,Costa Rica,xy_unico_en_subset,sin_conflicto,1,1,1,1,2021,2021,0,1,100.0,Costa Rica,10,"SINAC - Malla de Entrenamientos del Mapa de Bosques 2021, Costa Rica",nueva_fuente,SINAC SRC10 2021,Tierras Forestales,Manglares,Manglares,Tierras Forestales,Manglares,Manglares,1,1,1,0.0,0,1,10,"SINAC - Malla de Entrenamientos del Mapa de Bosques 2021, Costa Rica",nueva_fuente,85.0,85.0,100.0,85.0,85.0,85.0,0,0,0.0,1,94.75,derivado_a3_sin_conf_integrada,94.75,1,1,1,2,3,0.0,0.0,100.0,0.0,0.0,0.0,100.0,12.0,41.0,3.4166666666666665,5.0,0.0483540695720673,0.0583701790411584,0.1611561296041897,0.1431695729315929,-0.0286204048410657,-0.0299042405384493,media,45.0,800,suficiente,,,0.0,100.0,0,100.0,100.0,0,100.0,100.0,100.0,94.75,100.0,85.0,90.475,100.0,,90.475,entrenamiento_alta,entrenamiento,Alta aptitud para entrenamiento.,Usar como entrenamiento prioritario.,score_aptitud_total >= 85,40,Tierras Forestales,43,Manglares,430,Manglares,6,1,Manglar,Forestal,POINT (-85.20179311254762 10.18153146348725)
SRC10_CRI_2021_A1__XY__8e8db5ded2cc,-85.581416,10.261867,Costa Rica,xy_unico_en_subset,sin_conflicto,1,1,1,1,2021,2021,0,1,100.0,Costa Rica,10,"SINAC - Malla de Entrenamientos del Mapa de Bosques 2021, Costa Rica",nueva_fuente,SINAC SRC10 2021,Artificializado y otra tierras,Urbano,Urbano,Artificializado y otra tierras,Urbano,Urbano,1,1,1,0.0,0,1,10,"SINAC - Malla de Entrenamientos del Mapa de Bosques 2021, Costa Rica",nueva_fuente,85.0,85.0,100.0,85.0,85.0,85.0,0,0,0.0,1,94.75,derivado_a3_sin_conf_integrada,94.75,1,1,1,2,3,0.0,0.0,100.0,0.0,0.0,0.0,100.0,11.0,16.0,1.3333333333333333,9.0,-0.0447937188849489,-0.0493991989319091,-0.0283921906651216,-0.0185481593070332,-0.0467592309969679,-0.0439328625149042,media,45.0,5928,suficiente,,,0.0,100.0,0,100.0,100.0,0,100.0,100.0,100.0,94.75,100.0,85.0,90.475,100.0,,90.475,entrenamiento_alta,entrenamiento,Alta aptitud para entrenamiento.,Usar como entrenamiento prioritario.,score_aptitud_total >= 85,10,Artificializado y otra tierras,11,Urbano,110,Urbano,16,16,Edificaciones,Edificaciones,POINT (-85.58141628956916 10.261866759742325)
SRC10_CRI_2021_A1__XY__8eb8935e3e03,-85.271288,10.501936,Costa Rica,xy_unico_en_subset,sin_conflicto,1,1,1,1,2021,2021,0,1,100.0,Costa Rica,10,"SINAC - Malla de Entrenamientos del Mapa de Bosques 2021, Costa Rica",nueva_fuente,SINAC SRC10 2021,Tierras Forestales,Bosque latifoliado y mixto,Bosque seco o deciduo,Tierras Forestales,Bosque latifoliado y mixto,Bosque seco o deciduo,1,1,1,0.0,0,1,10,"SINAC - Malla de Entrenamientos del Mapa de Bosques 2021, Costa Rica",nueva_fuente,85.0,85.0,100.0,85.0,85.0,85.0,0,0,0.0,1,94.75,derivado_a3_sin_conf_integrada,94.75,1,1,1,2,2,0.0,0.0,100.0,0.0,0.0,0.0,100.0,12.0,38.0,3.1666666666666665,1.5,0.6630493091443905,0.7202721323718184,0.6870725217616768,0.7410104848695153,0.4622009866396823,0.4491473307119555,media,45.0,2519,suficiente,,,0.0,100.0,0,100.0,100.0,0,100.0,100.0,100.0,94.75,100.0,85.0,90.475,100.0,,90.475,entrenamiento_alta,entrenamiento,Alta aptitud para entrenamiento.,Usar como entrenamiento prioritario.,score_aptitud_total >= 85,40,Tierras Forestales,41,Bosque latifoliado y mixto,414,Bosque seco o deciduo,4,1,Bosque secundario deciduo,Forestal,POINT (-85.27128767480818 10.501935594639193)
SRC10_CRI_2021_A1__XY__8eecc2660af3,-85.602241,10.10501,Costa Rica,xy_unico_en_subset,sin_conflicto,1,1,1,1,2021,2021,0,1,100.0,Costa Rica,10,"SINAC - Malla de Entrenamientos del Mapa de Bosques 2021, Costa Rica",nueva_fuente,SINAC SRC10 2021,Tierras Forestales,Bosque latifoliado y mixto,Latifoliado secundario húmedo,Tierras Forestales,Bosque latifoliado y mixto,Latifoliado secundario húmedo,1,1,1,0.0,0,1,10,"SINAC - Malla de Entrenamientos del Mapa de Bosques 2021, Costa Rica",nueva_fuente,85.0,85.0,100.0,85.0,85.0,85.0,0,0,0.0,1,94.75,derivado_a3_sin_conf_integrada,94.75,1,1,1,2,3,0.0,0.0,100.0,0.0,0.0,0.0,100.0,12.0,30.0,2.5,1.0,0.6448585746366521,0.7325159702079962,0.6671384240862611,0.7528442210261672,0.4460825737256986,0.5028352541505569,media,45.0,2519,suficiente,,,0.0,100.0,0,100.0,100.0,0,100.0,100.0,100.0,94.75,100.0,85.0,90.475,100.0,,90.475,entrenamiento_alta,entrenamiento,Alta aptitud para entrenamiento.,Usar como entrenamiento prioritario.,score_aptitud_total >= 85,40,Tierras Forestales,41,Bosque latifoliado y mixto,412,Latifoliado secundario húmedo,2,1,Bosque secundario,Forestal,POINT (-85.60224053315545 10.105009604530505)
SRC10_CRI_2021_A1__XY__8f569e71ca7c,-85.208209,10.204436,Costa Rica,xy_unico_en_subset,sin_conflicto,1,1,1,1,2021,2021,0,1,100.0,Costa Rica,10,"SINAC - Malla de Entrenamientos del Mapa de Bosques 2021, Costa Rica",nueva_fuente,SINAC SRC10 2021,Tierras Forestales,Manglares,Manglares,Tierras Forestales,Manglares,Manglares,1,1,1,0.0,0,1,10,"SINAC - Malla de Entrenamientos del Mapa de Bosques 2021, Costa Rica",nueva_fuente,85.0,85.0,100.0,85.0,85.0,85.0,0,0,0.0,1,94.75,derivado_a3_sin_conf_integrada,94.75,1,1,1,2,3,0.0,0.0,100.0,0.0,0.0,0.0,100.0,12.0,40.0,3.333333333333333,4.75,-0.0263641024002719,-0.0004552002178253,0.061222961467976,0.0931881358878169,-0.1030925088271153,-0.1051242970197902,media,45.0,800,suficiente,,,0.0,100.0,0,100.0,100.0,0,100.0,100.0,100.0,94.75,100.0,85.0,90.475,100.0,,90.475,entrenamiento_alta,entrenamiento,Alta aptitud para entrenamiento.,Usar como entrenamiento prioritario.,score_aptitud_total >= 85,40,Tierras Forestales,43,Manglares,430,Manglares,6,1,Manglar,Forestal,POINT (-85.20820876294933 10.204435627708937)
SRC10_CRI_2021_A1__XY__90f7c70fdd6e,-85.250605,10.254958,Costa Rica,xy_unico_en_subset,sin_conflicto,1,1,1,1,2021,2021,0,1,100.0,Costa Rica,10,"SINAC - Malla de Entrenamientos del Mapa de Bosques 2021, Costa Rica",nueva_fuente,SINAC SRC10 2021,Tierras Forestales,Manglares,Manglares,Tierras Forestales,Manglares,Manglares,1,1,1,0.0,0,1,10,"SINAC - Malla de Entrenamientos del Mapa de Bosques 2021, Costa Rica",nueva_fuente,85.0,85.0,100.0,85.0,85.0,85.0,0,0,0.0,1,94.75,derivado_a3_sin_conf_integrada,94.75,1,1,1,2,2,0.0,0.0,100.0,0.0,0.0,0.0,100.0,12.0,39.0,3.25,2.25,0.3693995718769755,0.3986026981372789,0.4214375247031232,0.4507761134820198,0.2855762157124309,0.2956961283684857,media,45.0,800,suficiente,,,0.0,100.0,0,100.0,100.0,0,100.0,100.0,100.0,94.75,100.0,85.0,90.475,100.0,,90.475,entrenamiento_alta,entrenamiento,Alta aptitud para entrenamiento.,Usar como entrenamiento prioritario.,score_aptitud_total >= 85,40,Tierras Forestales,43,Manglares,430,Manglares,6,1,Manglar,Forestal,POINT (-85.25060481301531 10.254957561361163)
SRC10_CRI_2021_A1__XY__913820c5cba9,-85.577075,10.134088,Costa Rica,xy_unico_en_subset,sin_conflicto,1,1,1,1,2021,2021,0,1,100.0,Costa Rica,10,"SINAC - Malla de Entrenamientos del Mapa de Bosques 2021, Costa Rica",nueva_fuente,SINAC SRC10 2021,Tierras Forestales,Bosque latifoliado y mixto,Latifoliado secundario húmedo,Tierras Forestales,Bosque latifoliado y mixto,Latifoliado secundario húmedo,1,1,1,0.0,0,1,10,"SINAC - Malla de Entrenamientos del Mapa de Bosques 2021, Costa Rica",nueva_fuente,85.0,85.0,100.0,85.0,85.0,85.0,0,0,0.0,1,94.75,derivado_a3_sin_conf_integrada,94.75,1,1,1,2,2,0.0,0.0,100.0,0.0,0.0,0.0,100.0,11.0,28.0,2.333333333333333,1.0,0.7330923809874895,0.7673692427790788,0.7531494794068682,0.7891758047400071,0.5219535882798596,0.5471805852962169,media,45.0,2519,suficiente,,,0.0,100.0,0,100.0,100.0,0,100.0,100.0,100.0,94.75,100.0,85.0,90.475,100.0,,90.475,entrenamiento_alta,entrenamiento,Alta aptitud para entrenamiento.,Usar como entrenamiento prioritario.,score_aptitud_total >= 85,40,Tierras Forestales,41,Bosque latifoliado y mixto,412,Latifoliado secundario húmedo,2,1,Bosque secundario,Forestal,POINT (-85.57707507204981 10.134088323829856)
SRC10_CRI_2021_A1__XY__914f33a1bd38,-85.210278,10.193567,Costa Rica,xy_unico_en_subset,sin_conflicto,1,1,1,1,2021,2021,0,1,100.0,Costa Rica,10,"SINAC - Malla de Entrenamientos del Mapa de Bosques 2021, Costa Rica",nueva_fuente,SINAC SRC10 2021,Tierras Forestales,Manglares,Manglares,Tierras Forestales,Manglares,Manglares,1,1,1,0.0,0,1,10,"SINAC - Malla de Entrenamientos del Mapa de Bosques 2021, Costa Rica",nueva_fuente,85.0,85.0,100.0,85.0,85.0,85.0,0,0,0.0,1,94.75,derivado_a3_sin_conf_integrada,94.75,1,1,1,2,3,0.0,0.0,100.0,0.0,0.0,0.0,100.0,12.0,43.0,3.583333333333333,14.25,0.2026651967890833,0.2033010074197329,0.2506176750455439,0.2497932912391385,0.1595750253360616,0.1592451243913415,media,45.0,800,suficiente,,,0.0,100.0,0,100.0,100.0,0,100.0,100.0,100.0,94.75,100.0,85.0,90.475,100.0,,90.475,entrenamiento_alta,entrenamiento,Alta aptitud para entrenamiento.,Usar como entrenamiento prioritario.,score_aptitud_total >= 85,40,Tierras Forestales,43,Manglares,430,Manglares,6,1,Manglar,Forestal,POINT (-85.21027764112988 10.1935674359194)
SRC10_CRI_2021_A1__XY__92a4a1fb5719,-85.230522,10.515682,Costa Rica,xy_unico_en_subset,sin_conflicto,1,1,1,1,2021,2021,0,1,100.0,Costa Rica,10,"SINAC - Malla de Entrenamientos del Mapa de Bosques 2021, Costa Rica",nueva_fuente,SINAC SRC10 2021,Tierras Forestales,Bosque latifoliado y mixto,Latifoliado secundario húmedo,Tierras Forestales,Bosque latifoliado y mixto,Latifoliado secundario húmedo,1,1,1,0.0,0,1,10,"SINAC - Malla de Entrenamientos del Mapa de Bosques 2021, Costa Rica",nueva_fuente,85.0,85.0,100.0,85.0,85.0,85.0,0,0,0.0,1,94.75,derivado_a3_sin_conf_integrada,94.75,1,1,1,2,3,0.0,0.0,100.0,0.0,0.0,0.0,100.0,12.0,36.0,3.0,1.75,0.6651907714084152,0.6515554612989317,0.6919523540467191,0.6857541720727622,0.4841090430525525,0.477165101959478,media,45.0,2519,suficiente,,,0.0,100.0,0,100.0,100.0,0,100.0,100.0,100.0,94.75,100.0,85.0,90.475,100.0,,90.475,entrenamiento_alta,entrenamiento,Alta aptitud para entrenamiento.,Usar como entrenamiento prioritario.,score_aptitud_total >= 85,40,Tierras Forestales,41,Bosque latifoliado y mixto,412,Latifoliado secundario húmedo,2,1,Bosque secundario,Forestal,POINT (-85.23052193931288 10.515682177116021)
SRC10_CRI_2021_A1__XY__938b783d0f6b,-85.223223,10.268336,Costa Rica,xy_unico_en_subset,sin_conflicto,1,1,1,1,2021,2021,0,1,100.0,Costa Rica,10,"SINAC - Malla de Entrenamientos del Mapa de Bosques 2021, Costa Rica",nueva_fuente,SINAC SRC10 2021,Tierras Forestales,Manglares,Manglares,Tierras Forestales,Manglares,Manglares,1,1,1,0.0,0,1,10,"SINAC - Malla de Entrenamientos del Mapa de Bosques 2021, Costa Rica",nueva_fuente,85.0,85.0,100.0,85.0,85.0,85.0,0,0,0.0,1,94.75,derivado_a3_sin_conf_integrada,94.75,1,1,1,2,3,0.0,0.0,100.0,0.0,0.0,0.0,100.0,12.0,39.0,3.25,2.75,0.0689695132885254,0.0657471103496987,0.1306697739883833,0.1614843219603765,0.0652638911753521,0.0944461688175867,media,45.0,800,suficiente,,,0.0,100.0,0,100.0,100.0,0,100.0,100.0,100.0,94.75,100.0,85.0,90.475,100.0,,90.475,entrenamiento_alta,entrenamiento,Alta aptitud para entrenamiento.,Usar como entrenamiento prioritario.,score_aptitud_total >= 85,40,Tierras Forestales,43,Manglares,430,Manglares,6,1,Manglar,Forestal,POINT (-85.2232230562462 10.268335699656967)
SRC10_CRI_2021_A1__XY__9455b24e4b5e,-85.590564,10.27312,Costa Rica,xy_unico_en_subset,sin_conflicto,1,1,1,1,2021,2021,0,1,100.0,Costa Rica,10,"SINAC - Malla de Entrenamientos del Mapa de Bosques 2021, Costa Rica",nueva_fuente,SINAC SRC10 2021,Artificializado y otra tierras,Urbano,Urbano,Artificializado y otra tierras,Urbano,Urbano,1,1,1,0.0,0,1,10,"SINAC - Malla de Entrenamientos del Mapa de Bosques 2021, Costa Rica",nueva_fuente,85.0,85.0,100.0,85.0,85.0,85.0,0,0,0.0,1,94.75,derivado_a3_sin_conf_integrada,94.75,1,1,1,2,3,0.0,0.0,100.0,0.0,0.0,0.0,100.0,11.0,21.0,1.75,3.0,-0.0366122395466996,-0.0497324304700812,-0.04265485592954,-0.0532455899111816,-0.0411729266241736,-0.0519804919845887,media,45.0,5928,suficiente,,,0.0,100.0,0,100.0,100.0,0,100.0,100.0,100.0,94.75,100.0,85.0,90.475,100.0,,90.475,entrenamiento_alta,entrenamiento,Alta aptitud para entrenamiento.,Usar como entrenamiento prioritario.,score_aptitud_total >= 85,10,Artificializado y otra tierras,11,Urbano,110,Urbano,16,16,Edificaciones,Edificaciones,POINT (-85.59056364229177 10.273120014468645)
SRC10_CRI_2021_A1__XY__9518eb633d00,-85.451115,10.264983,Costa Rica,xy_unico_en_subset,sin_conflicto,1,1,1,1,2021,2021,0,1,100.0,Costa Rica,10,"SINAC - Malla de Entrenamientos del Mapa de Bosques 2021, Costa Rica",nueva_fuente,SINAC SRC10 2021,Tierras de Cultivo y Pastos,"Cultivos extensivos, Pastizales y matorrales",Pastizales naturales y cultivados,Tierras de Cultivo y Pastos,"Cultivos extensivos, Pastizales y matorrales",Pastizales naturales y cultivados,1,1,1,0.0,0,1,10,"SINAC - Malla de Entrenamientos del Mapa de Bosques 2021, Costa Rica",nueva_fuente,85.0,85.0,100.0,85.0,85.0,85.0,0,0,0.0,1,94.75,derivado_a3_sin_conf_integrada,94.75,1,1,1,2,3,0.0,0.0,100.0,0.0,0.0,0.0,100.0,12.0,37.0,3.083333333333333,1.0,0.8037185963512897,0.8612783752807538,0.8104797393178714,0.8672456643691668,0.5790439848337373,0.6310612626285887,media,45.0,1179,suficiente,,,0.0,100.0,0,100.0,100.0,0,100.0,100.0,100.0,94.75,100.0,85.0,90.475,100.0,,90.475,entrenamiento_alta,entrenamiento,Alta aptitud para entrenamiento.,Usar como entrenamiento prioritario.,score_aptitud_total >= 85,30,Tierras de Cultivo y Pastos,33,"Cultivos extensivos, Pastizales y matorrales",332,Pastizales naturales y cultivados,8,8,Pastos,Pastos,POINT (-85.45111490407606 10.264983184701732)
SRC10_CRI_2021_A1__XY__96055941ec95,-85.790401,10.524262,Costa Rica,xy_unico_en_subset,sin_conflicto,1,1,1,1,2021,2021,0,1,100.0,Costa Rica,10,"SINAC - Malla de Entrenamientos del Mapa de Bosques 2021, Costa Rica",nueva_fuente,SINAC SRC10 2021,Tierras Forestales,Bosque latifoliado y mixto,Bosque seco o deciduo,Tierras Forestales,Bosque latifoliado y mixto,Bosque seco o deciduo,1,1,1,0.0,0,1,10,"SINAC - Malla de Entrenamientos del Mapa de Bosques 2021, Costa Rica",nueva_fuente,85.0,85.0,100.0,85.0,85.0,85.0,0,0,0.0,1,94.75,derivado_a3_sin_conf_integrada,94.75,1,1,1,2,3,0.0,0.0,100.0,0.0,0.0,0.0,100.0,12.0,44.0,3.6666666666666665,7.25,0.5377715917905506,0.5600786187598554,0.5882629429044278,0.6241230872854133,0.3472277102617343,0.3491472565214158,media,45.0,2519,suficiente,,,0.0,100.0,0,100.0,100.0,0,100.0,100.0,100.0,94.75,100.0,85.0,90.475,100.0,,90.475,entrenamiento_alta,entrenamiento,Alta aptitud para entrenamiento.,Usar como entrenamiento prioritario.,score_aptitud_total >= 85,40,Tierras Forestales,41,Bosque latifoliado y mixto,414,Bosque seco o deciduo,4,1,Bosque secundario deciduo,Forestal,POINT (-85.7904008344705 10.524261879547998)
SRC10_CRI_2021_A1__XY__9676b3eede9d,-85.239416,10.089681,Costa Rica,xy_unico_en_subset,sin_conflicto,1,1,1,1,2021,2021,0,1,100.0,Costa Rica,10,"SINAC - Malla de Entrenamientos del Mapa de Bosques 2021, Costa Rica",nueva_fuente,SINAC SRC10 2021,Tierras Forestales,Manglares,Manglares,Tierras Forestales,Manglares,Manglares,1,1,1,0.0,0,1,10,"SINAC - Malla de Entrenamientos del Mapa de Bosques 2021, Costa Rica",nueva_fuente,85.0,85.0,100.0,85.0,85.0,85.0,0,0,0.0,1,94.75,derivado_a3_sin_conf_integrada,94.75,1,1,1,2,3,0.0,0.0,100.0,0.0,0.0,0.0,100.0,12.0,41.0,3.4166666666666665,5.25,0.0081576498529927,0.011426627488849,0.0789592392433151,0.0870427725407435,-0.0735100160194151,-0.0592613146016594,media,45.0,800,suficiente,,,0.0,100.0,0,100.0,100.0,0,100.0,100.0,100.0,94.75,100.0,85.0,90.475,100.0,,90.475,entrenamiento_alta,entrenamiento,Alta aptitud para entrenamiento.,Usar como entrenamiento prioritario.,score_aptitud_total >= 85,40,Tierras Forestales,43,Manglares,430,Manglares,6,1,Manglar,Forestal,POINT (-85.23941588662402 10.089680548448936)
SRC10_CRI_2021_A1__XY__969830b0af58,-85.759936,10.470337,Costa Rica,xy_unico_en_subset,sin_conflicto,1,1,1,1,2021,2021,0,1,100.0,Costa Rica,10,"SINAC - Malla de Entrenamientos del Mapa de Bosques 2021, Costa Rica",nueva_fuente,SINAC SRC10 2021,Tierras Forestales,Bosque latifoliado y mixto,Bosque seco o deciduo,Tierras Forestales,Bosque latifoliado y mixto,Bosque seco o deciduo,1,1,1,0.0,0,1,10,"SINAC - Malla de Entrenamientos del Mapa de Bosques 2021, Costa Rica",nueva_fuente,85.0,85.0,100.0,85.0,85.0,85.0,0,0,0.0,1,94.75,derivado_a3_sin_conf_integrada,94.75,1,1,1,2,3,0.0,0.0,100.0,0.0,0.0,0.0,100.0,12.0,43.0,3.583333333333333,2.25,0.6364844227930639,0.6915704870932244,0.6704602714072997,0.7235311974469921,0.4414286664762178,0.4508297341631897,media,45.0,2519,suficiente,,,0.0,100.0,0,100.0,100.0,0,100.0,100.0,100.0,94.75,100.0,85.0,90.475,100.0,,90.475,entrenamiento_alta,entrenamiento,Alta aptitud para entrenamiento.,Usar como entrenamiento prioritario.,score_aptitud_total >= 85,40,Tierras Forestales,41,Bosque latifoliado y mixto,414,Bosque seco o deciduo,4,1,Bosque secundario deciduo,Forestal,POINT (-85.75993577544344 10.47033690157468)
SRC10_CRI_2021_A1__XY__96b13c0a05f5,-85.564456,10.141388,Costa Rica,xy_unico_en_subset,sin_conflicto,1,1,1,1,2021,2021,0,1,100.0,Costa Rica,10,"SINAC - Malla de Entrenamientos del Mapa de Bosques 2021, Costa Rica",nueva_fuente,SINAC SRC10 2021,Tierras Forestales,Bosque latifoliado y mixto,Latifoliado secundario húmedo,Tierras Forestales,Bosque latifoliado y mixto,Latifoliado secundario húmedo,1,1,1,0.0,0,1,10,"SINAC - Malla de Entrenamientos del Mapa de Bosques 2021, Costa Rica",nueva_fuente,85.0,85.0,100.0,85.0,85.0,85.0,0,0,0.0,1,94.75,derivado_a3_sin_conf_integrada,94.75,1,1,1,2,2,0.0,0.0,100.0,0.0,0.0,0.0,100.0,11.0,32.0,2.6666666666666665,1.0,0.7231069377096758,0.7707552222817354,0.7420704737155898,0.785678517776665,0.5440602294087739,0.5825593395252838,media,45.0,2519,suficiente,,,0.0,100.0,0,100.0,100.0,0,100.0,100.0,100.0,94.75,100.0,85.0,90.475,100.0,,90.475,entrenamiento_alta,entrenamiento,Alta aptitud para entrenamiento.,Usar como entrenamiento prioritario.,score_aptitud_total >= 85,40,Tierras Forestales,41,Bosque latifoliado y mixto,412,Latifoliado secundario húmedo,2,1,Bosque secundario,Forestal,POINT (-85.56445552453732 10.141388017649698)
SRC10_CRI_2021_A1__XY__975b1bb0b5b1,-85.693134,10.538885,Costa Rica,xy_unico_en_subset,sin_conflicto,1,1,1,1,2021,2021,0,1,100.0,Costa Rica,10,"SINAC - Malla de Entrenamientos del Mapa de Bosques 2021, Costa Rica",nueva_fuente,SINAC SRC10 2021,Tierras Forestales,Bosque latifoliado y mixto,Latifoliado secundario húmedo,Tierras Forestales,Bosque latifoliado y mixto,Latifoliado secundario húmedo,1,1,1,0.0,0,1,10,"SINAC - Malla de Entrenamientos del Mapa de Bosques 2021, Costa Rica",nueva_fuente,85.0,85.0,100.0,85.0,85.0,85.0,0,0,0.0,1,94.75,derivado_a3_sin_conf_integrada,94.75,1,1,1,2,2,0.0,0.0,100.0,0.0,0.0,0.0,100.0,12.0,47.0,3.9166666666666665,2.5,0.7335521616360192,0.7844167350924796,0.7544615044995894,0.7928500352309531,0.5046953215415967,0.5230256441443784,media,45.0,2519,suficiente,,,0.0,100.0,0,100.0,100.0,0,100.0,100.0,100.0,94.75,100.0,85.0,90.475,100.0,,90.475,entrenamiento_alta,entrenamiento,Alta aptitud para entrenamiento.,Usar como entrenamiento prioritario.,score_aptitud_total >= 85,40,Tierras Forestales,41,Bosque latifoliado y mixto,412,Latifoliado secundario húmedo,2,1,Bosque secundario,Forestal,POINT (-85.69313366908202 10.538885465165553)
SRC10_CRI_2021_A1__XY__97d5a49ae3b9,-85.267907,10.331749,Costa Rica,xy_unico_en_subset,sin_conflicto,1,1,1,1,2021,2021,0,1,100.0,Costa Rica,10,"SINAC - Malla de Entrenamientos del Mapa de Bosques 2021, Costa Rica",nueva_fuente,SINAC SRC10 2021,Tierras Forestales,Bosque latifoliado y mixto,Bosque seco o deciduo,Tierras Forestales,Bosque latifoliado y mixto,Bosque seco o deciduo,1,1,1,0.0,0,1,10,"SINAC - Malla de Entrenamientos del Mapa de Bosques 2021, Costa Rica",nueva_fuente,85.0,85.0,100.0,85.0,85.0,85.0,0,0,0.0,1,94.75,derivado_a3_sin_conf_integrada,94.75,1,1,1,2,3,0.0,0.0,100.0,0.0,0.0,0.0,100.0,12.0,42.0,3.5,1.0,0.6814971400470052,0.7018221047193793,0.7138384032811568,0.7291504486591283,0.4816765437930668,0.4618590418005887,media,45.0,2519,suficiente,,,0.0,100.0,0,100.0,100.0,0,100.0,100.0,100.0,94.75,100.0,85.0,90.475,100.0,,90.475,entrenamiento_alta,entrenamiento,Alta aptitud para entrenamiento.,Usar como entrenamiento prioritario.,score_aptitud_total >= 85,40,Tierras Forestales,41,Bosque latifoliado y mixto,414,Bosque seco o deciduo,4,1,Bosque secundario deciduo,Forestal,POINT (-85.26790710570563 10.331748662840354)
SRC10_CRI_2021_A1__XY__9866ff87e26d,-85.266981,10.126984,Costa Rica,xy_unico_en_subset,sin_conflicto,1,1,1,1,2021,2021,0,1,100.0,Costa Rica,10,"SINAC - Malla de Entrenamientos del Mapa de Bosques 2021, Costa Rica",nueva_fuente,SINAC SRC10 2021,Tierras Forestales,Manglares,Manglares,Tierras Forestales,Manglares,Manglares,1,1,1,0.0,0,1,10,"SINAC - Malla de Entrenamientos del Mapa de Bosques 2021, Costa Rica",nueva_fuente,85.0,85.0,100.0,85.0,85.0,85.0,0,0,0.0,1,94.75,derivado_a3_sin_conf_integrada,94.75,1,1,1,2,3,0.0,0.0,100.0,0.0,0.0,0.0,100.0,12.0,37.0,3.083333333333333,5.0,-0.0380712301883939,-0.055478518973604,-0.0094654387456981,-0.005610507185263,-0.0328209554051933,-0.0361031153363095,media,45.0,800,suficiente,,,0.0,100.0,0,100.0,100.0,0,100.0,100.0,100.0,94.75,100.0,85.0,90.475,100.0,,90.475,entrenamiento_alta,entrenamiento,Alta aptitud para entrenamiento.,Usar como entrenamiento prioritario.,score_aptitud_total >= 85,40,Tierras Forestales,43,Manglares,430,Manglares,6,1,Manglar,Forestal,POINT (-85.26698090819053 10.126983759090809)
SRC10_CRI_2021_A1__XY__994e1a1be82f,-85.203916,10.185144,Costa Rica,xy_unico_en_subset,sin_conflicto,1,1,1,1,2021,2021,0,1,100.0,Costa Rica,10,"SINAC - Malla de Entrenamientos del Mapa de Bosques 2021, Costa Rica",nueva_fuente,SINAC SRC10 2021,Tierras Forestales,Manglares,Manglares,Tierras Forestales,Manglares,Manglares,1,1,1,0.0,0,1,10,"SINAC - Malla de Entrenamientos del Mapa de Bosques 2021, Costa Rica",nueva_fuente,85.0,85.0,100.0,85.0,85.0,85.0,0,0,0.0,1,94.75,derivado_a3_sin_conf_integrada,94.75,1,1,1,2,3,0.0,0.0,100.0,0.0,0.0,0.0,100.0,12.0,44.0,3.6666666666666665,8.5,0.3382726414556954,0.3378651914116599,0.3719766574408329,0.3675065536919133,0.2251218847840223,0.2256897866768952,media,45.0,800,suficiente,,,0.0,100.0,0,100.0,100.0,0,100.0,100.0,100.0,94.75,100.0,85.0,90.475,100.0,,90.475,entrenamiento_alta,entrenamiento,Alta aptitud para entrenamiento.,Usar como entrenamiento prioritario.,score_aptitud_total >= 85,40,Tierras Forestales,43,Manglares,430,Manglares,6,1,Manglar,Forestal,POINT (-85.20391644618476 10.185143840958677)
SRC10_CRI_2021_A1__XY__99a3ee297b78,-85.470864,10.427784,Costa Rica,xy_unico_en_subset,sin_conflicto,1,1,1,1,2021,2021,0,1,100.0,Costa Rica,10,"SINAC - Malla de Entrenamientos del Mapa de Bosques 2021, Costa Rica",nueva_fuente,SINAC SRC10 2021,Tierras Forestales,Bosque latifoliado y mixto,Latifoliado secundario húmedo,Tierras Forestales,Bosque latifoliado y mixto,Latifoliado secundario húmedo,1,1,1,0.0,0,1,10,"SINAC - Malla de Entrenamientos del Mapa de Bosques 2021, Costa Rica",nueva_fuente,85.0,85.0,100.0,85.0,85.0,85.0,0,0,0.0,1,94.75,derivado_a3_sin_conf_integrada,94.75,1,1,1,2,3,0.0,0.0,100.0,0.0,0.0,0.0,100.0,12.0,39.0,3.25,2.0,0.7145492471209574,0.7439299164180663,0.7321004014821635,0.7564154580528286,0.4979863658669071,0.514638977130333,media,45.0,2519,suficiente,,,0.0,100.0,0,100.0,100.0,0,100.0,100.0,100.0,94.75,100.0,85.0,90.475,100.0,,90.475,entrenamiento_alta,entrenamiento,Alta aptitud para entrenamiento.,Usar como entrenamiento prioritario.,score_aptitud_total >= 85,40,Tierras Forestales,41,Bosque latifoliado y mixto,412,Latifoliado secundario húmedo,2,1,Bosque secundario,Forestal,POINT (-85.47086421040467 10.427784420148198)
SRC10_CRI_2021_A1__XY__9a9469e6c518,-85.197574,10.181547,Costa Rica,xy_unico_en_subset,sin_conflicto,1,1,1,1,2021,2021,0,1,100.0,Costa Rica,10,"SINAC - Malla de Entrenamientos del Mapa de Bosques 2021, Costa Rica",nueva_fuente,SINAC SRC10 2021,Tierras Forestales,Manglares,Manglares,Tierras Forestales,Manglares,Manglares,1,1,1,0.0,0,1,10,"SINAC - Malla de Entrenamientos del Mapa de Bosques 2021, Costa Rica",nueva_fuente,85.0,85.0,100.0,85.0,85.0,85.0,0,0,0.0,1,94.75,derivado_a3_sin_conf_integrada,94.75,1,1,1,2,3,0.0,0.0,100.0,0.0,0.0,0.0,100.0,12.0,43.0,3.583333333333333,5.25,-0.0863204374896512,-0.1153705659576637,-0.041834857536906,-0.0367906938785557,-0.1648471959209861,-0.1818233855181082,media,45.0,800,suficiente,,,0.0,100.0,0,100.0,100.0,0,100.0,100.0,100.0,94.75,100.0,85.0,90.475,100.0,,90.475,entrenamiento_alta,entrenamiento,Alta aptitud para entrenamiento.,Usar como entrenamiento prioritario.,score_aptitud_total >= 85,40,Tierras Forestales,43,Manglares,430,Manglares,6,1,Manglar,Forestal,POINT (-85.19757360054562 10.18154694105061)
SRC10_CRI_2021_A1__XY__9ac9da5b3690,-85.309075,10.467884,Costa Rica,xy_unico_en_subset,sin_conflicto,1,1,1,1,2021,2021,0,1,100.0,Costa Rica,10,"SINAC - Malla de Entrenamientos del Mapa de Bosques 2021, Costa Rica",nueva_fuente,SINAC SRC10 2021,Tierras Forestales,Bosque latifoliado y mixto,Bosque seco o deciduo,Tierras Forestales,Bosque latifoliado y mixto,Bosque seco o deciduo,1,1,1,0.0,0,1,10,"SINAC - Malla de Entrenamientos del Mapa de Bosques 2021, Costa Rica",nueva_fuente,85.0,85.0,100.0,85.0,85.0,85.0,0,0,0.0,1,94.75,derivado_a3_sin_conf_integrada,94.75,1,1,1,2,3,0.0,0.0,100.0,0.0,0.0,0.0,100.0,12.0,35.0,2.9166666666666665,1.0,0.6439225796403184,0.697669368506298,0.6738461717580161,0.7138191720163376,0.4309388397227311,0.462477329382479,media,45.0,2519,suficiente,,,0.0,100.0,0,100.0,100.0,0,100.0,100.0,100.0,94.75,100.0,85.0,90.475,100.0,,90.475,entrenamiento_alta,entrenamiento,Alta aptitud para entrenamiento.,Usar como entrenamiento prioritario.,score_aptitud_total >= 85,40,Tierras Forestales,41,Bosque latifoliado y mixto,414,Bosque seco o deciduo,4,1,Bosque secundario deciduo,Forestal,POINT (-85.30907547960761 10.467884430308308)
SRC10_CRI_2021_A1__XY__9b15b06a9f46,-85.201884,10.205666,Costa Rica,xy_unico_en_subset,sin_conflicto,1,1,1,1,2021,2021,0,1,100.0,Costa Rica,10,"SINAC - Malla de Entrenamientos del Mapa de Bosques 2021, Costa Rica",nueva_fuente,SINAC SRC10 2021,Tierras Forestales,Manglares,Manglares,Tierras Forestales,Manglares,Manglares,1,1,1,0.0,0,1,10,"SINAC - Malla de Entrenamientos del Mapa de Bosques 2021, Costa Rica",nueva_fuente,85.0,85.0,100.0,85.0,85.0,85.0,0,0,0.0,1,94.75,derivado_a3_sin_conf_integrada,94.75,1,1,1,2,3,0.0,0.0,100.0,0.0,0.0,0.0,100.0,12.0,41.0,3.4166666666666665,1.5,-0.2211514766498335,-0.2421625105535634,-0.2494051134823965,-0.2912568905837961,-0.3497930914638145,-0.36696066959925,media,45.0,800,suficiente,,,0.0,100.0,0,100.0,100.0,0,100.0,100.0,100.0,94.75,100.0,85.0,90.475,100.0,,90.475,entrenamiento_alta,entrenamiento,Alta aptitud para entrenamiento.,Usar como entrenamiento prioritario.,score_aptitud_total >= 85,40,Tierras Forestales,43,Manglares,430,Manglares,6,1,Manglar,Forestal,POINT (-85.20188358433018 10.205665711142442)
SRC10_CRI_2021_A1__XY__9c405b68f0f8,-85.628727,10.336531,Costa Rica,conflicto_tematico_subset,conflicto_tematico,2,2,2,1,2021,2021,0,1,100.0,Costa Rica,10,"SINAC - Malla de Entrenamientos del Mapa de Bosques 2021, Costa Rica",nueva_fuente,SINAC SRC10 2021,Tierras Forestales,Bosque latifoliado y mixto,Latifoliado secundario húmedo,Tierras Forestales | Tierras de Cultivo y Pastos,Bosque latifoliado y mixto | Cultivos intensivos No-Arbóreos,Latifoliado secundario húmedo | Otros cultivos intensivos no arbóreos,2,2,2,0.0,0,1,10,"SINAC - Malla de Entrenamientos del Mapa de Bosques 2021, Costa Rica",nueva_fuente,85.0,85.0,100.0,85.0,85.0,85.0,0,0,0.0,1,54.75,derivado_a3_sin_conf_integrada,54.75,1,1,1,0,0,100.0,0.0,0.0,0.0,0.0,0.0,0.0,12.0,49.0,4.083333333333333,2.5,0.7802244209710265,0.7749459067436887,0.8015165375799694,0.813176305785859,0.5477771315256789,0.5536585355635452,sin_alerta,100.0,2519,suficiente,conflicto_tematico_xy,alta,100.0,0.0,1,0.0,100.0,0,100.0,40.0,54.0,54.75,100.0,85.0,65.525,100.0,,65.525,referencia_contextual,referencia_contextual,Aptitud contextual.,Usar como apoyo o referencia.,55 <= score_aptitud_total < 70,40,Tierras Forestales,41,Bosque latifoliado y mixto,412,Latifoliado secundario húmedo,2,1,Bosque secundario,Forestal,POINT (-85.62872671464814 10.336531086771748)
SRC10_CRI_2021_A1__XY__9c90fd67e192,-85.23949,10.108988,Costa Rica,xy_unico_en_subset,sin_conflicto,1,1,1,1,2021,2021,0,1,100.0,Costa Rica,10,"SINAC - Malla de Entrenamientos del Mapa de Bosques 2021, Costa Rica",nueva_fuente,SINAC SRC10 2021,Tierras Forestales,Manglares,Manglares,Tierras Forestales,Manglares,Manglares,1,1,1,0.0,0,1,10,"SINAC - Malla de Entrenamientos del Mapa de Bosques 2021, Costa Rica",nueva_fuente,85.0,85.0,100.0,85.0,85.0,85.0,0,0,0.0,1,94.75,derivado_a3_sin_conf_integrada,94.75,1,1,1,2,3,0.0,0.0,100.0,0.0,0.0,0.0,100.0,12.0,41.0,3.4166666666666665,4.75,0.0228270821790911,0.059543762635299,0.0342571023243946,0.1068554381713592,-0.0341493669188186,0.0394653146769142,media,45.0,800,suficiente,,,0.0,100.0,0,100.0,100.0,0,100.0,100.0,100.0,94.75,100.0,85.0,90.475,100.0,,90.475,entrenamiento_alta,entrenamiento,Alta aptitud para entrenamiento.,Usar como entrenamiento prioritario.,score_aptitud_total >= 85,40,Tierras Forestales,43,Manglares,430,Manglares,6,1,Manglar,Forestal,POINT (-85.23948982390566 10.108987785403361)
SRC10_CRI_2021_A1__XY__9f8690203b4b,-85.233714,10.252609,Costa Rica,xy_unico_en_subset,sin_conflicto,1,1,1,1,2021,2021,0,1,100.0,Costa Rica,10,"SINAC - Malla de Entrenamientos del Mapa de Bosques 2021, Costa Rica",nueva_fuente,SINAC SRC10 2021,Tierras Forestales,Manglares,Manglares,Tierras Forestales,Manglares,Manglares,1,1,1,0.0,0,1,10,"SINAC - Malla de Entrenamientos del Mapa de Bosques 2021, Costa Rica",nueva_fuente,85.0,85.0,100.0,85.0,85.0,85.0,0,0,0.0,1,94.75,derivado_a3_sin_conf_integrada,94.75,1,1,1,2,3,0.0,0.0,100.0,0.0,0.0,0.0,100.0,12.0,37.0,3.083333333333333,5.0,0.2992125912977886,0.3011566804831668,0.3410121229774157,0.3492582263756897,0.2056198380147865,0.2215509106521374,media,45.0,800,suficiente,,,0.0,100.0,0,100.0,100.0,0,100.0,100.0,100.0,94.75,100.0,85.0,90.475,100.0,,90.475,entrenamiento_alta,entrenamiento,Alta aptitud para entrenamiento.,Usar como entrenamiento prioritario.,score_aptitud_total >= 85,40,Tierras Forestales,43,Manglares,430,Manglares,6,1,Manglar,Forestal,POINT (-85.23371381502146 10.25260873300673)
SRC10_CRI_2021_A1__XY__a08f89e31579,-85.206022,10.183929,Costa Rica,xy_unico_en_subset,sin_conflicto,1,1,1,1,2021,2021,0,1,100.0,Costa Rica,10,"SINAC - Malla de Entrenamientos del Mapa de Bosques 2021, Costa Rica",nueva_fuente,SINAC SRC10 2021,Tierras Forestales,Manglares,Manglares,Tierras Forestales,Manglares,Manglares,1,1,1,0.0,0,1,10,"SINAC - Malla de Entrenamientos del Mapa de Bosques 2021, Costa Rica",nueva_fuente,85.0,85.0,100.0,85.0,85.0,85.0,0,0,0.0,1,94.75,derivado_a3_sin_conf_integrada,94.75,1,1,1,2,3,0.0,0.0,100.0,0.0,0.0,0.0,100.0,12.0,43.0,3.583333333333333,10.75,0.1290638015446484,0.1326723252115655,0.1892990076711115,0.1946565663439527,0.1134590070418887,0.1152207432007079,media,45.0,800,suficiente,,,0.0,100.0,0,100.0,100.0,0,100.0,100.0,100.0,94.75,100.0,85.0,90.475,100.0,,90.475,entrenamiento_alta,entrenamiento,Alta aptitud para entrenamiento.,Usar como entrenamiento prioritario.,score_aptitud_total >= 85,40,Tierras Forestales,43,Manglares,430,Manglares,6,1,Manglar,Forestal,POINT (-85.2060216865201 10.183929354174616)
SRC10_CRI_2021_A1__XY__a18d33c5b3eb,-85.271247,10.139034,Costa Rica,xy_unico_en_subset,sin_conflicto,1,1,1,1,2021,2021,0,1,100.0,Costa Rica,10,"SINAC - Malla de Entrenamientos del Mapa de Bosques 2021, Costa Rica",nueva_fuente,SINAC SRC10 2021,Tierras Forestales,Manglares,Manglares,Tierras Forestales,Manglares,Manglares,1,1,1,0.0,0,1,10,"SINAC - Malla de Entrenamientos del Mapa de Bosques 2021, Costa Rica",nueva_fuente,85.0,85.0,100.0,85.0,85.0,85.0,0,0,0.0,1,94.75,derivado_a3_sin_conf_integrada,94.75,1,1,1,2,3,0.0,0.0,100.0,0.0,0.0,0.0,100.0,12.0,38.0,3.1666666666666665,3.0,-0.2393157074453338,-0.2348424828966696,-0.22388458193437,-0.2683110332834837,-0.2029306643062513,-0.2370976773611426,media,45.0,800,suficiente,,,0.0,100.0,0,100.0,100.0,0,100.0,100.0,100.0,94.75,100.0,85.0,90.475,100.0,,90.475,entrenamiento_alta,entrenamiento,Alta aptitud para entrenamiento.,Usar como entrenamiento prioritario.,score_aptitud_total >= 85,40,Tierras Forestales,43,Manglares,430,Manglares,6,1,Manglar,Forestal,POINT (-85.27124715053678 10.139034324095753)
SRC10_CRI_2021_A1__XY__a19c7e45067d,-85.747575,10.345263,Costa Rica,xy_unico_en_subset,sin_conflicto,1,1,1,1,2021,2021,0,1,100.0,Costa Rica,10,"SINAC - Malla de Entrenamientos del Mapa de Bosques 2021, Costa Rica",nueva_fuente,SINAC SRC10 2021,Tierras Forestales,Bosque latifoliado y mixto,Bosque seco o deciduo,Tierras Forestales,Bosque latifoliado y mixto,Bosque seco o deciduo,1,1,1,0.0,0,1,10,"SINAC - Malla de Entrenamientos del Mapa de Bosques 2021, Costa Rica",nueva_fuente,85.0,85.0,100.0,85.0,85.0,85.0,0,0,0.0,1,94.75,derivado_a3_sin_conf_integrada,94.75,1,1,1,2,2,0.0,0.0,100.0,0.0,0.0,0.0,100.0,12.0,39.0,3.25,1.0,0.6557319382041324,0.6940451277380595,0.6725888984957918,0.7184219269204404,0.4591588123121903,0.4759276715596571,media,45.0,2519,suficiente,,,0.0,100.0,0,100.0,100.0,0,100.0,100.0,100.0,94.75,100.0,85.0,90.475,100.0,,90.475,entrenamiento_alta,entrenamiento,Alta aptitud para entrenamiento.,Usar como entrenamiento prioritario.,score_aptitud_total >= 85,40,Tierras Forestales,41,Bosque latifoliado y mixto,414,Bosque seco o deciduo,4,1,Bosque secundario deciduo,Forestal,POINT (-85.74757511488573 10.345263308833948)
SRC10_CRI_2021_A1__XY__a1cfa2d5e4a3,-85.761461,10.359783,Costa Rica,xy_unico_en_subset,sin_conflicto,1,1,1,1,2021,2021,0,1,100.0,Costa Rica,10,"SINAC - Malla de Entrenamientos del Mapa de Bosques 2021, Costa Rica",nueva_fuente,SINAC SRC10 2021,Tierras Forestales,Bosque latifoliado y mixto,Bosque seco o deciduo,Tierras Forestales,Bosque latifoliado y mixto,Bosque seco o deciduo,1,1,1,0.0,0,1,10,"SINAC - Malla de Entrenamientos del Mapa de Bosques 2021, Costa Rica",nueva_fuente,85.0,85.0,100.0,85.0,85.0,85.0,0,0,0.0,1,94.75,derivado_a3_sin_conf_integrada,94.75,1,1,1,2,2,0.0,0.0,100.0,0.0,0.0,0.0,100.0,12.0,42.0,3.5,1.75,0.6597106131596197,0.7092905958942965,0.6843251752588012,0.7392031961528513,0.4689601341183524,0.4893548276238701,media,45.0,2519,suficiente,,,0.0,100.0,0,100.0,100.0,0,100.0,100.0,100.0,94.75,100.0,85.0,90.475,100.0,,90.475,entrenamiento_alta,entrenamiento,Alta aptitud para entrenamiento.,Usar como entrenamiento prioritario.,score_aptitud_total >= 85,40,Tierras Forestales,41,Bosque latifoliado y mixto,414,Bosque seco o deciduo,4,1,Bosque secundario deciduo,Forestal,POINT (-85.76146060794449 10.359783472047553)
SRC10_CRI_2021_A1__XY__a3cd099948ee,-85.208172,10.194782,Costa Rica,xy_unico_en_subset,sin_conflicto,1,1,1,1,2021,2021,0,1,100.0,Costa Rica,10,"SINAC - Malla de Entrenamientos del Mapa de Bosques 2021, Costa Rica",nueva_fuente,SINAC SRC10 2021,Tierras Forestales,Manglares,Manglares,Tierras Forestales,Manglares,Manglares,1,1,1,0.0,0,1,10,"SINAC - Malla de Entrenamientos del Mapa de Bosques 2021, Costa Rica",nueva_fuente,85.0,85.0,100.0,85.0,85.0,85.0,0,0,0.0,1,94.75,derivado_a3_sin_conf_integrada,94.75,1,1,1,2,2,0.0,0.0,100.0,0.0,0.0,0.0,100.0,12.0,44.0,3.6666666666666665,14.0,0.3131660721409971,0.2896446840282558,0.3772385767899227,0.3588763780725658,0.2444938948233983,0.2486190440166995,media,45.0,800,suficiente,,,0.0,100.0,0,100.0,100.0,0,100.0,100.0,100.0,94.75,100.0,85.0,90.475,100.0,,90.475,entrenamiento_alta,entrenamiento,Alta aptitud para entrenamiento.,Usar como entrenamiento prioritario.,score_aptitud_total >= 85,40,Tierras Forestales,43,Manglares,430,Manglares,6,1,Manglar,Forestal,POINT (-85.20817236113392 10.19478195484435)
SRC10_CRI_2021_A1__XY__a432af0ab68b,-85.797376,10.327185,Costa Rica,xy_unico_en_subset,sin_conflicto,1,1,1,1,2021,2021,0,1,100.0,Costa Rica,10,"SINAC - Malla de Entrenamientos del Mapa de Bosques 2021, Costa Rica",nueva_fuente,SINAC SRC10 2021,Tierras Forestales,Bosque latifoliado y mixto,Bosque seco o deciduo,Tierras Forestales,Bosque latifoliado y mixto,Bosque seco o deciduo,1,1,1,0.0,0,1,10,"SINAC - Malla de Entrenamientos del Mapa de Bosques 2021, Costa Rica",nueva_fuente,85.0,85.0,100.0,85.0,85.0,85.0,0,0,0.0,1,94.75,derivado_a3_sin_conf_integrada,94.75,1,1,1,2,2,0.0,0.0,100.0,0.0,0.0,0.0,100.0,12.0,39.0,3.25,1.75,0.6471356788913666,0.7038646755172051,0.6711244734753361,0.7481145151553743,0.4738088572310078,0.5355421988882931,media,45.0,2519,suficiente,,,0.0,100.0,0,100.0,100.0,0,100.0,100.0,100.0,94.75,100.0,85.0,90.475,100.0,,90.475,entrenamiento_alta,entrenamiento,Alta aptitud para entrenamiento.,Usar como entrenamiento prioritario.,score_aptitud_total >= 85,40,Tierras Forestales,41,Bosque latifoliado y mixto,414,Bosque seco o deciduo,4,1,Bosque secundario deciduo,Forestal,POINT (-85.7973755591151 10.327185438575562)
SRC10_CRI_2021_A1__XY__a48907686683,-85.222992,10.208001,Costa Rica,xy_unico_en_subset,sin_conflicto,1,1,1,1,2021,2021,0,1,100.0,Costa Rica,10,"SINAC - Malla de Entrenamientos del Mapa de Bosques 2021, Costa Rica",nueva_fuente,SINAC SRC10 2021,Tierras Forestales,Manglares,Manglares,Tierras Forestales,Manglares,Manglares,1,1,1,0.0,0,1,10,"SINAC - Malla de Entrenamientos del Mapa de Bosques 2021, Costa Rica",nueva_fuente,85.0,85.0,100.0,85.0,85.0,85.0,0,0,0.0,1,94.75,derivado_a3_sin_conf_integrada,94.75,1,1,1,2,3,0.0,0.0,100.0,0.0,0.0,0.0,100.0,12.0,40.0,3.333333333333333,3.75,-0.095652661343844,-0.0325481815998853,-0.1042770597404357,-0.0574547476853818,-0.2274850704021762,-0.1826608720309793,media,45.0,800,suficiente,,,0.0,100.0,0,100.0,100.0,0,100.0,100.0,100.0,94.75,100.0,85.0,90.475,100.0,,90.475,entrenamiento_alta,entrenamiento,Alta aptitud para entrenamiento.,Usar como entrenamiento prioritario.,score_aptitud_total >= 85,40,Tierras Forestales,43,Manglares,430,Manglares,6,1,Manglar,Forestal,POINT (-85.22299184782165 10.208000722114608)
SRC10_CRI_2021_A1__XY__a537cbe620f0,-85.232591,10.504814,Costa Rica,xy_unico_en_subset,sin_conflicto,1,1,1,1,2021,2021,0,1,100.0,Costa Rica,10,"SINAC - Malla de Entrenamientos del Mapa de Bosques 2021, Costa Rica",nueva_fuente,SINAC SRC10 2021,Tierras de Cultivo y Pastos,Cultivos intensivos No-Arbóreos,Otros cultivos intensivos no arbóreos,Tierras de Cultivo y Pastos,Cultivos intensivos No-Arbóreos,Otros cultivos intensivos no arbóreos,1,1,1,0.0,0,1,10,"SINAC - Malla de Entrenamientos del Mapa de Bosques 2021, Costa Rica",nueva_fuente,85.0,85.0,100.0,85.0,85.0,85.0,0,0,0.0,1,94.75,derivado_a3_sin_conf_integrada,94.75,1,1,1,2,2,0.0,0.0,100.0,0.0,0.0,0.0,100.0,12.0,36.0,3.0,7.0,0.1232202293538388,0.1031113372972777,0.1612712496519403,0.1521721582345463,0.1121677937756961,0.1173490071678382,media,45.0,8489,suficiente,,,0.0,100.0,0,100.0,100.0,0,100.0,100.0,100.0,94.75,100.0,85.0,90.475,100.0,,90.475,entrenamiento_alta,entrenamiento,Alta aptitud para entrenamiento.,Usar como entrenamiento prioritario.,score_aptitud_total >= 85,30,Tierras de Cultivo y Pastos,31,Cultivos intensivos No-Arbóreos,315,Otros cultivos intensivos no arbóreos,9,9,Cultivos,Cultivos,POINT (-85.23259082363833 10.504813901397737)
SRC10_CRI_2021_A1__XY__a6612c25f051,-85.269133,10.137836,Costa Rica,xy_unico_en_subset,sin_conflicto,1,1,1,1,2021,2021,0,1,100.0,Costa Rica,10,"SINAC - Malla de Entrenamientos del Mapa de Bosques 2021, Costa Rica",nueva_fuente,SINAC SRC10 2021,Tierras Forestales,Manglares,Manglares,Tierras Forestales,Manglares,Manglares,1,1,1,0.0,0,1,10,"SINAC - Malla de Entrenamientos del Mapa de Bosques 2021, Costa Rica",nueva_fuente,85.0,85.0,100.0,85.0,85.0,85.0,0,0,0.0,1,94.75,derivado_a3_sin_conf_integrada,94.75,1,1,1,2,3,0.0,0.0,100.0,0.0,0.0,0.0,100.0,12.0,37.0,3.083333333333333,1.25,-0.3263059992318415,-0.3500049231560886,-0.293893023732455,-0.3136125654450261,-0.2732692557800066,-0.2721384690000807,media,45.0,800,suficiente,,,0.0,100.0,0,100.0,100.0,0,100.0,100.0,100.0,94.75,100.0,85.0,90.475,100.0,,90.475,entrenamiento_alta,entrenamiento,Alta aptitud para entrenamiento.,Usar como entrenamiento prioritario.,score_aptitud_total >= 85,40,Tierras Forestales,43,Manglares,430,Manglares,6,1,Manglar,Forestal,POINT (-85.26913297907191 10.13783579804726)
SRC10_CRI_2021_A1__XY__a66f040443c5,-85.324995,10.3543,Costa Rica,xy_unico_en_subset,sin_conflicto,1,1,1,1,2021,2021,0,1,100.0,Costa Rica,10,"SINAC - Malla de Entrenamientos del Mapa de Bosques 2021, Costa Rica",nueva_fuente,SINAC SRC10 2021,Tierras Forestales,Bosque latifoliado y mixto,Bosque seco o deciduo,Tierras Forestales,Bosque latifoliado y mixto,Bosque seco o deciduo,1,1,1,0.0,0,1,10,"SINAC - Malla de Entrenamientos del Mapa de Bosques 2021, Costa Rica",nueva_fuente,85.0,85.0,100.0,85.0,85.0,85.0,0,0,0.0,1,94.75,derivado_a3_sin_conf_integrada,94.75,1,1,1,2,3,0.0,0.0,100.0,0.0,0.0,0.0,100.0,12.0,40.0,3.333333333333333,1.25,0.5896059294463344,0.5917283377618361,0.6215818809482662,0.6273662852256969,0.420876911129191,0.4155999238722415,media,45.0,2519,suficiente,,,0.0,100.0,0,100.0,100.0,0,100.0,100.0,100.0,94.75,100.0,85.0,90.475,100.0,,90.475,entrenamiento_alta,entrenamiento,Alta aptitud para entrenamiento.,Usar como entrenamiento prioritario.,score_aptitud_total >= 85,40,Tierras Forestales,41,Bosque latifoliado y mixto,414,Bosque seco o deciduo,4,1,Bosque secundario deciduo,Forestal,POINT (-85.32499504203426 10.354299889324933)
SRC10_CRI_2021_A1__XY__a6782bbaf300,-85.255266,10.523158,Costa Rica,xy_unico_en_subset,sin_conflicto,1,1,1,1,2021,2021,0,1,100.0,Costa Rica,10,"SINAC - Malla de Entrenamientos del Mapa de Bosques 2021, Costa Rica",nueva_fuente,SINAC SRC10 2021,Artificializado y otra tierras,Urbano,Urbano,Artificializado y otra tierras,Urbano,Urbano,1,1,1,0.0,0,1,10,"SINAC - Malla de Entrenamientos del Mapa de Bosques 2021, Costa Rica",nueva_fuente,85.0,85.0,100.0,85.0,85.0,85.0,0,0,0.0,1,94.75,derivado_a3_sin_conf_integrada,94.75,1,1,1,2,2,0.0,0.0,100.0,0.0,0.0,0.0,100.0,12.0,26.0,2.1666666666666665,6.5,0.0115505561030649,0.002889801345379,-0.0455794097717891,-0.0498579977629255,0.0010996896181555,-0.0092253697137236,media,45.0,5928,suficiente,,,0.0,100.0,0,100.0,100.0,0,100.0,100.0,100.0,94.75,100.0,85.0,90.475,100.0,,90.475,entrenamiento_alta,entrenamiento,Alta aptitud para entrenamiento.,Usar como entrenamiento prioritario.,score_aptitud_total >= 85,10,Artificializado y otra tierras,11,Urbano,110,Urbano,16,16,Edificaciones,Edificaciones,POINT (-85.25526556485129 10.523157555123717)
SRC10_CRI_2021_A1__XY__a68955cc7ec9,-85.25844,10.100469,Costa Rica,xy_unico_en_subset,sin_conflicto,1,1,1,1,2021,2021,0,1,100.0,Costa Rica,10,"SINAC - Malla de Entrenamientos del Mapa de Bosques 2021, Costa Rica",nueva_fuente,SINAC SRC10 2021,Tierras Forestales,Manglares,Manglares,Tierras Forestales,Manglares,Manglares,1,1,1,0.0,0,1,10,"SINAC - Malla de Entrenamientos del Mapa de Bosques 2021, Costa Rica",nueva_fuente,85.0,85.0,100.0,85.0,85.0,85.0,0,0,0.0,1,94.75,derivado_a3_sin_conf_integrada,94.75,1,1,1,2,3,0.0,0.0,100.0,0.0,0.0,0.0,100.0,12.0,36.0,3.0,4.25,0.1751862056215809,0.1837214289600957,0.2240115291229666,0.2116100311770183,0.0842560525568037,0.1294921395587492,media,45.0,800,suficiente,,,0.0,100.0,0,100.0,100.0,0,100.0,100.0,100.0,94.75,100.0,85.0,90.475,100.0,,90.475,entrenamiento_alta,entrenamiento,Alta aptitud para entrenamiento.,Usar como entrenamiento prioritario.,score_aptitud_total >= 85,40,Tierras Forestales,43,Manglares,430,Manglares,6,1,Manglar,Forestal,POINT (-85.25844013927858 10.100468934547196)
SRC10_CRI_2021_A1__XY__a7f7634ef6e7,-85.245915,10.134305,Costa Rica,xy_unico_en_subset,sin_conflicto,1,1,1,1,2021,2021,0,1,100.0,Costa Rica,10,"SINAC - Malla de Entrenamientos del Mapa de Bosques 2021, Costa Rica",nueva_fuente,SINAC SRC10 2021,Tierras Forestales,Manglares,Manglares,Tierras Forestales,Manglares,Manglares,1,1,1,0.0,0,1,10,"SINAC - Malla de Entrenamientos del Mapa de Bosques 2021, Costa Rica",nueva_fuente,85.0,85.0,100.0,85.0,85.0,85.0,0,0,0.0,1,94.75,derivado_a3_sin_conf_integrada,94.75,1,1,1,2,3,0.0,0.0,100.0,0.0,0.0,0.0,100.0,11.0,36.0,3.0,1.5,-0.3062740087309596,-0.2605875714965316,-0.3105239396208352,-0.2529154975939308,-0.3031197436100175,-0.3075097934472934,media,45.0,800,suficiente,,,0.0,100.0,0,100.0,100.0,0,100.0,100.0,100.0,94.75,100.0,85.0,90.475,100.0,,90.475,entrenamiento_alta,entrenamiento,Alta aptitud para entrenamiento.,Usar como entrenamiento prioritario.,score_aptitud_total >= 85,40,Tierras Forestales,43,Manglares,430,Manglares,6,1,Manglar,Forestal,POINT (-85.24591532967915 10.134304559610538)
SRC10_CRI_2021_A1__XY__a7fc7ce01dae,-85.399777,10.105932,Costa Rica,xy_unico_en_subset,sin_conflicto,1,1,1,1,2021,2021,0,1,100.0,Costa Rica,10,"SINAC - Malla de Entrenamientos del Mapa de Bosques 2021, Costa Rica",nueva_fuente,SINAC SRC10 2021,Tierras Forestales,Bosque latifoliado y mixto,Latifoliado secundario húmedo,Tierras Forestales,Bosque latifoliado y mixto,Latifoliado secundario húmedo,1,1,1,0.0,0,1,10,"SINAC - Malla de Entrenamientos del Mapa de Bosques 2021, Costa Rica",nueva_fuente,85.0,85.0,100.0,85.0,85.0,85.0,0,0,0.0,1,94.75,derivado_a3_sin_conf_integrada,94.75,1,1,1,2,3,0.0,0.0,100.0,0.0,0.0,0.0,100.0,11.0,36.0,3.0,1.0,0.7259492235402227,0.7558633273703041,0.743444167163538,0.7749407899856793,0.5166310238990585,0.5032541894361531,media,45.0,2519,suficiente,,,0.0,100.0,0,100.0,100.0,0,100.0,100.0,100.0,94.75,100.0,85.0,90.475,100.0,,90.475,entrenamiento_alta,entrenamiento,Alta aptitud para entrenamiento.,Usar como entrenamiento prioritario.,score_aptitud_total >= 85,40,Tierras Forestales,41,Bosque latifoliado y mixto,412,Latifoliado secundario húmedo,2,1,Bosque secundario,Forestal,POINT (-85.39977710771541 10.10593218347928)
SRC10_CRI_2021_A1__XY__a8f0f2b8bcae,-85.212365,10.187526,Costa Rica,xy_unico_en_subset,sin_conflicto,1,1,1,1,2021,2021,0,1,100.0,Costa Rica,10,"SINAC - Malla de Entrenamientos del Mapa de Bosques 2021, Costa Rica",nueva_fuente,SINAC SRC10 2021,Tierras Forestales,Manglares,Manglares,Tierras Forestales,Manglares,Manglares,1,1,1,0.0,0,1,10,"SINAC - Malla de Entrenamientos del Mapa de Bosques 2021, Costa Rica",nueva_fuente,85.0,85.0,100.0,85.0,85.0,85.0,0,0,0.0,1,94.75,derivado_a3_sin_conf_integrada,94.75,1,1,1,2,3,0.0,0.0,100.0,0.0,0.0,0.0,100.0,12.0,42.0,3.5,11.5,0.1997747763689288,0.2019425609699031,0.2455148384230789,0.2452038740946418,0.1543304397919341,0.1574006200475137,media,45.0,800,suficiente,,,0.0,100.0,0,100.0,100.0,0,100.0,100.0,100.0,94.75,100.0,85.0,90.475,100.0,,90.475,entrenamiento_alta,entrenamiento,Alta aptitud para entrenamiento.,Usar como entrenamiento prioritario.,score_aptitud_total >= 85,40,Tierras Forestales,43,Manglares,430,Manglares,6,1,Manglar,Forestal,POINT (-85.21236465789572 10.18752607338737)
SRC10_CRI_2021_A1__XY__a981312a7d60,-85.371915,10.206296,Costa Rica,xy_unico_en_subset,sin_conflicto,1,1,1,1,2021,2021,0,1,100.0,Costa Rica,10,"SINAC - Malla de Entrenamientos del Mapa de Bosques 2021, Costa Rica",nueva_fuente,SINAC SRC10 2021,Tierras Forestales,Bosque latifoliado y mixto,Bosque seco o deciduo,Tierras Forestales,Bosque latifoliado y mixto,Bosque seco o deciduo,1,1,1,0.0,0,1,10,"SINAC - Malla de Entrenamientos del Mapa de Bosques 2021, Costa Rica",nueva_fuente,85.0,85.0,100.0,85.0,85.0,85.0,0,0,0.0,1,94.75,derivado_a3_sin_conf_integrada,94.75,1,1,1,2,3,0.0,0.0,100.0,0.0,0.0,0.0,100.0,11.0,37.0,3.083333333333333,2.0,0.7059881128035876,0.6836421294400651,0.7350919253635623,0.7044075895065142,0.4912356934783822,0.4648096564531105,media,45.0,2519,suficiente,,,0.0,100.0,0,100.0,100.0,0,100.0,100.0,100.0,94.75,100.0,85.0,90.475,100.0,,90.475,entrenamiento_alta,entrenamiento,Alta aptitud para entrenamiento.,Usar como entrenamiento prioritario.,score_aptitud_total >= 85,40,Tierras Forestales,41,Bosque latifoliado y mixto,414,Bosque seco o deciduo,4,1,Bosque secundario deciduo,Forestal,POINT (-85.37191456894615 10.20629576093468)
SRC10_CRI_2021_A1__XY__aa47bb68a857,-85.252248,10.135487,Costa Rica,xy_unico_en_subset,sin_conflicto,1,1,1,1,2021,2021,0,1,100.0,Costa Rica,10,"SINAC - Malla de Entrenamientos del Mapa de Bosques 2021, Costa Rica",nueva_fuente,SINAC SRC10 2021,Tierras Forestales,Manglares,Manglares,Tierras Forestales,Manglares,Manglares,1,1,1,0.0,0,1,10,"SINAC - Malla de Entrenamientos del Mapa de Bosques 2021, Costa Rica",nueva_fuente,85.0,85.0,100.0,85.0,85.0,85.0,0,0,0.0,1,94.75,derivado_a3_sin_conf_integrada,94.75,1,1,1,2,3,0.0,0.0,100.0,0.0,0.0,0.0,100.0,12.0,35.0,2.9166666666666665,1.5,-0.3492089143182424,-0.3100319076956254,-0.3606864787504748,-0.333504842829564,-0.3560079864657339,-0.3604716689825537,media,45.0,800,suficiente,,,0.0,100.0,0,100.0,100.0,0,100.0,100.0,100.0,94.75,100.0,85.0,90.475,100.0,,90.475,entrenamiento_alta,entrenamiento,Alta aptitud para entrenamiento.,Usar como entrenamiento prioritario.,score_aptitud_total >= 85,40,Tierras Forestales,43,Manglares,430,Manglares,6,1,Manglar,Forestal,POINT (-85.25224823687886 10.135487192420431)
SRC10_CRI_2021_A1__XY__aae8c8f1b0fb,-85.247973,10.121023,Costa Rica,xy_unico_en_subset,sin_conflicto,1,1,1,1,2021,2021,0,1,100.0,Costa Rica,10,"SINAC - Malla de Entrenamientos del Mapa de Bosques 2021, Costa Rica",nueva_fuente,SINAC SRC10 2021,Tierras Forestales,Manglares,Manglares,Tierras Forestales,Manglares,Manglares,1,1,1,0.0,0,1,10,"SINAC - Malla de Entrenamientos del Mapa de Bosques 2021, Costa Rica",nueva_fuente,85.0,85.0,100.0,85.0,85.0,85.0,0,0,0.0,1,94.75,derivado_a3_sin_conf_integrada,94.75,1,1,1,2,2,0.0,0.0,100.0,0.0,0.0,0.0,100.0,12.0,42.0,3.5,9.5,0.359223048831798,0.3646666136617283,0.4362267151878428,0.455513822913111,0.3079046731268333,0.3262286308373331,media,45.0,800,suficiente,,,0.0,100.0,0,100.0,100.0,0,100.0,100.0,100.0,94.75,100.0,85.0,90.475,100.0,,90.475,entrenamiento_alta,entrenamiento,Alta aptitud para entrenamiento.,Usar como entrenamiento prioritario.,score_aptitud_total >= 85,40,Tierras Forestales,43,Manglares,430,Manglares,6,1,Manglar,Forestal,POINT (-85.24797340989183 10.12102289344051)
SRC10_CRI_2021_A1__XY__ad34d6dc41db,-85.479252,10.41568,Costa Rica,xy_unico_en_subset,sin_conflicto,1,1,1,1,2021,2021,0,1,100.0,Costa Rica,10,"SINAC - Malla de Entrenamientos del Mapa de Bosques 2021, Costa Rica",nueva_fuente,SINAC SRC10 2021,Tierras de Cultivo y Pastos,Cultivos intensivos No-Arbóreos,Otros cultivos intensivos no arbóreos,Tierras de Cultivo y Pastos,Cultivos intensivos No-Arbóreos,Otros cultivos intensivos no arbóreos,1,1,1,0.0,0,1,10,"SINAC - Malla de Entrenamientos del Mapa de Bosques 2021, Costa Rica",nueva_fuente,85.0,85.0,100.0,85.0,85.0,85.0,0,0,0.0,1,94.75,derivado_a3_sin_conf_integrada,94.75,1,1,1,2,2,0.0,0.0,100.0,0.0,0.0,0.0,100.0,12.0,36.0,3.0,6.25,0.1396045023161156,0.1389626845107078,0.179816451700286,0.1795108936211472,0.1172206563745011,0.1148350388597929,media,45.0,8489,suficiente,,,0.0,100.0,0,100.0,100.0,0,100.0,100.0,100.0,94.75,100.0,85.0,90.475,100.0,,90.475,entrenamiento_alta,entrenamiento,Alta aptitud para entrenamiento.,Usar como entrenamiento prioritario.,score_aptitud_total >= 85,30,Tierras de Cultivo y Pastos,31,Cultivos intensivos No-Arbóreos,315,Otros cultivos intensivos no arbóreos,9,9,Cultivos,Cultivos,POINT (-85.47925188718828 10.415679874232776)
SRC10_CRI_2021_A1__XY__ada5095560c1,-85.672,10.49556,Costa Rica,xy_unico_en_subset,sin_conflicto,1,1,1,1,2021,2021,0,1,100.0,Costa Rica,10,"SINAC - Malla de Entrenamientos del Mapa de Bosques 2021, Costa Rica",nueva_fuente,SINAC SRC10 2021,Tierras Forestales,Bosque latifoliado y mixto,Bosque seco o deciduo,Tierras Forestales,Bosque latifoliado y mixto,Bosque seco o deciduo,1,1,1,0.0,0,1,10,"SINAC - Malla de Entrenamientos del Mapa de Bosques 2021, Costa Rica",nueva_fuente,85.0,85.0,100.0,85.0,85.0,85.0,0,0,0.0,1,94.75,derivado_a3_sin_conf_integrada,94.75,1,1,1,2,2,0.0,0.0,100.0,0.0,0.0,0.0,100.0,12.0,43.0,3.583333333333333,1.75,0.624257079334278,0.6678445311993344,0.6539276067362613,0.6981514679311404,0.4562836199241035,0.4837421445385956,media,45.0,2519,suficiente,,,0.0,100.0,0,100.0,100.0,0,100.0,100.0,100.0,94.75,100.0,85.0,90.475,100.0,,90.475,entrenamiento_alta,entrenamiento,Alta aptitud para entrenamiento.,Usar como entrenamiento prioritario.,score_aptitud_total >= 85,40,Tierras Forestales,41,Bosque latifoliado y mixto,414,Bosque seco o deciduo,4,1,Bosque secundario deciduo,Forestal,POINT (-85.67199959362664 10.495559786872294)
SRC10_CRI_2021_A1__XY__af45abab66dd,-85.269114,10.133009,Costa Rica,xy_unico_en_subset,sin_conflicto,1,1,1,1,2021,2021,0,1,100.0,Costa Rica,10,"SINAC - Malla de Entrenamientos del Mapa de Bosques 2021, Costa Rica",nueva_fuente,SINAC SRC10 2021,Tierras Forestales,Manglares,Manglares,Tierras Forestales,Manglares,Manglares,1,1,1,0.0,0,1,10,"SINAC - Malla de Entrenamientos del Mapa de Bosques 2021, Costa Rica",nueva_fuente,85.0,85.0,100.0,85.0,85.0,85.0,0,0,0.0,1,94.75,derivado_a3_sin_conf_integrada,94.75,1,1,1,2,3,0.0,0.0,100.0,0.0,0.0,0.0,100.0,12.0,33.0,2.75,1.75,-0.2177893417176986,-0.258199760482978,-0.2168057461378305,-0.2531939605110336,-0.2222812257929432,-0.2635358337026146,media,45.0,800,suficiente,,,0.0,100.0,0,100.0,100.0,0,100.0,100.0,100.0,94.75,100.0,85.0,90.475,100.0,,90.475,entrenamiento_alta,entrenamiento,Alta aptitud para entrenamiento.,Usar como entrenamiento prioritario.,score_aptitud_total >= 85,40,Tierras Forestales,43,Manglares,430,Manglares,6,1,Manglar,Forestal,POINT (-85.26911398339848 10.133009054440626)
SRC10_CRI_2021_A1__XY__afa2315bfe91,-85.206049,10.19117,Costa Rica,xy_unico_en_subset,sin_conflicto,1,1,1,1,2021,2021,0,1,100.0,Costa Rica,10,"SINAC - Malla de Entrenamientos del Mapa de Bosques 2021, Costa Rica",nueva_fuente,SINAC SRC10 2021,Tierras Forestales,Manglares,Manglares,Tierras Forestales,Manglares,Manglares,1,1,1,0.0,0,1,10,"SINAC - Malla de Entrenamientos del Mapa de Bosques 2021, Costa Rica",nueva_fuente,85.0,85.0,100.0,85.0,85.0,85.0,0,0,0.0,1,94.75,derivado_a3_sin_conf_integrada,94.75,1,1,1,2,2,0.0,0.0,100.0,0.0,0.0,0.0,100.0,12.0,46.0,3.8333333333333335,11.25,0.2795200820186654,0.2778384735648589,0.3500337306900894,0.3448102287495904,0.2563246231425121,0.2575768527783185,media,45.0,800,suficiente,,,0.0,100.0,0,100.0,100.0,0,100.0,100.0,100.0,94.75,100.0,85.0,90.475,100.0,,90.475,entrenamiento_alta,entrenamiento,Alta aptitud para entrenamiento.,Usar como entrenamiento prioritario.,score_aptitud_total >= 85,40,Tierras Forestales,43,Manglares,430,Manglares,6,1,Manglar,Forestal,POINT (-85.20604890629939 10.191169619928722)
SRC10_CRI_2021_A1__XY__afdaf778778a,-85.453308,10.143631,Costa Rica,xy_unico_en_subset,sin_conflicto,1,1,1,1,2021,2021,0,1,100.0,Costa Rica,10,"SINAC - Malla de Entrenamientos del Mapa de Bosques 2021, Costa Rica",nueva_fuente,SINAC SRC10 2021,Artificializado y otra tierras,Urbano,Urbano,Artificializado y otra tierras,Urbano,Urbano,1,1,1,0.0,0,1,10,"SINAC - Malla de Entrenamientos del Mapa de Bosques 2021, Costa Rica",nueva_fuente,85.0,85.0,100.0,85.0,85.0,85.0,0,0,0.0,1,94.75,derivado_a3_sin_conf_integrada,94.75,1,1,1,2,2,0.0,0.0,100.0,0.0,0.0,0.0,100.0,10.0,19.0,1.5833333333333333,6.5,0.0001969748410652,-0.0202056832231249,0.0337651885120503,0.0086454540775733,-0.0099070565483918,-0.0227324224346199,media,45.0,5928,suficiente,,,0.0,100.0,0,100.0,100.0,0,100.0,100.0,100.0,94.75,100.0,85.0,90.475,100.0,,90.475,entrenamiento_alta,entrenamiento,Alta aptitud para entrenamiento.,Usar como entrenamiento prioritario.,score_aptitud_total >= 85,10,Artificializado y otra tierras,11,Urbano,110,Urbano,16,16,Edificaciones,Edificaciones,POINT (-85.45330783406149 10.143630934249826)
SRC10_CRI_2021_A1__XY__b0b7a4105c4d,-85.24153,10.090879,Costa Rica,xy_unico_en_subset,sin_conflicto,1,1,1,1,2021,2021,0,1,100.0,Costa Rica,10,"SINAC - Malla de Entrenamientos del Mapa de Bosques 2021, Costa Rica",nueva_fuente,SINAC SRC10 2021,Tierras Forestales,Manglares,Manglares,Tierras Forestales,Manglares,Manglares,1,1,1,0.0,0,1,10,"SINAC - Malla de Entrenamientos del Mapa de Bosques 2021, Costa Rica",nueva_fuente,85.0,85.0,100.0,85.0,85.0,85.0,0,0,0.0,1,94.75,derivado_a3_sin_conf_integrada,94.75,1,1,1,2,3,0.0,0.0,100.0,0.0,0.0,0.0,100.0,12.0,40.0,3.333333333333333,1.5,-0.1599099963456814,-0.1576374984929663,-0.2364941063214832,-0.2392706769298572,-0.3851513021998118,-0.4440423209438162,media,45.0,800,suficiente,,,0.0,100.0,0,100.0,100.0,0,100.0,100.0,100.0,94.75,100.0,85.0,90.475,100.0,,90.475,entrenamiento_alta,entrenamiento,Alta aptitud para entrenamiento.,Usar como entrenamiento prioritario.,score_aptitud_total >= 85,40,Tierras Forestales,43,Manglares,430,Manglares,6,1,Manglar,Forestal,POINT (-85.24152963432712 10.090879320064438)
SRC10_CRI_2021_A1__XY__b13989f645fc,-85.559784,10.478038,Costa Rica,xy_unico_en_subset,sin_conflicto,1,1,1,1,2021,2021,0,1,100.0,Costa Rica,10,"SINAC - Malla de Entrenamientos del Mapa de Bosques 2021, Costa Rica",nueva_fuente,SINAC SRC10 2021,Tierras Forestales,Bosque latifoliado y mixto,Latifoliado secundario húmedo,Tierras Forestales,Bosque latifoliado y mixto,Latifoliado secundario húmedo,1,1,1,0.0,0,1,10,"SINAC - Malla de Entrenamientos del Mapa de Bosques 2021, Costa Rica",nueva_fuente,85.0,85.0,100.0,85.0,85.0,85.0,0,0,0.0,1,94.75,derivado_a3_sin_conf_integrada,94.75,1,1,1,2,3,0.0,0.0,100.0,0.0,0.0,0.0,100.0,12.0,38.0,3.1666666666666665,4.5,-0.0583599398816505,-0.0492844063746636,-0.0983274497482294,-0.0492802292652549,-0.0829353052311461,-0.035911291091181,media,45.0,2519,suficiente,,,0.0,100.0,0,100.0,100.0,0,100.0,100.0,100.0,94.75,100.0,85.0,90.475,100.0,,90.475,entrenamiento_alta,entrenamiento,Alta aptitud para entrenamiento.,Usar como entrenamiento prioritario.,score_aptitud_total >= 85,40,Tierras Forestales,41,Bosque latifoliado y mixto,412,Latifoliado secundario húmedo,2,1,Bosque secundario,Forestal,POINT (-85.55978400375741 10.478037575401254)
SRC10_CRI_2021_A1__XY__b13bd2e01724,-85.337749,10.403029,Costa Rica,xy_unico_en_subset,sin_conflicto,1,1,1,1,2021,2021,0,1,100.0,Costa Rica,10,"SINAC - Malla de Entrenamientos del Mapa de Bosques 2021, Costa Rica",nueva_fuente,SINAC SRC10 2021,Tierras Forestales,Bosque latifoliado y mixto,Latifoliado secundario húmedo,Tierras Forestales,Bosque latifoliado y mixto,Latifoliado secundario húmedo,1,1,1,0.0,0,1,10,"SINAC - Malla de Entrenamientos del Mapa de Bosques 2021, Costa Rica",nueva_fuente,85.0,85.0,100.0,85.0,85.0,85.0,0,0,0.0,1,94.75,derivado_a3_sin_conf_integrada,94.75,1,1,1,2,3,0.0,0.0,100.0,0.0,0.0,0.0,100.0,12.0,43.0,3.583333333333333,1.25,0.6370247808359527,0.6667301190099145,0.6636967443681433,0.69361558958444,0.4398378490895525,0.4630002735287312,media,45.0,2519,suficiente,,,0.0,100.0,0,100.0,100.0,0,100.0,100.0,100.0,94.75,100.0,85.0,90.475,100.0,,90.475,entrenamiento_alta,entrenamiento,Alta aptitud para entrenamiento.,Usar como entrenamiento prioritario.,score_aptitud_total >= 85,40,Tierras Forestales,41,Bosque latifoliado y mixto,412,Latifoliado secundario húmedo,2,1,Bosque secundario,Forestal,POINT (-85.33774903499514 10.403029494104286)
SRC10_CRI_2021_A1__XY__b142a2e3ba5d,-85.250284,10.172903,Costa Rica,xy_unico_en_subset,sin_conflicto,1,1,1,1,2021,2021,0,1,100.0,Costa Rica,10,"SINAC - Malla de Entrenamientos del Mapa de Bosques 2021, Costa Rica",nueva_fuente,SINAC SRC10 2021,Tierras Forestales,Manglares,Manglares,Tierras Forestales,Manglares,Manglares,1,1,1,0.0,0,1,10,"SINAC - Malla de Entrenamientos del Mapa de Bosques 2021, Costa Rica",nueva_fuente,85.0,85.0,100.0,85.0,85.0,85.0,0,0,0.0,1,94.75,derivado_a3_sin_conf_integrada,94.75,1,1,1,2,3,0.0,0.0,100.0,0.0,0.0,0.0,100.0,12.0,43.0,3.583333333333333,5.5,0.3419641574257536,0.3094346863643048,0.4150746198046022,0.3873287968980656,0.172018958712416,0.1578877632704888,media,45.0,800,suficiente,,,0.0,100.0,0,100.0,100.0,0,100.0,100.0,100.0,94.75,100.0,85.0,90.475,100.0,,90.475,entrenamiento_alta,entrenamiento,Alta aptitud para entrenamiento.,Usar como entrenamiento prioritario.,score_aptitud_total >= 85,40,Tierras Forestales,43,Manglares,430,Manglares,6,1,Manglar,Forestal,POINT (-85.25028412130041 10.172902720745268)
SRC10_CRI_2021_A1__XY__b17b3b008302,-85.356765,10.406569,Costa Rica,xy_unico_en_subset,sin_conflicto,1,1,1,1,2021,2021,0,1,100.0,Costa Rica,10,"SINAC - Malla de Entrenamientos del Mapa de Bosques 2021, Costa Rica",nueva_fuente,SINAC SRC10 2021,Tierras Forestales,Bosque latifoliado y mixto,Latifoliado secundario húmedo,Tierras Forestales,Bosque latifoliado y mixto,Latifoliado secundario húmedo,1,1,1,0.0,0,1,10,"SINAC - Malla de Entrenamientos del Mapa de Bosques 2021, Costa Rica",nueva_fuente,85.0,85.0,100.0,85.0,85.0,85.0,0,0,0.0,1,94.75,derivado_a3_sin_conf_integrada,94.75,1,1,1,2,3,0.0,0.0,100.0,0.0,0.0,0.0,100.0,12.0,41.0,3.4166666666666665,1.0,0.6779807684836102,0.7089507282750626,0.7041244155403373,0.7281860399559859,0.4655337310081697,0.4783522238415296,media,45.0,2519,suficiente,,,0.0,100.0,0,100.0,100.0,0,100.0,100.0,100.0,94.75,100.0,85.0,90.475,100.0,,90.475,entrenamiento_alta,entrenamiento,Alta aptitud para entrenamiento.,Usar como entrenamiento prioritario.,score_aptitud_total >= 85,40,Tierras Forestales,41,Bosque latifoliado y mixto,412,Latifoliado secundario húmedo,2,1,Bosque secundario,Forestal,POINT (-85.35676463285476 10.40656947020331)
SRC10_CRI_2021_A1__XY__b1cc534a2d1b,-85.210332,10.208048,Costa Rica,xy_unico_en_subset,sin_conflicto,1,1,1,1,2021,2021,0,1,100.0,Costa Rica,10,"SINAC - Malla de Entrenamientos del Mapa de Bosques 2021, Costa Rica",nueva_fuente,SINAC SRC10 2021,Tierras Forestales,Manglares,Manglares,Tierras Forestales,Manglares,Manglares,1,1,1,0.0,0,1,10,"SINAC - Malla de Entrenamientos del Mapa de Bosques 2021, Costa Rica",nueva_fuente,85.0,85.0,100.0,85.0,85.0,85.0,0,0,0.0,1,94.75,derivado_a3_sin_conf_integrada,94.75,1,1,1,2,3,0.0,0.0,100.0,0.0,0.0,0.0,100.0,12.0,35.0,2.9166666666666665,2.75,-0.1463037122252193,-0.1594700598443966,-0.1579573567540231,-0.1674862799916214,-0.2742785938627563,-0.2997959228686453,media,45.0,800,suficiente,,,0.0,100.0,0,100.0,100.0,0,100.0,100.0,100.0,94.75,100.0,85.0,90.475,100.0,,90.475,entrenamiento_alta,entrenamiento,Alta aptitud para entrenamiento.,Usar como entrenamiento prioritario.,score_aptitud_total >= 85,40,Tierras Forestales,43,Manglares,430,Manglares,6,1,Manglar,Forestal,POINT (-85.21033234594198 10.208047932803849)
SRC10_CRI_2021_A1__XY__b3527edd094f,-85.52101,10.183149,Costa Rica,xy_unico_en_subset,sin_conflicto,1,1,1,1,2021,2021,0,1,100.0,Costa Rica,10,"SINAC - Malla de Entrenamientos del Mapa de Bosques 2021, Costa Rica",nueva_fuente,SINAC SRC10 2021,Tierras Forestales,Bosque latifoliado y mixto,Bosque seco o deciduo,Tierras Forestales,Bosque latifoliado y mixto,Bosque seco o deciduo,1,1,1,0.0,0,1,10,"SINAC - Malla de Entrenamientos del Mapa de Bosques 2021, Costa Rica",nueva_fuente,85.0,85.0,100.0,85.0,85.0,85.0,0,0,0.0,1,94.75,derivado_a3_sin_conf_integrada,94.75,1,1,1,2,2,0.0,0.0,100.0,0.0,0.0,0.0,100.0,12.0,30.0,2.5,1.25,0.73045621873047,0.7072957328891631,0.7509895273890314,0.7352910810974449,0.5165276087642888,0.5091830874374308,media,45.0,2519,suficiente,,,0.0,100.0,0,100.0,100.0,0,100.0,100.0,100.0,94.75,100.0,85.0,90.475,100.0,,90.475,entrenamiento_alta,entrenamiento,Alta aptitud para entrenamiento.,Usar como entrenamiento prioritario.,score_aptitud_total >= 85,40,Tierras Forestales,41,Bosque latifoliado y mixto,414,Bosque seco o deciduo,4,1,Bosque secundario deciduo,Forestal,POINT (-85.52101041061506 10.18314896379998)
SRC10_CRI_2021_A1__XY__b3ff4617d6e6,-85.318401,10.31985,Costa Rica,xy_unico_en_subset,sin_conflicto,1,1,1,1,2021,2021,0,1,100.0,Costa Rica,10,"SINAC - Malla de Entrenamientos del Mapa de Bosques 2021, Costa Rica",nueva_fuente,SINAC SRC10 2021,Tierras Forestales,Manglares,Manglares,Tierras Forestales,Manglares,Manglares,1,1,1,0.0,0,1,10,"SINAC - Malla de Entrenamientos del Mapa de Bosques 2021, Costa Rica",nueva_fuente,85.0,85.0,100.0,85.0,85.0,85.0,0,0,0.0,1,94.75,derivado_a3_sin_conf_integrada,94.75,1,1,1,2,2,0.0,0.0,100.0,0.0,0.0,0.0,100.0,12.0,37.0,3.083333333333333,5.0,0.4428538299557302,0.3887203422519729,0.4739608875574049,0.4298971373229978,0.3124011557819017,0.3036746207917128,media,45.0,800,suficiente,,,0.0,100.0,0,100.0,100.0,0,100.0,100.0,100.0,94.75,100.0,85.0,90.475,100.0,,90.475,entrenamiento_alta,entrenamiento,Alta aptitud para entrenamiento.,Usar como entrenamiento prioritario.,score_aptitud_total >= 85,40,Tierras Forestales,43,Manglares,430,Manglares,6,1,Manglar,Forestal,POINT (-85.31840073329563 10.319849723482658)
SRC10_CRI_2021_A1__XY__b4469707664c,-85.208218,10.206849,Costa Rica,xy_unico_en_subset,sin_conflicto,1,1,1,1,2021,2021,0,1,100.0,Costa Rica,10,"SINAC - Malla de Entrenamientos del Mapa de Bosques 2021, Costa Rica",nueva_fuente,SINAC SRC10 2021,Tierras Forestales,Manglares,Manglares,Tierras Forestales,Manglares,Manglares,1,1,1,0.0,0,1,10,"SINAC - Malla de Entrenamientos del Mapa de Bosques 2021, Costa Rica",nueva_fuente,85.0,85.0,100.0,85.0,85.0,85.0,0,0,0.0,1,94.75,derivado_a3_sin_conf_integrada,94.75,1,1,1,2,3,0.0,0.0,100.0,0.0,0.0,0.0,100.0,12.0,37.0,3.083333333333333,4.75,0.0618398746750179,0.0693529679433121,0.0777942497494954,0.0978110210379323,-0.0384277892198816,-0.0539995567315397,media,45.0,800,suficiente,,,0.0,100.0,0,100.0,100.0,0,100.0,100.0,100.0,94.75,100.0,85.0,90.475,100.0,,90.475,entrenamiento_alta,entrenamiento,Alta aptitud para entrenamiento.,Usar como entrenamiento prioritario.,score_aptitud_total >= 85,40,Tierras Forestales,43,Manglares,430,Manglares,6,1,Manglar,Forestal,POINT (-85.20821786907119 10.206849045015055)
SRC10_CRI_2021_A1__XY__b44fa8d25c1e,-85.2082,10.202022,Costa Rica,xy_unico_en_subset,sin_conflicto,1,1,1,1,2021,2021,0,1,100.0,Costa Rica,10,"SINAC - Malla de Entrenamientos del Mapa de Bosques 2021, Costa Rica",nueva_fuente,SINAC SRC10 2021,Tierras Forestales,Manglares,Manglares,Tierras Forestales,Manglares,Manglares,1,1,1,0.0,0,1,10,"SINAC - Malla de Entrenamientos del Mapa de Bosques 2021, Costa Rica",nueva_fuente,85.0,85.0,100.0,85.0,85.0,85.0,0,0,0.0,1,94.75,derivado_a3_sin_conf_integrada,94.75,1,1,1,2,3,0.0,0.0,100.0,0.0,0.0,0.0,100.0,12.0,42.0,3.5,3.75,-0.138168068355192,-0.0991414433807612,-0.192830448722153,-0.1698417345136786,-0.2829575004944867,-0.275363257296724,media,45.0,800,suficiente,,,0.0,100.0,0,100.0,100.0,0,100.0,100.0,100.0,94.75,100.0,85.0,90.475,100.0,,90.475,entrenamiento_alta,entrenamiento,Alta aptitud para entrenamiento.,Usar como entrenamiento prioritario.,score_aptitud_total >= 85,40,Tierras Forestales,43,Manglares,430,Manglares,6,1,Manglar,Forestal,POINT (-85.20819965909475 10.202022210038729)
SRC10_CRI_2021_A1__XY__b5d605115bae,-85.400792,10.337602,Costa Rica,conflicto_tematico_subset,conflicto_tematico,2,2,2,1,2021,2021,0,1,100.0,Costa Rica,10,"SINAC - Malla de Entrenamientos del Mapa de Bosques 2021, Costa Rica",nueva_fuente,SINAC SRC10 2021,Tierras Forestales,Bosque latifoliado y mixto,Latifoliado secundario húmedo,Tierras Forestales,Bosque latifoliado y mixto | Manglares,Latifoliado secundario húmedo | Manglares,1,2,2,0.0,0,1,10,"SINAC - Malla de Entrenamientos del Mapa de Bosques 2021, Costa Rica",nueva_fuente,85.0,85.0,100.0,85.0,85.0,85.0,0,0,0.0,1,54.75,derivado_a3_sin_conf_integrada,54.75,1,1,1,0,0,100.0,0.0,0.0,0.0,0.0,0.0,0.0,12.0,38.0,3.1666666666666665,3.5,0.7698593034650125,0.7989508081849197,0.7828737109760125,0.8126945518520858,0.5272257540534461,0.5641015774062826,sin_alerta,100.0,2519,suficiente,conflicto_tematico_xy,alta,100.0,0.0,1,0.0,100.0,0,100.0,40.0,54.0,54.75,100.0,85.0,65.525,100.0,,65.525,referencia_contextual,referencia_contextual,Aptitud contextual.,Usar como apoyo o referencia.,55 <= score_aptitud_total < 70,40,Tierras Forestales,41,Bosque latifoliado y mixto,412,Latifoliado secundario húmedo,2,1,Bosque secundario,Forestal,POINT (-85.40079184621084 10.337602219290622)
SRC10_CRI_2021_A1__XY__b5ebe94537c3,-85.41935,10.239785,Costa Rica,xy_unico_en_subset,sin_conflicto,1,1,1,1,2021,2021,0,1,100.0,Costa Rica,10,"SINAC - Malla de Entrenamientos del Mapa de Bosques 2021, Costa Rica",nueva_fuente,SINAC SRC10 2021,Tierras Forestales,Bosque latifoliado y mixto,Latifoliado secundario húmedo,Tierras Forestales,Bosque latifoliado y mixto,Latifoliado secundario húmedo,1,1,1,0.0,0,1,10,"SINAC - Malla de Entrenamientos del Mapa de Bosques 2021, Costa Rica",nueva_fuente,85.0,85.0,100.0,85.0,85.0,85.0,0,0,0.0,1,94.75,derivado_a3_sin_conf_integrada,94.75,1,1,1,2,2,0.0,0.0,100.0,0.0,0.0,0.0,100.0,12.0,39.0,3.25,1.0,0.7263132899666563,0.8075134516141833,0.7494919980918243,0.8258558327710694,0.4688755119513668,0.4945578011513636,media,45.0,2519,suficiente,,,0.0,100.0,0,100.0,100.0,0,100.0,100.0,100.0,94.75,100.0,85.0,90.475,100.0,,90.475,entrenamiento_alta,entrenamiento,Alta aptitud para entrenamiento.,Usar como entrenamiento prioritario.,score_aptitud_total >= 85,40,Tierras Forestales,41,Bosque latifoliado y mixto,412,Latifoliado secundario húmedo,2,1,Bosque secundario,Forestal,POINT (-85.41935046385133 10.239784526997399)
SRC10_CRI_2021_A1__XY__b647c560df64,-85.609825,10.354724,Costa Rica,conflicto_tematico_subset,conflicto_tematico,2,2,2,1,2021,2021,0,1,100.0,Costa Rica,10,"SINAC - Malla de Entrenamientos del Mapa de Bosques 2021, Costa Rica",nueva_fuente,SINAC SRC10 2021,Tierras Forestales,Bosque latifoliado y mixto,Latifoliado secundario húmedo,Tierras Forestales | Tierras de Cultivo y Pastos,Bosque latifoliado y mixto | Cultivos intensivos No-Arbóreos,Latifoliado secundario húmedo | Otros cultivos intensivos no arbóreos,2,2,2,0.0,0,1,10,"SINAC - Malla de Entrenamientos del Mapa de Bosques 2021, Costa Rica",nueva_fuente,85.0,85.0,100.0,85.0,85.0,85.0,0,0,0.0,1,54.75,derivado_a3_sin_conf_integrada,54.75,1,1,1,0,0,100.0,0.0,0.0,0.0,0.0,0.0,0.0,12.0,45.0,3.75,1.0,0.7726644354064044,0.7891582662523551,0.7804313823506281,0.8259373441662741,0.5670388724040685,0.6157892774008683,sin_alerta,100.0,2519,suficiente,conflicto_tematico_xy,alta,100.0,0.0,1,0.0,100.0,0,100.0,40.0,54.0,54.75,100.0,85.0,65.525,100.0,,65.525,referencia_contextual,referencia_contextual,Aptitud contextual.,Usar como apoyo o referencia.,55 <= score_aptitud_total < 70,40,Tierras Forestales,41,Bosque latifoliado y mixto,412,Latifoliado secundario húmedo,2,1,Bosque secundario,Forestal,POINT (-85.60982537344192 10.354723830946202)
SRC10_CRI_2021_A1__XY__b6c90cf7b57a,-85.455409,10.15279,Costa Rica,xy_unico_en_subset,sin_conflicto,1,1,1,1,2021,2021,0,1,100.0,Costa Rica,10,"SINAC - Malla de Entrenamientos del Mapa de Bosques 2021, Costa Rica",nueva_fuente,SINAC SRC10 2021,Artificializado y otra tierras,Urbano,Urbano,Artificializado y otra tierras,Urbano,Urbano,1,1,1,0.0,0,1,10,"SINAC - Malla de Entrenamientos del Mapa de Bosques 2021, Costa Rica",nueva_fuente,85.0,85.0,100.0,85.0,85.0,85.0,0,0,0.0,1,94.75,derivado_a3_sin_conf_integrada,94.75,1,1,1,2,2,0.0,0.0,100.0,0.0,0.0,0.0,100.0,11.0,34.0,2.833333333333333,5.5,0.0450854759145601,0.0393700787401575,0.0579553845122813,0.0554621848739496,0.0079586705295063,-0.0016168316318598,media,45.0,5928,suficiente,,,0.0,100.0,0,100.0,100.0,0,100.0,100.0,100.0,94.75,100.0,85.0,90.475,100.0,,90.475,entrenamiento_alta,entrenamiento,Alta aptitud para entrenamiento.,Usar como entrenamiento prioritario.,score_aptitud_total >= 85,10,Artificializado y otra tierras,11,Urbano,110,Urbano,16,16,Edificaciones,Edificaciones,POINT (-85.4554090571807 10.152789659705325)
SRC10_CRI_2021_A1__XY__b7a699d73fcb,-85.237321,10.093309,Costa Rica,xy_unico_en_subset,sin_conflicto,1,1,1,1,2021,2021,0,1,100.0,Costa Rica,10,"SINAC - Malla de Entrenamientos del Mapa de Bosques 2021, Costa Rica",nueva_fuente,SINAC SRC10 2021,Tierras Forestales,Manglares,Manglares,Tierras Forestales,Manglares,Manglares,1,1,1,0.0,0,1,10,"SINAC - Malla de Entrenamientos del Mapa de Bosques 2021, Costa Rica",nueva_fuente,85.0,85.0,100.0,85.0,85.0,85.0,0,0,0.0,1,94.75,derivado_a3_sin_conf_integrada,94.75,1,1,1,2,3,0.0,0.0,100.0,0.0,0.0,0.0,100.0,12.0,41.0,3.4166666666666665,2.0,-0.2537758373684963,-0.2875019905472376,-0.277989520574422,-0.251940063145968,-0.4133175372469751,-0.3904497961264015,media,45.0,800,suficiente,,,0.0,100.0,0,100.0,100.0,0,100.0,100.0,100.0,94.75,100.0,85.0,90.475,100.0,,90.475,entrenamiento_alta,entrenamiento,Alta aptitud para entrenamiento.,Usar como entrenamiento prioritario.,score_aptitud_total >= 85,40,Tierras Forestales,43,Manglares,430,Manglares,6,1,Manglar,Forestal,POINT (-85.23732059011746 10.093308576964874)
SRC10_CRI_2021_A1__XY__b7d191748442,-85.217539,10.43609,Costa Rica,xy_unico_en_subset,sin_conflicto,1,1,1,1,2021,2021,0,1,100.0,Costa Rica,10,"SINAC - Malla de Entrenamientos del Mapa de Bosques 2021, Costa Rica",nueva_fuente,SINAC SRC10 2021,Tierras de Cultivo y Pastos,"Cultivos extensivos, Pastizales y matorrales",Pastizales naturales y cultivados,Tierras de Cultivo y Pastos,"Cultivos extensivos, Pastizales y matorrales",Pastizales naturales y cultivados,1,1,1,0.0,0,1,10,"SINAC - Malla de Entrenamientos del Mapa de Bosques 2021, Costa Rica",nueva_fuente,85.0,85.0,100.0,85.0,85.0,85.0,0,0,0.0,1,94.75,derivado_a3_sin_conf_integrada,94.75,1,1,1,2,2,0.0,0.0,100.0,0.0,0.0,0.0,100.0,12.0,42.0,3.5,2.0,0.407681649765857,0.3303008452338223,0.4451421736031007,0.3816328251077872,0.3183816671350763,0.2798679772245604,media,45.0,1179,suficiente,,,0.0,100.0,0,100.0,100.0,0,100.0,100.0,100.0,94.75,100.0,85.0,90.475,100.0,,90.475,entrenamiento_alta,entrenamiento,Alta aptitud para entrenamiento.,Usar como entrenamiento prioritario.,score_aptitud_total >= 85,30,Tierras de Cultivo y Pastos,33,"Cultivos extensivos, Pastizales y matorrales",332,Pastizales naturales y cultivados,8,8,Pastos,Pastos,POINT (-85.21753906168377 10.436089936380338)
SRC10_CRI_2021_A1__XY__b8157d040396,-85.47656,10.417203,Costa Rica,xy_unico_en_subset,sin_conflicto,1,1,1,1,2021,2021,0,1,100.0,Costa Rica,10,"SINAC - Malla de Entrenamientos del Mapa de Bosques 2021, Costa Rica",nueva_fuente,SINAC SRC10 2021,Artificializado y otra tierras,Urbano,Urbano,Artificializado y otra tierras,Urbano,Urbano,1,1,1,0.0,0,1,10,"SINAC - Malla de Entrenamientos del Mapa de Bosques 2021, Costa Rica",nueva_fuente,85.0,85.0,100.0,85.0,85.0,85.0,0,0,0.0,1,94.75,derivado_a3_sin_conf_integrada,94.75,1,1,1,2,2,0.0,0.0,100.0,0.0,0.0,0.0,100.0,10.0,25.0,2.083333333333333,9.0,0.0066934356283433,0.0168126207194462,0.0577911681175524,0.0844824237048619,-0.009351314375123,-0.0086298561629663,media,45.0,5928,suficiente,,,0.0,100.0,0,100.0,100.0,0,100.0,100.0,100.0,94.75,100.0,85.0,90.475,100.0,,90.475,entrenamiento_alta,entrenamiento,Alta aptitud para entrenamiento.,Usar como entrenamiento prioritario.,score_aptitud_total >= 85,10,Artificializado y otra tierras,11,Urbano,110,Urbano,16,16,Edificaciones,Edificaciones,POINT (-85.47655950661033 10.417202929579188)
SRC10_CRI_2021_A1__XY__ba66293bef72,-85.560326,10.124757,Costa Rica,xy_unico_en_subset,sin_conflicto,1,1,1,1,2021,2021,0,1,100.0,Costa Rica,10,"SINAC - Malla de Entrenamientos del Mapa de Bosques 2021, Costa Rica",nueva_fuente,SINAC SRC10 2021,Tierras Forestales,Bosque latifoliado y mixto,Bosque seco o deciduo,Tierras Forestales,Bosque latifoliado y mixto,Bosque seco o deciduo,1,1,1,0.0,0,1,10,"SINAC - Malla de Entrenamientos del Mapa de Bosques 2021, Costa Rica",nueva_fuente,85.0,85.0,100.0,85.0,85.0,85.0,0,0,0.0,1,94.75,derivado_a3_sin_conf_integrada,94.75,1,1,1,2,2,0.0,0.0,100.0,0.0,0.0,0.0,100.0,12.0,31.0,2.583333333333333,5.75,0.6638161829546007,0.675836809389441,0.6894356937152767,0.6988944189354804,0.5030736932531129,0.5208735823962756,media,45.0,2519,suficiente,,,0.0,100.0,0,100.0,100.0,0,100.0,100.0,100.0,94.75,100.0,85.0,90.475,100.0,,90.475,entrenamiento_alta,entrenamiento,Alta aptitud para entrenamiento.,Usar como entrenamiento prioritario.,score_aptitud_total >= 85,40,Tierras Forestales,41,Bosque latifoliado y mixto,414,Bosque seco o deciduo,4,1,Bosque secundario deciduo,Forestal,POINT (-85.56032623450008 10.1247570247478)
SRC10_CRI_2021_A1__XY__bc0b98133f3d,-85.587042,10.407078,Costa Rica,xy_unico_en_subset,sin_conflicto,1,1,1,1,2021,2021,0,1,100.0,Costa Rica,10,"SINAC - Malla de Entrenamientos del Mapa de Bosques 2021, Costa Rica",nueva_fuente,SINAC SRC10 2021,Artificializado y otra tierras,Urbano,Urbano,Artificializado y otra tierras,Urbano,Urbano,1,1,1,0.0,0,1,10,"SINAC - Malla de Entrenamientos del Mapa de Bosques 2021, Costa Rica",nueva_fuente,85.0,85.0,100.0,85.0,85.0,85.0,0,0,0.0,1,94.75,derivado_a3_sin_conf_integrada,94.75,1,1,1,2,2,0.0,0.0,100.0,0.0,0.0,0.0,100.0,10.0,27.0,2.25,6.75,0.0040694021916564,0.0071200996934393,-0.0188892763114565,-0.0160080700621675,-0.008255588967584,-0.0104207712344756,media,45.0,5928,suficiente,,,0.0,100.0,0,100.0,100.0,0,100.0,100.0,100.0,94.75,100.0,85.0,90.475,100.0,,90.475,entrenamiento_alta,entrenamiento,Alta aptitud para entrenamiento.,Usar como entrenamiento prioritario.,score_aptitud_total >= 85,10,Artificializado y otra tierras,11,Urbano,110,Urbano,16,16,Edificaciones,Edificaciones,POINT (-85.58704182064952 10.407077914840476)
SRC10_CRI_2021_A1__XY__be607c5b63b7,-85.412061,10.486927,Costa Rica,xy_unico_en_subset,sin_conflicto,1,1,1,1,2021,2021,0,1,100.0,Costa Rica,10,"SINAC - Malla de Entrenamientos del Mapa de Bosques 2021, Costa Rica",nueva_fuente,SINAC SRC10 2021,Artificializado y otra tierras,Urbano,Urbano,Artificializado y otra tierras,Urbano,Urbano,1,1,1,0.0,0,1,10,"SINAC - Malla de Entrenamientos del Mapa de Bosques 2021, Costa Rica",nueva_fuente,85.0,85.0,100.0,85.0,85.0,85.0,0,0,0.0,1,94.75,derivado_a3_sin_conf_integrada,94.75,1,1,1,2,2,0.0,0.0,100.0,0.0,0.0,0.0,100.0,11.0,32.0,2.6666666666666665,14.0,-0.0233313322646195,-0.0143458473600337,-0.0341440451500439,-0.0241935483870967,-0.0394760578586493,-0.0380750925436277,media,45.0,5928,suficiente,,,0.0,100.0,0,100.0,100.0,0,100.0,100.0,100.0,94.75,100.0,85.0,90.475,100.0,,90.475,entrenamiento_alta,entrenamiento,Alta aptitud para entrenamiento.,Usar como entrenamiento prioritario.,score_aptitud_total >= 85,10,Artificializado y otra tierras,11,Urbano,110,Urbano,16,16,Edificaciones,Edificaciones,POINT (-85.41206142350045 10.486927166483067)
SRC10_CRI_2021_A1__XY__be8aa2c11914,-85.489198,10.286529,Costa Rica,xy_unico_en_subset,sin_conflicto,1,1,1,1,2021,2021,0,1,100.0,Costa Rica,10,"SINAC - Malla de Entrenamientos del Mapa de Bosques 2021, Costa Rica",nueva_fuente,SINAC SRC10 2021,Tierras Forestales,Bosque latifoliado y mixto,Latifoliado secundario húmedo,Tierras Forestales,Bosque latifoliado y mixto,Latifoliado secundario húmedo,1,1,1,0.0,0,1,10,"SINAC - Malla de Entrenamientos del Mapa de Bosques 2021, Costa Rica",nueva_fuente,85.0,85.0,100.0,85.0,85.0,85.0,0,0,0.0,1,94.75,derivado_a3_sin_conf_integrada,94.75,1,1,1,2,3,0.0,0.0,100.0,0.0,0.0,0.0,100.0,12.0,40.0,3.333333333333333,2.0,0.7078433697981518,0.7587143601985977,0.7291754664451804,0.7794050209855432,0.4930427270990136,0.5228853213237793,media,45.0,2519,suficiente,,,0.0,100.0,0,100.0,100.0,0,100.0,100.0,100.0,94.75,100.0,85.0,90.475,100.0,,90.475,entrenamiento_alta,entrenamiento,Alta aptitud para entrenamiento.,Usar como entrenamiento prioritario.,score_aptitud_total >= 85,40,Tierras Forestales,41,Bosque latifoliado y mixto,412,Latifoliado secundario húmedo,2,1,Bosque secundario,Forestal,POINT (-85.48919791943153 10.286529258368294)
SRC10_CRI_2021_A1__XY__bec0919a3088,-85.43777,10.530602,Costa Rica,xy_unico_en_subset,sin_conflicto,1,1,1,1,2021,2021,0,1,100.0,Costa Rica,10,"SINAC - Malla de Entrenamientos del Mapa de Bosques 2021, Costa Rica",nueva_fuente,SINAC SRC10 2021,Tierras Forestales,Bosque latifoliado y mixto,Bosque seco o deciduo,Tierras Forestales,Bosque latifoliado y mixto,Bosque seco o deciduo,1,1,1,0.0,0,1,10,"SINAC - Malla de Entrenamientos del Mapa de Bosques 2021, Costa Rica",nueva_fuente,85.0,85.0,100.0,85.0,85.0,85.0,0,0,0.0,1,94.75,derivado_a3_sin_conf_integrada,94.75,1,1,1,2,2,0.0,0.0,100.0,0.0,0.0,0.0,100.0,12.0,42.0,3.5,1.5,0.6674553598416971,0.6660370592489995,0.6929055445324024,0.6997230098715207,0.4652708887792267,0.4714062446845254,media,45.0,2519,suficiente,,,0.0,100.0,0,100.0,100.0,0,100.0,100.0,100.0,94.75,100.0,85.0,90.475,100.0,,90.475,entrenamiento_alta,entrenamiento,Alta aptitud para entrenamiento.,Usar como entrenamiento prioritario.,score_aptitud_total >= 85,40,Tierras Forestales,41,Bosque latifoliado y mixto,414,Bosque seco o deciduo,4,1,Bosque secundario deciduo,Forestal,POINT (-85.43776974342941 10.5306019527549)
SRC10_CRI_2021_A1__XY__beeaf23fe0d9,-85.245953,10.143958,Costa Rica,xy_unico_en_subset,sin_conflicto,1,1,1,1,2021,2021,0,1,100.0,Costa Rica,10,"SINAC - Malla de Entrenamientos del Mapa de Bosques 2021, Costa Rica",nueva_fuente,SINAC SRC10 2021,Tierras Forestales,Manglares,Manglares,Tierras Forestales,Manglares,Manglares,1,1,1,0.0,0,1,10,"SINAC - Malla de Entrenamientos del Mapa de Bosques 2021, Costa Rica",nueva_fuente,85.0,85.0,100.0,85.0,85.0,85.0,0,0,0.0,1,94.75,derivado_a3_sin_conf_integrada,94.75,1,1,1,2,3,0.0,0.0,100.0,0.0,0.0,0.0,100.0,12.0,44.0,3.6666666666666665,9.5,0.0826718470607472,0.0931484453103079,0.1211277931197051,0.1505300810028015,0.0382373814668389,0.0499905940331227,media,45.0,800,suficiente,,,0.0,100.0,0,100.0,100.0,0,100.0,100.0,100.0,94.75,100.0,85.0,90.475,100.0,,90.475,entrenamiento_alta,entrenamiento,Alta aptitud para entrenamiento.,Usar como entrenamiento prioritario.,score_aptitud_total >= 85,40,Tierras Forestales,43,Manglares,430,Manglares,6,1,Manglar,Forestal,POINT (-85.24595264103249 10.143958130960014)
SRC10_CRI_2021_A1__XY__bf14a2a833e0,-85.217286,10.370929,Costa Rica,xy_unico_en_subset,sin_conflicto,1,1,1,1,2021,2021,0,1,100.0,Costa Rica,10,"SINAC - Malla de Entrenamientos del Mapa de Bosques 2021, Costa Rica",nueva_fuente,SINAC SRC10 2021,Tierras húmedas y agua,Humedales,Humedales,Tierras húmedas y agua,Humedales,Humedales,1,1,1,0.0,0,1,10,"SINAC - Malla de Entrenamientos del Mapa de Bosques 2021, Costa Rica",nueva_fuente,85.0,85.0,100.0,85.0,85.0,85.0,0,0,0.0,1,94.75,derivado_a3_sin_conf_integrada,94.75,1,1,1,2,3,0.0,0.0,100.0,0.0,0.0,0.0,100.0,12.0,40.0,3.333333333333333,2.0,-0.3756518166984817,-0.3421621621621622,-0.3953875801748157,-0.3914027028399327,-0.3687903744577773,-0.3759310076676439,media,45.0,409,moderado,,,0.0,100.0,0,100.0,80.0,0,100.0,100.0,94.0,94.75,85.0,85.0,87.775,100.0,,87.775,entrenamiento_alta,entrenamiento,Alta aptitud para entrenamiento.,Usar como entrenamiento prioritario.,score_aptitud_total >= 85,20,Tierras húmedas y agua,22,Humedales,220,Humedales,11,11,Humedal Palustre,Humedal Palustre,POINT (-85.2172864177677 10.370928687416841)
SRC10_CRI_2021_A1__XY__c12d02d1ad3b,-85.252192,10.121007,Costa Rica,xy_unico_en_subset,sin_conflicto,1,1,1,1,2021,2021,0,1,100.0,Costa Rica,10,"SINAC - Malla de Entrenamientos del Mapa de Bosques 2021, Costa Rica",nueva_fuente,SINAC SRC10 2021,Tierras Forestales,Manglares,Manglares,Tierras Forestales,Manglares,Manglares,1,1,1,0.0,0,1,10,"SINAC - Malla de Entrenamientos del Mapa de Bosques 2021, Costa Rica",nueva_fuente,85.0,85.0,100.0,85.0,85.0,85.0,0,0,0.0,1,94.75,derivado_a3_sin_conf_integrada,94.75,1,1,1,2,2,0.0,0.0,100.0,0.0,0.0,0.0,100.0,12.0,39.0,3.25,6.25,0.2170793902595502,0.2239878162510404,0.3063572797043073,0.3245736397378188,0.2373865637178828,0.271871883963572,media,45.0,800,suficiente,,,0.0,100.0,0,100.0,100.0,0,100.0,100.0,100.0,94.75,100.0,85.0,90.475,100.0,,90.475,entrenamiento_alta,entrenamiento,Alta aptitud para entrenamiento.,Usar como entrenamiento prioritario.,score_aptitud_total >= 85,40,Tierras Forestales,43,Manglares,430,Manglares,6,1,Manglar,Forestal,POINT (-85.25219204921623 10.12100686068845)
SRC10_CRI_2021_A1__XY__c2a06d38ff7c,-85.557277,10.086786,Costa Rica,xy_unico_en_subset,sin_conflicto,1,1,1,1,2021,2021,0,1,100.0,Costa Rica,10,"SINAC - Malla de Entrenamientos del Mapa de Bosques 2021, Costa Rica",nueva_fuente,SINAC SRC10 2021,Tierras Forestales,Bosque latifoliado y mixto,Bosque seco o deciduo,Tierras Forestales,Bosque latifoliado y mixto,Bosque seco o deciduo,1,1,1,0.0,0,1,10,"SINAC - Malla de Entrenamientos del Mapa de Bosques 2021, Costa Rica",nueva_fuente,85.0,85.0,100.0,85.0,85.0,85.0,0,0,0.0,1,94.75,derivado_a3_sin_conf_integrada,94.75,1,1,1,2,2,0.0,0.0,100.0,0.0,0.0,0.0,100.0,12.0,36.0,3.0,2.5,0.7032105362414818,0.7094957179102803,0.7257539047709739,0.7336222222796993,0.52243711855438,0.5228581280880107,media,45.0,2519,suficiente,,,0.0,100.0,0,100.0,100.0,0,100.0,100.0,100.0,94.75,100.0,85.0,90.475,100.0,,90.475,entrenamiento_alta,entrenamiento,Alta aptitud para entrenamiento.,Usar como entrenamiento prioritario.,score_aptitud_total >= 85,40,Tierras Forestales,41,Bosque latifoliado y mixto,414,Bosque seco o deciduo,4,1,Bosque secundario deciduo,Forestal,POINT (-85.55727744475783 10.086785608790391)
SRC10_CRI_2021_A1__XY__c44463c6fb65,-85.233093,10.090911,Costa Rica,xy_unico_en_subset,sin_conflicto,1,1,1,1,2021,2021,0,1,100.0,Costa Rica,10,"SINAC - Malla de Entrenamientos del Mapa de Bosques 2021, Costa Rica",nueva_fuente,SINAC SRC10 2021,Tierras Forestales,Manglares,Manglares,Tierras Forestales,Manglares,Manglares,1,1,1,0.0,0,1,10,"SINAC - Malla de Entrenamientos del Mapa de Bosques 2021, Costa Rica",nueva_fuente,85.0,85.0,100.0,85.0,85.0,85.0,0,0,0.0,1,94.75,derivado_a3_sin_conf_integrada,94.75,1,1,1,2,3,0.0,0.0,100.0,0.0,0.0,0.0,100.0,12.0,43.0,3.583333333333333,2.0,-0.1467609260729822,-0.164654063039571,-0.0275554956989435,-0.0607609590662291,-0.170054354472014,-0.1922839594741175,media,45.0,800,suficiente,,,0.0,100.0,0,100.0,100.0,0,100.0,100.0,100.0,94.75,100.0,85.0,90.475,100.0,,90.475,entrenamiento_alta,entrenamiento,Alta aptitud para entrenamiento.,Usar como entrenamiento prioritario.,score_aptitud_total >= 85,40,Tierras Forestales,43,Manglares,430,Manglares,6,1,Manglar,Forestal,POINT (-85.2330930999735 10.090910964701266)
SRC10_CRI_2021_A1__XY__c4635461a47b,-85.260695,10.137868,Costa Rica,xy_unico_en_subset,sin_conflicto,1,1,1,1,2021,2021,0,1,100.0,Costa Rica,10,"SINAC - Malla de Entrenamientos del Mapa de Bosques 2021, Costa Rica",nueva_fuente,SINAC SRC10 2021,Tierras Forestales,Manglares,Manglares,Tierras Forestales,Manglares,Manglares,1,1,1,0.0,0,1,10,"SINAC - Malla de Entrenamientos del Mapa de Bosques 2021, Costa Rica",nueva_fuente,85.0,85.0,100.0,85.0,85.0,85.0,0,0,0.0,1,94.75,derivado_a3_sin_conf_integrada,94.75,1,1,1,2,3,0.0,0.0,100.0,0.0,0.0,0.0,100.0,11.0,32.0,2.6666666666666665,1.0,-0.4014313061880582,-0.491686460807601,-0.4081788071980568,-0.4503464203233256,-0.3850612101272166,-0.3602150537634409,media,45.0,800,suficiente,,,0.0,100.0,0,100.0,100.0,0,100.0,100.0,100.0,94.75,100.0,85.0,90.475,100.0,,90.475,entrenamiento_alta,entrenamiento,Alta aptitud para entrenamiento.,Usar como entrenamiento prioritario.,score_aptitud_total >= 85,40,Tierras Forestales,43,Manglares,430,Manglares,6,1,Manglar,Forestal,POINT (-85.26069530857222 10.137868297213851)
SRC10_CRI_2021_A1__XY__c4c3ecca57de,-85.496163,10.420428,Costa Rica,xy_unico_en_subset,sin_conflicto,1,1,1,1,2021,2021,0,1,100.0,Costa Rica,10,"SINAC - Malla de Entrenamientos del Mapa de Bosques 2021, Costa Rica",nueva_fuente,SINAC SRC10 2021,Tierras Forestales,Bosque latifoliado y mixto,Latifoliado secundario húmedo,Tierras Forestales,Bosque latifoliado y mixto,Latifoliado secundario húmedo,1,1,1,0.0,0,1,10,"SINAC - Malla de Entrenamientos del Mapa de Bosques 2021, Costa Rica",nueva_fuente,85.0,85.0,100.0,85.0,85.0,85.0,0,0,0.0,1,94.75,derivado_a3_sin_conf_integrada,94.75,1,1,1,2,3,0.0,0.0,100.0,0.0,0.0,0.0,100.0,12.0,34.0,2.833333333333333,10.0,0.0911611450395025,0.0631332552057144,0.1938904201372884,0.1619098186159079,0.15717708965675,0.1282978205218419,media,45.0,2519,suficiente,,,0.0,100.0,0,100.0,100.0,0,100.0,100.0,100.0,94.75,100.0,85.0,90.475,100.0,,90.475,entrenamiento_alta,entrenamiento,Alta aptitud para entrenamiento.,Usar como entrenamiento prioritario.,score_aptitud_total >= 85,40,Tierras Forestales,41,Bosque latifoliado y mixto,412,Latifoliado secundario húmedo,2,1,Bosque secundario,Forestal,POINT (-85.49616341537714 10.420427558001174)
SRC10_CRI_2021_A1__XY__c55d8281c35d,-85.74653,10.399721,Costa Rica,xy_unico_en_subset,sin_conflicto,1,1,1,1,2021,2021,0,1,100.0,Costa Rica,10,"SINAC - Malla de Entrenamientos del Mapa de Bosques 2021, Costa Rica",nueva_fuente,SINAC SRC10 2021,Tierras Forestales,Bosque latifoliado y mixto,Bosque seco o deciduo,Tierras Forestales,Bosque latifoliado y mixto,Bosque seco o deciduo,1,1,1,0.0,0,1,10,"SINAC - Malla de Entrenamientos del Mapa de Bosques 2021, Costa Rica",nueva_fuente,85.0,85.0,100.0,85.0,85.0,85.0,0,0,0.0,1,94.75,derivado_a3_sin_conf_integrada,94.75,1,1,1,2,3,0.0,0.0,100.0,0.0,0.0,0.0,100.0,12.0,40.0,3.333333333333333,1.0,0.6345689948193145,0.639876686117846,0.666207820259959,0.6733679892066186,0.4276075944583093,0.4021388629325648,media,45.0,2519,suficiente,,,0.0,100.0,0,100.0,100.0,0,100.0,100.0,100.0,94.75,100.0,85.0,90.475,100.0,,90.475,entrenamiento_alta,entrenamiento,Alta aptitud para entrenamiento.,Usar como entrenamiento prioritario.,score_aptitud_total >= 85,40,Tierras Forestales,41,Bosque latifoliado y mixto,414,Bosque seco o deciduo,4,1,Bosque secundario deciduo,Forestal,POINT (-85.74652986350549 10.399721124498168)
SRC10_CRI_2021_A1__XY__c72bd783a40c,-85.235188,10.087283,Costa Rica,xy_unico_en_subset,sin_conflicto,1,1,1,1,2021,2021,0,1,100.0,Costa Rica,10,"SINAC - Malla de Entrenamientos del Mapa de Bosques 2021, Costa Rica",nueva_fuente,SINAC SRC10 2021,Tierras Forestales,Manglares,Manglares,Tierras Forestales,Manglares,Manglares,1,1,1,0.0,0,1,10,"SINAC - Malla de Entrenamientos del Mapa de Bosques 2021, Costa Rica",nueva_fuente,85.0,85.0,100.0,85.0,85.0,85.0,0,0,0.0,1,94.75,derivado_a3_sin_conf_integrada,94.75,1,1,1,2,3,0.0,0.0,100.0,0.0,0.0,0.0,100.0,12.0,42.0,3.5,3.5,-0.0424029923649701,-0.0322685761623071,0.0344753008990072,0.0613497193045087,-0.1355872857931458,-0.1414249379507187,media,45.0,800,suficiente,,,0.0,100.0,0,100.0,100.0,0,100.0,100.0,100.0,94.75,100.0,85.0,90.475,100.0,,90.475,entrenamiento_alta,entrenamiento,Alta aptitud para entrenamiento.,Usar como entrenamiento prioritario.,score_aptitud_total >= 85,40,Tierras Forestales,43,Manglares,430,Manglares,6,1,Manglar,Forestal,POINT (-85.23518843482925 10.087282958735166)
SRC10_CRI_2021_A1__XY__c7a56db466bf,-85.193758,10.516881,Costa Rica,xy_unico_en_subset,sin_conflicto,1,1,1,1,2021,2021,0,1,100.0,Costa Rica,10,"SINAC - Malla de Entrenamientos del Mapa de Bosques 2021, Costa Rica",nueva_fuente,SINAC SRC10 2021,Tierras Forestales,Bosque latifoliado y mixto,Bosque seco o deciduo,Tierras Forestales,Bosque latifoliado y mixto,Bosque seco o deciduo,1,1,1,0.0,0,1,10,"SINAC - Malla de Entrenamientos del Mapa de Bosques 2021, Costa Rica",nueva_fuente,85.0,85.0,100.0,85.0,85.0,85.0,0,0,0.0,1,94.75,derivado_a3_sin_conf_integrada,94.75,1,1,1,2,2,0.0,0.0,100.0,0.0,0.0,0.0,100.0,11.0,31.0,2.583333333333333,1.0,0.6939301496071886,0.7040624159268227,0.7164798935561735,0.7182497331910352,0.4765671119561119,0.5063894110665903,media,45.0,2519,suficiente,,,0.0,100.0,0,100.0,100.0,0,100.0,100.0,100.0,94.75,100.0,85.0,90.475,100.0,,90.475,entrenamiento_alta,entrenamiento,Alta aptitud para entrenamiento.,Usar como entrenamiento prioritario.,score_aptitud_total >= 85,40,Tierras Forestales,41,Bosque latifoliado y mixto,414,Bosque seco o deciduo,4,1,Bosque secundario deciduo,Forestal,POINT (-85.19375790196226 10.516880855512987)
SRC10_CRI_2021_A1__XY__c7dd833b8961,-85.292428,10.160672,Costa Rica,xy_unico_en_subset,sin_conflicto,1,1,1,1,2021,2021,0,1,100.0,Costa Rica,10,"SINAC - Malla de Entrenamientos del Mapa de Bosques 2021, Costa Rica",nueva_fuente,SINAC SRC10 2021,Tierras Forestales,Bosque latifoliado y mixto,Latifoliado secundario húmedo,Tierras Forestales,Bosque latifoliado y mixto,Latifoliado secundario húmedo,1,1,1,0.0,0,1,10,"SINAC - Malla de Entrenamientos del Mapa de Bosques 2021, Costa Rica",nueva_fuente,85.0,85.0,100.0,85.0,85.0,85.0,0,0,0.0,1,94.75,derivado_a3_sin_conf_integrada,94.75,1,1,1,2,2,0.0,0.0,100.0,0.0,0.0,0.0,100.0,12.0,37.0,3.083333333333333,1.0,0.7948833177431055,0.7613891724225516,0.8096121858863835,0.7901605431268697,0.5633750356841131,0.5502899565285763,media,45.0,2519,suficiente,,,0.0,100.0,0,100.0,100.0,0,100.0,100.0,100.0,94.75,100.0,85.0,90.475,100.0,,90.475,entrenamiento_alta,entrenamiento,Alta aptitud para entrenamiento.,Usar como entrenamiento prioritario.,score_aptitud_total >= 85,40,Tierras Forestales,41,Bosque latifoliado y mixto,412,Latifoliado secundario húmedo,2,1,Bosque secundario,Forestal,POINT (-85.29242843515928 10.160672112023011)
SRC10_CRI_2021_A1__XY__c8b69cb9a328,-85.199751,10.19964,Costa Rica,xy_unico_en_subset,sin_conflicto,1,1,1,1,2021,2021,0,1,100.0,Costa Rica,10,"SINAC - Malla de Entrenamientos del Mapa de Bosques 2021, Costa Rica",nueva_fuente,SINAC SRC10 2021,Tierras Forestales,Manglares,Manglares,Tierras Forestales,Manglares,Manglares,1,1,1,0.0,0,1,10,"SINAC - Malla de Entrenamientos del Mapa de Bosques 2021, Costa Rica",nueva_fuente,85.0,85.0,100.0,85.0,85.0,85.0,0,0,0.0,1,94.75,derivado_a3_sin_conf_integrada,94.75,1,1,1,2,2,0.0,0.0,100.0,0.0,0.0,0.0,100.0,12.0,40.0,3.333333333333333,6.75,0.3800986488222796,0.3872246975440715,0.433230089151583,0.4384589352862039,0.274693695416224,0.27730840731858,media,45.0,800,suficiente,,,0.0,100.0,0,100.0,100.0,0,100.0,100.0,100.0,94.75,100.0,85.0,90.475,100.0,,90.475,entrenamiento_alta,entrenamiento,Alta aptitud para entrenamiento.,Usar como entrenamiento prioritario.,score_aptitud_total >= 85,40,Tierras Forestales,43,Manglares,430,Manglares,6,1,Manglar,Forestal,POINT (-85.19975107110115 10.199639912270047)
SRC10_CRI_2021_A1__XY__c8f8b7ca2de5,-85.208191,10.199609,Costa Rica,xy_unico_en_subset,sin_conflicto,1,1,1,1,2021,2021,0,1,100.0,Costa Rica,10,"SINAC - Malla de Entrenamientos del Mapa de Bosques 2021, Costa Rica",nueva_fuente,SINAC SRC10 2021,Tierras Forestales,Manglares,Manglares,Tierras Forestales,Manglares,Manglares,1,1,1,0.0,0,1,10,"SINAC - Malla de Entrenamientos del Mapa de Bosques 2021, Costa Rica",nueva_fuente,85.0,85.0,100.0,85.0,85.0,85.0,0,0,0.0,1,94.75,derivado_a3_sin_conf_integrada,94.75,1,1,1,2,2,0.0,0.0,100.0,0.0,0.0,0.0,100.0,12.0,40.0,3.333333333333333,5.25,0.4406392805857124,0.417233944123035,0.4235086265927655,0.4130395072359816,0.2447594444486097,0.2351100007850129,media,45.0,800,suficiente,,,0.0,100.0,0,100.0,100.0,0,100.0,100.0,100.0,94.75,100.0,85.0,90.475,100.0,,90.475,entrenamiento_alta,entrenamiento,Alta aptitud para entrenamiento.,Usar como entrenamiento prioritario.,score_aptitud_total >= 85,40,Tierras Forestales,43,Manglares,430,Manglares,6,1,Manglar,Forestal,POINT (-85.20819055750738 10.1996087920045)
SRC10_CRI_2021_A1__XY__ca2979b10409,-85.225143,10.218853,Costa Rica,xy_unico_en_subset,sin_conflicto,1,1,1,1,2021,2021,0,1,100.0,Costa Rica,10,"SINAC - Malla de Entrenamientos del Mapa de Bosques 2021, Costa Rica",nueva_fuente,SINAC SRC10 2021,Tierras Forestales,Manglares,Manglares,Tierras Forestales,Manglares,Manglares,1,1,1,0.0,0,1,10,"SINAC - Malla de Entrenamientos del Mapa de Bosques 2021, Costa Rica",nueva_fuente,85.0,85.0,100.0,85.0,85.0,85.0,0,0,0.0,1,94.75,derivado_a3_sin_conf_integrada,94.75,1,1,1,2,2,0.0,0.0,100.0,0.0,0.0,0.0,100.0,12.0,41.0,3.4166666666666665,7.75,0.341297325009868,0.3425169446052211,0.3932780612703161,0.3808917964146345,0.262338848699535,0.2588883919188294,media,45.0,800,suficiente,,,0.0,100.0,0,100.0,100.0,0,100.0,100.0,100.0,94.75,100.0,85.0,90.475,100.0,,90.475,entrenamiento_alta,entrenamiento,Alta aptitud para entrenamiento.,Usar como entrenamiento prioritario.,score_aptitud_total >= 85,40,Tierras Forestales,43,Manglares,430,Manglares,6,1,Manglar,Forestal,POINT (-85.22514334196742 10.218853110155493)
SRC10_CRI_2021_A1__XY__caa8755443cb,-85.254409,10.148753,Costa Rica,xy_unico_en_subset,sin_conflicto,1,1,1,1,2021,2021,0,1,100.0,Costa Rica,10,"SINAC - Malla de Entrenamientos del Mapa de Bosques 2021, Costa Rica",nueva_fuente,SINAC SRC10 2021,Tierras Forestales,Manglares,Manglares,Tierras Forestales,Manglares,Manglares,1,1,1,0.0,0,1,10,"SINAC - Malla de Entrenamientos del Mapa de Bosques 2021, Costa Rica",nueva_fuente,85.0,85.0,100.0,85.0,85.0,85.0,0,0,0.0,1,94.75,derivado_a3_sin_conf_integrada,94.75,1,1,1,2,3,0.0,0.0,100.0,0.0,0.0,0.0,100.0,12.0,41.0,3.4166666666666665,6.0,0.0033837646079279,0.0154992321307063,0.0741333083809039,0.0773687128524612,-0.0100717481888348,0.0038794084541126,media,45.0,800,suficiente,,,0.0,100.0,0,100.0,100.0,0,100.0,100.0,100.0,94.75,100.0,85.0,90.475,100.0,,90.475,entrenamiento_alta,entrenamiento,Alta aptitud para entrenamiento.,Usar como entrenamiento prioritario.,score_aptitud_total >= 85,40,Tierras Forestales,43,Manglares,430,Manglares,6,1,Manglar,Forestal,POINT (-85.25440931489138 10.148752759252321)
SRC10_CRI_2021_A1__XY__cbe3bb18c1fd,-85.290873,10.495393,Costa Rica,xy_unico_en_subset,sin_conflicto,1,1,1,1,2021,2021,0,1,100.0,Costa Rica,10,"SINAC - Malla de Entrenamientos del Mapa de Bosques 2021, Costa Rica",nueva_fuente,SINAC SRC10 2021,Tierras Forestales,Bosque latifoliado y mixto,Bosque seco o deciduo,Tierras Forestales,Bosque latifoliado y mixto,Bosque seco o deciduo,1,1,1,0.0,0,1,10,"SINAC - Malla de Entrenamientos del Mapa de Bosques 2021, Costa Rica",nueva_fuente,85.0,85.0,100.0,85.0,85.0,85.0,0,0,0.0,1,94.75,derivado_a3_sin_conf_integrada,94.75,1,1,1,2,3,0.0,0.0,100.0,0.0,0.0,0.0,100.0,12.0,40.0,3.333333333333333,1.0,0.622124807835888,0.6690588132563067,0.6531099680760379,0.7000496073516044,0.4416541850060322,0.4640950863620415,media,45.0,2519,suficiente,,,0.0,100.0,0,100.0,100.0,0,100.0,100.0,100.0,94.75,100.0,85.0,90.475,100.0,,90.475,entrenamiento_alta,entrenamiento,Alta aptitud para entrenamiento.,Usar como entrenamiento prioritario.,score_aptitud_total >= 85,40,Tierras Forestales,41,Bosque latifoliado y mixto,414,Bosque seco o deciduo,4,1,Bosque secundario deciduo,Forestal,POINT (-85.29087340994273 10.495393167209398)
SRC10_CRI_2021_A1__XY__cd20bd0dc3bb,-85.527146,10.279113,Costa Rica,xy_unico_en_subset,sin_conflicto,1,1,1,1,2021,2021,0,1,100.0,Costa Rica,10,"SINAC - Malla de Entrenamientos del Mapa de Bosques 2021, Costa Rica",nueva_fuente,SINAC SRC10 2021,Tierras Forestales,Bosque latifoliado y mixto,Latifoliado secundario húmedo,Tierras Forestales,Bosque latifoliado y mixto,Latifoliado secundario húmedo,1,1,1,0.0,0,1,10,"SINAC - Malla de Entrenamientos del Mapa de Bosques 2021, Costa Rica",nueva_fuente,85.0,85.0,100.0,85.0,85.0,85.0,0,0,0.0,1,94.75,derivado_a3_sin_conf_integrada,94.75,1,1,1,2,2,0.0,0.0,100.0,0.0,0.0,0.0,100.0,12.0,42.0,3.5,4.0,0.7037212073392681,0.7341774137762451,0.7281569649537528,0.7584034142705491,0.5012413225355994,0.538511794942993,media,45.0,2519,suficiente,,,0.0,100.0,0,100.0,100.0,0,100.0,100.0,100.0,94.75,100.0,85.0,90.475,100.0,,90.475,entrenamiento_alta,entrenamiento,Alta aptitud para entrenamiento.,Usar como entrenamiento prioritario.,score_aptitud_total >= 85,40,Tierras Forestales,41,Bosque latifoliado y mixto,412,Latifoliado secundario húmedo,2,1,Bosque secundario,Forestal,POINT (-85.52714634228684 10.279113121419405)
SRC10_CRI_2021_A1__XY__cd828b6703b4,-85.206112,10.208064,Costa Rica,xy_unico_en_subset,sin_conflicto,1,1,1,1,2021,2021,0,1,100.0,Costa Rica,10,"SINAC - Malla de Entrenamientos del Mapa de Bosques 2021, Costa Rica",nueva_fuente,SINAC SRC10 2021,Tierras Forestales,Manglares,Manglares,Tierras Forestales,Manglares,Manglares,1,1,1,0.0,0,1,10,"SINAC - Malla de Entrenamientos del Mapa de Bosques 2021, Costa Rica",nueva_fuente,85.0,85.0,100.0,85.0,85.0,85.0,0,0,0.0,1,94.75,derivado_a3_sin_conf_integrada,94.75,1,1,1,2,3,0.0,0.0,100.0,0.0,0.0,0.0,100.0,12.0,40.0,3.333333333333333,8.5,0.2337567844323184,0.2498263837806777,0.2939013125461397,0.303020856572479,0.1431622997104906,0.1518068940812412,media,45.0,800,suficiente,,,0.0,100.0,0,100.0,100.0,0,100.0,100.0,100.0,94.75,100.0,85.0,90.475,100.0,,90.475,entrenamiento_alta,entrenamiento,Alta aptitud para entrenamiento.,Usar como entrenamiento prioritario.,score_aptitud_total >= 85,40,Tierras Forestales,43,Manglares,430,Manglares,6,1,Manglar,Forestal,POINT (-85.20611249832223 10.208063560624684)
SRC10_CRI_2021_A1__XY__ce9afb7dac66,-85.477576,10.41942,Costa Rica,xy_unico_en_subset,sin_conflicto,1,1,1,1,2021,2021,0,1,100.0,Costa Rica,10,"SINAC - Malla de Entrenamientos del Mapa de Bosques 2021, Costa Rica",nueva_fuente,SINAC SRC10 2021,Artificializado y otra tierras,Urbano,Urbano,Artificializado y otra tierras,Urbano,Urbano,1,1,1,0.0,0,1,10,"SINAC - Malla de Entrenamientos del Mapa de Bosques 2021, Costa Rica",nueva_fuente,85.0,85.0,100.0,85.0,85.0,85.0,0,0,0.0,1,94.75,derivado_a3_sin_conf_integrada,94.75,1,1,1,2,2,0.0,0.0,100.0,0.0,0.0,0.0,100.0,8.0,14.0,1.1666666666666667,4.0,0.0007808259469978,-0.0096319230949983,0.021902296556087,0.0098209855546645,0.0057045973793494,-0.0067242373265162,media,45.0,5928,suficiente,,,0.0,100.0,0,100.0,100.0,0,100.0,100.0,100.0,94.75,100.0,85.0,90.475,100.0,,90.475,entrenamiento_alta,entrenamiento,Alta aptitud para entrenamiento.,Usar como entrenamiento prioritario.,score_aptitud_total >= 85,10,Artificializado y otra tierras,11,Urbano,110,Urbano,16,16,Edificaciones,Edificaciones,POINT (-85.47757598170948 10.419419735426917)
SRC10_CRI_2021_A1__XY__ce9d07438d1c,-85.203664,10.117568,Costa Rica,xy_unico_en_subset,sin_conflicto,1,1,1,1,2021,2021,0,1,100.0,Costa Rica,10,"SINAC - Malla de Entrenamientos del Mapa de Bosques 2021, Costa Rica",nueva_fuente,SINAC SRC10 2021,Tierras húmedas y agua,Cuerpos de Agua,Cuerpos de Agua,Tierras húmedas y agua,Cuerpos de Agua,Cuerpos de Agua,1,1,1,0.0,0,1,10,"SINAC - Malla de Entrenamientos del Mapa de Bosques 2021, Costa Rica",nueva_fuente,85.0,85.0,100.0,85.0,85.0,85.0,0,0,0.0,1,94.75,derivado_a3_sin_conf_integrada,94.75,1,1,1,2,3,0.0,0.0,100.0,0.0,0.0,0.0,100.0,11.0,39.0,3.25,0.0,-0.3296942074796956,-0.3248127572479251,-0.3907972883227315,-0.4093569726903454,-0.408186787524713,-0.4282047515282096,media,45.0,150,moderado,,,0.0,100.0,0,100.0,80.0,0,100.0,100.0,94.0,94.75,85.0,85.0,87.775,100.0,,87.775,entrenamiento_alta,entrenamiento,Alta aptitud para entrenamiento.,Usar como entrenamiento prioritario.,score_aptitud_total >= 85,20,Tierras húmedas y agua,21,Cuerpos de Agua,210,Cuerpos de Agua,10,10,Agua,Agua,POINT (-85.20366378733969 10.11756782229586)
SRC10_CRI_2021_A1__XY__cea2f9428033,-85.28765,10.540795,Costa Rica,xy_unico_en_subset,sin_conflicto,1,1,1,1,2021,2021,0,1,100.0,Costa Rica,10,"SINAC - Malla de Entrenamientos del Mapa de Bosques 2021, Costa Rica",nueva_fuente,SINAC SRC10 2021,Tierras Forestales,Bosque latifoliado y mixto,Latifoliado secundario húmedo,Tierras Forestales,Bosque latifoliado y mixto,Latifoliado secundario húmedo,1,1,1,0.0,0,1,10,"SINAC - Malla de Entrenamientos del Mapa de Bosques 2021, Costa Rica",nueva_fuente,85.0,85.0,100.0,85.0,85.0,85.0,0,0,0.0,1,94.75,derivado_a3_sin_conf_integrada,94.75,1,1,1,2,3,0.0,0.0,100.0,0.0,0.0,0.0,100.0,12.0,41.0,3.4166666666666665,1.0,0.7264859161191874,0.7466361237716672,0.7548337633732168,0.775668767319706,0.5174552221116022,0.5300148806052174,media,45.0,2519,suficiente,,,0.0,100.0,0,100.0,100.0,0,100.0,100.0,100.0,94.75,100.0,85.0,90.475,100.0,,90.475,entrenamiento_alta,entrenamiento,Alta aptitud para entrenamiento.,Usar como entrenamiento prioritario.,score_aptitud_total >= 85,40,Tierras Forestales,41,Bosque latifoliado y mixto,412,Latifoliado secundario húmedo,2,1,Bosque secundario,Forestal,POINT (-85.28764954003321 10.540795393928843)
SRC10_CRI_2021_A1__XY__cf1d1e45e233,-85.22301,10.212828,Costa Rica,xy_unico_en_subset,sin_conflicto,1,1,1,1,2021,2021,0,1,100.0,Costa Rica,10,"SINAC - Malla de Entrenamientos del Mapa de Bosques 2021, Costa Rica",nueva_fuente,SINAC SRC10 2021,Tierras Forestales,Manglares,Manglares,Tierras Forestales,Manglares,Manglares,1,1,1,0.0,0,1,10,"SINAC - Malla de Entrenamientos del Mapa de Bosques 2021, Costa Rica",nueva_fuente,85.0,85.0,100.0,85.0,85.0,85.0,0,0,0.0,1,94.75,derivado_a3_sin_conf_integrada,94.75,1,1,1,2,3,0.0,0.0,100.0,0.0,0.0,0.0,100.0,12.0,41.0,3.4166666666666665,3.75,0.1546472167754892,0.1541781875817069,0.2420833420285484,0.2420371612001172,0.0411049004626915,0.0697396160350886,media,45.0,800,suficiente,,,0.0,100.0,0,100.0,100.0,0,100.0,100.0,100.0,94.75,100.0,85.0,90.475,100.0,,90.475,entrenamiento_alta,entrenamiento,Alta aptitud para entrenamiento.,Usar como entrenamiento prioritario.,score_aptitud_total >= 85,40,Tierras Forestales,43,Manglares,430,Manglares,6,1,Manglar,Forestal,POINT (-85.22301029169068 10.21282752871653)
SRC10_CRI_2021_A1__XY__cfbfc66f4401,-85.760816,10.180206,Costa Rica,conflicto_tematico_subset,conflicto_tematico,2,2,2,1,2021,2021,0,1,100.0,Costa Rica,10,"SINAC - Malla de Entrenamientos del Mapa de Bosques 2021, Costa Rica",nueva_fuente,SINAC SRC10 2021,Tierras Forestales,Bosque latifoliado y mixto,Latifoliado secundario húmedo,Tierras Forestales | Tierras de Cultivo y Pastos,Bosque latifoliado y mixto | Cultivos intensivos No-Arbóreos,Latifoliado secundario húmedo | Otros cultivos intensivos no arbóreos,2,2,2,0.0,0,1,10,"SINAC - Malla de Entrenamientos del Mapa de Bosques 2021, Costa Rica",nueva_fuente,85.0,85.0,100.0,85.0,85.0,85.0,0,0,0.0,1,54.75,derivado_a3_sin_conf_integrada,54.75,1,1,1,0,0,100.0,0.0,0.0,0.0,0.0,0.0,0.0,12.0,43.0,3.583333333333333,1.5,0.8347110292554499,0.8549580963027485,0.8463895601599699,0.8638572175893073,0.5984848418975178,0.6081517587548921,sin_alerta,100.0,2519,suficiente,conflicto_tematico_xy,alta,100.0,0.0,1,0.0,100.0,0,100.0,40.0,54.0,54.75,100.0,85.0,65.525,100.0,,65.525,referencia_contextual,referencia_contextual,Aptitud contextual.,Usar como apoyo o referencia.,55 <= score_aptitud_total < 70,40,Tierras Forestales,41,Bosque latifoliado y mixto,412,Latifoliado secundario húmedo,2,1,Bosque secundario,Forestal,POINT (-85.76081604967958 10.180206190870999)
SRC10_CRI_2021_A1__XY__cfe7bc2e1fce,-85.212392,10.194766,Costa Rica,xy_unico_en_subset,sin_conflicto,1,1,1,1,2021,2021,0,1,100.0,Costa Rica,10,"SINAC - Malla de Entrenamientos del Mapa de Bosques 2021, Costa Rica",nueva_fuente,SINAC SRC10 2021,Tierras Forestales,Manglares,Manglares,Tierras Forestales,Manglares,Manglares,1,1,1,0.0,0,1,10,"SINAC - Malla de Entrenamientos del Mapa de Bosques 2021, Costa Rica",nueva_fuente,85.0,85.0,100.0,85.0,85.0,85.0,0,0,0.0,1,94.75,derivado_a3_sin_conf_integrada,94.75,1,1,1,2,3,0.0,0.0,100.0,0.0,0.0,0.0,100.0,12.0,42.0,3.5,16.0,0.1964680562007366,0.1935670236852693,0.2473093062084388,0.2504766172158853,0.1708860155310781,0.1731083898963213,media,45.0,800,suficiente,,,0.0,100.0,0,100.0,100.0,0,100.0,100.0,100.0,94.75,100.0,85.0,90.475,100.0,,90.475,entrenamiento_alta,entrenamiento,Alta aptitud para entrenamiento.,Usar como entrenamiento prioritario.,score_aptitud_total >= 85,40,Tierras Forestales,43,Manglares,430,Manglares,6,1,Manglar,Forestal,POINT (-85.21239203064596 10.194766320526236)
SRC10_CRI_2021_A1__XY__cfeb1c7538ec,-85.590702,10.137386,Costa Rica,xy_unico_en_subset,sin_conflicto,1,1,1,1,2021,2021,0,1,100.0,Costa Rica,10,"SINAC - Malla de Entrenamientos del Mapa de Bosques 2021, Costa Rica",nueva_fuente,SINAC SRC10 2021,Tierras Forestales,Bosque latifoliado y mixto,Bosque seco o deciduo,Tierras Forestales,Bosque latifoliado y mixto,Bosque seco o deciduo,1,1,1,0.0,0,1,10,"SINAC - Malla de Entrenamientos del Mapa de Bosques 2021, Costa Rica",nueva_fuente,85.0,85.0,100.0,85.0,85.0,85.0,0,0,0.0,1,94.75,derivado_a3_sin_conf_integrada,94.75,1,1,1,2,2,0.0,0.0,100.0,0.0,0.0,0.0,100.0,9.0,23.0,1.9166666666666667,1.0,0.7258088618730109,0.7091697941389961,0.7491887694925387,0.7342593493612837,0.4999276308096905,0.5185185185185185,media,45.0,2519,suficiente,,,0.0,100.0,0,100.0,100.0,0,100.0,100.0,100.0,94.75,100.0,85.0,90.475,100.0,,90.475,entrenamiento_alta,entrenamiento,Alta aptitud para entrenamiento.,Usar como entrenamiento prioritario.,score_aptitud_total >= 85,40,Tierras Forestales,41,Bosque latifoliado y mixto,414,Bosque seco o deciduo,4,1,Bosque secundario deciduo,Forestal,POINT (-85.5907020226399 10.137385511106531)
SRC10_CRI_2021_A1__XY__d03436288ede,-85.479171,10.418355,Costa Rica,xy_unico_en_subset,sin_conflicto,1,1,1,1,2021,2021,0,1,100.0,Costa Rica,10,"SINAC - Malla de Entrenamientos del Mapa de Bosques 2021, Costa Rica",nueva_fuente,SINAC SRC10 2021,Artificializado y otra tierras,Urbano,Urbano,Artificializado y otra tierras,Urbano,Urbano,1,1,1,0.0,0,1,10,"SINAC - Malla de Entrenamientos del Mapa de Bosques 2021, Costa Rica",nueva_fuente,85.0,85.0,100.0,85.0,85.0,85.0,0,0,0.0,1,94.75,derivado_a3_sin_conf_integrada,94.75,1,1,1,2,3,0.0,0.0,100.0,0.0,0.0,0.0,100.0,9.0,16.0,1.3333333333333333,4.0,-0.0608487736899862,-0.0571255537153944,-0.0482719466065316,-0.0511225939974024,-0.0520837314374506,-0.0506270722012718,media,45.0,5928,suficiente,,,0.0,100.0,0,100.0,100.0,0,100.0,100.0,100.0,94.75,100.0,85.0,90.475,100.0,,90.475,entrenamiento_alta,entrenamiento,Alta aptitud para entrenamiento.,Usar como entrenamiento prioritario.,score_aptitud_total >= 85,10,Artificializado y otra tierras,11,Urbano,110,Urbano,16,16,Edificaciones,Edificaciones,POINT (-85.47917124891306 10.418354814689163)
SRC10_CRI_2021_A1__XY__d0f7eb31f7d5,-85.254362,10.136686,Costa Rica,xy_unico_en_subset,sin_conflicto,1,1,1,1,2021,2021,0,1,100.0,Costa Rica,10,"SINAC - Malla de Entrenamientos del Mapa de Bosques 2021, Costa Rica",nueva_fuente,SINAC SRC10 2021,Tierras Forestales,Manglares,Manglares,Tierras Forestales,Manglares,Manglares,1,1,1,0.0,0,1,10,"SINAC - Malla de Entrenamientos del Mapa de Bosques 2021, Costa Rica",nueva_fuente,85.0,85.0,100.0,85.0,85.0,85.0,0,0,0.0,1,94.75,derivado_a3_sin_conf_integrada,94.75,1,1,1,2,3,0.0,0.0,100.0,0.0,0.0,0.0,100.0,12.0,41.0,3.4166666666666665,3.5,-0.2953485147143891,-0.3510613301754237,-0.2867301598676944,-0.3049470862296526,-0.2731078088695061,-0.2644848034929372,media,45.0,800,suficiente,,,0.0,100.0,0,100.0,100.0,0,100.0,100.0,100.0,94.75,100.0,85.0,90.475,100.0,,90.475,entrenamiento_alta,entrenamiento,Alta aptitud para entrenamiento.,Usar como entrenamiento prioritario.,score_aptitud_total >= 85,40,Tierras Forestales,43,Manglares,430,Manglares,6,1,Manglar,Forestal,POINT (-85.25436234247654 10.136685836787164)
SRC10_CRI_2021_A1__XY__d14caf5cb0f2,-85.208163,10.192369,Costa Rica,xy_unico_en_subset,sin_conflicto,1,1,1,1,2021,2021,0,1,100.0,Costa Rica,10,"SINAC - Malla de Entrenamientos del Mapa de Bosques 2021, Costa Rica",nueva_fuente,SINAC SRC10 2021,Tierras Forestales,Manglares,Manglares,Tierras Forestales,Manglares,Manglares,1,1,1,0.0,0,1,10,"SINAC - Malla de Entrenamientos del Mapa de Bosques 2021, Costa Rica",nueva_fuente,85.0,85.0,100.0,85.0,85.0,85.0,0,0,0.0,1,94.75,derivado_a3_sin_conf_integrada,94.75,1,1,1,2,3,0.0,0.0,100.0,0.0,0.0,0.0,100.0,12.0,44.0,3.6666666666666665,13.0,0.143987137708173,0.1424413920347101,0.1794975596380569,0.1747121199472656,0.1042005560481499,0.1077701111429292,media,45.0,800,suficiente,,,0.0,100.0,0,100.0,100.0,0,100.0,100.0,100.0,94.75,100.0,85.0,90.475,100.0,,90.475,entrenamiento_alta,entrenamiento,Alta aptitud para entrenamiento.,Usar como entrenamiento prioritario.,score_aptitud_total >= 85,40,Tierras Forestales,43,Manglares,430,Manglares,6,1,Manglar,Forestal,POINT (-85.20816326634765 10.192368535718595)
SRC10_CRI_2021_A1__XY__d1834c80894a,-85.203907,10.18273,Costa Rica,xy_unico_en_subset,sin_conflicto,1,1,1,1,2021,2021,0,1,100.0,Costa Rica,10,"SINAC - Malla de Entrenamientos del Mapa de Bosques 2021, Costa Rica",nueva_fuente,SINAC SRC10 2021,Tierras Forestales,Manglares,Manglares,Tierras Forestales,Manglares,Manglares,1,1,1,0.0,0,1,10,"SINAC - Malla de Entrenamientos del Mapa de Bosques 2021, Costa Rica",nueva_fuente,85.0,85.0,100.0,85.0,85.0,85.0,0,0,0.0,1,94.75,derivado_a3_sin_conf_integrada,94.75,1,1,1,2,3,0.0,0.0,100.0,0.0,0.0,0.0,100.0,12.0,36.0,3.0,1.0,-0.0935863409638899,-0.1136803509877673,-0.1415224085865199,-0.1559350258379557,-0.3314341440303595,-0.3277650560431524,media,45.0,800,suficiente,,,0.0,100.0,0,100.0,100.0,0,100.0,100.0,100.0,94.75,100.0,85.0,90.475,100.0,,90.475,entrenamiento_alta,entrenamiento,Alta aptitud para entrenamiento.,Usar como entrenamiento prioritario.,score_aptitud_total >= 85,40,Tierras Forestales,43,Manglares,430,Manglares,6,1,Manglar,Forestal,POINT (-85.20390739217268 10.18273041661555)
SRC10_CRI_2021_A1__XY__d1f6ceced77f,-85.218772,10.208017,Costa Rica,xy_unico_en_subset,sin_conflicto,1,1,1,1,2021,2021,0,1,100.0,Costa Rica,10,"SINAC - Malla de Entrenamientos del Mapa de Bosques 2021, Costa Rica",nueva_fuente,SINAC SRC10 2021,Tierras Forestales,Manglares,Manglares,Tierras Forestales,Manglares,Manglares,1,1,1,0.0,0,1,10,"SINAC - Malla de Entrenamientos del Mapa de Bosques 2021, Costa Rica",nueva_fuente,85.0,85.0,100.0,85.0,85.0,85.0,0,0,0.0,1,94.75,derivado_a3_sin_conf_integrada,94.75,1,1,1,2,3,0.0,0.0,100.0,0.0,0.0,0.0,100.0,12.0,41.0,3.4166666666666665,5.25,0.2428602198068006,0.2495350340235528,0.258347109059633,0.2770170876498861,0.0856042486854315,0.1050223095081293,media,45.0,800,suficiente,,,0.0,100.0,0,100.0,100.0,0,100.0,100.0,100.0,94.75,100.0,85.0,90.475,100.0,,90.475,entrenamiento_alta,entrenamiento,Alta aptitud para entrenamiento.,Usar como entrenamiento prioritario.,score_aptitud_total >= 85,40,Tierras Forestales,43,Manglares,430,Manglares,6,1,Manglar,Forestal,POINT (-85.21877202071543 10.208016513548392)
SRC10_CRI_2021_A1__XY__d45a3687a57b,-85.239536,10.121055,Costa Rica,xy_unico_en_subset,sin_conflicto,1,1,1,1,2021,2021,0,1,100.0,Costa Rica,10,"SINAC - Malla de Entrenamientos del Mapa de Bosques 2021, Costa Rica",nueva_fuente,SINAC SRC10 2021,Tierras Forestales,Manglares,Manglares,Tierras Forestales,Manglares,Manglares,1,1,1,0.0,0,1,10,"SINAC - Malla de Entrenamientos del Mapa de Bosques 2021, Costa Rica",nueva_fuente,85.0,85.0,100.0,85.0,85.0,85.0,0,0,0.0,1,94.75,derivado_a3_sin_conf_integrada,94.75,1,1,1,2,3,0.0,0.0,100.0,0.0,0.0,0.0,100.0,12.0,38.0,3.1666666666666665,1.0,-0.400982310416888,-0.3758629474750294,-0.4166466602591624,-0.3788137468143825,-0.3969489841664317,-0.3511532913495431,media,45.0,800,suficiente,,,0.0,100.0,0,100.0,100.0,0,100.0,100.0,100.0,94.75,100.0,85.0,90.475,100.0,,90.475,entrenamiento_alta,entrenamiento,Alta aptitud para entrenamiento.,Usar como entrenamiento prioritario.,score_aptitud_total >= 85,40,Tierras Forestales,43,Manglares,430,Manglares,6,1,Manglar,Forestal,POINT (-85.23953611021102 10.121054796762312)
SRC10_CRI_2021_A1__XY__d45acf04847c,-85.22061,10.236937,Costa Rica,xy_unico_en_subset,sin_conflicto,1,1,1,1,2021,2021,0,1,100.0,Costa Rica,10,"SINAC - Malla de Entrenamientos del Mapa de Bosques 2021, Costa Rica",nueva_fuente,SINAC SRC10 2021,Artificializado y otra tierras,Urbano,Urbano,Artificializado y otra tierras,Urbano,Urbano,1,1,1,0.0,0,1,10,"SINAC - Malla de Entrenamientos del Mapa de Bosques 2021, Costa Rica",nueva_fuente,85.0,85.0,100.0,85.0,85.0,85.0,0,0,0.0,1,94.75,derivado_a3_sin_conf_integrada,94.75,1,1,1,2,3,0.0,0.0,100.0,0.0,0.0,0.0,100.0,9.0,16.0,1.3333333333333333,4.0,-0.0458468635822602,-0.0438789821679022,-0.0446723592370225,-0.0469530469530469,-0.0491949995396701,-0.0466276295814356,media,45.0,5928,suficiente,,,0.0,100.0,0,100.0,100.0,0,100.0,100.0,100.0,94.75,100.0,85.0,90.475,100.0,,90.475,entrenamiento_alta,entrenamiento,Alta aptitud para entrenamiento.,Usar como entrenamiento prioritario.,score_aptitud_total >= 85,10,Artificializado y otra tierras,11,Urbano,110,Urbano,16,16,Edificaciones,Edificaciones,POINT (-85.22060952190238 10.236936618473852)
SRC10_CRI_2021_A1__XY__d4764507869d,-85.222579,10.099397,Costa Rica,xy_unico_en_subset,sin_conflicto,1,1,1,1,2021,2021,0,1,100.0,Costa Rica,10,"SINAC - Malla de Entrenamientos del Mapa de Bosques 2021, Costa Rica",nueva_fuente,SINAC SRC10 2021,Tierras húmedas y agua,Cuerpos de Agua,Cuerpos de Agua,Tierras húmedas y agua,Cuerpos de Agua,Cuerpos de Agua,1,1,1,0.0,0,1,10,"SINAC - Malla de Entrenamientos del Mapa de Bosques 2021, Costa Rica",nueva_fuente,85.0,85.0,100.0,85.0,85.0,85.0,0,0,0.0,1,94.75,derivado_a3_sin_conf_integrada,94.75,1,1,1,2,2,0.0,0.0,100.0,0.0,0.0,0.0,100.0,12.0,42.0,3.5,0.75,-0.2579681576880924,-0.3038359741220666,-0.288366621243124,-0.3011055100668014,-0.2970618726288518,-0.3134871995453414,media,45.0,150,moderado,,,0.0,100.0,0,100.0,80.0,0,100.0,100.0,94.0,94.75,85.0,85.0,87.775,100.0,,87.775,entrenamiento_alta,entrenamiento,Alta aptitud para entrenamiento.,Usar como entrenamiento prioritario.,score_aptitud_total >= 85,20,Tierras húmedas y agua,21,Cuerpos de Agua,210,Cuerpos de Agua,10,10,Agua,Agua,POINT (-85.22257928657895 10.099397189461273)
SRC10_CRI_2021_A1__XY__d4c7b9221df2,-85.250218,10.156009,Costa Rica,xy_unico_en_subset,sin_conflicto,1,1,1,1,2021,2021,0,1,100.0,Costa Rica,10,"SINAC - Malla de Entrenamientos del Mapa de Bosques 2021, Costa Rica",nueva_fuente,SINAC SRC10 2021,Tierras Forestales,Manglares,Manglares,Tierras Forestales,Manglares,Manglares,1,1,1,0.0,0,1,10,"SINAC - Malla de Entrenamientos del Mapa de Bosques 2021, Costa Rica",nueva_fuente,85.0,85.0,100.0,85.0,85.0,85.0,0,0,0.0,1,94.75,derivado_a3_sin_conf_integrada,94.75,1,1,1,2,3,0.0,0.0,100.0,0.0,0.0,0.0,100.0,12.0,41.0,3.4166666666666665,5.25,0.3303342882615446,0.2939692915649604,0.3081482337272034,0.247634687046043,0.1364574886576518,0.0808148234140803,media,45.0,800,suficiente,,,0.0,100.0,0,100.0,100.0,0,100.0,100.0,100.0,94.75,100.0,85.0,90.475,100.0,,90.475,entrenamiento_alta,entrenamiento,Alta aptitud para entrenamiento.,Usar como entrenamiento prioritario.,score_aptitud_total >= 85,40,Tierras Forestales,43,Manglares,430,Manglares,6,1,Manglar,Forestal,POINT (-85.25021843319762 10.156009024809553)
SRC10_CRI_2021_A1__XY__d5ecabb353f0,-85.579026,10.524997,Costa Rica,xy_unico_en_subset,sin_conflicto,1,1,1,1,2021,2021,0,1,100.0,Costa Rica,10,"SINAC - Malla de Entrenamientos del Mapa de Bosques 2021, Costa Rica",nueva_fuente,SINAC SRC10 2021,Tierras Forestales,Bosque latifoliado y mixto,Latifoliado secundario húmedo,Tierras Forestales,Bosque latifoliado y mixto,Latifoliado secundario húmedo,1,1,1,0.0,0,1,10,"SINAC - Malla de Entrenamientos del Mapa de Bosques 2021, Costa Rica",nueva_fuente,85.0,85.0,100.0,85.0,85.0,85.0,0,0,0.0,1,94.75,derivado_a3_sin_conf_integrada,94.75,1,1,1,2,3,0.0,0.0,100.0,0.0,0.0,0.0,100.0,12.0,27.0,2.25,13.5,-0.0722787270236279,-0.0196379047326619,-0.0754319061303345,-0.0605031669224204,-0.086975393687661,-0.0810031634096345,media,45.0,2519,suficiente,,,0.0,100.0,0,100.0,100.0,0,100.0,100.0,100.0,94.75,100.0,85.0,90.475,100.0,,90.475,entrenamiento_alta,entrenamiento,Alta aptitud para entrenamiento.,Usar como entrenamiento prioritario.,score_aptitud_total >= 85,40,Tierras Forestales,41,Bosque latifoliado y mixto,412,Latifoliado secundario húmedo,2,1,Bosque secundario,Forestal,POINT (-85.57902552483571 10.524997178648013)
SRC10_CRI_2021_A1__XY__d5fb3142f0fd,-85.265381,10.256107,Costa Rica,xy_unico_en_subset,sin_conflicto,1,1,1,1,2021,2021,0,1,100.0,Costa Rica,10,"SINAC - Malla de Entrenamientos del Mapa de Bosques 2021, Costa Rica",nueva_fuente,SINAC SRC10 2021,Tierras Forestales,Manglares,Manglares,Tierras Forestales,Manglares,Manglares,1,1,1,0.0,0,1,10,"SINAC - Malla de Entrenamientos del Mapa de Bosques 2021, Costa Rica",nueva_fuente,85.0,85.0,100.0,85.0,85.0,85.0,0,0,0.0,1,94.75,derivado_a3_sin_conf_integrada,94.75,1,1,1,2,3,0.0,0.0,100.0,0.0,0.0,0.0,100.0,12.0,39.0,3.25,3.5,0.3260068948887787,0.3333340023055605,0.3705539637778127,0.3730942254147067,0.2389548971161768,0.2295815769859129,media,45.0,800,suficiente,,,0.0,100.0,0,100.0,100.0,0,100.0,100.0,100.0,94.75,100.0,85.0,90.475,100.0,,90.475,entrenamiento_alta,entrenamiento,Alta aptitud para entrenamiento.,Usar como entrenamiento prioritario.,score_aptitud_total >= 85,40,Tierras Forestales,43,Manglares,430,Manglares,6,1,Manglar,Forestal,POINT (-85.2653809608319 10.256107032103618)
SRC10_CRI_2021_A1__XY__d6cbbc689a06,-85.20398,10.202038,Costa Rica,xy_unico_en_subset,sin_conflicto,1,1,1,1,2021,2021,0,1,100.0,Costa Rica,10,"SINAC - Malla de Entrenamientos del Mapa de Bosques 2021, Costa Rica",nueva_fuente,SINAC SRC10 2021,Tierras Forestales,Manglares,Manglares,Tierras Forestales,Manglares,Manglares,1,1,1,0.0,0,1,10,"SINAC - Malla de Entrenamientos del Mapa de Bosques 2021, Costa Rica",nueva_fuente,85.0,85.0,100.0,85.0,85.0,85.0,0,0,0.0,1,94.75,derivado_a3_sin_conf_integrada,94.75,1,1,1,2,3,0.0,0.0,100.0,0.0,0.0,0.0,100.0,12.0,39.0,3.25,5.75,0.1877215516717211,0.153578842350936,0.2233371390805178,0.2057607686706235,0.0942727537096715,0.0688048221069466,media,45.0,800,suficiente,,,0.0,100.0,0,100.0,100.0,0,100.0,100.0,100.0,94.75,100.0,85.0,90.475,100.0,,90.475,entrenamiento_alta,entrenamiento,Alta aptitud para entrenamiento.,Usar como entrenamiento prioritario.,score_aptitud_total >= 85,40,Tierras Forestales,43,Manglares,430,Manglares,6,1,Manglar,Forestal,POINT (-85.20397988751789 10.202037801181334)
SRC10_CRI_2021_A1__XY__d9669e22d578,-85.266915,10.11009,Costa Rica,xy_unico_en_subset,sin_conflicto,1,1,1,1,2021,2021,0,1,100.0,Costa Rica,10,"SINAC - Malla de Entrenamientos del Mapa de Bosques 2021, Costa Rica",nueva_fuente,SINAC SRC10 2021,Tierras de Cultivo y Pastos,"Cultivos extensivos, Pastizales y matorrales",Pastizales naturales y cultivados,Tierras de Cultivo y Pastos,"Cultivos extensivos, Pastizales y matorrales",Pastizales naturales y cultivados,1,1,1,0.0,0,1,10,"SINAC - Malla de Entrenamientos del Mapa de Bosques 2021, Costa Rica",nueva_fuente,85.0,85.0,100.0,85.0,85.0,85.0,0,0,0.0,1,94.75,derivado_a3_sin_conf_integrada,94.75,1,1,1,2,3,0.0,0.0,100.0,0.0,0.0,0.0,100.0,12.0,37.0,3.083333333333333,3.25,0.4541375003545175,0.3181070946204923,0.4918148689470041,0.3682583020750449,0.3105611101956513,0.2335257492674681,media,45.0,1179,suficiente,,,0.0,100.0,0,100.0,100.0,0,100.0,100.0,100.0,94.75,100.0,85.0,90.475,100.0,,90.475,entrenamiento_alta,entrenamiento,Alta aptitud para entrenamiento.,Usar como entrenamiento prioritario.,score_aptitud_total >= 85,30,Tierras de Cultivo y Pastos,33,"Cultivos extensivos, Pastizales y matorrales",332,Pastizales naturales y cultivados,8,8,Pastos,Pastos,POINT (-85.26691465013057 10.110090124873448)
SRC10_CRI_2021_A1__XY__da04f18c4c8c,-85.614894,10.104948,Costa Rica,xy_unico_en_subset,sin_conflicto,1,1,1,1,2021,2021,0,1,100.0,Costa Rica,10,"SINAC - Malla de Entrenamientos del Mapa de Bosques 2021, Costa Rica",nueva_fuente,SINAC SRC10 2021,Tierras Forestales,Bosque latifoliado y mixto,Latifoliado secundario húmedo,Tierras Forestales,Bosque latifoliado y mixto,Latifoliado secundario húmedo,1,1,1,0.0,0,1,10,"SINAC - Malla de Entrenamientos del Mapa de Bosques 2021, Costa Rica",nueva_fuente,85.0,85.0,100.0,85.0,85.0,85.0,0,0,0.0,1,94.75,derivado_a3_sin_conf_integrada,94.75,1,1,1,2,2,0.0,0.0,100.0,0.0,0.0,0.0,100.0,11.0,33.0,2.75,0.0,0.847511640920538,0.9066643121822148,0.8610480259210747,0.909032193876282,0.6709049212179615,0.7165164842014946,media,45.0,2519,suficiente,,,0.0,100.0,0,100.0,100.0,0,100.0,100.0,100.0,94.75,100.0,85.0,90.475,100.0,,90.475,entrenamiento_alta,entrenamiento,Alta aptitud para entrenamiento.,Usar como entrenamiento prioritario.,score_aptitud_total >= 85,40,Tierras Forestales,41,Bosque latifoliado y mixto,412,Latifoliado secundario húmedo,2,1,Bosque secundario,Forestal,POINT (-85.61489383536377 10.10494781627457)
SRC10_CRI_2021_A1__XY__da36d94acbae,-85.369085,10.326879,Costa Rica,xy_unico_en_subset,sin_conflicto,1,1,1,1,2021,2021,0,1,100.0,Costa Rica,10,"SINAC - Malla de Entrenamientos del Mapa de Bosques 2021, Costa Rica",nueva_fuente,SINAC SRC10 2021,Tierras Forestales,Bosque latifoliado y mixto,Latifoliado secundario húmedo,Tierras Forestales,Bosque latifoliado y mixto,Latifoliado secundario húmedo,1,1,1,0.0,0,1,10,"SINAC - Malla de Entrenamientos del Mapa de Bosques 2021, Costa Rica",nueva_fuente,85.0,85.0,100.0,85.0,85.0,85.0,0,0,0.0,1,94.75,derivado_a3_sin_conf_integrada,94.75,1,1,1,2,3,0.0,0.0,100.0,0.0,0.0,0.0,100.0,12.0,40.0,3.333333333333333,2.5,-0.0339297247130449,-0.0283474785012929,-0.045834930446477,-0.0137557248700187,-0.0886053438911428,-0.0606263130670549,media,45.0,2519,suficiente,,,0.0,100.0,0,100.0,100.0,0,100.0,100.0,100.0,94.75,100.0,85.0,90.475,100.0,,90.475,entrenamiento_alta,entrenamiento,Alta aptitud para entrenamiento.,Usar como entrenamiento prioritario.,score_aptitud_total >= 85,40,Tierras Forestales,41,Bosque latifoliado y mixto,412,Latifoliado secundario húmedo,2,1,Bosque secundario,Forestal,POINT (-85.3690852981798 10.32687864954934)
SRC10_CRI_2021_A1__XY__da641c9ab4e6,-85.75435,10.154906,Costa Rica,xy_unico_en_subset,sin_conflicto,1,1,1,1,2021,2021,0,1,100.0,Costa Rica,10,"SINAC - Malla de Entrenamientos del Mapa de Bosques 2021, Costa Rica",nueva_fuente,SINAC SRC10 2021,Tierras Forestales,Bosque latifoliado y mixto,Latifoliado secundario húmedo,Tierras Forestales,Bosque latifoliado y mixto,Latifoliado secundario húmedo,1,1,1,0.0,0,1,10,"SINAC - Malla de Entrenamientos del Mapa de Bosques 2021, Costa Rica",nueva_fuente,85.0,85.0,100.0,85.0,85.0,85.0,0,0,0.0,1,94.75,derivado_a3_sin_conf_integrada,94.75,1,1,1,2,3,0.0,0.0,100.0,0.0,0.0,0.0,100.0,12.0,38.0,3.1666666666666665,1.0,0.6964008540300665,0.7548470924186145,0.719518630326502,0.7750143134205583,0.4872577652681271,0.5211261547166607,media,45.0,2519,suficiente,,,0.0,100.0,0,100.0,100.0,0,100.0,100.0,100.0,94.75,100.0,85.0,90.475,100.0,,90.475,entrenamiento_alta,entrenamiento,Alta aptitud para entrenamiento.,Usar como entrenamiento prioritario.,score_aptitud_total >= 85,40,Tierras Forestales,41,Bosque latifoliado y mixto,412,Latifoliado secundario húmedo,2,1,Bosque secundario,Forestal,POINT (-85.75435011859786 10.154905540912884)
SRC10_CRI_2021_A1__XY__da782a90e4df,-85.274799,10.497407,Costa Rica,xy_unico_en_subset,sin_conflicto,1,1,1,1,2021,2021,0,1,100.0,Costa Rica,10,"SINAC - Malla de Entrenamientos del Mapa de Bosques 2021, Costa Rica",nueva_fuente,SINAC SRC10 2021,Tierras de Cultivo y Pastos,"Cultivos extensivos, Pastizales y matorrales",Pastizales naturales y cultivados,Tierras de Cultivo y Pastos,"Cultivos extensivos, Pastizales y matorrales",Pastizales naturales y cultivados,1,1,1,0.0,0,1,10,"SINAC - Malla de Entrenamientos del Mapa de Bosques 2021, Costa Rica",nueva_fuente,85.0,85.0,100.0,85.0,85.0,85.0,0,0,0.0,1,94.75,derivado_a3_sin_conf_integrada,94.75,1,1,1,2,3,0.0,0.0,100.0,0.0,0.0,0.0,100.0,12.0,35.0,2.9166666666666665,2.0,0.3004629553954519,0.2436214140175625,0.3579949381307595,0.3271579143631414,0.2302841412618247,0.1994386876971932,media,45.0,1179,suficiente,,,0.0,100.0,0,100.0,100.0,0,100.0,100.0,100.0,94.75,100.0,85.0,90.475,100.0,,90.475,entrenamiento_alta,entrenamiento,Alta aptitud para entrenamiento.,Usar como entrenamiento prioritario.,score_aptitud_total >= 85,30,Tierras de Cultivo y Pastos,33,"Cultivos extensivos, Pastizales y matorrales",332,Pastizales naturales y cultivados,8,8,Pastos,Pastos,POINT (-85.27479858849368 10.497407149367373)
SRC10_CRI_2021_A1__XY__dd6170e1fa43,-85.262809,10.139067,Costa Rica,xy_unico_en_subset,sin_conflicto,1,1,1,1,2021,2021,0,1,100.0,Costa Rica,10,"SINAC - Malla de Entrenamientos del Mapa de Bosques 2021, Costa Rica",nueva_fuente,SINAC SRC10 2021,Tierras Forestales,Manglares,Manglares,Tierras Forestales,Manglares,Manglares,1,1,1,0.0,0,1,10,"SINAC - Malla de Entrenamientos del Mapa de Bosques 2021, Costa Rica",nueva_fuente,85.0,85.0,100.0,85.0,85.0,85.0,0,0,0.0,1,94.75,derivado_a3_sin_conf_integrada,94.75,1,1,1,2,3,0.0,0.0,100.0,0.0,0.0,0.0,100.0,12.0,36.0,3.0,1.5,-0.3247782071758731,-0.3366517376789869,-0.3259690683048126,-0.3299954235356269,-0.3059747675726055,-0.2868821971474922,media,45.0,800,suficiente,,,0.0,100.0,0,100.0,100.0,0,100.0,100.0,100.0,94.75,100.0,85.0,90.475,100.0,,90.475,entrenamiento_alta,entrenamiento,Alta aptitud para entrenamiento.,Usar como entrenamiento prioritario.,score_aptitud_total >= 85,40,Tierras Forestales,43,Manglares,430,Manglares,6,1,Manglar,Forestal,POINT (-85.26280945560299 10.139066881366062)
SRC10_CRI_2021_A1__XY__de1035d9b62c,-85.271815,10.358608,Costa Rica,xy_unico_en_subset,sin_conflicto,1,1,1,1,2021,2021,0,1,100.0,Costa Rica,10,"SINAC - Malla de Entrenamientos del Mapa de Bosques 2021, Costa Rica",nueva_fuente,SINAC SRC10 2021,Tierras Forestales,Bosque latifoliado y mixto,Bosque seco o deciduo,Tierras Forestales,Bosque latifoliado y mixto,Bosque seco o deciduo,1,1,1,0.0,0,1,10,"SINAC - Malla de Entrenamientos del Mapa de Bosques 2021, Costa Rica",nueva_fuente,85.0,85.0,100.0,85.0,85.0,85.0,0,0,0.0,1,94.75,derivado_a3_sin_conf_integrada,94.75,1,1,1,2,3,0.0,0.0,100.0,0.0,0.0,0.0,100.0,12.0,42.0,3.5,1.0,0.7155887939005515,0.6924881908691551,0.7408311583978985,0.7201617531204045,0.4959851035723683,0.4563281126426882,media,45.0,2519,suficiente,,,0.0,100.0,0,100.0,100.0,0,100.0,100.0,100.0,94.75,100.0,85.0,90.475,100.0,,90.475,entrenamiento_alta,entrenamiento,Alta aptitud para entrenamiento.,Usar como entrenamiento prioritario.,score_aptitud_total >= 85,40,Tierras Forestales,41,Bosque latifoliado y mixto,414,Bosque seco o deciduo,4,1,Bosque secundario deciduo,Forestal,POINT (-85.27181477712826 10.35860811174412)
SRC10_CRI_2021_A1__XY__de6d925fd30e,-85.805021,10.164282,Costa Rica,xy_unico_en_subset,sin_conflicto,1,1,1,1,2021,2021,0,1,100.0,Costa Rica,10,"SINAC - Malla de Entrenamientos del Mapa de Bosques 2021, Costa Rica",nueva_fuente,SINAC SRC10 2021,Tierras Forestales,Manglares,Manglares,Tierras Forestales,Manglares,Manglares,1,1,1,0.0,0,1,10,"SINAC - Malla de Entrenamientos del Mapa de Bosques 2021, Costa Rica",nueva_fuente,85.0,85.0,100.0,85.0,85.0,85.0,0,0,0.0,1,94.75,derivado_a3_sin_conf_integrada,94.75,1,1,1,2,2,0.0,0.0,100.0,0.0,0.0,0.0,100.0,12.0,45.0,3.75,8.0,0.3506428325203469,0.3198451600010822,0.4107518670507677,0.3989945194976777,0.2891697253250981,0.2818192172971157,media,45.0,800,suficiente,,,0.0,100.0,0,100.0,100.0,0,100.0,100.0,100.0,94.75,100.0,85.0,90.475,100.0,,90.475,entrenamiento_alta,entrenamiento,Alta aptitud para entrenamiento.,Usar como entrenamiento prioritario.,score_aptitud_total >= 85,40,Tierras Forestales,43,Manglares,430,Manglares,6,1,Manglar,Forestal,POINT (-85.80502079052107 10.164281815621752)
SRC10_CRI_2021_A1__XY__e0d365f3246a,-85.704777,10.350615,Costa Rica,xy_unico_en_subset,sin_conflicto,1,1,1,1,2021,2021,0,1,100.0,Costa Rica,10,"SINAC - Malla de Entrenamientos del Mapa de Bosques 2021, Costa Rica",nueva_fuente,SINAC SRC10 2021,Tierras de Cultivo y Pastos,"Cultivos extensivos, Pastizales y matorrales",Pastizales naturales y cultivados,Tierras de Cultivo y Pastos,"Cultivos extensivos, Pastizales y matorrales",Pastizales naturales y cultivados,1,1,1,0.0,0,1,10,"SINAC - Malla de Entrenamientos del Mapa de Bosques 2021, Costa Rica",nueva_fuente,85.0,85.0,100.0,85.0,85.0,85.0,0,0,0.0,1,94.75,derivado_a3_sin_conf_integrada,94.75,1,1,1,2,2,0.0,0.0,100.0,0.0,0.0,0.0,100.0,12.0,46.0,3.8333333333333335,2.0,0.4517787901362653,0.3576393435993917,0.4930523806240405,0.3978598256145537,0.3253236830582245,0.2663935522369074,media,45.0,1179,suficiente,,,0.0,100.0,0,100.0,100.0,0,100.0,100.0,100.0,94.75,100.0,85.0,90.475,100.0,,90.475,entrenamiento_alta,entrenamiento,Alta aptitud para entrenamiento.,Usar como entrenamiento prioritario.,score_aptitud_total >= 85,30,Tierras de Cultivo y Pastos,33,"Cultivos extensivos, Pastizales y matorrales",332,Pastizales naturales y cultivados,8,8,Pastos,Pastos,POINT (-85.70477738156467 10.350615439678204)
SRC10_CRI_2021_A1__XY__e0f25d38aa77,-85.275467,10.456803,Costa Rica,xy_unico_en_subset,sin_conflicto,1,1,1,1,2021,2021,0,1,100.0,Costa Rica,10,"SINAC - Malla de Entrenamientos del Mapa de Bosques 2021, Costa Rica",nueva_fuente,SINAC SRC10 2021,Tierras Forestales,Bosque latifoliado y mixto,Bosque seco o deciduo,Tierras Forestales,Bosque latifoliado y mixto,Bosque seco o deciduo,1,1,1,0.0,0,1,10,"SINAC - Malla de Entrenamientos del Mapa de Bosques 2021, Costa Rica",nueva_fuente,85.0,85.0,100.0,85.0,85.0,85.0,0,0,0.0,1,94.75,derivado_a3_sin_conf_integrada,94.75,1,1,1,2,3,0.0,0.0,100.0,0.0,0.0,0.0,100.0,12.0,37.0,3.083333333333333,1.0,0.6623772843630203,0.6705252562128038,0.6914151991660938,0.7016780209026194,0.4520338059982333,0.4439891336065389,media,45.0,2519,suficiente,,,0.0,100.0,0,100.0,100.0,0,100.0,100.0,100.0,94.75,100.0,85.0,90.475,100.0,,90.475,entrenamiento_alta,entrenamiento,Alta aptitud para entrenamiento.,Usar como entrenamiento prioritario.,score_aptitud_total >= 85,40,Tierras Forestales,41,Bosque latifoliado y mixto,414,Bosque seco o deciduo,4,1,Bosque secundario deciduo,Forestal,POINT (-85.27546676809058 10.456802723069138)
SRC10_CRI_2021_A1__XY__e15221bdaf16,-85.806137,10.311095,Costa Rica,xy_unico_en_subset,sin_conflicto,1,1,1,1,2021,2021,0,1,100.0,Costa Rica,10,"SINAC - Malla de Entrenamientos del Mapa de Bosques 2021, Costa Rica",nueva_fuente,SINAC SRC10 2021,Tierras Forestales,Bosque latifoliado y mixto,Bosque seco o deciduo,Tierras Forestales,Bosque latifoliado y mixto,Bosque seco o deciduo,1,1,1,0.0,0,1,10,"SINAC - Malla de Entrenamientos del Mapa de Bosques 2021, Costa Rica",nueva_fuente,85.0,85.0,100.0,85.0,85.0,85.0,0,0,0.0,1,94.75,derivado_a3_sin_conf_integrada,94.75,1,1,1,2,2,0.0,0.0,100.0,0.0,0.0,0.0,100.0,12.0,42.0,3.5,2.5,0.6653058063851215,0.7067752035146421,0.6967487512622195,0.7397954083621406,0.4883923894405451,0.5094125041295856,media,45.0,2519,suficiente,,,0.0,100.0,0,100.0,100.0,0,100.0,100.0,100.0,94.75,100.0,85.0,90.475,100.0,,90.475,entrenamiento_alta,entrenamiento,Alta aptitud para entrenamiento.,Usar como entrenamiento prioritario.,score_aptitud_total >= 85,40,Tierras Forestales,41,Bosque latifoliado y mixto,414,Bosque seco o deciduo,4,1,Bosque secundario deciduo,Forestal,POINT (-85.80613672286512 10.31109503600405)
SRC10_CRI_2021_A1__XY__e185e7020ef8,-85.284638,10.552197,Costa Rica,xy_unico_en_subset,sin_conflicto,1,1,1,1,2021,2021,0,1,100.0,Costa Rica,10,"SINAC - Malla de Entrenamientos del Mapa de Bosques 2021, Costa Rica",nueva_fuente,SINAC SRC10 2021,Tierras Forestales,Bosque latifoliado y mixto,Bosque seco o deciduo,Tierras Forestales,Bosque latifoliado y mixto,Bosque seco o deciduo,1,1,1,0.0,0,1,10,"SINAC - Malla de Entrenamientos del Mapa de Bosques 2021, Costa Rica",nueva_fuente,85.0,85.0,100.0,85.0,85.0,85.0,0,0,0.0,1,94.75,derivado_a3_sin_conf_integrada,94.75,1,1,1,2,2,0.0,0.0,100.0,0.0,0.0,0.0,100.0,12.0,40.0,3.333333333333333,1.25,0.6466500192458929,0.7625328105168485,0.6748188309655184,0.7820834049611334,0.4089749942021969,0.4343140016576733,media,45.0,2519,suficiente,,,0.0,100.0,0,100.0,100.0,0,100.0,100.0,100.0,94.75,100.0,85.0,90.475,100.0,,90.475,entrenamiento_alta,entrenamiento,Alta aptitud para entrenamiento.,Usar como entrenamiento prioritario.,score_aptitud_total >= 85,40,Tierras Forestales,41,Bosque latifoliado y mixto,414,Bosque seco o deciduo,4,1,Bosque secundario deciduo,Forestal,POINT (-85.28463822776096 10.5521967841812)
SRC10_CRI_2021_A1__XY__e18c438ee54a,-85.267727,10.341893,Costa Rica,xy_unico_en_subset,sin_conflicto,1,1,1,1,2021,2021,0,1,100.0,Costa Rica,10,"SINAC - Malla de Entrenamientos del Mapa de Bosques 2021, Costa Rica",nueva_fuente,SINAC SRC10 2021,Tierras Forestales,Bosque latifoliado y mixto,Bosque seco o deciduo,Tierras Forestales,Bosque latifoliado y mixto,Bosque seco o deciduo,1,1,1,0.0,0,1,10,"SINAC - Malla de Entrenamientos del Mapa de Bosques 2021, Costa Rica",nueva_fuente,85.0,85.0,100.0,85.0,85.0,85.0,0,0,0.0,1,94.75,derivado_a3_sin_conf_integrada,94.75,1,1,1,2,2,0.0,0.0,100.0,0.0,0.0,0.0,100.0,12.0,38.0,3.1666666666666665,1.0,0.6800573317469464,0.712934447588856,0.7132474611249954,0.7438609566030498,0.478567239412397,0.4682366116857103,media,45.0,2519,suficiente,,,0.0,100.0,0,100.0,100.0,0,100.0,100.0,100.0,94.75,100.0,85.0,90.475,100.0,,90.475,entrenamiento_alta,entrenamiento,Alta aptitud para entrenamiento.,Usar como entrenamiento prioritario.,score_aptitud_total >= 85,40,Tierras Forestales,41,Bosque latifoliado y mixto,414,Bosque seco o deciduo,4,1,Bosque secundario deciduo,Forestal,POINT (-85.26772744283213 10.341893268019742)
SRC10_CRI_2021_A1__XY__e1e179f047db,-85.74372,10.452841,Costa Rica,xy_unico_en_subset,sin_conflicto,1,1,1,1,2021,2021,0,1,100.0,Costa Rica,10,"SINAC - Malla de Entrenamientos del Mapa de Bosques 2021, Costa Rica",nueva_fuente,SINAC SRC10 2021,Tierras Forestales,Bosque latifoliado y mixto,Bosque seco o deciduo,Tierras Forestales,Bosque latifoliado y mixto,Bosque seco o deciduo,1,1,1,0.0,0,1,10,"SINAC - Malla de Entrenamientos del Mapa de Bosques 2021, Costa Rica",nueva_fuente,85.0,85.0,100.0,85.0,85.0,85.0,0,0,0.0,1,94.75,derivado_a3_sin_conf_integrada,94.75,1,1,1,2,2,0.0,0.0,100.0,0.0,0.0,0.0,100.0,11.0,38.0,3.1666666666666665,1.0,0.6742501979633252,0.7679037121795175,0.6980683336980538,0.786438907045402,0.4234634687887252,0.4528155609208947,media,45.0,2519,suficiente,,,0.0,100.0,0,100.0,100.0,0,100.0,100.0,100.0,94.75,100.0,85.0,90.475,100.0,,90.475,entrenamiento_alta,entrenamiento,Alta aptitud para entrenamiento.,Usar como entrenamiento prioritario.,score_aptitud_total >= 85,40,Tierras Forestales,41,Bosque latifoliado y mixto,414,Bosque seco o deciduo,4,1,Bosque secundario deciduo,Forestal,POINT (-85.74372016711976 10.452841228131648)
SRC10_CRI_2021_A1__XY__e3025be32c3b,-85.230989,10.092126,Costa Rica,xy_unico_en_subset,sin_conflicto,1,1,1,1,2021,2021,0,1,100.0,Costa Rica,10,"SINAC - Malla de Entrenamientos del Mapa de Bosques 2021, Costa Rica",nueva_fuente,SINAC SRC10 2021,Tierras Forestales,Manglares,Manglares,Tierras Forestales,Manglares,Manglares,1,1,1,0.0,0,1,10,"SINAC - Malla de Entrenamientos del Mapa de Bosques 2021, Costa Rica",nueva_fuente,85.0,85.0,100.0,85.0,85.0,85.0,0,0,0.0,1,94.75,derivado_a3_sin_conf_integrada,94.75,1,1,1,2,3,0.0,0.0,100.0,0.0,0.0,0.0,100.0,12.0,42.0,3.5,10.0,0.3431576904055844,0.3532669673639708,0.3253613576185498,0.3338253947285967,0.1834433321125952,0.1786510774852567,media,45.0,800,suficiente,,,0.0,100.0,0,100.0,100.0,0,100.0,100.0,100.0,94.75,100.0,85.0,90.475,100.0,,90.475,entrenamiento_alta,entrenamiento,Alta aptitud para entrenamiento.,Usar como entrenamiento prioritario.,score_aptitud_total >= 85,40,Tierras Forestales,43,Manglares,430,Manglares,6,1,Manglar,Forestal,POINT (-85.23098854794728 10.092125548923665)
SRC10_CRI_2021_A1__XY__e3742e909230,-85.258581,10.13667,Costa Rica,xy_unico_en_subset,sin_conflicto,1,1,1,1,2021,2021,0,1,100.0,Costa Rica,10,"SINAC - Malla de Entrenamientos del Mapa de Bosques 2021, Costa Rica",nueva_fuente,SINAC SRC10 2021,Tierras Forestales,Manglares,Manglares,Tierras Forestales,Manglares,Manglares,1,1,1,0.0,0,1,10,"SINAC - Malla de Entrenamientos del Mapa de Bosques 2021, Costa Rica",nueva_fuente,85.0,85.0,100.0,85.0,85.0,85.0,0,0,0.0,1,94.75,derivado_a3_sin_conf_integrada,94.75,1,1,1,2,3,0.0,0.0,100.0,0.0,0.0,0.0,100.0,11.0,35.0,2.9166666666666665,1.5,-0.4517839506064618,-0.4590846047156727,-0.4534010598607711,-0.4192672998643147,-0.4169641758157938,-0.3668639053254438,media,45.0,800,suficiente,,,0.0,100.0,0,100.0,100.0,0,100.0,100.0,100.0,94.75,100.0,85.0,90.475,100.0,,90.475,entrenamiento_alta,entrenamiento,Alta aptitud para entrenamiento.,Usar como entrenamiento prioritario.,score_aptitud_total >= 85,40,Tierras Forestales,43,Manglares,430,Manglares,6,1,Manglar,Forestal,POINT (-85.25858117613636 10.136669697466601)
SRC10_CRI_2021_A1__XY__e37dcfd1915a,-85.210314,10.203221,Costa Rica,xy_unico_en_subset,sin_conflicto,1,1,1,1,2021,2021,0,1,100.0,Costa Rica,10,"SINAC - Malla de Entrenamientos del Mapa de Bosques 2021, Costa Rica",nueva_fuente,SINAC SRC10 2021,Tierras Forestales,Manglares,Manglares,Tierras Forestales,Manglares,Manglares,1,1,1,0.0,0,1,10,"SINAC - Malla de Entrenamientos del Mapa de Bosques 2021, Costa Rica",nueva_fuente,85.0,85.0,100.0,85.0,85.0,85.0,0,0,0.0,1,94.75,derivado_a3_sin_conf_integrada,94.75,1,1,1,2,3,0.0,0.0,100.0,0.0,0.0,0.0,100.0,12.0,40.0,3.333333333333333,6.25,0.2116537093744271,0.1881046264442968,0.2123456690723041,0.2243950969408524,0.1039640010878417,0.1115411631907435,media,45.0,800,suficiente,,,0.0,100.0,0,100.0,100.0,0,100.0,100.0,100.0,94.75,100.0,85.0,90.475,100.0,,90.475,entrenamiento_alta,entrenamiento,Alta aptitud para entrenamiento.,Usar como entrenamiento prioritario.,score_aptitud_total >= 85,40,Tierras Forestales,43,Manglares,430,Manglares,6,1,Manglar,Forestal,POINT (-85.21031410192 10.203221101965134)
SRC10_CRI_2021_A1__XY__e3bbcd5b3d70,-85.629592,10.503024,Costa Rica,conflicto_tematico_subset,conflicto_tematico,2,2,2,1,2021,2021,0,1,100.0,Costa Rica,10,"SINAC - Malla de Entrenamientos del Mapa de Bosques 2021, Costa Rica",nueva_fuente,SINAC SRC10 2021,Tierras Forestales,Bosque latifoliado y mixto,Latifoliado secundario húmedo,Tierras Forestales | Tierras de Cultivo y Pastos,Bosque latifoliado y mixto | Cultivos intensivos No-Arbóreos,Latifoliado secundario húmedo | Otros cultivos intensivos no arbóreos,2,2,2,0.0,0,1,10,"SINAC - Malla de Entrenamientos del Mapa de Bosques 2021, Costa Rica",nueva_fuente,85.0,85.0,100.0,85.0,85.0,85.0,0,0,0.0,1,54.75,derivado_a3_sin_conf_integrada,54.75,1,1,1,0,0,100.0,0.0,0.0,0.0,0.0,0.0,0.0,12.0,44.0,3.6666666666666665,1.0,0.7897981778344398,0.8320700301395891,0.8093471551311276,0.8490297744773359,0.5571352578519831,0.5840854330567621,sin_alerta,100.0,2519,suficiente,conflicto_tematico_xy,alta,100.0,0.0,1,0.0,100.0,0,100.0,40.0,54.0,54.75,100.0,85.0,65.525,100.0,,65.525,referencia_contextual,referencia_contextual,Aptitud contextual.,Usar como apoyo o referencia.,55 <= score_aptitud_total < 70,40,Tierras Forestales,41,Bosque latifoliado y mixto,412,Latifoliado secundario húmedo,2,1,Bosque secundario,Forestal,POINT (-85.62959201091974 10.503024190584656)
SRC10_CRI_2021_A1__XY__e424d5665acd,-85.225134,10.21644,Costa Rica,xy_unico_en_subset,sin_conflicto,1,1,1,1,2021,2021,0,1,100.0,Costa Rica,10,"SINAC - Malla de Entrenamientos del Mapa de Bosques 2021, Costa Rica",nueva_fuente,SINAC SRC10 2021,Tierras Forestales,Manglares,Manglares,Tierras Forestales,Manglares,Manglares,1,1,1,0.0,0,1,10,"SINAC - Malla de Entrenamientos del Mapa de Bosques 2021, Costa Rica",nueva_fuente,85.0,85.0,100.0,85.0,85.0,85.0,0,0,0.0,1,94.75,derivado_a3_sin_conf_integrada,94.75,1,1,1,2,2,0.0,0.0,100.0,0.0,0.0,0.0,100.0,12.0,40.0,3.333333333333333,7.5,0.3521560716625341,0.3369160220772015,0.3980085786564042,0.3805454713895971,0.2724107568220457,0.2642203336481723,media,45.0,800,suficiente,,,0.0,100.0,0,100.0,100.0,0,100.0,100.0,100.0,94.75,100.0,85.0,90.475,100.0,,90.475,entrenamiento_alta,entrenamiento,Alta aptitud para entrenamiento.,Usar como entrenamiento prioritario.,score_aptitud_total >= 85,40,Tierras Forestales,43,Manglares,430,Manglares,6,1,Manglar,Forestal,POINT (-85.2251340972385 10.216439709858287)
SRC10_CRI_2021_A1__XY__e4b631a8b19c,-85.256467,10.135471,Costa Rica,xy_unico_en_subset,sin_conflicto,1,1,1,1,2021,2021,0,1,100.0,Costa Rica,10,"SINAC - Malla de Entrenamientos del Mapa de Bosques 2021, Costa Rica",nueva_fuente,SINAC SRC10 2021,Tierras Forestales,Manglares,Manglares,Tierras Forestales,Manglares,Manglares,1,1,1,0.0,0,1,10,"SINAC - Malla de Entrenamientos del Mapa de Bosques 2021, Costa Rica",nueva_fuente,85.0,85.0,100.0,85.0,85.0,85.0,0,0,0.0,1,94.75,derivado_a3_sin_conf_integrada,94.75,1,1,1,2,3,0.0,0.0,100.0,0.0,0.0,0.0,100.0,12.0,39.0,3.25,2.5,-0.3616940933945426,-0.3643919588622223,-0.3484889969848373,-0.3917248377689107,-0.325283787955425,-0.3534505402543178,media,45.0,800,suficiente,,,0.0,100.0,0,100.0,100.0,0,100.0,100.0,100.0,94.75,100.0,85.0,90.475,100.0,,90.475,entrenamiento_alta,entrenamiento,Alta aptitud para entrenamiento.,Usar como entrenamiento prioritario.,score_aptitud_total >= 85,40,Tierras Forestales,43,Manglares,430,Manglares,6,1,Manglar,Forestal,POINT (-85.25646705829548 10.135471082129225)
SRC10_CRI_2021_A1__XY__e5f3e9d1ec8e,-85.494768,10.123614,Costa Rica,xy_unico_en_subset,sin_conflicto,1,1,1,1,2021,2021,0,1,100.0,Costa Rica,10,"SINAC - Malla de Entrenamientos del Mapa de Bosques 2021, Costa Rica",nueva_fuente,SINAC SRC10 2021,Tierras Forestales,Bosque latifoliado y mixto,Latifoliado secundario húmedo,Tierras Forestales,Bosque latifoliado y mixto,Latifoliado secundario húmedo,1,1,1,0.0,0,1,10,"SINAC - Malla de Entrenamientos del Mapa de Bosques 2021, Costa Rica",nueva_fuente,85.0,85.0,100.0,85.0,85.0,85.0,0,0,0.0,1,94.75,derivado_a3_sin_conf_integrada,94.75,1,1,1,2,2,0.0,0.0,100.0,0.0,0.0,0.0,100.0,12.0,40.0,3.333333333333333,1.25,0.734808423108019,0.7611093393286242,0.7629874678810625,0.7830544604481917,0.5415844293011617,0.5589586819811878,media,45.0,2519,suficiente,,,0.0,100.0,0,100.0,100.0,0,100.0,100.0,100.0,94.75,100.0,85.0,90.475,100.0,,90.475,entrenamiento_alta,entrenamiento,Alta aptitud para entrenamiento.,Usar como entrenamiento prioritario.,score_aptitud_total >= 85,40,Tierras Forestales,41,Bosque latifoliado y mixto,412,Latifoliado secundario húmedo,2,1,Bosque secundario,Forestal,POINT (-85.4947679708709 10.123613783837943)
SRC10_CRI_2021_A1__XY__e6620cec2e2d,-85.691116,10.162477,Costa Rica,conflicto_tematico_subset,conflicto_tematico,2,2,2,1,2021,2021,0,1,100.0,Costa Rica,10,"SINAC - Malla de Entrenamientos del Mapa de Bosques 2021, Costa Rica",nueva_fuente,SINAC SRC10 2021,Tierras Forestales,Bosque latifoliado y mixto,Latifoliado secundario húmedo,Tierras Forestales | Tierras de Cultivo y Pastos,Bosque latifoliado y mixto | Cultivos intensivos No-Arbóreos,Latifoliado secundario húmedo | Otros cultivos intensivos no arbóreos,2,2,2,0.0,0,1,10,"SINAC - Malla de Entrenamientos del Mapa de Bosques 2021, Costa Rica",nueva_fuente,85.0,85.0,100.0,85.0,85.0,85.0,0,0,0.0,1,54.75,derivado_a3_sin_conf_integrada,54.75,1,1,1,0,0,100.0,0.0,0.0,0.0,0.0,0.0,0.0,12.0,39.0,3.25,1.0,0.7839521401235902,0.8565590835451398,0.8001448801623647,0.8686593822459016,0.5679054992763489,0.6040566861661654,sin_alerta,100.0,2519,suficiente,conflicto_tematico_xy,alta,100.0,0.0,1,0.0,100.0,0,100.0,40.0,54.0,54.75,100.0,85.0,65.525,100.0,,65.525,referencia_contextual,referencia_contextual,Aptitud contextual.,Usar como apoyo o referencia.,55 <= score_aptitud_total < 70,40,Tierras Forestales,41,Bosque latifoliado y mixto,412,Latifoliado secundario húmedo,2,1,Bosque secundario,Forestal,POINT (-85.69111553254692 10.16247673571267)
SRC10_CRI_2021_A1__XY__e8a89ca3bd41,-85.711343,10.534077,Costa Rica,xy_unico_en_subset,sin_conflicto,1,1,1,1,2021,2021,0,1,100.0,Costa Rica,10,"SINAC - Malla de Entrenamientos del Mapa de Bosques 2021, Costa Rica",nueva_fuente,SINAC SRC10 2021,Tierras Forestales,Bosque latifoliado y mixto,Bosque seco o deciduo,Tierras Forestales,Bosque latifoliado y mixto,Bosque seco o deciduo,1,1,1,0.0,0,1,10,"SINAC - Malla de Entrenamientos del Mapa de Bosques 2021, Costa Rica",nueva_fuente,85.0,85.0,100.0,85.0,85.0,85.0,0,0,0.0,1,94.75,derivado_a3_sin_conf_integrada,94.75,1,1,1,2,2,0.0,0.0,100.0,0.0,0.0,0.0,100.0,12.0,47.0,3.9166666666666665,1.0,0.6997410269757823,0.7382734481233963,0.7209898737634872,0.7491506340207446,0.4538401308855539,0.4513668245223428,media,45.0,2519,suficiente,,,0.0,100.0,0,100.0,100.0,0,100.0,100.0,100.0,94.75,100.0,85.0,90.475,100.0,,90.475,entrenamiento_alta,entrenamiento,Alta aptitud para entrenamiento.,Usar como entrenamiento prioritario.,score_aptitud_total >= 85,40,Tierras Forestales,41,Bosque latifoliado y mixto,414,Bosque seco o deciduo,4,1,Bosque secundario deciduo,Forestal,POINT (-85.71134311714245 10.53407722018493)
SRC10_CRI_2021_A1__XY__ead727c2f04d,-85.25272,10.256156,Costa Rica,xy_unico_en_subset,sin_conflicto,1,1,1,1,2021,2021,0,1,100.0,Costa Rica,10,"SINAC - Malla de Entrenamientos del Mapa de Bosques 2021, Costa Rica",nueva_fuente,SINAC SRC10 2021,Tierras Forestales,Manglares,Manglares,Tierras Forestales,Manglares,Manglares,1,1,1,0.0,0,1,10,"SINAC - Malla de Entrenamientos del Mapa de Bosques 2021, Costa Rica",nueva_fuente,85.0,85.0,100.0,85.0,85.0,85.0,0,0,0.0,1,94.75,derivado_a3_sin_conf_integrada,94.75,1,1,1,2,2,0.0,0.0,100.0,0.0,0.0,0.0,100.0,12.0,40.0,3.333333333333333,3.0,0.3388297532079403,0.337900059321444,0.4024382038470378,0.4135856324686924,0.2786174154821457,0.286555053437088,media,45.0,800,suficiente,,,0.0,100.0,0,100.0,100.0,0,100.0,100.0,100.0,94.75,100.0,85.0,90.475,100.0,,90.475,entrenamiento_alta,entrenamiento,Alta aptitud para entrenamiento.,Usar como entrenamiento prioritario.,score_aptitud_total >= 85,40,Tierras Forestales,43,Manglares,430,Manglares,6,1,Manglar,Forestal,POINT (-85.25271975626772 10.256156114576557)
SRC10_CRI_2021_A1__XY__ead9b1272f58,-85.243811,10.135519,Costa Rica,xy_unico_en_subset,sin_conflicto,1,1,1,1,2021,2021,0,1,100.0,Costa Rica,10,"SINAC - Malla de Entrenamientos del Mapa de Bosques 2021, Costa Rica",nueva_fuente,SINAC SRC10 2021,Tierras Forestales,Manglares,Manglares,Tierras Forestales,Manglares,Manglares,1,1,1,0.0,0,1,10,"SINAC - Malla de Entrenamientos del Mapa de Bosques 2021, Costa Rica",nueva_fuente,85.0,85.0,100.0,85.0,85.0,85.0,0,0,0.0,1,94.75,derivado_a3_sin_conf_integrada,94.75,1,1,1,2,3,0.0,0.0,100.0,0.0,0.0,0.0,100.0,12.0,37.0,3.083333333333333,2.0,-0.3238479277177115,-0.3151007761762758,-0.3204844780936651,-0.341996056036762,-0.3188951172418868,-0.364907837150824,media,45.0,800,suficiente,,,0.0,100.0,0,100.0,100.0,0,100.0,100.0,100.0,94.75,100.0,85.0,90.475,100.0,,90.475,entrenamiento_alta,entrenamiento,Alta aptitud para entrenamiento.,Usar como entrenamiento prioritario.,score_aptitud_total >= 85,40,Tierras Forestales,43,Manglares,430,Manglares,6,1,Manglar,Forestal,POINT (-85.2438105729379 10.135519250585043)
SRC10_CRI_2021_A1__XY__ebb2e32f3a07,-85.235791,10.244154,Costa Rica,xy_unico_en_subset,sin_conflicto,1,1,1,1,2021,2021,0,1,100.0,Costa Rica,10,"SINAC - Malla de Entrenamientos del Mapa de Bosques 2021, Costa Rica",nueva_fuente,SINAC SRC10 2021,Tierras húmedas y agua,Humedales,Humedales,Tierras húmedas y agua,Humedales,Humedales,1,1,1,0.0,0,1,10,"SINAC - Malla de Entrenamientos del Mapa de Bosques 2021, Costa Rica",nueva_fuente,85.0,85.0,100.0,85.0,85.0,85.0,0,0,0.0,1,94.75,derivado_a3_sin_conf_integrada,94.75,1,1,1,2,3,0.0,0.0,100.0,0.0,0.0,0.0,100.0,12.0,33.0,2.75,4.75,0.0179147120168861,-0.0345497406883545,0.0409335350274384,0.0299671548900929,-0.142440799668457,-0.1243183715416026,media,45.0,409,moderado,,,0.0,100.0,0,100.0,80.0,0,100.0,100.0,94.0,94.75,85.0,85.0,87.775,100.0,,87.775,entrenamiento_alta,entrenamiento,Alta aptitud para entrenamiento.,Usar como entrenamiento prioritario.,score_aptitud_total >= 85,20,Tierras húmedas y agua,22,Humedales,220,Humedales,11,11,Humedal Palustre,Humedal Palustre,POINT (-85.23579127356382 10.244153861891476)
SRC10_CRI_2021_A1__XY__ebb6451c8428,-85.231562,10.241756,Costa Rica,xy_unico_en_subset,sin_conflicto,1,1,1,1,2021,2021,0,1,100.0,Costa Rica,10,"SINAC - Malla de Entrenamientos del Mapa de Bosques 2021, Costa Rica",nueva_fuente,SINAC SRC10 2021,Tierras húmedas y agua,Humedales,Humedales,Tierras húmedas y agua,Humedales,Humedales,1,1,1,0.0,0,1,10,"SINAC - Malla de Entrenamientos del Mapa de Bosques 2021, Costa Rica",nueva_fuente,85.0,85.0,100.0,85.0,85.0,85.0,0,0,0.0,1,94.75,derivado_a3_sin_conf_integrada,94.75,1,1,1,2,3,0.0,0.0,100.0,0.0,0.0,0.0,100.0,12.0,40.0,3.333333333333333,1.25,-0.0561143263303351,-0.1161759030994595,-0.0816805036973946,-0.1312325193212647,-0.2648431859765363,-0.3141176470588234,media,45.0,409,moderado,,,0.0,100.0,0,100.0,80.0,0,100.0,100.0,94.0,94.75,85.0,85.0,87.775,100.0,,87.775,entrenamiento_alta,entrenamiento,Alta aptitud para entrenamiento.,Usar como entrenamiento prioritario.,score_aptitud_total >= 85,20,Tierras húmedas y agua,22,Humedales,220,Humedales,11,11,Humedal Palustre,Humedal Palustre,POINT (-85.2315616727973 10.241756483966736)
SRC10_CRI_2021_A1__XY__ebd5e85a42b9,-85.206076,10.19841,Costa Rica,xy_unico_en_subset,sin_conflicto,1,1,1,1,2021,2021,0,1,100.0,Costa Rica,10,"SINAC - Malla de Entrenamientos del Mapa de Bosques 2021, Costa Rica",nueva_fuente,SINAC SRC10 2021,Tierras Forestales,Manglares,Manglares,Tierras Forestales,Manglares,Manglares,1,1,1,0.0,0,1,10,"SINAC - Malla de Entrenamientos del Mapa de Bosques 2021, Costa Rica",nueva_fuente,85.0,85.0,100.0,85.0,85.0,85.0,0,0,0.0,1,94.75,derivado_a3_sin_conf_integrada,94.75,1,1,1,2,3,0.0,0.0,100.0,0.0,0.0,0.0,100.0,12.0,41.0,3.4166666666666665,2.0,-0.189971835075333,-0.1938458828184674,-0.2521692855461381,-0.2907167335937414,-0.3229657736181537,-0.3495752763990183,media,45.0,800,suficiente,,,0.0,100.0,0,100.0,100.0,0,100.0,100.0,100.0,94.75,100.0,85.0,90.475,100.0,,90.475,entrenamiento_alta,entrenamiento,Alta aptitud para entrenamiento.,Usar como entrenamiento prioritario.,score_aptitud_total >= 85,40,Tierras Forestales,43,Manglares,430,Manglares,6,1,Manglar,Forestal,POINT (-85.20607614644454 10.198409882410322)
SRC10_CRI_2021_A1__XY__ebdd60304ee2,-85.227351,10.244186,Costa Rica,xy_unico_en_subset,sin_conflicto,1,1,1,1,2021,2021,0,1,100.0,Costa Rica,10,"SINAC - Malla de Entrenamientos del Mapa de Bosques 2021, Costa Rica",nueva_fuente,SINAC SRC10 2021,Tierras húmedas y agua,Humedales,Humedales,Tierras húmedas y agua,Humedales,Humedales,1,1,1,0.0,0,1,10,"SINAC - Malla de Entrenamientos del Mapa de Bosques 2021, Costa Rica",nueva_fuente,85.0,85.0,100.0,85.0,85.0,85.0,0,0,0.0,1,94.75,derivado_a3_sin_conf_integrada,94.75,1,1,1,2,3,0.0,0.0,100.0,0.0,0.0,0.0,100.0,12.0,38.0,3.1666666666666665,2.5,0.0066727382599523,-0.0109912951068185,-0.0842310064748419,0.0217314786082268,-0.2659684829186871,-0.2228371561056991,media,45.0,409,moderado,,,0.0,100.0,0,100.0,80.0,0,100.0,100.0,94.0,94.75,85.0,85.0,87.775,100.0,,87.775,entrenamiento_alta,entrenamiento,Alta aptitud para entrenamiento.,Usar como entrenamiento prioritario.,score_aptitud_total >= 85,20,Tierras húmedas y agua,22,Humedales,220,Humedales,11,11,Humedal Palustre,Humedal Palustre,POINT (-85.22735069854805 10.244185832733077)
SRC10_CRI_2021_A1__XY__ec29346f1ae8,-85.220991,10.535941,Costa Rica,xy_unico_en_subset,sin_conflicto,1,1,1,1,2021,2021,0,1,100.0,Costa Rica,10,"SINAC - Malla de Entrenamientos del Mapa de Bosques 2021, Costa Rica",nueva_fuente,SINAC SRC10 2021,Tierras Forestales,Bosque latifoliado y mixto,Bosque seco o deciduo,Tierras Forestales,Bosque latifoliado y mixto,Bosque seco o deciduo,1,1,1,0.0,0,1,10,"SINAC - Malla de Entrenamientos del Mapa de Bosques 2021, Costa Rica",nueva_fuente,85.0,85.0,100.0,85.0,85.0,85.0,0,0,0.0,1,94.75,derivado_a3_sin_conf_integrada,94.75,1,1,1,2,3,0.0,0.0,100.0,0.0,0.0,0.0,100.0,12.0,36.0,3.0,1.25,0.6626297898691277,0.6739649482189598,0.690819846470708,0.7073291777504269,0.4478133530001362,0.4459263726364905,media,45.0,2519,suficiente,,,0.0,100.0,0,100.0,100.0,0,100.0,100.0,100.0,94.75,100.0,85.0,90.475,100.0,,90.475,entrenamiento_alta,entrenamiento,Alta aptitud para entrenamiento.,Usar como entrenamiento prioritario.,score_aptitud_total >= 85,40,Tierras Forestales,41,Bosque latifoliado y mixto,414,Bosque seco o deciduo,4,1,Bosque secundario deciduo,Forestal,POINT (-85.22099103853074 10.53594121797891)
SRC10_CRI_2021_A1__XY__ed4d98622a7c,-85.229465,10.245385,Costa Rica,xy_unico_en_subset,sin_conflicto,1,1,1,1,2021,2021,0,1,100.0,Costa Rica,10,"SINAC - Malla de Entrenamientos del Mapa de Bosques 2021, Costa Rica",nueva_fuente,SINAC SRC10 2021,Tierras húmedas y agua,Humedales,Humedales,Tierras húmedas y agua,Humedales,Humedales,1,1,1,0.0,0,1,10,"SINAC - Malla de Entrenamientos del Mapa de Bosques 2021, Costa Rica",nueva_fuente,85.0,85.0,100.0,85.0,85.0,85.0,0,0,0.0,1,94.75,derivado_a3_sin_conf_integrada,94.75,1,1,1,2,2,0.0,0.0,100.0,0.0,0.0,0.0,100.0,12.0,38.0,3.1666666666666665,6.25,0.2072284120001644,0.2329690016299168,0.2220654704866496,0.2717281553645675,0.0132682893619893,0.0027814315195658,media,45.0,409,moderado,,,0.0,100.0,0,100.0,80.0,0,100.0,100.0,94.0,94.75,85.0,85.0,87.775,100.0,,87.775,entrenamiento_alta,entrenamiento,Alta aptitud para entrenamiento.,Usar como entrenamiento prioritario.,score_aptitud_total >= 85,20,Tierras húmedas y agua,22,Humedales,220,Humedales,11,11,Humedal Palustre,Humedal Palustre,POINT (-85.2294654961559 10.245384556726718)
SRC10_CRI_2021_A1__XY__edbec015b9d8,-85.239444,10.096921,Costa Rica,xy_unico_en_subset,sin_conflicto,1,1,1,1,2021,2021,0,1,100.0,Costa Rica,10,"SINAC - Malla de Entrenamientos del Mapa de Bosques 2021, Costa Rica",nueva_fuente,SINAC SRC10 2021,Tierras Forestales,Manglares,Manglares,Tierras Forestales,Manglares,Manglares,1,1,1,0.0,0,1,10,"SINAC - Malla de Entrenamientos del Mapa de Bosques 2021, Costa Rica",nueva_fuente,85.0,85.0,100.0,85.0,85.0,85.0,0,0,0.0,1,94.75,derivado_a3_sin_conf_integrada,94.75,1,1,1,2,3,0.0,0.0,100.0,0.0,0.0,0.0,100.0,12.0,43.0,3.583333333333333,9.0,0.3009962800574875,0.3071116572739049,0.3157061939651813,0.3351181745033554,0.1801497048538489,0.1797330265604995,media,45.0,800,suficiente,,,0.0,100.0,0,100.0,100.0,0,100.0,100.0,100.0,94.75,100.0,85.0,90.475,100.0,,90.475,entrenamiento_alta,entrenamiento,Alta aptitud para entrenamiento.,Usar como entrenamiento prioritario.,score_aptitud_total >= 85,40,Tierras Forestales,43,Manglares,430,Manglares,6,1,Manglar,Forestal,POINT (-85.23944359568267 10.096920765013445)
SRC10_CRI_2021_A1__XY__eea9c9ef1fdc,-85.203989,10.204451,Costa Rica,xy_unico_en_subset,sin_conflicto,1,1,1,1,2021,2021,0,1,100.0,Costa Rica,10,"SINAC - Malla de Entrenamientos del Mapa de Bosques 2021, Costa Rica",nueva_fuente,SINAC SRC10 2021,Tierras Forestales,Manglares,Manglares,Tierras Forestales,Manglares,Manglares,1,1,1,0.0,0,1,10,"SINAC - Malla de Entrenamientos del Mapa de Bosques 2021, Costa Rica",nueva_fuente,85.0,85.0,100.0,85.0,85.0,85.0,0,0,0.0,1,94.75,derivado_a3_sin_conf_integrada,94.75,1,1,1,2,3,0.0,0.0,100.0,0.0,0.0,0.0,100.0,12.0,39.0,3.25,8.75,0.2118414840080923,0.1997353433111766,0.2478878438185519,0.2385758167243457,0.1533833506610135,0.1592569168429843,media,45.0,800,suficiente,,,0.0,100.0,0,100.0,100.0,0,100.0,100.0,100.0,94.75,100.0,85.0,90.475,100.0,,90.475,entrenamiento_alta,entrenamiento,Alta aptitud para entrenamiento.,Usar como entrenamiento prioritario.,score_aptitud_total >= 85,40,Tierras Forestales,43,Manglares,430,Manglares,6,1,Manglar,Forestal,POINT (-85.20398895960199 10.20445122261512)
SRC10_CRI_2021_A1__XY__eeaed83a00a6,-85.262157,10.504698,Costa Rica,xy_unico_en_subset,sin_conflicto,1,1,1,1,2021,2021,0,1,100.0,Costa Rica,10,"SINAC - Malla de Entrenamientos del Mapa de Bosques 2021, Costa Rica",nueva_fuente,SINAC SRC10 2021,Tierras de Cultivo y Pastos,"Cultivos extensivos, Pastizales y matorrales",Pastizales naturales y cultivados,Tierras de Cultivo y Pastos,"Cultivos extensivos, Pastizales y matorrales",Pastizales naturales y cultivados,1,1,1,0.0,0,1,10,"SINAC - Malla de Entrenamientos del Mapa de Bosques 2021, Costa Rica",nueva_fuente,85.0,85.0,100.0,85.0,85.0,85.0,0,0,0.0,1,94.75,derivado_a3_sin_conf_integrada,94.75,1,1,1,2,2,0.0,0.0,100.0,0.0,0.0,0.0,100.0,12.0,39.0,3.25,2.5,0.4045951010910796,0.3383243133471094,0.4376638159728707,0.3862318789863305,0.2915563367000329,0.2588117389690302,media,45.0,1179,suficiente,,,0.0,100.0,0,100.0,100.0,0,100.0,100.0,100.0,94.75,100.0,85.0,90.475,100.0,,90.475,entrenamiento_alta,entrenamiento,Alta aptitud para entrenamiento.,Usar como entrenamiento prioritario.,score_aptitud_total >= 85,30,Tierras de Cultivo y Pastos,33,"Cultivos extensivos, Pastizales y matorrales",332,Pastizales naturales y cultivados,8,8,Pastos,Pastos,POINT (-85.26215710697356 10.504697719690688)
SRC10_CRI_2021_A1__XY__f18cceb001a0,-85.337718,10.39579,Costa Rica,xy_unico_en_subset,sin_conflicto,1,1,1,1,2021,2021,0,1,100.0,Costa Rica,10,"SINAC - Malla de Entrenamientos del Mapa de Bosques 2021, Costa Rica",nueva_fuente,SINAC SRC10 2021,Tierras Forestales,Bosque latifoliado y mixto,Latifoliado secundario húmedo,Tierras Forestales,Bosque latifoliado y mixto,Latifoliado secundario húmedo,1,1,1,0.0,0,1,10,"SINAC - Malla de Entrenamientos del Mapa de Bosques 2021, Costa Rica",nueva_fuente,85.0,85.0,100.0,85.0,85.0,85.0,0,0,0.0,1,94.75,derivado_a3_sin_conf_integrada,94.75,1,1,1,2,3,0.0,0.0,100.0,0.0,0.0,0.0,100.0,12.0,40.0,3.333333333333333,1.0,0.6210583531594674,0.684157588843357,0.6546089522935277,0.7098153463778005,0.4398207769266386,0.48332653142626,media,45.0,2519,suficiente,,,0.0,100.0,0,100.0,100.0,0,100.0,100.0,100.0,94.75,100.0,85.0,90.475,100.0,,90.475,entrenamiento_alta,entrenamiento,Alta aptitud para entrenamiento.,Usar como entrenamiento prioritario.,score_aptitud_total >= 85,40,Tierras Forestales,41,Bosque latifoliado y mixto,412,Latifoliado secundario húmedo,2,1,Bosque secundario,Forestal,POINT (-85.33771820253676 10.39578969468926)
SRC10_CRI_2021_A1__XY__f19fe2545fb4,-85.212429,10.20442,Costa Rica,xy_unico_en_subset,sin_conflicto,1,1,1,1,2021,2021,0,1,100.0,Costa Rica,10,"SINAC - Malla de Entrenamientos del Mapa de Bosques 2021, Costa Rica",nueva_fuente,SINAC SRC10 2021,Tierras Forestales,Manglares,Manglares,Tierras Forestales,Manglares,Manglares,1,1,1,0.0,0,1,10,"SINAC - Malla de Entrenamientos del Mapa de Bosques 2021, Costa Rica",nueva_fuente,85.0,85.0,100.0,85.0,85.0,85.0,0,0,0.0,1,94.75,derivado_a3_sin_conf_integrada,94.75,1,1,1,2,3,0.0,0.0,100.0,0.0,0.0,0.0,100.0,12.0,41.0,3.4166666666666665,3.5,-0.0941687980765625,-0.1213633240242833,-0.141685285402626,-0.1585592517030325,-0.2384540342885488,-0.2597693516555199,media,45.0,800,suficiente,,,0.0,100.0,0,100.0,100.0,0,100.0,100.0,100.0,94.75,100.0,85.0,90.475,100.0,,90.475,entrenamiento_alta,entrenamiento,Alta aptitud para entrenamiento.,Usar como entrenamiento prioritario.,score_aptitud_total >= 85,40,Tierras Forestales,43,Manglares,430,Manglares,6,1,Manglar,Forestal,POINT (-85.21242855949481 10.204419978284216)
SRC10_CRI_2021_A1__XY__f2ef169de817,-85.627511,10.097647,Costa Rica,xy_unico_en_subset,sin_conflicto,1,1,1,1,2021,2021,0,1,100.0,Costa Rica,10,"SINAC - Malla de Entrenamientos del Mapa de Bosques 2021, Costa Rica",nueva_fuente,SINAC SRC10 2021,Tierras Forestales,Bosque latifoliado y mixto,Latifoliado maduro húmedo,Tierras Forestales,Bosque latifoliado y mixto,Latifoliado maduro húmedo,1,1,1,0.0,0,1,10,"SINAC - Malla de Entrenamientos del Mapa de Bosques 2021, Costa Rica",nueva_fuente,85.0,85.0,100.0,85.0,85.0,85.0,0,0,0.0,1,94.75,derivado_a3_sin_conf_integrada,94.75,1,1,1,2,2,0.0,0.0,100.0,0.0,0.0,0.0,100.0,12.0,31.0,2.583333333333333,1.0,0.7712983276992352,0.7965193102003301,0.7974451564108834,0.816226860084605,0.580855299167925,0.5897183192444099,media,45.0,2519,suficiente,,,0.0,100.0,0,100.0,100.0,0,100.0,100.0,100.0,94.75,100.0,85.0,90.475,100.0,,90.475,entrenamiento_alta,entrenamiento,Alta aptitud para entrenamiento.,Usar como entrenamiento prioritario.,score_aptitud_total >= 85,40,Tierras Forestales,41,Bosque latifoliado y mixto,411,Latifoliado maduro húmedo,1,1,Bosque maduro,Forestal,POINT (-85.62751064493919 10.097646564417728)
SRC10_CRI_2021_A1__XY__f3689f72b862,-85.280254,10.281389,Costa Rica,xy_unico_en_subset,sin_conflicto,1,1,1,1,2021,2021,0,1,100.0,Costa Rica,10,"SINAC - Malla de Entrenamientos del Mapa de Bosques 2021, Costa Rica",nueva_fuente,SINAC SRC10 2021,Tierras Forestales,Manglares,Manglares,Tierras Forestales,Manglares,Manglares,1,1,1,0.0,0,1,10,"SINAC - Malla de Entrenamientos del Mapa de Bosques 2021, Costa Rica",nueva_fuente,85.0,85.0,100.0,85.0,85.0,85.0,0,0,0.0,1,94.75,derivado_a3_sin_conf_integrada,94.75,1,1,1,2,3,0.0,0.0,100.0,0.0,0.0,0.0,100.0,10.0,30.0,2.5,2.0,0.1145165849571809,0.1152895116286707,0.1714675468528321,0.1653383832773348,0.097056260918478,0.0995370100117702,media,45.0,800,suficiente,,,0.0,100.0,0,100.0,100.0,0,100.0,100.0,100.0,94.75,100.0,85.0,90.475,100.0,,90.475,entrenamiento_alta,entrenamiento,Alta aptitud para entrenamiento.,Usar como entrenamiento prioritario.,score_aptitud_total >= 85,40,Tierras Forestales,43,Manglares,430,Manglares,6,1,Manglar,Forestal,POINT (-85.28025423368017 10.281389233753558)
SRC10_CRI_2021_A1__XY__f6fbd19b3c90,-85.239434,10.094507,Costa Rica,xy_unico_en_subset,sin_conflicto,1,1,1,1,2021,2021,0,1,100.0,Costa Rica,10,"SINAC - Malla de Entrenamientos del Mapa de Bosques 2021, Costa Rica",nueva_fuente,SINAC SRC10 2021,Tierras Forestales,Manglares,Manglares,Tierras Forestales,Manglares,Manglares,1,1,1,0.0,0,1,10,"SINAC - Malla de Entrenamientos del Mapa de Bosques 2021, Costa Rica",nueva_fuente,85.0,85.0,100.0,85.0,85.0,85.0,0,0,0.0,1,94.75,derivado_a3_sin_conf_integrada,94.75,1,1,1,2,3,0.0,0.0,100.0,0.0,0.0,0.0,100.0,12.0,43.0,3.583333333333333,5.75,0.3544091884285882,0.3823784834852161,0.3386101758471841,0.3843405647382919,0.1851261070751025,0.2059258668100657,media,45.0,800,suficiente,,,0.0,100.0,0,100.0,100.0,0,100.0,100.0,100.0,94.75,100.0,85.0,90.475,100.0,,90.475,entrenamiento_alta,entrenamiento,Alta aptitud para entrenamiento.,Usar como entrenamiento prioritario.,score_aptitud_total >= 85,40,Tierras Forestales,43,Manglares,430,Manglares,6,1,Manglar,Forestal,POINT (-85.23943435700701 10.094507359852656)
SRC10_CRI_2021_A1__XY__f7da71803323,-85.337687,10.38855,Costa Rica,xy_unico_en_subset,sin_conflicto,1,1,1,1,2021,2021,0,1,100.0,Costa Rica,10,"SINAC - Malla de Entrenamientos del Mapa de Bosques 2021, Costa Rica",nueva_fuente,SINAC SRC10 2021,Tierras Forestales,Bosque latifoliado y mixto,Latifoliado secundario húmedo,Tierras Forestales,Bosque latifoliado y mixto,Latifoliado secundario húmedo,1,1,1,0.0,0,1,10,"SINAC - Malla de Entrenamientos del Mapa de Bosques 2021, Costa Rica",nueva_fuente,85.0,85.0,100.0,85.0,85.0,85.0,0,0,0.0,1,94.75,derivado_a3_sin_conf_integrada,94.75,1,1,1,2,3,0.0,0.0,100.0,0.0,0.0,0.0,100.0,12.0,42.0,3.5,2.0,0.5758248901558473,0.6087166531606416,0.6083365369074073,0.640285468530725,0.407048005570179,0.4280444423562373,media,45.0,2519,suficiente,,,0.0,100.0,0,100.0,100.0,0,100.0,100.0,100.0,94.75,100.0,85.0,90.475,100.0,,90.475,entrenamiento_alta,entrenamiento,Alta aptitud para entrenamiento.,Usar como entrenamiento prioritario.,score_aptitud_total >= 85,40,Tierras Forestales,41,Bosque latifoliado y mixto,412,Latifoliado secundario húmedo,2,1,Bosque secundario,Forestal,POINT (-85.33768739272229 10.388549891922278)
SRC10_CRI_2021_A1__XY__f8ab4f35ed1c,-85.635996,10.516263,Costa Rica,xy_unico_en_subset,sin_conflicto,1,1,1,1,2021,2021,0,1,100.0,Costa Rica,10,"SINAC - Malla de Entrenamientos del Mapa de Bosques 2021, Costa Rica",nueva_fuente,SINAC SRC10 2021,Tierras de Cultivo y Pastos,Cultivos intensivos No-Arbóreos,Otros cultivos intensivos no arbóreos,Tierras de Cultivo y Pastos,Cultivos intensivos No-Arbóreos,Otros cultivos intensivos no arbóreos,1,1,1,0.0,0,1,10,"SINAC - Malla de Entrenamientos del Mapa de Bosques 2021, Costa Rica",nueva_fuente,85.0,85.0,100.0,85.0,85.0,85.0,0,0,0.0,1,94.75,derivado_a3_sin_conf_integrada,94.75,1,1,1,2,2,0.0,0.0,100.0,0.0,0.0,0.0,100.0,12.0,42.0,3.5,15.0,0.1743821346227821,0.0994836335678835,0.2078658530559511,0.1530842739485741,0.1310532064847011,0.0910642213821329,media,45.0,8489,suficiente,,,0.0,100.0,0,100.0,100.0,0,100.0,100.0,100.0,94.75,100.0,85.0,90.475,100.0,,90.475,entrenamiento_alta,entrenamiento,Alta aptitud para entrenamiento.,Usar como entrenamiento prioritario.,score_aptitud_total >= 85,30,Tierras de Cultivo y Pastos,31,Cultivos intensivos No-Arbóreos,315,Otros cultivos intensivos no arbóreos,9,9,Cultivos,Cultivos,POINT (-85.63599640080618 10.516262681123346)
SRC10_CRI_2021_A1__XY__f8c13f10d6d9,-85.344098,10.406623,Costa Rica,xy_unico_en_subset,sin_conflicto,1,1,1,1,2021,2021,0,1,100.0,Costa Rica,10,"SINAC - Malla de Entrenamientos del Mapa de Bosques 2021, Costa Rica",nueva_fuente,SINAC SRC10 2021,Tierras Forestales,Bosque latifoliado y mixto,Latifoliado secundario húmedo,Tierras Forestales,Bosque latifoliado y mixto,Latifoliado secundario húmedo,1,1,1,0.0,0,1,10,"SINAC - Malla de Entrenamientos del Mapa de Bosques 2021, Costa Rica",nueva_fuente,85.0,85.0,100.0,85.0,85.0,85.0,0,0,0.0,1,94.75,derivado_a3_sin_conf_integrada,94.75,1,1,1,2,3,0.0,0.0,100.0,0.0,0.0,0.0,100.0,12.0,46.0,3.8333333333333335,1.75,0.6656451940874589,0.7284867034068228,0.6931488783878903,0.7493104548625371,0.4794807799624316,0.5204612039704659,media,45.0,2519,suficiente,,,0.0,100.0,0,100.0,100.0,0,100.0,100.0,100.0,94.75,100.0,85.0,90.475,100.0,,90.475,entrenamiento_alta,entrenamiento,Alta aptitud para entrenamiento.,Usar como entrenamiento prioritario.,score_aptitud_total >= 85,40,Tierras Forestales,41,Bosque latifoliado y mixto,412,Latifoliado secundario húmedo,2,1,Bosque secundario,Forestal,POINT (-85.34409786785551 10.406622876892895)
SRC10_CRI_2021_A1__XY__f909c370b0ed,-85.325667,10.540638,Costa Rica,xy_unico_en_subset,sin_conflicto,1,1,1,1,2021,2021,0,1,100.0,Costa Rica,10,"SINAC - Malla de Entrenamientos del Mapa de Bosques 2021, Costa Rica",nueva_fuente,SINAC SRC10 2021,Tierras Forestales,Bosque latifoliado y mixto,Latifoliado secundario húmedo,Tierras Forestales,Bosque latifoliado y mixto,Latifoliado secundario húmedo,1,1,1,0.0,0,1,10,"SINAC - Malla de Entrenamientos del Mapa de Bosques 2021, Costa Rica",nueva_fuente,85.0,85.0,100.0,85.0,85.0,85.0,0,0,0.0,1,94.75,derivado_a3_sin_conf_integrada,94.75,1,1,1,2,2,0.0,0.0,100.0,0.0,0.0,0.0,100.0,12.0,40.0,3.333333333333333,1.0,0.7402752564331262,0.7599789467538824,0.765947951021024,0.7958836749263425,0.5265011100177783,0.5446917947720744,media,45.0,2519,suficiente,,,0.0,100.0,0,100.0,100.0,0,100.0,100.0,100.0,94.75,100.0,85.0,90.475,100.0,,90.475,entrenamiento_alta,entrenamiento,Alta aptitud para entrenamiento.,Usar como entrenamiento prioritario.,score_aptitud_total >= 85,40,Tierras Forestales,41,Bosque latifoliado y mixto,412,Latifoliado secundario húmedo,2,1,Bosque secundario,Forestal,POINT (-85.32566685358968 10.540638391493498)
SRC10_CRI_2021_A1__XY__fafeb1679d6b,-85.220887,10.209215,Costa Rica,xy_unico_en_subset,sin_conflicto,1,1,1,1,2021,2021,0,1,100.0,Costa Rica,10,"SINAC - Malla de Entrenamientos del Mapa de Bosques 2021, Costa Rica",nueva_fuente,SINAC SRC10 2021,Tierras Forestales,Manglares,Manglares,Tierras Forestales,Manglares,Manglares,1,1,1,0.0,0,1,10,"SINAC - Malla de Entrenamientos del Mapa de Bosques 2021, Costa Rica",nueva_fuente,85.0,85.0,100.0,85.0,85.0,85.0,0,0,0.0,1,94.75,derivado_a3_sin_conf_integrada,94.75,1,1,1,2,3,0.0,0.0,100.0,0.0,0.0,0.0,100.0,12.0,42.0,3.5,1.25,-0.0556355093265231,-0.0586872828158482,-0.1281992454771881,-0.0907314467781179,-0.3332798346002717,-0.323108192148955,media,45.0,800,suficiente,,,0.0,100.0,0,100.0,100.0,0,100.0,100.0,100.0,94.75,100.0,85.0,90.475,100.0,,90.475,entrenamiento_alta,entrenamiento,Alta aptitud para entrenamiento.,Usar como entrenamiento prioritario.,score_aptitud_total >= 85,40,Tierras Forestales,43,Manglares,430,Manglares,6,1,Manglar,Forestal,POINT (-85.22088653728744 10.209215327389051)
SRC10_CRI_2021_A1__XY__fb0b0bfa1552,-85.23097,10.087299,Costa Rica,xy_unico_en_subset,sin_conflicto,1,1,1,1,2021,2021,0,1,100.0,Costa Rica,10,"SINAC - Malla de Entrenamientos del Mapa de Bosques 2021, Costa Rica",nueva_fuente,SINAC SRC10 2021,Tierras Forestales,Manglares,Manglares,Tierras Forestales,Manglares,Manglares,1,1,1,0.0,0,1,10,"SINAC - Malla de Entrenamientos del Mapa de Bosques 2021, Costa Rica",nueva_fuente,85.0,85.0,100.0,85.0,85.0,85.0,0,0,0.0,1,94.75,derivado_a3_sin_conf_integrada,94.75,1,1,1,2,3,0.0,0.0,100.0,0.0,0.0,0.0,100.0,12.0,42.0,3.5,8.0,0.2151156820785142,0.2391867479384132,0.2104473966970587,0.2399101451913418,0.0882679518806067,0.1164153974949521,media,45.0,800,suficiente,,,0.0,100.0,0,100.0,100.0,0,100.0,100.0,100.0,94.75,100.0,85.0,90.475,100.0,,90.475,entrenamiento_alta,entrenamiento,Alta aptitud para entrenamiento.,Usar como entrenamiento prioritario.,score_aptitud_total >= 85,40,Tierras Forestales,43,Manglares,430,Manglares,6,1,Manglar,Forestal,POINT (-85.23097020779811 10.08729872138636)
SRC10_CRI_2021_A1__XY__fb29b771146f,-85.252771,10.517441,Costa Rica,xy_unico_en_subset,sin_conflicto,1,1,1,1,2021,2021,0,1,100.0,Costa Rica,10,"SINAC - Malla de Entrenamientos del Mapa de Bosques 2021, Costa Rica",nueva_fuente,SINAC SRC10 2021,Artificializado y otra tierras,Urbano,Urbano,Artificializado y otra tierras,Urbano,Urbano,1,1,1,0.0,0,1,10,"SINAC - Malla de Entrenamientos del Mapa de Bosques 2021, Costa Rica",nueva_fuente,85.0,85.0,100.0,85.0,85.0,85.0,0,0,0.0,1,94.75,derivado_a3_sin_conf_integrada,94.75,1,1,1,2,2,0.0,0.0,100.0,0.0,0.0,0.0,100.0,12.0,37.0,3.083333333333333,8.0,-0.0033984345315799,-0.007228681541457,0.0189352348850842,0.0135498292674088,0.0063660172762021,0.0002191953849155,media,45.0,5928,suficiente,,,0.0,100.0,0,100.0,100.0,0,100.0,100.0,100.0,94.75,100.0,85.0,90.475,100.0,,90.475,entrenamiento_alta,entrenamiento,Alta aptitud para entrenamiento.,Usar como entrenamiento prioritario.,score_aptitud_total >= 85,10,Artificializado y otra tierras,11,Urbano,110,Urbano,16,16,Edificaciones,Edificaciones,POINT (-85.25277112062201 10.517440602578533)
SRC10_CRI_2021_A1__XY__fbf18d15971b,-85.403103,10.128788,Costa Rica,xy_unico_en_subset,sin_conflicto,1,1,1,1,2021,2021,0,1,100.0,Costa Rica,10,"SINAC - Malla de Entrenamientos del Mapa de Bosques 2021, Costa Rica",nueva_fuente,SINAC SRC10 2021,Tierras Forestales,Bosque latifoliado y mixto,Bosque seco o deciduo,Tierras Forestales,Bosque latifoliado y mixto,Bosque seco o deciduo,1,1,1,0.0,0,1,10,"SINAC - Malla de Entrenamientos del Mapa de Bosques 2021, Costa Rica",nueva_fuente,85.0,85.0,100.0,85.0,85.0,85.0,0,0,0.0,1,94.75,derivado_a3_sin_conf_integrada,94.75,1,1,1,2,2,0.0,0.0,100.0,0.0,0.0,0.0,100.0,12.0,39.0,3.25,2.25,0.6861510057221542,0.7042534649953862,0.7108283952515143,0.7251064819067653,0.4998019521916391,0.5025800579150571,media,45.0,2519,suficiente,,,0.0,100.0,0,100.0,100.0,0,100.0,100.0,100.0,94.75,100.0,85.0,90.475,100.0,,90.475,entrenamiento_alta,entrenamiento,Alta aptitud para entrenamiento.,Usar como entrenamiento prioritario.,score_aptitud_total >= 85,40,Tierras Forestales,41,Bosque latifoliado y mixto,414,Bosque seco o deciduo,4,1,Bosque secundario deciduo,Forestal,POINT (-85.40310318235491 10.128787524875385)
SRC10_CRI_2021_A1__XY__fc316b49589a,-85.231571,10.24417,Costa Rica,xy_unico_en_subset,sin_conflicto,1,1,1,1,2021,2021,0,1,100.0,Costa Rica,10,"SINAC - Malla de Entrenamientos del Mapa de Bosques 2021, Costa Rica",nueva_fuente,SINAC SRC10 2021,Tierras húmedas y agua,Humedales,Humedales,Tierras húmedas y agua,Humedales,Humedales,1,1,1,0.0,0,1,10,"SINAC - Malla de Entrenamientos del Mapa de Bosques 2021, Costa Rica",nueva_fuente,85.0,85.0,100.0,85.0,85.0,85.0,0,0,0.0,1,94.75,derivado_a3_sin_conf_integrada,94.75,1,1,1,2,3,0.0,0.0,100.0,0.0,0.0,0.0,100.0,12.0,38.0,3.1666666666666665,4.0,0.112819389944835,0.0961697104445317,0.109133905912864,0.07589457814984,-0.0712067973239876,-0.0786168798686185,media,45.0,409,moderado,,,0.0,100.0,0,100.0,80.0,0,100.0,100.0,94.0,94.75,85.0,85.0,87.775,100.0,,87.775,entrenamiento_alta,entrenamiento,Alta aptitud para entrenamiento.,Usar como entrenamiento prioritario.,score_aptitud_total >= 85,20,Tierras húmedas y agua,22,Humedales,220,Humedales,11,11,Humedal Palustre,Humedal Palustre,POINT (-85.23157098952426 10.244169874678956)
SRC10_CRI_2021_A1__XY__fe7f792f0d9f,-85.56684,10.154712,Costa Rica,xy_unico_en_subset,sin_conflicto,1,1,1,1,2021,2021,0,1,100.0,Costa Rica,10,"SINAC - Malla de Entrenamientos del Mapa de Bosques 2021, Costa Rica",nueva_fuente,SINAC SRC10 2021,Tierras Forestales,Bosque latifoliado y mixto,Bosque seco o deciduo,Tierras Forestales,Bosque latifoliado y mixto,Bosque seco o deciduo,1,1,1,0.0,0,1,10,"SINAC - Malla de Entrenamientos del Mapa de Bosques 2021, Costa Rica",nueva_fuente,85.0,85.0,100.0,85.0,85.0,85.0,0,0,0.0,1,94.75,derivado_a3_sin_conf_integrada,94.75,1,1,1,2,2,0.0,0.0,100.0,0.0,0.0,0.0,100.0,12.0,29.0,2.4166666666666665,1.5,0.6651218766695665,0.6881155711268345,0.6932570576240323,0.7182211267408757,0.4714895085367485,0.4884215047669807,media,45.0,2519,suficiente,,,0.0,100.0,0,100.0,100.0,0,100.0,100.0,100.0,94.75,100.0,85.0,90.475,100.0,,90.475,entrenamiento_alta,entrenamiento,Alta aptitud para entrenamiento.,Usar como entrenamiento prioritario.,score_aptitud_total >= 85,40,Tierras Forestales,41,Bosque latifoliado y mixto,414,Bosque seco o deciduo,4,1,Bosque secundario deciduo,Forestal,POINT (-85.56684021454609 10.154711759407308)
SRC10_CRI_2021_A1__XY__fef221a96468,-85.199679,10.180332,Costa Rica,xy_unico_en_subset,sin_conflicto,1,1,1,1,2021,2021,0,1,100.0,Costa Rica,10,"SINAC - Malla de Entrenamientos del Mapa de Bosques 2021, Costa Rica",nueva_fuente,SINAC SRC10 2021,Tierras Forestales,Manglares,Manglares,Tierras Forestales,Manglares,Manglares,1,1,1,0.0,0,1,10,"SINAC - Malla de Entrenamientos del Mapa de Bosques 2021, Costa Rica",nueva_fuente,85.0,85.0,100.0,85.0,85.0,85.0,0,0,0.0,1,94.75,derivado_a3_sin_conf_integrada,94.75,1,1,1,2,3,0.0,0.0,100.0,0.0,0.0,0.0,100.0,12.0,38.0,3.1666666666666665,5.75,0.1035781745355587,0.1513488442138806,0.2315471098982445,0.2291131080358827,0.088334855419018,0.1269584468272708,media,45.0,800,suficiente,,,0.0,100.0,0,100.0,100.0,0,100.0,100.0,100.0,94.75,100.0,85.0,90.475,100.0,,90.475,entrenamiento_alta,entrenamiento,Alta aptitud para entrenamiento.,Usar como entrenamiento prioritario.,score_aptitud_total >= 85,40,Tierras Forestales,43,Manglares,430,Manglares,6,1,Manglar,Forestal,POINT (-85.19967884764499 10.180332494794657)
